"aceB";"asnA";"atpD";"atpG";"b1191";"b1583";"b1963";"cchB";"cspA";"cspG";"dnaG";"dnaJ";"dnaK";"eutG";"fixC";"flgD";"folK";"ftsJ";"gltA";"hupB";"ibpB";"icdA";"lacA";"lacY";"lacZ";"lpdA";"mopB";"nmpC";"nuoM";"pspA";"pspB";"sucA";"sucD";"tnaA";"yaeM";"yceP";"ycgX";"yecO";"yedE";"yfaD";"yfiA";"ygbD";"ygcE";"yhdM";"yheI";"yjbO"
-3.12930441591104;3.09306665424953;-2.95801712863502;-1.87130035351223;1.95472371763634;1.10849563502918;3.78740243180982;1.544804597277;1.29302842716579;1.90774166259492;2.13334722221355;1.47607992972971;2.96072143604236;0.582334733980473;1.11153206336827;-0.746231136963144;2.22469944494974;3.0648746085587;-0.774685514557055;-0.343248548641793;-0.939778103206314;-3.0433188475376;4.20058090186961;3.62740659549314;5.18155916935727;-0.028188872946847;2.16800604063649;0.338379428963211;-0.477296437411789;0.0761760597956577;0.918404186856633;-0.936637095412111;-1.01096239258211;-1.86877996555148;4.57304670113365;0.278222902616501;2.58438727096749;0.996709736439991;-0.167981219394582;0.395188826127638;0.108254328604132;2.75213146144866;3.53270627665678;2.15332882096037;2.83950049064787;1.29584522203583
-3.12533874129656;3.4447920301522;-1.78268329094211;-0.392725760372493;0.684415655223712;-0.0486714939069858;2.57771411979578;1.50834710332744;0.645897456893648;1.14080822578584;0.497917368427107;-0.55886719392208;-0.0765534338159557;-0.365558400798109;-0.29911486572864;-0.476809950487377;1.48081202463851;0.748076508164573;-0.530783596927332;-1.7503349556103;0.163132385877512;-3.30949385589021;0.764793244503295;-0.433283308850909;0.996126164970741;-2.15783870630869;0.064154831790575;-1.53486390896648;-2.1445844457452;1.19747802988457;1.44749766195823;0.926167643709154;1.32319907267522;-1.0219457204537;1.11550347087831;-0.00369285730277079;0.832227651328828;0.35477152181981;-1.82171127899822;0.325542704368937;-0.546909726559196;0.874790415773987;4.02841515232899;-0.624206644405783;0.927897846677839;2.30156309674092
-2.55055993671631;3.9489232192603;-2.81354057947452;-1.47918622324502;2.13152600421875;1.63124635454479;2.31428749355654;5.21636778078391;-2.35196878702185;1.73765768210638;1.29829164874909;-0.220587073399972;1.46683513416709;1.71336290109633;4.45045020251976;-0.266451884463301;1.96910306345963;1.908837920767;-1.40547081144747;-4.38526788305267;0.633190745235283;-2.9283997348762;1.15649253733925;0.205697748981943;1.93184217319736;-1.70562938659706;1.56633620521605;-0.729133315243045;-2.81526413961904;1.81699218400487;2.03472086801971;-0.835521323330418;-1.97944032970743;-2.91861768185237;4.47369500786123;0.600052669776119;0.319165280000291;2.08823903117439;-1.61136463115624;2.13407587205256;-3.50911604436897;4.33891952329632;3.84152429515393;0.727598248164732;1.26884131614146;0.302630703513549
-2.8548041487236;2.41360713342435;-3.12204745336739;-2.7947594213914;2.14630460310862;1.44381186785447;2.81699561177459;2.79494465840652;0.002393044878368;1.46981625624473;1.67315628503688;3.54103130455293;2.71432537854322;1.45907988267644;3.3647082222049;-2.2647326932886;1.72592115974405;3.17513167748434;-1.79885214532373;-0.759760045954104;2.37507657238104;-2.09299263558395;2.35563436683079;1.64584642672786;2.36619877592695;-2.09010753570221;2.84458444217313;-0.582159306157762;-2.57835918189769;1.11001138137766;2.14901556972055;-2.81611044135185;-2.21265724952856;-3.3462627589815;3.31102763842812;0.827705440831992;2.11602378180779;1.27795153650739;-1.4028953107577;1.25624382758006;-0.57289519124255;2.78298035616144;2.39953284793396;3.61258997774036;2.20669884304545;0.979681379693315
-2.76433038226736;2.94905109036998;-2.57804976446217;-1.23754499040217;1.702026317414;-0.266961147154445;3.77657690729935;1.62350853466232;-0.678564418049296;0.44218543957427;3.66771151938015;0.182670020951079;2.65149516626558;1.19200613762584;1.60539630359876;-0.314242358752528;2.69313478382314;1.34931639422272;0.539488796515462;-3.12573189210664;1.68165133809075;-2.10516280380461;-3.39985455472992;-4.02582553261815;-2.67374519799308;0.613163463603623;1.98781617294812;0.828814715117262;-3.97341003016976;0.059227281185097;-0.343071467406583;0.138082340505201;0.0782517925380509;-1.96675912360264;1.54779608097872;0.147987536969849;4.1856973700104;0.355808213678598;0.375334947182272;1.10364173787223;-2.03820979472819;2.88122849036873;3.11679628230049;-1.40841404769545;3.06220962097381;4.50634700442009
-0.863330700473231;0.588285875380811;-0.757659628022511;-3.43712961922182;0.839223451835725;2.17501284107891;1.65257338363407;4.38510967138783;-1.97411430912232;3.39715014695294;-0.601743342138248;0.350602040368848;0.262330569084216;2.04814310973122;2.67202638910501;-1.59469001577414;0.335370945957835;0.0492359063539807;-0.677231666110873;-3.85576550056618;3.60714420847127;-0.969653183940055;0.248946879628019;-0.0306526534214703;-0.51331170816385;-2.64981653385209;-0.461569048330259;-1.688857218655;-3.67381270802159;2.5827375979305;3.28107156549703;-1.06813279999648;-0.743173038415711;-1.6731796552533;4.68608360961531;1.51530393792358;-1.10539277958806;3.57995651755715;-2.28115835103159;1.45179706440287;-3.04933898827657;4.13471135251204;0.441258395320751;1.12144501841297;-0.462743360810199;1.45604252740597
-1.01409093653543;0.471729596474439;-1.24494138706795;-2.57813789168505;1.00382650112219;2.92393514834672;2.87636460192259;0.426451937216686;0.533774247260095;1.14939416671921;1.25105396158805;3.44185245804425;1.00894406664187;3.31528039408952;-0.53040062565364;-2.34863284986371;1.12611316011393;0.394432042437575;-2.99108068571467;-1.1009379701337;4.92536112086457;-0.843507268157139;2.13334123602786;3.0259912678785;2.29907440201144;-0.725151894180107;0.0462482383710359;-1.50818885064239;-0.278928693801336;1.16567301270126;0.499039941314639;-3.37524960024207;-3.6734406192491;-1.03826850256928;2.18424854728632;3.59149883911226;1.84038228854767;1.32803956355914;-0.587276894520419;3.27207993866314;-0.874771631117732;1.44952849244373;0.300413169454817;1.95453812385615;1.07739639194479;-0.358126052090681
-1.93850718310901;1.40416265807809;-1.7889605513334;-1.67835180268194;1.57628166687691;-0.624864830961108;1.79821482056612;0.156086815736918;-0.324301304313878;2.62160726908305;0.724058249308771;1.85427255711629;0.670689437587288;2.06398252293222;1.51144543121896;-1.02788797567836;0.568560378285996;2.21320354180565;-0.990251283713699;-3.42021067229005;3.73143034378484;-1.89484176722965;1.12576352712209;0.976210379349921;0.533530224754599;-2.13097904056412;1.06834957554551;-0.440698439372006;-1.98591559956651;1.22130282411946;1.8438879433024;-2.26899681028477;-0.901258267014257;-2.07295699609197;3.18648813689024;2.03474609542911;0.0959528684932633;2.3772626404675;-1.95252663665406;1.36235529530375;-2.36259331632359;2.63498440325439;1.74549051091017;2.14367519100109;0.486492214536482;1.48195663226548
-3.77752498687753;4.11900051598459;-4.19305827219914;-1.49473944975614;2.0228618537378;2.06509337904505;4.39850456250825;2.26768487490709;2.63233969309071;3.66808207897614;3.15848372962738;-0.105405919747606;3.59144647436616;0.77819696649507;2.16886878366847;-0.867443262247404;3.58125205422128;2.45927300107165;-1.27919809236496;1.83688812416585;-0.126594342212762;-3.26892730683474;3.58907538906442;2.23231753813222;4.95274859190173;-1.56873529331098;2.79176611548249;-0.963555876140314;1.60166784698633;1.55325746449324;1.74952484221189;-1.09909120972119;-1.08455473680576;-2.25766440618788;7.36024377799633;-0.207366872200096;4.43982829103533;3.10348690500012;-1.52746495498435;0.452468428175512;1.73039617402287;2.59784091410814;4.66487726656681;1.66709181149273;3.28942234208883;1.63930695790513
-3.30745846287341;3.52684108189398;-3.18609448694044;-2.95107124838873;1.8823054120822;3.28332968037349;3.62701438513377;0.861213517650041;-0.68993118001802;3.2748954380438;3.55328110927298;1.72461054180987;2.41347884088177;1.74455069289353;-0.319329165846646;-1.41269676385895;2.71847417387048;2.29487765857345;-0.556122110682759;-1.87336254529096;3.22807770323178;-2.92579161429155;0.345217187028992;-0.688713926944362;0.182532305046529;-1.78215402693256;2.22696666979374;-1.84429406369889;-1.4697874470582;2.30565701542778;3.38233459623738;-1.32636825630222;-2.11524063669236;-1.51401455485166;3.9977639108878;2.44734295106165;3.71618613593277;2.59046056758431;-1.79119048122312;1.40789727843352;-1.09407964740032;-0.529394269100602;3.74023853148398;1.19657913917718;2.73780279877095;0.407107452094946
-2.68671957451509;3.25234346103233;-2.17374326206404;-0.133356535789542;1.47065375867072;3.70339256705058;1.20387787735086;3.43459765934721;1.18619158086928;1.56754739096507;0.760849501369724;-1.36057443060089;1.03323528067765;0.182004540842412;0.64534621772935;-0.881993391136842;1.54722616316417;1.78543494849124;-0.721910679529908;-2.51908571372839;-0.900018991846075;-2.76645030013346;2.19496498891698;1.11566291863102;1.92612509593866;-1.33179039196644;1.30133861044589;0.559127372291436;-1.18432407815714;1.27307486207292;1.23329583697587;0.850100407855136;1.75670543991719;-1.17148676513651;2.53026441356898;0.269626027614768;1.16436999198942;1.32408717730416;-1.05143165358871;0.0301184296761501;-1.2550781146026;1.71884299979922;3.82725499927885;-0.164404463677714;1.34257165152091;0.731269138559079
-4.60919171977004;3.78900926741396;-3.41906737509795;-1.30897252343107;2.32214027044695;1.84236984294341;3.9162052696584;3.90192483576937;0.791337738363166;2.73646881584294;2.10545321148018;-0.184311861613761;2.05177784756994;0.552874058819587;3.08457907675081;-1.96429169506869;2.65992428412992;2.0506226430294;-0.390619709088979;-0.59611915700415;-0.1009345777014;-4.41592705242049;2.56447612533887;1.24406229579202;4.48810133742701;-2.14588014037448;1.47883240439923;-0.567802132784394;-1.41408110312794;1.74545679205926;1.45544171662997;0.675057391756394;-0.554367960096283;-2.49654166522223;5.54458200446704;-0.0638251148808753;2.89376352775813;2.15107924981691;-1.97863012458443;-0.245670156882126;-0.341456453617716;2.7326350626301;5.0179736260268;-0.526241509463359;2.72289188901251;3.3770240116981
-3.52519706951646;2.79269524379179;-4.04633858472152;-0.0307855528018656;1.51174836489397;3.72558540999804;2.27090774607021;2.51846968342939;-0.396147085550805;4.7199858924239;2.17896399766725;-0.10065889609563;2.45486638140394;0.985501419289587;2.06211682691003;-0.188889522642179;2.54373232385799;3.38333591298624;-0.74121571516615;-3.21662898539367;1.36341355119866;-3.56363409822469;-0.251028480569566;-1.509788838321;0.738564087674851;-3.22519965589739;2.62864905744506;-0.943792598066683;-3.63552837961502;2.73319752389347;4.33223742882933;0.457625555507809;-1.79406909633873;-1.54235320523474;8.3473639748827;-0.106249846230967;1.9349283756563;4.5239182953327;-3.22532385907564;-0.491779317232334;-2.38099673459051;3.56526548614025;3.70137370286361;-0.303802606232359;2.4003693897604;2.49640469172272
-3.64705905961335;5.11315327652312;-4.74984317038753;-1.54839618262957;3.01919912707472;0.251233269544931;5.41520847580931;2.24359391892098;-0.642568119413558;0.670199240541764;3.77140122653366;0.412042937352163;4.39724185828936;1.28771865449736;1.8773737918616;-1.40899185341705;3.54727142538573;3.48614106107227;-0.566887641811562;-2.12270703557196;1.20128858013748;-3.63975108212312;0.752668754320682;0.172427580499104;0.271460845449357;-1.46894530850606;2.87445455002566;-1.71847356516609;-2.47235690833697;1.79413942616375;0.344213741937954;-1.01324750544795;-1.84908473200404;-2.49993904123838;1.27532879998274;1.03909249903238;4.11161117566401;1.00779457644559;-1.01859749824114;1.43209072536765;-1.4892516126379;2.49163730839704;5.94454514593463;0.0659860431415963;3.82603755689397;0.0931226736258565
-1.93171121492892;1.87946752279746;-1.9400523575627;0.767305295076295;1.40741981257049;1.71576190159477;1.28914887403758;2.44058219856374;0.801446815242912;3.24122780769423;-0.410425460611717;0.0708461825995015;0.217723972285154;1.52528738584484;1.42601930190338;-0.844259023548246;0.30699413788588;0.698296100350374;-0.929927017433126;-1.22730860310597;1.93905242741861;-1.81409339007695;4.12646163755789;4.05820598973102;3.94870272613798;-2.85983843807178;0.476500710046498;-3.29017327902273;-0.353262449875613;3.23733553724961;3.52960656972311;0.0297173389677829;-1.80923792449563;-1.11923761393682;5.44546866234328;1.13919980465598;-0.106836589141481;3.39945292212605;-2.83297161579988;0.133878032156138;-0.810120345276371;3.58170140226366;2.4731313139994;0.0260582817506142;0.126198248781559;2.75702735228316
-1.6106295354563;1.89968661393961;-3.21842892860263;-2.38280486940125;1.8759545190816;3.94860626238345;3.454428825377;2.50707638421985;0.766949688060999;2.68862784227863;2.31786821392753;3.19793903075569;2.92091672577463;1.79107969247623;0.269469184786537;-2.79898869672602;2.49429499154863;3.35854100234476;-2.15227501700774;-1.24493887084282;2.64784098495157;-1.83256599574107;0.21490340422211;-0.0382778991872141;0.198690282524067;-2.73723424724218;2.9851159406216;-1.19325801424787;-3.78876751781512;2.273147145805;2.72565327425633;-2.9677897808219;-2.54785222496852;-1.93806240979823;3.93934694138679;2.21926320590114;3.47324344523795;2.47873470222918;-2.09519898548186;1.93871636981778;-0.58167311894366;2.37782973968809;2.12687816500451;1.95071413686543;2.65648788032602;1.5942080564195
-0.991327427847634;1.65974975591911;-1.8967235026468;0.0988836675818323;1.67871723623371;2.17455005967945;2.18710464792585;0.0746118492454556;-0.00524502369638102;2.8488331973888;0.371326775925706;1.78691601672588;-0.440373929261541;2.09859779857826;0.300612774811205;-2.50896685545505;1.15124965422563;1.33470093932085;-0.272060766957066;-1.42942389653885;2.90264701471944;-1.50134236990323;1.20847211296889;0.641001142303647;0.97100721641674;-2.37213222671828;0.684728492684426;-1.4864783102859;-0.557983009113693;3.10515862263515;2.91657176005611;-1.91348349564834;-0.879055440547019;-1.72605487228871;5.79901700215314;2.54629611039788;-0.0144855876394959;1.97859113278031;-2.30809524068515;1.9706603353731;-0.904344537585719;1.1548893463214;1.64689558538294;0.287680464973848;0.548806097809847;3.03448395390403
0.128578687353452;0.668216422675887;-1.00268839643233;-1.6302378362489;0.363162858387405;0.21437020140667;0.588206831880518;1.59274124845128;-2.49741561067567;-0.128894702761168;1.36942893381129;-0.0662329584582773;0.196826688560456;1.92168431402055;0.0971883169005306;-2.86084952374288;0.71579661148091;0.892406843231866;-1.27670460535013;-4.75808081494076;2.79583554560941;0.0865404343639723;-0.485857815548944;-0.00710365231013244;-0.780622589494951;-0.369688319246539;0.170914439492533;0.327878659992527;-2.98229929581237;0.130313915838349;-0.11752188977997;-1.72031996268977;-1.07329210412805;-1.01288854580189;-0.540040029942956;2.01817069249023;0.302438171431615;1.06255049316675;-0.766933976874657;1.44826764052614;-3.57190629575841;0.158554250062688;0.00189935492515936;1.20466274068205;0.232247412937728;0.421945369210563
-5.74392045777571;5.83740618267838;-4.71662401426466;0.0632765073391452;2.86035399750535;2.34718889596766;5.10527154122054;2.5438104561786;0.0722423471442342;2.21910049066883;2.83268274788736;-0.344762841010835;4.30904273073911;0.127625418813479;3.35089367533651;0.33686326197751;3.37660849886388;4.47737236778976;-1.14804716755257;-1.15392117342768;0.48626824321517;-4.95546452749518;0.748486223151313;-0.966341648996271;1.98967200772106;-2.225036519147;4.28106188013328;-1.64905056128999;-1.80114434682278;1.95112851183449;2.44861077477306;0.770536421980062;-1.7024808129528;-2.65324655211216;5.12134623006666;-1.40711280549152;3.73574010112146;2.25676391814263;-2.34139088129776;-0.806017694845607;-0.71994064828541;3.34312623272804;6.55899775286846;-2.4146841610064;3.53702467559839;-1.45903170185585
-0.997189180580673;2.23458236824529;-2.91991565116915;-2.29036012127241;1.20397801317354;2.15791563770442;3.11731507183901;3.61517703903627;-1.42332783984433;2.58991301913839;1.82927588651684;0.878893550306063;1.08546655478193;2.36843058417949;2.90122399423084;-2.05213029642094;2.19273519534959;1.4013235332986;-2.72203049459764;-3.21208104288977;2.91032774049727;-0.737836968060699;0.831828247454822;0.137687810097853;0.932272714578936;-1.13259387846925;1.36926551525835;-1.57795611434975;-1.41711827267129;0.88811632595472;0.929094968879372;-1.97383241112029;-1.81238745769558;-2.23908445494052;3.26796330036057;1.56114902019738;1.76135179747899;2.38532979698672;-1.11594353433114;2.01101338125371;-2.14649241511525;3.04455612622756;2.30798567630269;2.69332933540436;2.15985648041632;-0.437126864180689
1.14293696097129;0.892405879814899;-2.0962527246806;-2.52673429467128;1.38990113440597;1.29428027845758;0.941170780748817;2.13794729274436;0.645790134130261;2.97634738829184;0.480699090197109;1.07831504806928;-0.45228481917464;1.88925127014976;0.9978660125542;-2.95022073976019;1.05520357981325;0.211803042261773;-3.85776388059721;-1.22930921616838;1.5865086038959;0.88964790339013;-0.184719325277441;-0.610342120369864;0.617964379042795;-2.07891911830374;-0.234849469278064;-1.26527397981124;-3.24407355344112;1.8847216264938;3.07026995075143;-3.39877313793056;-3.31217866023153;-1.98838681378717;5.35958266441694;1.11056628112191;0.788817522596803;3.2732526684921;-2.49664295241001;2.43699672031192;-0.572701697268828;2.47968968146451;0.599166255101694;3.41974158306658;0.529933528120595;0.186073270967501
-2.86501853389413;2.98589649035595;-2.3278721799755;0.406532417106399;1.74639480252838;-0.252965316427531;2.61546111925175;2.02912266662383;-0.669916618875555;3.67900234209292;2.5736212302919;0.263923312273207;1.3409064411671;0.701307188364038;2.40216297446066;-1.04091789677274;2.33267669261749;0.300889289204713;-1.75844130895355;-4.10721498372031;-0.202519047309215;-2.66575368896506;1.30845228912716;0.187530927515049;2.37370518226362;-2.11044516058978;0.333567533322442;-1.73827473814595;-1.91943225622411;2.06658085180914;2.42455651674119;-0.8117788339682;-1.6474554222282;-2.2544907895898;7.03661897703113;0.371868204877508;2.57154039077549;3.92855054488568;-2.47060800683682;0.537268933829014;-2.33409270971959;1.9000397254324;3.3028436961806;1.65666296750025;1.8777881062418;4.45589130261358
-1.87008453794154;2.03653521602212;-2.4973931477096;-0.642112563136215;0.847139875951517;1.79714742424092;2.5114193580944;-0.0557092829371513;-0.817562534385014;2.15563166902921;1.45072609377728;-0.924040199235977;1.06844864740991;0.331805096548525;1.74680313806325;-0.654207834891063;2.56581264278643;1.64791045097199;-0.0682962435340223;-2.89817958113641;0.447050538235189;-1.78577537475264;3.76133408494315;2.92786912764921;3.8009586904388;-0.828926361525204;0.927376700193695;-1.40936249757427;0.0820202828821177;1.12970324672842;1.04949421863311;0.465802364698439;-0.0359948247317802;-1.13527420240804;2.1414770587791;-0.689629167934073;2.19251345053756;2.0040649175974;-0.708308475399731;-0.317564253108878;-2.16790272328329;3.11286493944673;2.03956390456395;-0.95599789364346;1.9092191403831;1.68309134806284
-1.59664031432462;1.53786746757498;-1.5588326830349;-1.60492377309653;1.1105346965612;0.951596421241442;1.13801269609917;2.35949974243702;0.564642896566553;3.28218066381341;1.1158024788402;2.71296204615499;-0.920732023238962;1.73284631239807;3.08798671978609;-2.72186110881453;1.17912074272265;-1.02042048301191;-1.13063972066953;-2.17915089515408;1.93366539641133;-1.64380756469856;2.69684106903469;2.46431044455526;2.99101659261284;-2.19043055152272;-0.709526194333587;-1.60221900107098;-1.33267195306712;3.00304505541598;2.67159597544703;-1.90367767724089;-3.05197040577529;-2.16347379537036;4.26324379454135;1.18657508629907;0.310658034858927;3.62813793862851;-2.38626840105289;0.661742581419248;-1.23037640170984;4.36811844368673;1.57373986809174;2.50609576408303;0.355617710229157;1.58574748729225
-0.762436728738687;2.16097885244385;-2.16479814664584;-1.97624104569036;1.32458339165558;1.18397392476586;2.61365023723248;2.28405382257669;2.52751147180925;3.73056166695495;0.646862692198249;0.724332668249548;1.3376416716834;1.44363613891576;2.25730856009424;-1.32930881502395;1.43943304669341;1.81947912696389;-1.86661986140213;-2.80969617245938;2.42166823995981;-0.648286875158634;1.66494391939475;0.738036331411191;2.0669371762586;-2.95570830867665;0.64980753311712;-2.62708225539858;-0.639255041712468;2.80750646770843;2.92701717482181;-2.09466189062865;-1.30074647129398;-2.27288279717115;6.36325859164234;0.234408540697964;0.933719446610445;3.33063296469758;-2.652809071661;1.33198549243973;-1.26912330343964;4.23920224898109;1.94800770712976;3.01088938111705;1.36583322553039;2.1274555910639
1.60497034796079;-0.506331869748882;-0.303877206929169;-0.921638425240764;0.163964220773722;4.6185944249039;0.768682513991167;0.0220137638855983;1.86452338769226;3.4038956324028;-0.551927927176251;1.34898985265836;-2.06723862616342;1.70959181142768;-0.293496833638916;-1.51755591996337;-0.276200774009104;-0.905659565355523;-1.6931304623468;0.386308834152822;1.32744117050161;1.13868139743615;0.788434904310518;0.478188579520954;0.0138600996320499;-2.72943389253792;-1.30236397037401;-3.71811780617393;-2.2052466233045;3.7456282702948;3.59169211440606;-1.54718592222051;-0.445311234196715;-0.5932264064675;3.48581236433862;2.23258975575293;-1.02840234746518;3.14819018906012;-3.09146790715174;2.43834088513427;0.65920092805815;1.09305222725203;-0.93238701635011;1.22876292221928;-0.984387059554457;-0.402674892664495
-1.4491961581228;1.7747876144962;-1.381314757157;-1.11660107395721;0.723919012562431;2.54748614185326;0.493895973049631;0.931881011977174;1.82333108350321;2.20659830975673;-0.999931358566088;0.2840191927437;-0.692347819869273;1.91560733082104;1.14090842268807;-0.275877221134977;0.057341249404709;-0.766195758492205;-0.533819613402596;-0.944463829022317;1.13096954367151;-1.21890443730397;-0.770020406052145;-1.10803934304281;0.254739164894195;-2.82913618969977;-1.4826236802529;-1.02805639067515;-1.65602549132923;2.11629515069583;2.73788041072871;-0.426406235253611;-0.41803299212855;-1.13090363466883;4.99443479072268;2.36956932710422;-1.05043145156408;2.1050275191495;-2.39858850592395;1.67488961653748;-0.447884996752832;2.57469146804188;1.63408511170489;1.24264162846398;-0.381499073890449;0.496271774074388
-1.72046354703647;2.32503104837765;-1.38132865188392;-0.12387042578361;0.575314967677803;1.92282477887105;0.146266063818906;0.915994761811664;2.07821024702562;2.48548524202464;0.366584388320327;-0.0487076654897363;0.0890469641067909;-0.334265378907453;-0.733146240913017;-0.0408250328045836;0.321372572637884;1.17844974374802;-1.06830207787617;-0.677726299132122;-1.20740775258235;-1.54067642145232;0.235929806040356;-1.30032529563256;1.48407949701356;-3.04330677325025;0.209907614157825;-2.15201582151517;-2.38255890963461;2.41709362190271;2.70895040808323;0.40886871862563;-0.134879853534498;-0.818925526508784;6.58590029812969;-0.0057603243737982;0.422438725287944;2.79434349764559;-2.4365745029894;0.396132607713498;0.227587257496231;0.934154628264281;2.65839911490898;-0.451658774565305;0.0466753928413628;1.91729670064323
-0.268529991855634;-0.195931345580923;-1.33435874038829;-1.67593862550583;-0.37780964678814;2.99972949331859;2.05774313277584;-0.538387322839261;-0.917792774361817;3.68440395514964;-0.025879031942858;0.038790563843158;0.800831075111923;0.602276353311593;-1.94227594380891;-2.02341076329371;0.114641006727928;2.20308704256336;-0.621930399141105;-4.17491899463552;1.77228350959287;-0.150448441065062;1.9069465776247;1.47228706147812;2.32666183113036;-2.67440564164082;1.30100871643245;-1.53309025658599;-1.46569022774913;3.42248151502133;2.99428313524914;-1.29606275623032;-1.06260615640501;0.024878433395503;7.00058291907563;1.48743580373985;0.408884067853694;2.6630398713216;-2.6556985892442;1.27090256400453;-2.38630194578011;1.9453587498805;-0.214643509275567;1.56648998125991;0.204208231881008;4.14137362933091
-0.134988051818409;0.98916332782666;-0.790902615577891;-1.24032200661866;0.796473338359613;1.63035602247701;1.18275442528457;1.89381688311145;0.545232603293728;1.90099704031495;-0.0540893372859255;0.0273190567557788;-0.681337606414124;2.30075914518502;1.8550987492553;-2.22760526297542;0.811665004103603;-0.571899575583108;-0.786373881970673;-1.01758222505188;2.17279209877555;-0.221365061640825;3.26067056545482;2.9211938019977;3.22754360948522;-1.03593621574102;-0.901001684814439;-0.429383734746242;-1.06811748701332;1.04898880372491;-0.266792426287452;-1.98853706976252;-2.40356913794358;-1.15077059410951;3.79647998800627;2.33319703540423;-0.00536439438572245;0.767517731643899;-0.991752665353687;1.69999197101229;-0.30188841177953;1.67159698088736;0.750106499367622;3.01481937326603;0.254649205072829;-0.307467158445199
-1.22387691999214;0.986684268943841;-1.23453541043329;-1.01942570410964;0.240279682762012;0.758296785557036;0.345779627603002;1.51401223153875;-0.069626035341534;2.28987222972453;-0.455968882513946;1.12206157186444;-0.222907650939204;0.168799263952633;2.95775182794016;-0.0199469875087784;0.405374981500673;0.587308392690469;-2.59169790256358;-0.957269387493419;-1.38183040309232;-1.54212693822878;1.06655348592364;-0.0720756029236949;1.86684096483031;-1.56126365369971;-0.722912195107396;-0.375564698821976;-3.57370868332199;1.46394777936293;1.7173323773037;-0.304650165627349;-0.129511113420827;-0.948023332153865;4.22088445241808;-0.939908984412171;-0.741433604683813;2.24344844464348;-1.50372231016012;0.153572075361032;-1.10360688012999;3.44016237445671;1.09492101824258;-0.307878484910582;-0.0940274600863724;2.34245736223708
-2.24044588282828;2.44691525229528;-2.65402375422366;-2.66624816730201;1.53987636315769;1.00974658645143;3.59964201461715;0.646848958082429;0.321143257043932;1.2088129829418;2.10927155405652;3.3192962488624;1.1778694411759;0.992287892765815;0.0499692701715553;-1.32043995200711;1.71695032005082;1.74014148456506;-2.4685052854662;-1.95410582099787;0.748566944617526;-1.75506400631662;1.18311158284936;0.779861339478754;1.65345284656558;-0.95522600844706;1.24288559681978;-0.330792312907269;-0.784104425872272;0.635403420493805;1.17166314501643;-1.85932458617275;-1.36529622589534;-1.44842921434714;2.11769007206937;1.08581200605117;3.02470042426518;0.877588118060335;-0.55521738681966;0.921511666915974;-1.08679744900135;3.03776655795079;2.19013891714515;2.28556263093123;2.05962385632016;0.720067706108972
-1.64167052820313;1.34595359803595;-1.40623234314444;-1.82661378021912;0.650853503913529;1.52756867225082;1.26451362463226;1.96570834580394;1.18588297199498;3.94097702119001;-0.425758069017658;0.856628622018885;0.848055993337798;-0.204360611973804;0.663225497148137;-1.46049310270021;1.21385283466528;2.34796154756618;0.0800079668417074;-1.03349794678526;-0.490022183053839;-1.44653266300626;1.9715622960777;0.977541107097242;1.4028983039827;-2.57494906067982;1.5207220252652;-1.20256029158926;-0.0755622736647896;2.4537444386683;4.55693328055824;-0.513234559909029;-2.19775571534708;-1.58137417290093;6.02556709083528;-0.879686617600464;0.593199732049256;3.06035897138008;-2.74700165748649;0.400873188238349;-0.0693115261316064;3.37430028991627;1.58116694757581;1.87696229611359;0.434754389509794;1.53890839834354
-2.58566166652153;3.10026200773071;-2.33398971738314;-1.37313887514882;1.5745536618635;2.841836225304;3.09197919881321;0.426264632818694;0.57899864393904;3.67072491888841;0.655510529687201;0.447378759836172;0.679484784769811;0.149653260743201;1.11577043430457;-0.369828582128754;1.56553559347652;-0.0231349595175996;-0.932878995622568;-1.5110664362298;-0.435657124926321;-2.94186801442764;4.27512783719125;2.83174367091192;3.63029330686066;-2.8308063252761;-0.191231282961685;-2.57440166166061;-0.942471429963076;3.26871878118932;3.65219203929996;0.363817614302024;-0.78318347930755;-1.77587735935098;5.40345967621762;0.16750708998455;0.981527216948896;4.02426039346551;-3.01611751765973;0.613469358636965;-0.659568881649002;2.4483547156068;4.01120825281134;0.564991292461147;0.978925632504052;2.0584704141352
-1.8552993794879;2.88782388204518;-1.24012107691929;-2.0625178851012;1.43115051778618;2.35159940771394;0.719155804624676;1.60352113268955;2.10572642205959;2.10498612639501;-0.565698652829765;0.872168679922152;-1.00164078714143;0.970176081956086;1.40254743778343;-0.878112763475515;0.274505675204011;0.334672008047393;-1.32020979119138;0.174193652679489;0.619057984720844;-2.01357401559577;-0.190060489045071;-0.570376244482983;0.627511525523872;-1.35322455978852;-1.08561851626926;-0.884987555629438;-3.23288688817581;0.920523317488458;0.837568147161654;-0.753386781624914;-1.60590801923247;-1.97377897386495;4.55446969895471;0.936582652555851;-0.62683126382002;2.00856343409942;-1.39448137824604;1.95821152445518;0.387976733332287;3.48523161556643;2.76529906136124;1.36094157972863;-0.0742218040565444;2.9780821499549
-1.34705486947681;4.16628013586568;-3.65602719836707;-3.45114788224895;2.72849132021191;0.772843931766328;4.3518333658552;1.58260035880144;-0.76314076996201;1.49346821790829;1.95249871905024;1.90239703512449;2.4973029170412;1.43980371493483;2.19515025385998;-2.17309578212375;2.86337512329319;2.56917547093218;-2.31766349255294;-2.36302823342502;1.95565285292654;-1.61874304366257;2.417925881662;1.45504048215562;3.4113900969083;-1.69764001198874;1.78628601367199;-0.900696822953446;-2.13840248167346;1.73271616860124;1.85238455397911;-2.481735092937;-2.58744437488873;-2.80230839917999;1.56666285424209;1.33713629603923;2.26172742414267;2.27709749715794;-1.82788288083507;1.94139847660587;-1.90579922630492;1.94624840392779;3.88108640386274;2.50307577857299;2.45689275442834;0.578616021636395
-2.64453690342614;3.09044405358226;-2.30310105616758;-2.1362190626227;1.40588760695535;1.05877294556038;4.0097227603885;1.36288855645241;0.777036417235923;1.13217930659796;2.02072733632308;0.260431670419569;2.05315705282574;0.924126694043032;1.88258558834712;-1.91302888830542;2.5359129269511;1.72500960516735;-0.353713131043693;-0.650705126473702;1.71427581332867;-2.42633673496438;1.99496778709665;1.61365857567095;2.7601854706549;-0.502814591907818;1.60070568708977;-0.269953343645642;-1.10949994371469;0.66437998070796;0.756863258470894;-0.437676221607656;-1.51210314322001;-2.4113543435196;2.14331201021766;0.911937542255028;2.89089919083757;0.553677857377458;-0.531844082689591;0.901565960989299;0.0392420850359945;2.96630338525095;3.42161038630762;0.0788583068048974;2.30505479150328;2.03954942906371
-0.137096495670153;0.290416731114768;-0.891673489734563;-1.74531357627851;0.997023785118705;1.71693510330849;1.0090224509999;1.3616663174783;-0.89642525234531;4.96334020305664;-1.29800400853174;2.74059760766723;-1.54006284893488;2.11431434248767;0.891379383345161;-2.07890721143311;1.07166881157632;-0.813795416384647;-0.663459854912527;-3.87873607813266;3.47443938598455;0.0233342762115284;2.65223436970772;2.00648654664805;3.02332705251203;-2.90776551210257;-1.13220467735066;-2.28379100228247;-2.71472510400049;3.60786952940151;5.2371609198539;-2.18186525050642;-0.635156304824602;-1.58777299882505;7.38083255483908;1.8443072633879;-1.36956217985157;3.97461167308318;-3.15896188302755;1.73045569422071;-3.04572337395887;1.07478446433238;0.126595049403209;0.984214814208445;-0.476155880482816;0.696118374217501
-2.03899011986127;1.89219835984224;-1.30435102102365;-2.31481972335111;1.06147598376832;1.70476738608964;2.35337906187395;2.57684346477049;-0.928462470800011;3.05032982115983;0.90171037636005;0.962584095609735;0.448931020683617;1.2870148418856;1.67563096273675;-2.20738228747389;1.67268452762416;1.59604834162716;-1.88803388106104;-2.05604876777256;0.982675530778326;-1.97866522889524;3.16195813059478;2.90959237168424;2.71940456855667;-1.75150244170046;0.440234888847804;-2.08988145643415;-1.50596119130788;2.27295001468703;2.07948286622061;-1.18953966811824;-1.53329550142636;-1.29204197133565;4.52716409826576;0.713959502370281;1.02274205574662;3.45350183247125;-1.76942242962566;0.302383018876772;-1.6845504556613;3.50734955119174;2.55054738905317;1.99050183482245;0.946414739898547;2.66196689472496
-2.3525271903238;2.68064536614785;-3.12946509394703;-0.859997954339637;2.46368174135176;2.59709243016501;2.74869658314297;2.92406421473797;1.4845736431928;3.07595704829489;1.98175815374897;0.621257942620756;2.00530295467133;1.2264278519204;2.17597266908406;-0.919491885504906;2.55975458780371;2.73140740574865;-1.19390461907725;-0.199456933551366;1.60037768976412;-2.60208037242006;5.60291111415342;4.63365444254021;5.44196737699053;-1.41987787682501;2.09038202942335;0.254174695954073;-0.604580996897914;1.3294749581605;1.73522883252623;-0.457189940372368;-0.526848160111724;-2.52197509940959;4.11240365377008;0.701299871907274;2.09784633006099;2.79825651205354;-1.53699854238917;0.63458980131334;0.320069038762139;1.33466246620079;3.57959441004565;-0.0569323240452549;2.42557545706864;2.59932721840052
-2.43641046186734;1.89406906373715;-2.16908317184449;-1.0651696672908;1.36389880679948;0.644501588851894;2.62527199574747;1.77824917975091;-0.647340129490829;1.40683631590733;2.55709249151388;1.23549831249964;0.84287185265518;0.983817655210121;1.44179134508233;-0.770263982559384;1.81982475507559;2.34257172614341;0.437912054132925;-1.66116186910048;0.66688757129113;-2.14755414489771;2.20874653486114;2.10189579066255;2.49809725256659;-1.3504858280019;2.11962021443961;0.114230086105886;0.762694166715216;0.431838769869416;1.36522156329761;0.0156394427200239;0.127322354767338;-1.4970518226838;3.2029677358604;-0.087996008122556;2.36483238002055;1.57382238810626;-0.929813062188211;0.61709256222932;-1.10277647250211;2.93444091895459;2.46889368066207;1.49575053801065;1.77334758422504;1.15960433395214
0.69412237717791;0.433352930881627;-0.103723443392763;-2.22321372334509;0.810784938414844;2.13058369462249;-0.210934363641324;2.17908770426783;0.498727470974354;3.84599406226631;-1.60742887824062;1.56842779164453;-1.64069224793276;2.30267421994196;2.79697262084737;-2.22439155384811;-0.301436609684533;-0.368739450910513;-1.57270752683493;-4.37578905268271;3.4649974263102;0.557825537676734;0.306319035393236;0.483085965647418;0.108975021420531;-4.15938818604965;-1.52535700250803;-1.68816163747242;-1.50591900604808;2.82407522181121;2.9798063954508;-2.03172216438475;-1.20718172517295;-1.770065474232;4.8419304291603;2.20388196514081;-2.24074698993968;4.20168727724693;-2.98768860486739;1.4454487234344;-2.66685432587028;2.39162962206428;-0.188695404428869;1.44772119189885;-0.870398569138358;0.225100043551478
0.22315130150723;-0.200289374906634;0.0110271002413193;-3.59929307881012;-0.50586631158988;2.62906364832662;0.844045711291039;0.444835786873733;-0.518049838453362;0.421322857644032;-0.547976188308308;1.72246116194401;-0.637339812542679;1.95923090590876;-1.69592717599048;-2.40827670269963;-0.057301134747914;-0.0584003689356964;-0.287241932740777;-1.38172590460126;1.75766646403679;0.0747925379438148;0.49039979835312;0.885676083718283;-0.145097635187679;-0.514966244825639;-1.00855868864946;1.59257357085014;-0.856253366915181;-0.179896854885913;-0.0559411500851463;-1.89303637627566;-2.32195412044963;-0.374431080174457;1.32696215802733;2.53511917279806;-0.646709833972086;0.950032429141424;-0.342965059543783;1.39249517404615;-1.13974829300386;-0.12431321290357;-1.02634782241276;1.654111338181;-0.359036562645345;-0.907844470065668
0.743604250371406;0.562441849324432;0.298093760610709;-1.90901304237237;0.512477320166221;1.92852865267041;1.08376321086684;2.43280271302121;0.789913473932926;1.3109332806637;0.0321753127542816;0.898210446763174;0.356466060702436;0.860392522736418;1.10372720096599;-1.81429611631498;1.33622817397225;1.34901045694338;-1.511591552508;-0.0171631269386755;0.649369865841975;0.990012670333384;2.07575808115114;2.0162135997382;2.27454182747685;-0.924412760020716;0.491690468983225;-0.700068513420911;-1.83579211278242;1.24983098113805;-0.218437469216874;-1.69131900614455;-1.45886099285623;-1.37482602680705;3.70958998377328;0.645752195500065;-0.0966521300363706;1.50802273441757;-0.806724460101895;1.45432714540688;0.010170172511912;1.18031981736559;-0.449188023953349;1.41281238375861;0.214173938116815;2.17032098961086
-1.20116961348635;2.44985783593892;-2.23515190044275;-1.03239641871001;1.35259017514197;1.17081278455424;3.09113135196126;0.489435921778158;1.96218664584237;1.60980882455866;2.49954794338338;0.204573749934952;1.8891934718083;0.925386988461533;0.219069633571582;-0.72241322180632;2.51527032204861;3.50810875948199;-1.62177993194296;0.263213908208529;0.408249593701095;-1.11859593189399;0.56312100167468;-0.0670650768431333;0.372264361540541;-1.66870920519822;2.54745455605729;-0.627433879696111;-2.48013758519247;1.36561416927729;2.17167656588256;-1.15662701274165;-0.631815343070343;-1.50388200996592;1.86402996954525;1.15593804638321;3.38522111115416;1.13267330710023;-1.5836812775626;1.36117192663205;0.74074294721305;0.882981358850618;2.419622524009;1.80285775586544;1.98250797246054;0.660695692502224
-0.6390945225628;0.528098391637864;-0.260746282081686;-2.66366218202322;1.36546277154986;1.76057468230184;0.863326299976788;2.76207114526729;1.35459029694168;1.83987949447252;0.135720056954809;1.37485186158031;-1.6124934595584;1.77600267556543;3.12879045666135;-2.21999540665247;0.590551836240006;-0.492201538789314;-1.45421795366648;-1.43158162471196;1.12442437078596;-0.645669887934647;-1.1472634247251;-1.67109984438889;-1.05978570043006;-0.823703340885441;-1.04308004004319;-1.04443405506863;-1.53229925625358;1.35349179216796;2.17330126736585;-2.2185108849177;-2.39393759710892;-2.3109217051041;1.9115923316382;1.04811717594398;-0.810041953722525;1.75713934562221;-1.04218279250434;2.15182817183557;-0.300677626437515;3.66798789119113;0.441251359004923;2.51646876852664;-0.0931774127633577;2.19298008697582
-5.26528671960397;6.0830553029052;-6.28005697023633;-1.02653978515554;4.04678758022732;1.7372261721718;7.07452140051491;2.77954460583898;0.474357051961785;2.05993227840204;5.10657009977671;0.767451583921429;5.67984564244789;0.453695443430422;4.16000841179969;0.0532125130151093;4.94563234415053;5.78218954257027;-0.474716659165975;-0.259209289934019;0.194937849380738;-5.19464224132189;2.98950566593136;1.36522692254147;4.47006221719995;-0.987002915773143;5.41477571769433;0.392397771951473;-2.28632135912557;0.943399000312805;2.4257483681612;0.149191925894902;-0.698699875013674;-4.12915079807693;3.94628862205084;-0.903214911008153;5.39744510551614;1.82322318690272;-1.04269820676552;-0.0541287403988525;-0.0445022369978471;3.85403102099543;7.56724753912722;-1.34390970537547;5.43769260033916;2.38154139105763
-0.901692476671589;1.76877999454529;-2.55785773818669;-1.15271065773971;1.3716801129491;1.49250566619796;2.16174632879452;3.67153853189562;0.678846342202611;3.19904408456298;-0.0221777622140411;0.976928471863994;1.0252854388698;1.44874890890595;2.97422801274209;-0.522404384572548;1.4568195912072;1.34184047357349;-0.698176288636521;-0.706841279224996;0.331093558101906;-1.09667057267754;2.9304800873974;1.99213774033207;4.09101855199484;-3.32362309040239;0.881632634636461;-2.9404651108224;-2.74038551244898;3.35159390365447;4.33315408965871;-0.923556985553261;-1.36830730581347;-1.55500634072287;6.54053359875685;0.682075362879599;-0.191829124197286;2.68300991732732;-3.61347003852191;0.666283317293476;-0.321777817572701;2.55513070558998;2.04922882992855;1.17861702531595;1.0966928228606;2.46453157951106
0.164724055595295;-0.0582582062909434;-0.878874536229786;-3.63185698759269;0.532394734966459;2.04047484201456;1.05945072685186;1.41368770632311;0.192970081169809;3.24424139513306;0.280005340009934;2.4894133036788;-0.34089328490679;1.44895943048747;0.0593712838213023;-1.45003419113908;0.42815212270249;0.369478631751157;-1.10169728877975;-0.957769550722514;1.68507582299277;-0.140915939456397;-0.745723574361324;-1.45164515054393;-1.1075695989974;-1.87622696801307;-0.576985157497456;-3.47191937769754;-2.46056002382527;2.85183442133464;2.66114692104511;-2.45690079110233;-2.68553635728563;-0.87431818793013;4.65955623413879;1.39822403523335;0.847643959676698;3.16279315012667;-2.12785111833132;0.490437399536715;-0.857177343412346;1.17801745085663;0.19684307412298;1.80179727661886;-0.114850814800962;3.88020918976564
-2.57445781838655;1.2002768196193;-1.53712013084641;-1.49576134849339;1.37041329519812;2.57985846108561;0.604804986759414;2.15299438648571;-0.266883887044847;2.6324095343997;0.681104061928199;1.44548065494248;-0.32943104995576;1.46256598668075;0.67617405031704;-0.527231654116145;0.883507059644725;0.0779154467925934;-0.529755039307866;-2.69260577702054;1.81214758804915;-2.49020116744038;0.252925797500715;-0.295169344757163;1.77277091926509;-3.75019987991864;0.0580234670582489;-2.89800830631512;-2.88855570233392;3.56974115644056;3.33141888743246;-1.48814926805191;-1.70526120654566;-1.79211055711026;5.05184496089654;1.12397644239229;-0.626483453024271;2.31937058749413;-3.24005791260712;0.794912558695102;-1.62714355110805;2.36978403978043;1.84239263830228;1.11333619655202;0.458215462623621;1.58732889495303
-2.03289711954108;2.69385086082366;-2.93126933954764;-1.87926543798979;2.13599589527158;1.07393458043742;3.26519917235163;2.73231059555956;-0.366468646395974;2.1461072046354;1.86381173718122;-0.0123972870819353;1.57635556365598;1.08317173838657;1.79984962281128;-1.62576205404304;2.27239733545295;1.56330670614401;-2.29496840992607;-2.13310803104022;0.352238908829288;-1.86913385620907;0.0760468557114953;-0.045124152136453;-0.311639412358636;-2.35528605873355;1.50625778552726;-1.77501365728958;-2.07142265383767;2.22285602507528;3.36354135184987;-1.40155403511091;-0.340583368167883;-2.1782349771822;2.38079951656229;0.489521341990277;2.50668100274763;1.06431053276167;-2.73697337997088;1.33621988880857;-1.5708620510536;2.88803787238982;3.2496585919515;0.201465599453924;1.93282365174666;4.00738108081323
-1.26137712661899;2.58401186069654;-2.80391928538859;-2.95528745507034;1.91038006497663;-0.125705176713423;3.32343342003145;3.30090143220309;-0.195486657862737;1.37033506367341;2.36188571938999;3.56136729414203;2.89955842637274;2.1682877307006;3.23658643886499;-2.49640875007141;2.707722887045;2.96375089091045;-1.57498745213313;-1.17838162088561;4.03210207165701;-1.32815046880316;0.262405587430438;0.0122790688001645;0.0629249208658489;-0.813126720015012;2.41137412211226;-1.12392458074008;-3.17964442887753;0.851542148411513;1.02322820709393;-2.99468208250564;-3.60557615305979;-2.64709425566726;3.05632964531093;1.15101569718951;2.3931744711589;1.06886770557837;-0.864106905108361;2.1885502474284;-0.684433612377164;3.27916828583015;2.65476786520577;3.16255606086715;2.66870308683323;2.28127477158454
1.05442110704533;0.530824260636272;-0.909708030926082;-2.38562336068274;0.92969019297576;1.68775919915613;1.04060245051891;3.61131513371435;0.696150426597864;2.58624321864628;0.536728851141074;2.21772188686766;-1.3144105103707;2.87025021866204;-0.0801117795030145;-1.25874342455996;0.294821458385498;-2.06041916811723;-3.07432735104619;-3.1848950170416;3.9794817854398;0.786111296840577;1.66221964213967;2.26914462392323;1.34518605682509;-1.23200921681616;-2.31737710955494;-1.10359637640481;-0.442090658842167;1.3970175198201;1.88559372923514;-3.1190963990915;-2.04562244857334;-0.974756071737948;4.2335349308015;2.87552011625466;0.0978646090134114;3.46195406675654;-1.228834464309;2.56887504242023;-2.13229655241151;1.47127865815513;0.195243666436228;2.93193612454054;-0.058195826166937;1.76895098933509
-1.46217134853258;1.26735339197962;-1.6126582202987;-2.39280547407152;1.06151624939772;3.51330429076581;2.39468364116624;0.83308687417848;-3.38090150046634;0.960630227449618;1.60677413002837;1.00595179608133;0.790790655097331;1.64826365600431;1.99438817949002;-1.97623029028567;1.71302913155631;2.86989053246791;-1.37037727591388;-5.68003560988023;1.74629997674789;-1.46249319418204;1.85582898166816;2.29263656047644;2.68508990168898;0.400226587489909;1.96119162143554;0.532977647537167;-1.44142685437909;-0.373482055660995;0.574679226627793;-1.66500212198493;-1.09983143366634;-1.634923927305;3.14210593606186;1.23373638524196;2.34019689305718;1.19440581748327;-0.152499988755888;1.58677272816029;-4.77443134365754;2.52246679132457;1.06170926695998;1.94215993161149;1.20469087182301;3.50418819638503
-1.93277080936349;2.78779239516154;-4.19161363407609;-3.20389264947039;1.70562737451045;1.61373002963845;3.74461103989363;3.85577640857582;0.0951720179639554;1.83006800162723;2.40891953595857;2.03556634852743;3.18377509598442;1.63969801426507;2.63356449904681;-1.98556936303291;3.02345017568642;3.33489225466543;-0.812127626028381;-1.9270699391135;3.17893272124585;-1.7127237256931;1.24863010675772;0.97624070065737;2.44896932106092;-1.51138344443077;2.83759074770877;-0.96815431820273;-1.62567720731036;2.09241632011226;3.55459087153205;-2.12280212824464;-1.1768192633034;-2.68585507731183;4.02358590052899;0.951513079585024;3.60198960256775;1.48846095960084;-2.06245069689967;1.66262361124379;-1.37523500100738;3.1917504500166;2.90098369472267;3.59919649206962;3.29643484145223;2.07784628424775
-2.26557703455209;2.59131691384691;-3.19483324525226;-2.07135147703529;2.03084897075034;0.75903800230377;2.70272031665756;3.819783481516;0.625237660656973;1.72379320403325;1.31130297461161;2.58284840848927;1.36244433480667;2.03122834259417;4.20839499637602;-2.95663927837328;2.00887444690431;1.85999518614524;-0.612355709827082;-1.3947622341607;2.50233457029022;-2.23252888873407;0.0202427856671325;-0.170318431990187;0.496621367417192;-0.823031739916515;0.946197568429916;-1.18346114528611;-1.52110231749354;1.01505937233409;1.65812084293592;-2.79667101142926;-2.21782916085897;-2.59755411468938;3.8928650407344;1.40721638242093;0.351861758988425;1.47348079457579;-1.08991256723226;1.73611101648744;-0.64951684314624;3.52028922362029;2.36775068042857;2.61937956788869;1.69191851738033;2.58687823615809
-3.48672137583956;4.38665574206913;-3.54049350558339;-1.77043493636668;2.72830393803248;0.0984959331227745;4.13814798712509;3.33035753229261;1.67504037694264;2.16115288021384;2.11191325164301;-0.515842803118153;1.38212842930789;1.2203549883827;3.15993479367305;0.147009488192089;2.61810041333317;1.9461344808871;-1.33596371047879;0.00423684465457852;-0.238553200904492;-3.43124263273995;-1.22091971213052;-1.92154927650333;-0.0204856410606377;-1.49349817952219;1.05640841420236;0.0754786977147719;-3.13914067694604;1.61678369494929;1.59567657252163;0.0774526653387866;-0.338060165302939;-2.51606877005782;3.89483740966265;-0.26261200121196;2.47437236901903;2.50451902463248;-1.75439312105052;0.463873428579532;0.546073061844148;4.31137417180204;4.99955347090479;0.0247051919491266;2.37165639302835;5.10633236103856
-1.01095645371509;2.21749739162197;-2.8721649865652;-2.91675792990585;1.92358809548472;1.70269203905783;2.66598008724643;2.23770136417469;0.0610617018831882;1.44240777522781;1.46625282964086;2.84181592757502;0.516126848482857;2.1227261232811;2.39576035827031;-3.39412436101703;1.93643484519477;1.01246614045219;-3.06837141770376;-2.22105168734335;0.740798642120483;-1.30923454750852;2.83276803618622;2.8754402710103;2.83227921930432;-1.58209359932017;0.424180890851103;-1.22348650266364;-1.14473904780688;1.00732616533358;1.14042353101284;-3.38870454247038;-3.48294854347945;-2.56917874721979;0.67627368802027;1.97418745296365;1.93416053554939;1.27253632384976;-1.11200343518324;1.59728151776828;-1.32061521719034;1.73851783235655;1.93927063640359;2.90974939480437;1.76327172379871;0.449708398900377
-0.315581540116719;1.47976394965073;-0.797278624541926;-2.74908848867167;1.30814024684368;0.741897680189581;0.310947532652069;4.08808195211545;0.450551036990323;2.50982351791834;0.102175037993341;1.82262507810735;-0.207278559991893;0.934679218782687;3.73651860931305;-2.03777070985035;1.63214412405342;0.596185425507259;-2.70629035894539;-1.89083871982596;0.680464050843029;-1.17802304281657;0.599255347101576;0.305244475672824;1.11340927302675;0.0726484777169231;-0.292135063775786;-0.342738072726039;-1.79192012930597;0.73885195216773;0.498967747783551;-2.27925375266384;-3.41429971459109;-2.78302903645549;2.93496348604309;-1.01489645492525;-0.431954299713876;2.4696257064793;-0.495450251902552;0.335520754243931;-1.21044402370537;3.98475248724656;1.61736785394206;2.7741197267639;0.0384987064683252;0.578286639996523
-0.393320146211798;1.306797540067;-0.756164545999226;-1.72360918618878;0.859930202675415;2.00366355779155;1.05395418632481;1.69347417665753;0.256118011139861;2.28346291830895;-0.0305503018190449;1.78783008868993;-1.15830895679631;1.60192371702093;1.40483399543384;-2.5194883188219;0.657217854547124;-0.423689635644552;0.0604813941918451;-0.759859828996601;1.90468147260402;-0.804615095288407;0.928350851568407;0.963945414941282;0.0832338886175964;-1.46923571030119;-1.1006952591187;-0.979732881171619;-1.2633287249628;1.21750699827705;1.86557865219372;-1.02312630675831;-1.2611217447957;-1.54514979382638;3.09508525449349;1.31667647684166;-0.857400268657731;2.25535724273576;-1.77981423678892;1.52044061827683;-0.499727026502154;3.01119791522437;0.815907817173159;0.404434448772196;-0.400310621019628;1.27461656665764
-1.76756843793406;0.180552235477327;-0.592366932984341;-3.47387856713828;0.775429965409287;2.26983115776491;0.824523918962323;3.0778732403104;-1.26151909179106;1.80565926369908;-0.308633654380062;1.68144859596178;0.0878362514255754;2.95822835464298;3.34728356863899;-3.63158999982623;0.872997312459315;-0.000895348195457918;-2.23373455816367;-1.95397532234977;2.54421096115485;-1.5130110993618;0.00101475367064136;0.388546690408896;-1.08161878800908;-1.27884482615499;0.260745267570408;-0.705224025238631;-0.784394261107766;1.70703168109417;1.9435972887406;-3.66152794087352;-2.73935942550127;-2.82205241156628;1.31127761711415;2.01860242000835;-0.995736950467269;2.63711096884479;-1.29469148980099;3.0483020784048;-1.5332897509132;3.44733927802461;-0.194191748737933;3.9051707256755;0.0113878910975408;2.19385918286437
-0.557250915612257;1.99979799460775;-1.8136377264241;-1.97232623582742;2.0928347801907;1.84657532227326;3.03422892451183;1.71933622945999;-0.743961758349862;0.719644516349221;0.427699390030802;1.3031657123022;1.07098572339404;2.00573906899829;1.52192485146509;-1.08559508711764;1.18483670054234;1.20569750712255;-1.10373663021468;-1.8290959593643;2.97385601056493;-0.820622499880304;-1.81354974780847;-1.73530335120151;-1.9719844314446;-1.22406042312871;1.29070764392086;0.104805989041059;-3.92153188168235;0.522581923965993;0.526833496424766;-2.0834726201571;-2.64209795999045;-2.2580020729868;0.0171562353213095;1.95847797639729;0.549359143897399;0.662932240335739;-1.29872606878847;1.050449318657;-1.53178811110508;2.13928721434263;1.97137167868082;1.59460769184908;1.48578571690277;2.21123390665297
-1.5048635279699;2.97056889859359;-2.22822751281806;-2.02656357879213;1.83442812548735;1.09900922978491;1.54784263674646;2.48913179703646;-0.31149607545715;2.24610793440378;0.665931787698178;1.05104775290123;0.471535146875202;1.09768662512151;2.17612137415624;-1.34420564967161;2.53176637705262;0.466226697067979;-1.48703137702095;-1.8318040370639;1.82342605862695;-1.73377933587827;2.49835165487332;1.39115263788087;3.60016799623161;-2.16283551002824;-0.213048959268915;-0.86471320791472;-1.60457193530099;2.11899752692088;1.68550259646864;-0.72731965642247;-1.08721138142237;-1.75101048879212;4.77042946340474;0.626523446759448;1.01795140824949;0.959374365276589;-1.67079267422944;1.15358876420998;-1.33192738615841;2.17737683483073;3.20186704315709;0.93100168996462;1.11805509092396;2.1644131749319
-3.00457499051717;3.84775911464988;-4.44471867480893;-1.14869204972222;2.08444783904909;0.585022694708229;5.00391601253774;4.11942838448828;0.303212736746565;2.10073349643811;1.86695966382274;0.580562251923961;4.9161276120774;1.23476549093813;5.44968184114803;-1.61371377815613;3.61765253427749;4.99259833447749;-0.866761538639439;-2.38743078297798;1.24602714649162;-2.35758723599687;2.33586876090002;1.86838358034603;2.31509480402512;-0.839518210259441;4.63477429452197;-1.59149784094367;-0.19621971941804;1.82867318639672;1.43493514047137;-0.721456390189596;-1.8669718456863;-2.72984849119493;2.6339704243652;-0.683719305789598;2.67552245798407;2.11579947389874;-0.803925964637292;1.26960500834705;-1.46873595827477;4.81398272076432;4.1550832556849;0.286819018558659;3.6324912461315;3.28797676772227
-0.658813906202026;1.55704273687708;-1.11181172773529;-2.73853601493709;1.08943564412005;1.38621577310698;2.01727683753622;1.98533698995642;0.101235766541766;2.08693987518977;0.313171676680357;0.698551958409318;-0.0280775900026378;0.705682781590336;1.71460500798446;-0.780278401759164;0.999998933453375;0.442828068868937;-0.894067935949298;-1.83866942816939;2.84489956126696;-1.24959751327038;0.331928524218634;-0.419245676640202;0.38498247698148;-1.33104476109164;-0.052517970997263;-1.0228415196951;-2.38477321237821;1.20547772426223;2.60106144355003;-1.19953722099125;-2.03725289361097;-1.9321725743855;2.80095262647664;0.20053243558789;0.189083189441017;1.67799008885373;-1.39435078991826;1.07050723620182;-0.978175128306419;1.7514306928714;1.44481336749083;1.18245060745392;0.357410486916915;-0.529558633242211
-1.66792186799619;0.88931796638895;-0.308548388706515;-1.03389864122436;0.454049574084993;2.46193741547532;0.0715146633525515;0.336505786361608;0.67779203679967;1.63476110917942;-1.14268507287679;0.367874953175539;-1.62568869603099;1.3485888779915;0.374977128132225;-1.4432151458585;-0.567540308426806;-0.86526481327568;-0.95306145239509;-1.0875754858;1.41116804200225;-1.4409049788394;1.40511992577496;1.24037835913811;1.62814894681249;-1.07268985773333;-1.66107242995714;-1.1907474175111;-0.979836681484065;1.69828846774717;1.77087393941233;0.117249088141644;0.336311335934;-0.628585492920161;1.85522184623618;1.02360175554756;-2.03650631695654;1.07495103262973;-1.24575830416502;-0.241694222435538;-0.285192452616775;1.79051992642423;1.10228793623368;-0.437635570144396;-0.938339399266481;-0.37812005081383
-3.95394157745567;2.3815397029389;-2.22973017103565;-2.40323776116711;1.2730673443326;2.25933460727889;2.08454308257746;3.07022274665576;-0.130756155149083;4.15043865498214;1.48462028271137;1.44524483868679;1.58522896542823;1.55132910373782;0.853805367592084;-2.48303555798784;1.39024213060682;1.7255050975135;-1.13879623240213;-3.95883486661942;2.10089348958425;-3.85066047926177;1.37294719560538;0.230297774757124;1.5750495271823;-2.93471945070684;1.39375760050499;-1.78310346906614;-2.0963817767013;3.04851811890582;3.45820935795657;-1.18690944973753;-1.97469961224923;-1.27424479460614;6.66098557637829;0.594036693573283;1.65842286449327;2.98711209990655;-2.34547401037698;1.27093313802744;-2.46416765102125;2.2190139088837;2.86751791503071;1.84894572484545;1.44230992172729;3.85021272247823
-3.36276597762668;2.47914543058473;-2.78132249683929;-1.71012704242578;1.77212707108113;-0.0602125411532862;3.68883750658095;3.9455194799451;1.34883558601182;3.83857837257114;0.35001280681856;2.25772617525416;0.693100041674475;1.80068726276099;3.60147407293021;-2.10210430864861;1.19092928056529;0.94937167731657;-1.13799517762819;0.181762200364052;2.91919413352988;-2.48391768561077;3.51962242158539;3.32712451095119;2.83298862493945;-2.71119015226963;0.852298543414242;-2.38920695433678;0.0742207939391266;3.35553451482972;3.14050914780184;-1.11801480132921;-0.647264117679264;-2.10501204644904;5.63807846669905;1.25377681293856;0.565801334456663;3.22456865162504;-2.77043540367081;0.608921012661853;0.643541645837231;3.85178418048696;2.71375836644322;2.0050258152105;1.40422275619784;1.27772500947477
-2.45090274225111;2.35208876664024;-2.44364305848677;-1.12950480010528;1.09067690582425;1.58164790152697;2.64453064319367;1.96582805275196;1.30562908830369;1.05057895979124;2.42647053416283;0.687705988973866;1.53307102646832;0.455661353830056;0.433926208086044;-0.753045710369905;2.29476315578736;2.56022851755497;-1.36656009215076;0.700286239803202;0.769357993116563;-1.97484176214264;2.3720728987659;1.65103234148285;2.95718699943633;-0.561698022097991;1.89097169910565;-0.857993477910574;-3.06992442929543;0.745106084892268;1.77123632217398;-0.772534656358212;-2.46505378281901;-1.57930534821179;1.97268696329337;0.505772145680721;2.00648141316826;1.48378128294129;-0.760869296771734;0.741092989421169;0.801008460533698;3.03633670393878;2.9389064524587;1.89088775695568;1.69105871075127;-0.53033531613374
-3.203850568331;2.71089597742507;-2.39614407401654;0.0533864665409759;0.846561958352322;2.16530102536104;2.31882297718199;1.34232345462719;1.1432720991388;0.321882997858674;1.84844316894078;-2.04638822949621;1.78129777759816;-0.645001932774543;1.59614211507552;-0.187005849976814;1.66821958071775;3.26750563385858;-0.24415502747599;0.112523616054414;-2.22671520082024;-3.08058167410415;1.70018552057575;0.579282651343602;2.67749681129919;-0.313189089777069;2.6044819504708;0.292818241781581;-0.968681974132921;-0.59011333387099;0.0149494920019591;1.61451583549383;0.569699786944289;-0.896822279287915;1.67213102010018;-1.68202139689629;1.81048614193374;-0.0845561206162109;-0.345691727731436;-0.52006094196266;0.21573072978111;2.67590158471259;3.59856314574361;-2.42787138791772;1.47798336006661;0.396783667283496
0.762063793845668;0.486014775520896;1.35530409706228;-0.80367048781548;-0.0223558770829222;-0.0885260196280283;-1.16719486111986;1.16667048612715;2.4711947344057;3.35330411190734;-1.73285699758553;0.892238119441883;-1.87825001305803;0.365681203784725;-1.21239796152348;0.0343528542590205;-1.50063317548006;0.287684546265626;-0.464494692379651;0.34566482652514;0.30399969201702;0.354238041707045;-0.759111314346846;-1.83130835665355;0.655337044257301;-2.35675596118035;-0.707953552098571;-1.8482701013908;-2.56611728148972;1.45730039982687;2.09233925137216;0.659416531072611;1.66182897011086;-0.185656338867807;5.92242592520166;0.90293062465621;-1.82443662541453;3.0861961688838;-2.43522458887859;0.251287892736183;1.04437268839395;1.39127481203371;0.347770205959944;-0.0375989097703542;-2.04447841475402;2.66105335023722
-3.3646748556886;5.04321962436183;-4.74459936738127;-1.91986713030884;2.96463607944602;0.414738237254861;4.92406595983314;2.76965153909533;-0.342588449280061;0.852189636677768;3.98359381340519;0.124776716686769;4.42780478583347;0.712423366178418;2.64770647576781;-0.783835473990201;3.76851787273062;2.91687221262145;-1.6288142643837;-2.39872159928686;1.17500622848217;-3.13905139796289;1.10327190726879;0.269967437066783;1.7848511061341;-0.765043753111058;3.14861600669635;-0.0644307387692364;-2.6085942193118;0.825779414688712;1.12240375360437;-0.346862802851646;-0.256981360406752;-3.20233518416476;3.25396399560952;-0.517633739194929;4.77570447187862;1.13437541272309;-1.10154584401333;0.218053510803825;-1.94809826542834;4.42483863427168;5.93819097239334;-1.20605132359488;3.77617235680401;-2.19119469300109
-0.20790168549597;1.62790641804701;-2.31073637809322;-2.88949876591941;1.57554497847885;0.428956726841345;2.34476379494925;1.09001901993265;-1.62330714126368;3.19622236787058;0.213100455789423;1.59483435108433;1.29014606182909;2.29202797471498;2.73776257863607;-3.48418756172507;1.34016283705978;1.56297522340761;-0.458107466436259;-3.34176466952623;3.43323584453402;-0.698584525497826;0.735163632949979;0.225477070455991;-0.137335799688854;-1.95418922400785;1.13822662453717;-1.58550985562576;-0.600713099927269;2.4398991313912;2.62861048587229;-2.63565952942046;-3.37729492781109;-2.16159376330045;5.43229030980527;1.86876304003403;0.615711158706531;2.23986963938719;-2.51008783952925;2.93337768260716;-2.51886766442157;2.39317674122705;1.31986426442553;2.13522962709138;1.05122708657519;2.04899376875555
-0.812022970071257;1.82943613092543;-0.21482199981218;-0.645146912338492;0.56470885660881;0.196996400977908;1.27167671344254;1.47515470311265;0.333323416143537;0.767376323690778;0.520611999593477;-1.0667654554194;-0.400874877848009;-0.508318804130933;0.905151301239402;-0.0936623534638426;0.809334543873825;-0.145387377652445;0.177536043880963;-1.62213400552572;-1.44425697178342;-0.809949139742726;-0.674122054206911;-1.71434244472636;0.306773648853631;-0.273531460412679;-0.792587629030446;0.661253664402291;-3.98029373095934;0.00131218023489607;0.645289921606422;0.641202982404447;-1.25713302915484;-0.671184186346585;2.76055147797139;-1.60069871572291;1.01872997884823;0.464675588752656;0.175022460597526;-0.498733301574857;-0.561927402239076;2.24479749132252;1.71517537142989;0.320011753991854;0.474973806998115;-0.240766145792807
-0.555507547236863;3.02923332214622;-3.08445194317965;-0.711380428626187;1.05384519361923;1.80378876347809;4.05502687594438;2.40955059947905;0.938316025864974;-0.133810914772301;3.07573095129472;0.145344375387801;3.48693447516938;1.28578401351416;2.10642788181158;-0.955535771010604;3.39735519135943;3.79260475275352;-1.56469500626754;-1.4724502748508;0.846200484053331;-0.862488525245427;1.94189770265061;1.69001882096168;2.79630946639124;-0.756547505693741;3.42193394409325;0.242942063440104;-0.877326620396347;-0.272150320141111;-0.0591862757400559;-0.820551883855515;-1.89840912404235;-1.74541171647608;0.571683195035707;0.432015534494084;3.70513247309786;0.199566242393163;-0.425273156060082;1.01503889653454;-0.832558812752681;2.25237897090854;2.47577584023531;1.27143316115324;3.12664993568522;1.87917087615313
-1.4520098469489;1.17722698646444;-1.0381158250787;-1.54014397740744;0.675456439417039;2.64497463872251;1.93082687866283;1.06710758207479;0.454551958784437;2.91438102033826;0.911313629424125;0.314727642300381;0.634440831013749;0.875206901294998;1.46189915169596;-0.855157845998573;1.54427962695672;1.39241478231347;-1.81048509945968;-1.88053875683582;0.389620639901593;-1.71758269093208;-0.513333451459521;-1.4129492190108;-0.143371168256079;-1.29121197935684;-0.0126502102854729;-1.32287072814194;-0.910741945667085;2.05984542331307;2.14828541298227;-0.781330397190088;-0.711079580953127;-1.14680424931332;4.9954498644245;-0.196163256704351;0.896736307355771;3.37835837569552;-1.67746597733875;1.14262098328117;-1.03789675276073;2.60898622119258;1.2133651420538;0.852396875753641;0.816825832700618;0.00181823810974321
-1.68663767372382;2.22585428885392;-2.39292445355961;-2.39070681643498;1.66735778186163;1.83757542968813;1.43253548279473;0.811925023700257;0.114894121915927;2.0512682598016;1.12364004901819;1.49889491766486;1.31551655827029;1.4569859050432;0.346735694031713;-1.38574756390185;1.66892816553736;1.50635687647488;-1.40304777240191;-1.187845187326;2.07577774157934;-1.91760941759548;2.31111002324944;2.15829965343852;1.51727182010678;-1.90345254459556;0.339067273463911;-0.469600135444699;-1.28676839602626;1.08491045755034;1.9783419026454;-1.752502526618;-1.82162702157529;-1.94175310120833;3.06791010765357;1.6640766919376;1.84207733217129;1.97430399357994;-1.75196066421964;1.94456549323228;-0.59552785946548;1.3906915489306;2.20971890941131;2.20732585740958;1.21541000522362;1.40420335467715
1.44981948096598;-0.365941579941368;-0.394924043813413;-3.3709661784083;0.469144680267177;0.756882271705431;0.218345146640293;1.2123748306429;-2.2401476844379;0.531494052087223;0.168508757963871;2.57803058756039;-1.11631998588319;2.34227334944651;0.535064252099257;-2.81799816705313;0.954464899926699;0.23646798519431;-2.49173781430186;-4.60066045672589;2.39947105544919;1.00965493429152;1.10337349508609;1.98668701630594;0.214576809751486;-1.01251492057301;-0.592460980300157;-0.176862642874126;-0.50217221395309;0.255544524030196;1.84898397361733;-3.52831444450109;-3.21200741142729;-1.15349536621928;1.66056537108204;2.34806833119861;-0.186399008777518;1.00412959798863;-0.772933147071472;2.19298869239163;-3.85093748778371;1.69272001857676;-1.2170592018649;4.39675066265261;0.0311863796182381;0.173637477728067
-3.42927259038667;3.71022582792769;-4.17374388553575;-0.725965159649392;1.92437546561347;0.0787287097896953;4.18469365278558;1.96464075878605;1.04020409863004;2.27044150476871;2.20055453195766;0.648192013894467;2.85793411474258;0.643213520247545;1.70921551836808;-2.44960994353061;3.63217391099525;3.39596951581373;-1.28390640813173;-1.34959778297112;1.66212151132918;-3.72073969954674;2.77193444232388;1.63117479336206;2.61819610286519;-1.3421287727321;2.87892701914719;-1.92012969114834;-1.78192549332593;2.48486932846386;2.38181954630202;-0.570176618912068;-1.30591770461505;-2.50567217937837;5.61163865666341;0.974584616273371;3.47169388194564;1.08973020289215;-2.1095217221283;0.895797071043761;-0.600350837587083;2.60717677533902;5.08542627974308;1.23071042193054;2.89891301768551;1.77548400075344
-0.996833726664246;1.30379004923909;-0.272535060906973;-0.850528803973135;0.744339414861748;1.69525306227061;1.11076710058646;0.814547731041745;0.92753781520987;1.97648993381559;0.791319868887848;0.210479401447476;0.503210561593333;0.519428338978349;-0.745399890349159;0.635183658208391;0.83204303561462;1.18133111050773;-1.00850925465397;-1.53463924848711;0.822147293373623;-1.2790801624343;2.25572062218731;1.81298199529199;3.23460365292128;-2.0295438447353;0.822540091984999;-0.583595710624117;-0.692697051248895;0.86264304608487;1.50528249001404;0.543503005255764;0.0292164119321733;-0.286412366719803;5.03435854874384;0.427506802136518;1.3001261275215;1.97265949458824;-1.67784294142403;0.966859934839681;-0.998905313655115;1.74603743910627;1.01405660941355;-1.30274199689962;0.505444658955695;4.31020289794712
0.538015267776975;-1.06275837955572;1.40724498168681;-0.620530932645639;-0.554059100745625;-0.0387331767162514;-0.430386501943421;2.04081526795011;0.972693047146384;1.83607239298004;-0.737678841443935;0.665595923428117;-1.91563437674954;1.29763891255817;0.634715208852156;-0.885973820368966;-0.103883308061066;-0.531205621298536;0.033304757715346;-0.74840355361959;1.63032311692355;0.346109881686486;1.72531360917855;1.55052842947732;1.84660341544879;-1.87950190133896;-1.42887074470627;-1.92834467685322;-1.19686908411312;1.65212507454215;1.68762985203186;-0.588224911957566;-1.60480244202069;-0.154488699668707;2.15765583656494;1.03166711957708;-1.11922666761317;0.899958076974994;-1.58962637663747;0.77775852725611;-0.161921543072944;1.09039740391401;-1.44695538650396;0.268224361654987;-1.36250954223243;0.652285258467372
-1.12645969382988;3.13134459362568;-3.43232044520532;-1.18569690817309;1.2922323089192;0.280634146748205;3.10319194747174;2.72544310090314;1.06849515336559;0.877914857772524;1.78235668169153;1.58839844896714;2.13600561547376;1.44875399217742;1.58336169289586;-1.00964300593844;3.68956147751826;2.95967084939015;-1.56523497468814;0.0368262447896532;1.12074964024692;-1.68108695571208;1.49562691487423;1.18080562359394;1.56541889707166;-1.04946429979828;3.0259210900435;-0.31925885328666;-1.87331354829175;0.129078074563713;0.123192140276923;-1.42897681439705;-2.39062519097211;-1.88359697431951;1.9369412877965;0.527477324851165;2.20839485889734;1.75115777333373;-0.688391375291714;0.998242297579132;0.293852794983876;3.12614369966077;2.7366387619398;0.154799814994503;2.40425897752192;1.11999636678853
-1.74169669630752;2.9153894872548;-2.40147789085412;-1.75078350299983;1.63627035896092;3.5000460353858;1.9103250788941;4.51397467896763;1.1330632158934;2.32805365492951;-1.19439260296477;3.32657760694211;0.644072791470419;1.79358530822123;3.75579192829112;-2.24508170886198;1.16292724389404;0.190604975761661;-2.56728398951288;-0.986483247266557;2.36607037769013;-1.58073051271596;3.79540613269198;3.23495395304443;4.08539796667387;-1.88966705147276;-0.271966648137991;-0.261744426339631;0.150380673101015;0.986746765225981;1.15761926014128;-1.60037753621273;-1.20529764020609;-2.74292316299376;3.61281841987171;1.33881007846872;-0.99028664908811;1.46858789828781;-1.45452113471541;1.94918367400656;-0.566101147744545;2.0081924347258;3.10041407713314;0.713969838933073;1.25746159989076;3.58594784314092
0.039951596696058;0.136835950045031;0.032948949895605;-1.55064241123285;0.0805019109818537;3.12332592760064;0.658944016063164;2.95125393381439;-1.06937943437582;1.53964904047037;-1.65591274860043;0.87550358223735;-0.628971174703901;1.52738474172825;1.28129937824426;-0.428491722516858;-0.11363967295301;-0.328751083216275;-2.78250472169753;-1.68272983749592;2.45419026600327;0.460874520598831;1.06917360974913;1.35089607595013;1.16914391152833;-1.20689355365801;-0.245427639411819;-0.899132520450491;-1.66738555928468;1.24345189048037;1.10731726461542;-0.958744738970457;-2.49519936543702;-1.5822299197341;3.44894292656921;1.16324062013319;-2.02851482096168;2.50600658034572;-1.11907848717922;1.43237211386924;-1.54174149179607;2.64272398794135;0.0418546209810626;-0.554250287784357;-1.30598239041384;2.5530388564148
-1.67337992153189;0.965344370910125;-1.79186891368073;-1.49726549667163;0.81050963387547;4.65027608792126;2.25270017350664;2.07793129967581;2.07779821113693;2.47513535648685;2.17277266899669;1.47029206036425;0.364574337767578;0.762049378584658;0.589556163302977;-0.306367327803679;1.95249174261772;0.915298837787978;-0.738324534251108;0.820755323685262;0.0597039911376865;-1.75087507205164;-0.821010280169204;-1.70768243594423;-0.0481266307516762;-2.14101253201084;-0.0165119203966033;-1.45087531663713;-1.90669098670796;2.01023080026248;2.31317186178725;0.122768489908283;-0.112552727149174;-1.01577677006397;5.35196615831958;0.367120689860469;2.02427880137986;2.38576100632449;-1.95494649688338;0.122772482229782;1.07067228785999;2.11715993523323;1.34910054723473;-0.497067802839123;1.11355713215984;3.11883469844801
-2.05568981037119;2.18869125575172;-2.88916154152369;-1.71956279734834;1.22709049474231;1.88505612221109;3.36915082615404;1.69285450507422;0.729103663376116;2.91470276044386;1.86920276507166;1.18552735496172;0.812975038027945;-0.191764597620525;1.6402853670843;-2.0770054056795;1.42574801849413;1.54391229582187;-0.816893104254789;-1.13722043991744;-0.574101209997793;-2.03527483559896;2.24754609854615;1.33860941161853;2.50680118500656;-2.41499843002381;1.21517724873702;-1.36488365220402;-1.72316705326227;2.11345776051725;2.99470686544644;-1.15488676236757;-2.24555630082336;-1.6965322769271;4.748363498808;-0.448238448025153;2.50763856585838;2.32015429493218;-2.3147964827496;0.0957591581094932;-0.997833653675679;1.81800560118216;2.26076767856841;0.540994998337755;1.80564707580862;-0.590659445366029
-3.60396657701148;3.56205215201724;-1.88718083629814;0.113843451257102;1.65287681739778;2.67933875820536;2.3762859757375;2.00614867627282;2.39934174984309;1.20389881906024;1.19926563734639;0.0689379187682627;0.222167813900964;0.318454192210729;2.20390189195247;-0.363528007736317;1.45212575541146;2.20451453710298;-0.718653704585409;-1.00197787772178;-0.234914730252838;-3.71774206594706;1.60071178173573;0.681587870999387;1.99137672151158;-1.15270138319442;0.694857629291671;-1.19085159654066;-3.61417304524267;0.581513070093979;0.247307523084726;0.291769586890416;-0.73385209782324;-1.67489345379987;3.01491368652045;-0.573459401970178;1.35051913678738;1.76458452230325;-0.732902829302289;0.260884115364058;0.240842344685623;2.70037974303728;4.18498096101179;0.0551380201025286;1.26198754672659;1.40733527774579
-0.58076009812038;1.17218291082726;-1.31898381977324;-1.50045138411551;0.994520676073805;1.26610802542858;1.0715547004645;3.2112359992102;3.1933385451902;3.61947808262547;-0.0729693839865416;1.00754580881494;0.17436390301581;2.02706771540756;1.84198191943036;-1.26074286573353;1.10046682439113;-0.812777695358695;-2.98777323517292;0.926030390498204;3.27090769936406;-0.931034726882205;1.41102134373164;0.984810277907932;1.95719328037562;-2.25387811455766;-0.734473747476837;-2.69914558157328;-1.48024916650784;3.07706105418816;3.7059352879939;-1.54199256788839;-2.37500012157492;-0.977881199264719;7.28619823929565;1.49253460863534;-0.0463847172096375;3.2380933703596;-2.6757411088547;1.07403532072757;1.03473270641965;2.20310906071095;1.23538707424048;1.97459122654112;0.437033022003786;2.75021159948409
-3.24049581538735;5.08791729346197;-4.54043939036807;-0.51088373431016;2.49593769109139;0.434653617404696;4.66088709871351;4.49098971163042;-0.28008030974944;1.7108840196128;3.43249685757209;0.157567106547651;3.76806276799944;0.833879772133902;4.27338359930356;1.16192156415195;4.56357918745052;4.30685034829092;0.41433793932142;-2.61775922551833;0.0425965345364099;-3.41412521841971;3.67658569723661;2.56660491661324;4.16172341790624;-0.722767271267742;4.35084576869768;-0.272744909028698;-0.326986302624188;0.922634149335008;0.883839559028567;0.1930771167911;-1.44253642881412;-2.86723265914342;3.38188877800727;-0.460109029787743;4.03849707302854;1.56272929649581;-0.739597316625439;0.497303783980911;-1.66749426594804;4.84621684621943;5.58045751076307;-0.554051737675181;3.92360468485509;1.97915265089468
-0.753018764251508;2.57345596224626;-3.95485715300151;-1.72708111030758;1.34146165438873;2.16946389525301;4.14519714993674;1.52655411147742;0.0296358257798844;1.90652421784108;4.12809905125711;1.96346111728678;3.46602665252126;0.654443398054325;1.34466909569214;-2.92014977254925;3.35935198670749;3.57348979090775;-0.786712497331808;-1.41645117845547;0.765542219706105;-0.922885072063185;0.228902368717162;-0.753430212864871;0.890276028218573;-1.09614874646902;2.72941383959173;-0.592866909718948;-2.84675555040892;1.17558997826529;1.94670589612223;-1.87947999294185;-1.32688548410131;-1.06740610162393;3.82289143603095;0.225151738881023;4.46105011098494;2.24168657483488;-1.0287935113581;0.940803808193149;-1.02587879958335;1.0269946633785;2.40468634059275;2.98499451613592;3.40332046085736;1.57906004747631
-1.15915979423329;2.59095447111915;-1.08492511438282;-1.57774599704287;1.09960447413546;4.92704124186182;0.736951765851156;2.49221807337773;0.0836659898774783;1.65863434208827;0.914885968795264;0.194014542708832;0.589245827334531;1.10676945457346;0.855493609145756;-0.234468216698507;0.769740016851319;1.31180368529089;-0.122655509574203;-2.76042831959835;1.57073952176278;-1.58024776899738;-0.857274472108399;-1.78562542881839;-0.224668948571305;-1.35572129515986;0.528037727190233;-0.902680704965714;-3.68070743503319;1.3320864702457;1.63512672224797;-0.482422402884252;-0.0183590580102362;-1.12020177271559;3.97189679242583;1.20882869755035;0.811017206290265;2.18694323799546;-1.25301848570979;-0.520409952507544;-1.74189890311735;2.09748214358867;2.26878390631954;1.28884901858405;0.280926042185901;0.91144418702339
-2.1716913846758;4.77466703333868;-4.71966373347121;-1.752906565997;2.22511668813954;2.94894587770197;3.45823674180977;1.8268780632228;-0.531728078369328;1.54343311290311;3.95532574291054;2.47670286551834;3.73320049844374;1.04436924599729;0.985437210722162;-1.71508500595387;3.7157453685166;4.27267368175523;-1.44522457889874;-3.25854610223588;2.09802713887248;-2.36535713854993;1.37884960336255;0.5377545559847;2.00465551001158;-0.381307743052581;3.64224678669558;-1.28134663222668;-2.4804847878338;1.15072526773969;0.951107007657689;-0.849020094885445;-0.746569914713141;-1.82305398659383;2.31647413393136;0.846418106620018;5.14415064410668;2.00437794920579;-0.892248924866207;0.985643615356617;-1.95640997235771;1.9271666945469;5.52658424078679;1.0261856897506;3.5428137437901;4.65511413145993
-2.02992014265899;1.47304575849113;-2.3243852293088;-2.38097745465493;1.3804670649523;1.23018358328604;3.75594363270146;2.93281460816323;0.79504329752906;1.32053645976043;0.971873980043722;1.91604024867005;2.1778060290035;1.29103880332687;2.95014933389341;-2.04821005938784;1.80182510314245;3.10034023320113;-1.31983802934158;-0.130700975042471;1.74164188092255;-1.62741242513507;-2.00735559953362;-2.18099417615898;-1.20500433661712;0.0623427700991098;2.79966495695318;0.581303417703448;-0.796508422357702;-0.692697508736853;-0.617557839563531;-2.34358375816994;-3.84593473690225;-1.90050007719175;3.32195998686466;0.354546801496694;1.64995989845677;0.590792093046747;-0.140664388841698;1.63756577126622;0.0291480568001767;3.7993039999939;1.4124441614034;3.15441160104776;1.68205216389354;0.54002635544798
-1.47450789904948;1.56714180641283;-1.92505114280284;-2.54932422147012;1.17193203955945;3.76864935337884;2.1056779794852;3.09718259292185;-1.79052119416523;1.15448971828554;1.2000553874184;0.682511876822139;1.25585690055376;1.66865553444258;1.19144851841717;-1.55439163582516;2.21758382164257;2.59854268693234;-1.00454387686664;-3.57241223426627;1.37055107803448;-1.05724834813118;1.99221746310715;2.02133895811255;1.10872027166643;-0.145467893393549;1.83547671716638;0.862709633197181;-1.8028964799322;0.0181383710833923;0.380916235248663;-1.95514724231499;-2.07694183511015;-1.44040664696421;2.89948858675737;1.52308261372862;1.49171885139937;0.886220990319309;-0.200399849035885;2.03361211200713;-2.80608319075865;3.79634030129081;1.6292707159871;2.06447394064401;1.76774003311816;-0.856965161280348
-1.43733737383394;3.46306914614547;-3.25198784238771;-2.31368080456913;2.17573800828548;1.37625186110113;3.09572701044632;3.7530183051884;3.2938601563433;4.33852530649984;1.5219589221005;1.49871122454274;1.92563006598827;1.22169878946144;3.30267739853373;-1.04848509092224;1.64777630615175;1.31802044896121;-2.89872144938565;2.36169725747935;1.34268433288835;-1.72008849024489;3.65345517331915;2.44765044054841;3.35184386191465;-2.47130754967058;1.10645781258685;-1.21173553873846;0.0357164837837015;1.93807685975568;2.78656826430275;-1.30185435795558;-0.793569788337032;-2.76063708184653;5.69235643073782;0.524302256621605;1.92958573411792;3.21397442592735;-2.56433771046328;0.566530342895466;2.46998886208301;4.34929477385277;3.62055940499195;2.94793013248115;1.72538859269957;1.13101306148936
-0.304980633998113;0.252523380161834;-0.145953719160812;-4.26635134728078;1.36222714099414;1.52569004951775;0.781291034500737;1.34211361492989;1.72833643851714;1.82106852642609;-0.990299589704439;5.13182304918311;-0.869277733711897;4.80348857029772;1.43929520059057;-3.72317271481729;0.564454627123469;0.478349131780647;-2.89354263882667;-0.479417232668106;5.92717888182332;-0.486871907188506;1.16579462098691;2.33560119144058;0.205494877962711;-2.16494059776934;-0.372203311987422;-0.0499223010836856;0.11671212458779;1.41777880330978;1.9039134630621;-5.37350882936881;-3.8494920353043;-1.94765299569629;3.06624911720748;4.79871039075143;-0.491498530691456;2.0456622748547;-1.50690750941181;3.64736860366681;-0.0657700021211161;2.1317039574072;-0.519111914450483;3.83005315043343;-0.499719057588522;3.41302549049684
0.793548019614967;0.684769066852141;-0.765181353060716;-1.72370269859799;0.439432499691488;0.950586277588026;0.663241437446082;2.81116227818082;1.26234305027666;2.63575076054962;-1.14844120779246;1.99850826682326;-1.27023085284634;1.22398303607404;1.62115455580759;-1.04869877621166;-0.857373442112292;0.737775161433255;-2.83727481516708;1.28635539932178;0.863543802241156;0.503568693471341;0.937905091689176;0.416085267794015;0.761244538834298;-1.7421790834852;-1.15280454827741;-2.04674543758371;-1.9787612723753;2.47562080969229;2.31351485834924;-1.06920688917013;-1.89482828053765;-1.23032708575949;3.84578683442544;0.985813849274662;-1.05506992760836;2.48246832206331;-2.22384925042907;1.67290823166657;0.908378739551073;3.03145739292768;0.457948550014668;1.92266830120994;-0.636643836236853;2.93531598222678
-2.2842165653843;2.05231885605631;-1.02520922208412;-0.0171106107729583;0.713142524146177;2.19564642327898;1.40766522333334;1.1604070346032;-1.84764063641998;0.924382130567752;1.52613680080063;-0.116373124605518;0.822970908693802;-0.225382403822748;-0.999471750385345;1.13113579403211;1.00085783113621;1.43568115541891;-0.477112973889864;-3.33509913791779;-1.38005708832601;-2.0218448662154;2.20479041433378;1.44325153443341;2.56273413821382;-0.842087184628536;0.386042649177811;0.942968727477658;-0.400827134120549;0.885680516411747;-0.0627142723970756;0.680806152251874;0.547007881341034;-0.117505297020355;1.84653311279537;-0.176123356330508;1.76440552758029;1.16417614746262;-0.55129890337117;0.917764299430065;-2.69253480215572;-0.261653943600892;1.71089461220523;-0.66895860979455;1.03847006383314;0.877002573230969
0.795032401382316;0.324654369539971;-1.56128082005247;-1.94165117668528;0.235503572428653;1.0953324681021;1.89647072498904;3.56650306250501;1.00875971397453;1.76481428361485;0.438684084119345;0.897167268461016;1.20384062050032;1.95605695449283;1.63790309516908;-3.22279717734918;0.80263358035732;1.68188932035945;-2.28594076080236;-1.97254998339042;2.45366116301595;0.70103231706827;-0.176008882957804;-0.227980366165204;0.285823390344615;-1.34204236085644;1.29670745098966;-0.730148801092118;-1.17246843174051;1.14036882017085;2.06339814487063;-2.70719173766457;-2.78768614085939;-1.14916495659839;4.15423959836584;1.23349639903279;-0.0190716424698598;1.34935749305872;-1.57557423163726;2.73197866021618;-1.03172159907854;2.09194149293643;-0.104424933795064;2.62381227070246;0.406651308827268;3.15571899539963
1.62921609893866;0.200731043089457;-0.43610833585706;-2.64910860034151;0.550485960149621;1.60797767034697;1.47272443663718;0.849989262279714;0.843509453516397;2.37429045062685;0.309155158277662;2.72649993734187;0.224820586816486;2.52968483990021;0.616753212221892;-2.05493107254553;1.18179068020747;0.617624327517673;-2.52575867091127;-0.340910061226919;2.53534011220102;1.41784442538789;-0.1943662620239;0.448640106085896;-0.912548229296863;-1.15045021016693;0.688604731116188;-0.374440882058315;-2.95601978834652;0.61563365307219;2.08236429980759;-2.73212346697001;-1.88771304128438;-1.0810945086542;1.81780052550556;2.83053890718528;0.966908693652608;1.76230630483783;-1.03140496230384;2.24888217988009;0.024853227898077;2.37560040469894;-0.525959850969964;1.01804408210949;0.383887733714885;1.09226507787894
0.443110198638682;-0.833306671916957;0.963040435732692;-2.38955329211139;-0.164770487774325;2.61290033706008;-1.16557981117588;0.727931265224351;2.58243102739306;2.59179488237865;-2.12834829049523;1.77518918728622;-2.6981636857492;0.487155839095925;-0.425091687397615;-1.4608952281025;-0.693963109199038;-1.43174464070972;-1.15872667933803;0.765667045251611;0.820330125201339;0.422467327501774;1.16837847603696;1.03930439817944;1.44674673034906;-1.84545952385977;-2.20304865435258;-1.48273197037969;-0.349323287959974;1.74452868063169;2.64952581770239;-1.07654253041523;-1.88115174122399;0.3961589215579;5.0143899087198;0.644329382595082;-3.41361063958719;1.65014974133601;-2.26939714797834;1.11560843838914;1.39216864409925;2.4039545985955;-1.30069760986781;2.10554896818376;-2.37861057755245;1.12501680718396
-1.65203677694237;1.92387557900084;-0.960759231123799;-1.10181772107862;0.47273353436823;2.56148185024653;1.56964561569287;1.99100193930542;2.05244158963905;1.01405086465531;0.280288476989348;1.20061353029758;0.23622297674752;1.62422249081896;0.638284968587149;-0.584389398038065;0.717919992588503;0.696245276977646;-1.37383150123628;0.0994181298251941;1.98207888205226;-1.37833534838488;2.21226733604514;1.99354088434428;2.01724674683772;-1.68475004429436;-0.117097574089723;-1.56678604762286;-1.38873895047781;1.32689521017395;2.34148642270839;-1.33961762387021;-1.91792073330358;-1.13703170554496;1.90878779622838;1.90888129152615;0.464301356418304;0.813896061979296;-1.46053113354082;1.20267308388502;0.223205228294429;2.23271868286587;1.27897664205248;0.979382393017238;0.143673217503288;1.11932240842208
-0.75936751126485;0.989086656550841;-0.489836533800202;-1.80129079863406;0.665704500052898;1.82767092637841;-0.500227756343978;0.468760782518127;1.34132114629407;1.07139335874403;-0.0311599975872201;1.66329375176878;0.394834333609044;2.20035874220334;0.734754758467921;-3.07932659854348;0.760706821878802;-0.226314680889825;-1.86250788735594;-0.95374010387001;3.74392263399331;-0.218375676176825;2.47119045581802;3.00087012954021;2.60037505231785;-1.55537403473499;-0.747017876968969;-0.428782895780172;-1.10960077860585;1.32835491333609;1.46743189086771;-1.59672805501504;-2.11534661958196;-0.81264612002519;2.44874594242963;2.6895944463031;-0.415957638840156;1.84892101505434;-1.19164813993186;1.71732832040082;-0.0330366202757471;2.03376577000598;0.706561655842543;-0.159577300325388;-0.34796068036295;4.47123089305767
-0.168683210298611;1.4179330761492;-2.04676004320924;-2.30499062266504;1.25286584489064;1.88327565171792;0.570285805669888;1.97558368964694;1.21307749760919;2.72503392951161;0.505418229702445;0.0988063635673544;0.665690857935496;1.47846085464932;0.716181380256611;-0.443024181965934;1.75865273493008;2.28121243457406;-1.45885486125648;0.550371315180301;1.96616167357757;-0.289521912010414;3.94042289801611;3.80744514309057;3.83699275748175;-1.86406965066975;1.4887360082655;-2.40695796313635;-2.6339626606394;2.17190049344748;2.91347958541978;-1.46938873453264;-0.864599962434927;-1.38261482459556;3.94195705821768;1.31803480909564;0.909627776087135;3.04503793943269;-1.78103194978882;1.20866946905642;0.765618533523107;2.33260953197198;1.3552371756439;0.945486728306322;0.869376919527458;3.75856378298411
-4.59363596348081;4.0604062212877;-4.20049420525242;-1.83074594255576;2.5458870713225;0.658071755399162;4.7102311965922;3.41275804802336;-2.61984437574102;-0.0684250137079698;3.6394155168186;0.26932672731603;4.02567578189237;2.2566050604618;3.32611559040441;-2.74366691298403;3.71106602511271;3.48504714693208;-3.46336484162855;-3.89850988188074;2.3929340238155;-4.5755368550372;-3.45788988548041;-3.56519434983173;-3.3299287790225;-0.423450103598493;3.82221134704517;0.806300971409798;-3.97450557651777;-0.474594033661294;-0.419184799635981;-2.15462996722912;-2.0697056130957;-2.66383259505265;1.54461731620174;1.99373355143623;4.45358199116137;1.22545106173579;-0.59196470413799;1.32593834189346;-3.05910150622933;3.08428568764236;5.09380689182228;2.36597112265681;4.09190217852499;2.54651935101061
-0.221550569140485;-0.612687856975217;1.35085754660562;-1.74582007669085;0.170063090976307;1.70203396518184;-0.351385732005848;0.775124956070675;0.429052558089465;2.56036711184682;-1.58522255538405;2.24195801023941;-3.114953696332;1.74843780612167;-0.330541326332044;-2.83794894769405;-1.15907937858431;-1.68481510214682;-1.58250419917886;-2.00867452276775;2.2012153244672;0.300367046032433;1.44395581659931;1.32556513283367;2.47954819319092;-1.10832696967823;-2.59297183289379;-0.944339288057648;-0.160953358300966;1.58211394600499;2.21933818184014;-2.29804074104247;-1.03208882414068;-0.719223018249097;5.54989620940792;1.9434334735306;-2.43213512782593;2.1632371082592;-1.56693220556367;2.4131329766217;-1.25266173539279;0.725562799081813;-0.821382829003046;1.4964711813713;-2.04781035660578;-1.10776455924316
-0.982086007177338;1.43637024009513;0.313314381258387;-2.83709874404772;0.49461701449825;3.03686406076791;1.08146882226766;1.01440755658363;-0.591539141626485;1.15647019089109;-0.992054767025924;1.11940455585507;-1.12915956802229;1.09485772607217;0.691106603324239;-1.56248560414485;-0.31507414618983;-1.12562165474541;-0.767482041883831;-1.21508928776455;2.77486586342716;-0.918599182445593;2.47559877011249;2.4921338027593;2.95150135670099;-1.45891295338675;-0.998946697473832;-0.421876599866346;-0.448405283253844;1.74880155619446;1.8466458143896;-1.87102839771185;-0.992802912000726;-0.528500859158486;4.45817077077292;0.984340880445274;-1.45073745509619;2.067865803672;-1.68912104205694;1.15648162813686;-0.988045087022301;1.36875354777465;1.06562075736207;1.93467519481996;-1.30585673296046;0.774458297347837
-2.48385075938663;2.65033006972242;-2.2202278107424;-1.28617847045655;1.28195243626729;1.96613315784852;1.07161173489341;2.2006110416468;0.271875611693086;3.16242497903242;0.535859381115702;1.28645913223366;0.786913829206966;1.19354351004431;0.946525130091512;-2.46486511338439;1.05848045468277;1.54940654046736;-1.96598150492646;-1.86938945154467;1.0972819481322;-2.2836142895872;3.37238135947964;2.22592782943789;3.16060524625505;-3.15282537078091;0.578564730509664;-2.49815696486162;-1.52977160215322;2.06495934996173;3.53441112411784;-1.78146497098355;-2.8623145779511;-1.78494125270834;5.26538314433616;0.42310949319823;1.13949851275037;2.90842755399579;-2.53362685925492;1.26581306525157;-1.01246583812582;2.28668932984969;2.5931269289542;2.34643867711931;0.587911544143344;0.859557212990038
-0.415928219060014;2.02756015489951;-1.48915792702943;-2.43430466708448;0.808098498900094;1.35288624896139;-0.0377235502141697;1.05272970843881;0.0571922485543667;1.77999272800743;-0.486234767326118;1.25076006511062;0.280290484341429;1.79139127663633;2.35072630645019;-0.865437238772132;0.46872399559015;0.527667081951715;-0.0445819998596281;-1.28623695790218;1.82836286675091;-0.889907538775423;2.58598332793873;2.3877540632503;1.76545039412843;-0.643844294083068;-0.318938544014814;-0.942060982880538;-1.72202250729697;0.329719053725264;0.404439433633774;-1.71190008068058;-2.48306629997057;-1.63348364524203;2.69124208804865;1.48945916717241;-1.18395791847772;0.774672926169277;-1.20096028645503;1.42169703003117;-0.365477910603419;3.23402488425212;1.4547324163869;1.7438746070821;0.133273764890137;0.969911117041145
3.28503385114647;-2.40697554667269;2.28766028115083;-2.54898083660942;-1.15688006949297;2.27225249546231;-1.66004235561237;-0.0936303349646542;2.70358490360983;3.83637602768784;-3.72047003568128;2.65940435876393;-2.71686953896474;0.520542425926825;-1.42112499453423;-1.48381342000671;-2.1928188888426;-2.4102224997268;-2.55588570404445;-0.13563235213664;0.282640656713498;3.07554715024634;1.29265107778813;1.24938171897967;1.97631508845063;-2.34137738285541;-3.11618742805886;-3.3837030309963;-2.88256461380861;2.93319023534419;3.07027556967132;-2.90029206352033;-2.00851237966616;0.258564538220602;5.81326467124659;0.944914145656076;-4.25041002401876;3.518939286632;-2.40906234201121;1.03107286655417;0.316759036960315;0.745868281111154;-4.23240679961416;2.09586709439592;-2.96373174091149;2.31611236095007
-2.00209282865745;2.2284473917694;-1.80366713382097;-0.749532007686751;0.742329232592797;1.99518980519512;2.36106912592551;0.716743339205023;-1.0765907204943;0.332535579942352;1.84970327319342;1.99042099368059;1.56220340357381;0.500416844094041;1.02422983425214;-0.293204781635575;1.14552817969273;1.29611424269131;-2.04143596510942;-3.23726757209015;-0.424994508600188;-1.63476122430617;0.947317709093022;0.605333927067471;1.08615523452652;-0.214041679870364;0.276849180356751;0.171581442881834;-2.85640225675308;-0.308000815761693;0.657213627838417;-0.0353784646380036;-1.23905349741953;-0.60561323553166;0.583179657483449;0.382323604716142;2.30563770573857;0.903017222755665;-0.243473680745361;-0.164795632137199;-2.25955224915268;2.32051908846427;2.28109433004076;0.00722745557098738;1.50357799045157;0.876730471953389
-1.2285083675433;2.19817200587283;-1.90513154323863;-3.53121624679075;1.68561299059078;2.22821240456223;3.36881610425488;4.21145974493775;0.288346061030707;-0.73057026444454;1.87676429917992;1.69458861876885;1.11970965564952;2.38348144576808;1.28060735408798;-1.8442310743211;1.32905296900609;0.695234086302708;-2.25316072029551;-2.08073901785357;2.61709857836978;-1.44679313882816;-2.1019009672291;-2.05164333564103;-2.54789956110561;1.10947297941254;0.370460163345597;0.0801578481614869;-3.39073970554692;-0.719448403845719;-0.905557704980812;-2.58402389200955;-1.60573583945348;-1.84706694186965;-0.983343877289424;1.88380515718229;2.16619832235917;0.505641997093029;0.821050644880785;0.984229177459712;-0.976588114306773;1.96270842897822;1.68583103178687;2.82693802335599;1.76073111463015;0.643805159660964
-1.62278290703979;2.48920636385149;-3.38835412018263;-3.66116423910166;1.71159642846693;3.45519646417859;4.76332389736943;1.62647990667904;0.129434735425383;1.5076720786427;2.95614638453862;2.02755685376684;2.40419076554053;3.16259589725223;0.921916509346584;-2.38311722380741;2.68497111859687;4.14878033187882;-2.40936473418486;-0.472914791945435;3.94344652459741;-1.29580443988012;0.776881566021937;0.987664675285492;1.23611309969663;-0.818961454106466;2.8552763148163;-0.7144399899276;-2.51979273231331;1.2727761730652;1.53063232498375;-3.72772780438681;-2.50200099247371;-1.96336706867628;2.28842437286738;2.81798356103718;3.10276177389729;1.25505661191722;-0.903151025160426;2.4759658084079;-0.356267440989545;1.33024311447222;2.64580667725195;3.52023744772649;2.91966532183886;1.92970789941403
-0.747784227335835;0.639680694048661;-0.855078523637749;-0.965082126291352;0.458975850966748;1.99577159891282;1.15100160863921;3.53889046335313;2.50718301103509;3.01719220371684;-0.701177216919921;-0.691245643724113;-0.00236137502942713;1.13116142063796;5.24245336267842;-1.4487130398488;0.326969345304054;0.232044464267183;-0.133660091567786;1.59530661880651;-0.65318635755402;-0.396305203535221;2.00560742564963;1.36572170515024;1.88893894784795;-2.77536498391639;-0.569762728824697;-0.354151401479764;-3.74363768430694;1.67831207886913;2.35330492401312;-0.0885843362777734;-0.882424698964401;-1.70857889414872;4.69195625386211;-0.43775154995392;-1.21073990968567;2.34341955865961;-2.07137948584583;-0.0440935961853747;1.85551671714002;5.4334578679494;0.989898283688027;0.783312238309962;-0.361770890236499;-0.394203297191738
0.853325348394262;-2.66316638125897;1.81728625798049;-1.4978875753221;-0.264389216931726;1.87079999911048;-1.95522302535098;1.65316912441463;-0.815087437661155;1.62127813053916;-1.24553453940502;3.86774750812758;-3.49312638176263;1.97179237034488;1.03037831161049;-1.95241238349549;-1.59382572092874;-2.04573100224144;-1.52006374378534;-1.24993974302199;4.1455847383904;0.557082165184195;-0.30585440227143;0.57643696459592;-1.01786710007054;-1.22223108881004;-3.05225458000048;-0.993753848190894;-2.62385903255271;1.8730470010763;1.90651276243842;-3.06698477352923;-2.97200538109417;-0.585188102539357;2.65124470620018;2.33615922588837;-2.51932486607102;1.90508959826378;-1.52771003978782;2.40398866584252;-0.880869478419102;2.0253636976338;-2.81387310755825;2.03922475792304;-2.25372202259276;4.29084070530306
-2.89568733122203;4.32088234663274;-4.20165910067842;-1.42659853955949;2.21466269116856;1.00312833611012;3.3583888125099;1.46379349526432;-1.60088819908283;2.50397750558405;2.68353836409345;-0.198071728664323;2.83774954224878;0.475511135112089;2.84296058133779;-2.15722892640688;3.66801206770127;2.63095302632865;0.203612985325643;-1.82532339168956;-1.69536151167681;-2.71685750659028;3.53168025575295;2.29131991684738;3.76688456961808;-1.50248145220268;2.0658369815878;-1.42507220777422;0.736175329812659;1.32494375358026;2.02199587311481;-0.721663010666527;-0.644915012867421;-2.70518629717237;5.46846090458746;-0.987422567476882;2.96339426070097;2.06754784510847;-1.14588990518867;0.253237055384045;-1.84509756918246;3.46238495265232;4.71096258119714;1.97893306312581;3.09447272688326;1.84675831857235
-1.69401741880161;1.77952539526231;-2.12770168060925;-1.40206366001386;1.62426322649553;1.95392150746048;4.17430725210842;2.74894513085921;2.09621363294037;2.70485717222664;0.69705848775329;-0.626001477939517;0.933834426807484;1.94719588556523;3.41851286601047;-0.811998487947456;2.44884660675618;0.873256158036954;0.388136522831376;1.28258852075815;2.29095223466937;-2.067899131625;3.57320532831256;3.39753238418702;3.43118986835508;-1.4091051797412;0.332906571761983;-0.918056905759395;-0.700312559996642;2.00233790473956;2.78507794801777;-0.505081249577753;-0.680880107700057;-2.45038285882906;5.22831995594815;0.686011904583998;0.903732058411514;2.16501378561646;-1.65812203725931;0.623457591011796;1.27926138334272;4.23421404625838;2.07407054825687;0.44443341658708;1.62294007482384;-1.26305356338433
-1.79114232211655;3.29620772819783;-2.5167594669362;-2.06954327504726;2.17415636634656;3.81677816875455;3.01971647462204;3.04376857383912;-0.0708087137354527;3.70960040105151;1.89809590749364;0.356796108865657;0.197391082729179;2.6863722263091;1.84544036868111;-1.70083325907838;1.58194584886111;1.49257850704189;-1.39232625376144;-1.51242584082105;5.02383871406165;-2.10857722604361;4.57607002415365;4.53829244213991;4.41395633422275;-2.11321038815238;0.637851130743774;-0.565954976148408;-0.0696203962378543;2.33961923456331;3.84246892542741;-2.03980498504332;-0.290651175301205;-2.64062522975326;4.5118496744502;2.60572102130997;2.17008998135141;2.83934498121147;-2.42422048808232;2.62867683271226;-0.661378085419068;0.264964235917054;3.36081285271206;2.65821955526561;1.14602393296588;3.95858147347761
1.14079108720715;-0.270306202080879;0.232239253005901;-1.88491228794337;0.162239645585096;1.82205181565159;-0.337992328083988;0.133092501122781;1.01201415214737;1.86373037644767;-0.670447539951286;1.64196783516676;-1.45592743471842;1.53204637507537;-2.42134774521428;-2.72120741963973;-0.0771871407095135;-0.0731409388325397;-2.51114665943745;-2.09081710003855;3.52565357308371;0.658512609779796;0.335926516451382;0.39343108213966;-1.17896197291015;-1.06542578707014;-1.51324375005477;-0.109923021673811;-1.33334080031387;0.806280648404098;1.75113706329116;-2.73686632411666;-2.24212827380836;0.0924705273633129;1.39278400151758;2.12374105666814;0.178992070270904;2.17321179390908;-1.33424795132697;2.03140242681384;-0.947403185293141;0.218555972159864;-0.610763103608337;0.763344589552438;-0.842282988878462;0.515005345518858
0.227017284324273;0.822101392066255;-1.32982832475762;-0.961328667210774;0.421693610062435;0.855011271806483;0.674995923962237;1.00175797973445;0.711131774987392;2.99270813710819;-0.275225627454289;0.894898169914818;0.17697739316424;0.976050989188499;0.834614681413473;-0.268260311697589;0.755489332494722;1.39201388172415;0.102895407143649;-1.07155663673305;0.85929162841171;0.000202476585003109;2.45108409112875;2.22743022902909;2.34280875434474;-2.68621435109001;0.424731915234778;-1.87547779181002;-1.17649255249037;2.35378438832466;2.99486155494433;-0.669165338889411;-0.520579026942146;-0.525298710044401;5.04454335661999;0.728685218712636;-0.140677482555513;2.75612059617894;-2.03550794608291;0.406459038086288;-0.271513039184894;1.61250402361574;0.464358503284575;0.777327982261839;0.0728641643124263;0.951985915730673
-2.16097990731551;2.12849318151102;-1.95482369892468;-2.03617990672815;1.08304070693667;1.09772287696026;3.29148041868687;1.26554878752964;0.904520748600881;0.5195503779539;1.18462965147341;0.56578560110385;0.506982306901346;0.971685576305918;0.767622149738817;-1.14394156433613;2.55959478540165;0.766993634930406;-0.545132257660984;-1.82286175532007;0.509665370054615;-2.18858967600819;1.93921850544006;1.97441062791949;1.38029843595023;-0.831368879755298;0.0122856809087696;0.986646953739162;-1.54306771291999;-0.278723742626008;-0.585350966787566;-0.645831267350645;-1.05840771733303;-0.654042815750894;0.738367536585586;0.862236131244546;2.38007714658324;0.26988358885187;-0.227197655322431;1.48473463288825;-0.683975126105629;2.991377006586;1.93668802526229;1.7229996919264;2.02409336337876;0.151814862419045
-0.718202373109132;1.84949962164717;-0.272451353619046;-2.28343570860018;0.950049225884553;2.9718254360714;0.00441537490501331;2.1488066821897;-1.87005683945174;2.72281136136394;0.166564458297491;1.60551278064697;-1.87865140093428;1.65645443613484;2.07752612014698;-0.87734182695852;-0.478122409915349;-1.36016045811978;-1.28327055453175;-3.85654873684842;0.766642568140897;-0.334993821422607;0.12820453329674;-0.770727826837088;0.779702067953221;-2.64822156979925;-1.66230486316353;-1.6467961208719;-1.22057821605266;1.31076949105954;3.00080275991422;-1.28930042638857;-1.18933884578781;-1.63400868959086;5.38034723728898;0.894883985147431;-1.02450658475209;1.90480957040634;-2.37494630416616;1.28409705671631;-2.98427476453552;2.44789383372981;1.90825348044698;2.1260052329275;-1.20655192326129;3.09583056930973
-0.821368247534905;2.04228539444738;-1.41475685485922;-1.03782186509727;1.13389571797679;2.06633436673574;3.41728734098367;2.12407784779886;0.571007148430471;1.3167929441741;1.5454188883161;2.23027555938699;1.22987644404284;1.33664925219855;0.998523893771176;0.545869376925047;1.98908954149045;2.09403336686491;-1.3477569348724;-0.847255936875375;0.786764155560208;-1.05712441720297;2.31034098695996;2.18028009087223;2.10575448804749;-0.873862975447965;0.995152852866051;-0.328892963236532;-2.36010061283419;1.13890885076045;0.595395486417418;-0.99638280811697;-2.72081764811423;-1.42990367582588;1.41494077123942;0.974668874828323;1.86330349473059;1.53184262691983;-0.579159825833735;0.929384444494876;-0.363799439036789;1.09643299853435;1.67506047372566;1.78197845883902;1.54596011047069;0.511355604198719
0.0239341574799783;0.485296609701187;-0.198282271508479;-2.09971037641704;1.20004136197927;1.36841142508347;-0.149114493441421;2.87239430030204;2.48160448144948;3.74477891066945;-0.572880044595473;2.62141612051065;-0.820493383464338;1.82527357946673;2.44796724324153;-1.27127250066197;-0.0368350630620973;-0.133393667315813;-1.33172737680129;0.149596998221207;1.79099431933082;0.431882852471734;3.29507344846419;2.71734934408367;2.37745969356178;-2.94284082153079;-0.520186735124957;-2.04459532692103;-1.00426296625179;2.92140944714578;3.33099043747551;-2.56537145312572;-3.55287879811218;-2.61323956991415;5.37518605163932;0.690755463956075;-1.22185095904898;2.78646925651019;-2.73528930323893;2.19275268870123;0.630262076452185;2.27903699975572;0.0541633948263098;3.64450466168545;-0.899445349137478;0.951060889768823
0.340480079944853;-0.515938432077229;-1.26628828630202;-3.52084673144841;0.669710540106152;0.984170656698249;1.94474538193601;0.699414371154588;0.331987293167782;2.19093609221849;1.29843976006487;2.82114833368814;0.536573682065357;1.49830882555415;2.16838048173654;-3.05895933602467;1.00935171703641;1.71363765872865;-1.61030238214735;-1.51027437842193;1.49866276561063;0.125728938523179;2.01602372784848;2.6421662486904;1.58103087934752;-2.33790980994165;0.245859193448721;-1.12960180260241;-1.32340224975866;1.78479063407016;2.58455015490799;-3.2175982551914;-3.13802077298459;-1.43803265003911;4.547684476727;0.297079628285002;0.733694433531848;2.24973900138644;-2.13246486605586;1.97672717583517;-1.36324276832285;3.23389404128845;-0.575515660484242;2.68575876742918;0.58048404710184;1.91551285448487
0.529615282625917;-0.401934779683233;-0.667435046644572;-1.37212697582342;0.509824967932766;1.46027418463418;2.39212251439293;1.99486276176869;-1.16304522363588;2.57248517466413;-0.150243098497226;1.00352249722277;0.562492275545646;2.15461589478105;0.614355278193474;-1.07943515288952;0.174580077633659;1.36108789651733;-1.68907871245851;-2.55878721743709;3.18903764578703;0.0730871683592766;-0.998724611395839;-0.679469370156394;-0.269336438927015;-0.94178203114833;0.629267314595601;-0.15656915695643;-2.63184761730753;0.783224584159205;2.00627750209456;-1.61457947222441;-2.15828077562579;-0.63884402324992;5.22738780787431;2.0114711281935;0.130517834413846;1.84693267933398;-1.32904414320738;2.27653165007974;-1.93746644720131;1.78856652882279;-0.673713598289187;1.95149813118418;0.280685167657785;1.34592200614728
-1.35791322334475;2.69141680491304;-2.51545147351132;-1.65209211799657;1.07665949054352;2.13269222887079;2.66799420496167;1.34381242922824;-0.965005113558394;3.06477621399408;0.449888490892681;0.820541888527116;1.09689753572119;1.01879149635656;1.07047419701447;-1.79591378610218;1.23175168592188;0.482660206045345;-1.45711313831065;-2.04370932281146;1.37364409523806;-1.02725199513091;2.43047523580086;2.08744918876625;3.79829435106713;-2.85141615893007;0.228397859227885;-1.13826389459082;-2.6548309452168;2.88626695759408;2.93264089512213;-2.01885338344328;-2.21178672283577;-1.72593312994853;7.29430608989634;0.816746817663001;0.504166006346823;2.77258309681968;-2.72670289428402;1.14479270542675;-1.85202085516643;2.32229573133288;2.76746091328226;1.56614530761156;1.17683421253977;2.12338998724535
0.484001978190437;-0.41587695662506;0.416249988795732;-1.05798377642901;0.732270249973274;2.69493511927897;-1.47624159247785;2.80029014450632;-0.21210607125759;3.71730251417009;-1.38452082758703;0.764351039986198;-2.16390909187268;1.85243865207692;1.07018819586151;-1.24813171232147;-0.92034757613338;-1.1333680086767;-1.71266456006178;-3.11432407886266;1.53766214241857;0.111027828791975;2.60069622624067;2.46330224756287;3.09981192400383;-2.03822617304755;-1.69186465629512;-1.4459892362012;-1.42121840618732;2.29755729366424;2.89339054241245;-1.90978699211457;-2.18594325174059;-0.981093537249308;6.63266409227675;2.48592792255766;-1.92396003614879;3.09261820865678;-2.08153170360562;1.21114570882256;-1.84506957257497;2.79496655967739;-0.737212046684152;0.873203237488809;-1.38241785431639;1.06746447135993
-1.16880041250988;1.84119406553939;-1.87200999404152;-2.5060336861497;1.26680943432502;2.20926666738586;3.6879218326431;1.26615194172351;-0.911080901198508;2.50937350565098;0.834400355437409;1.18686244753253;0.650315124668244;0.856491587423369;0.912735053742039;-1.77487648070704;1.90319379570046;0.677658615299156;-0.748342805160929;-1.73999878747543;-0.318356506714553;-0.968707148177448;4.94190776709056;4.35186861952353;4.82691533716267;-1.51027025925139;0.189340850711638;-1.5388535955746;0.833763512656012;1.2224103420662;1.25648522138967;-1.60323873682088;-2.22286766561743;-1.45798616120034;4.315410162049;0.187142768056268;0.677796371803;1.87341993084703;-1.27986661464997;0.516914305987449;-1.2530575051325;2.63374164399811;1.94851384663836;1.17374024685838;1.09025930185588;0.577176193022105
-1.22069987352222;2.70069710400545;-2.72758233711936;-2.16827512574322;1.69355803135762;1.34786837993627;3.47598572839185;0.689026737093763;1.79016750688234;2.43661135941164;1.2339254875253;-0.390373842039661;1.97784103833991;1.14188831661788;0.0816311097331324;-0.796306792219237;1.48857943555951;2.95523119213017;-1.2462783741724;0.407634146772237;1.03627437083082;-1.8948872660919;-1.20350346642558;-1.87711550091579;-0.876203521497271;-2.12317415709923;2.33485373735496;0.227991534314981;-3.00680807671137;1.26755566047357;1.59152124281924;-1.57613030634815;-2.59061279311405;-1.72804686849306;3.59443938006938;0.622296289314162;1.10155773506456;2.97904379746246;-1.78263270798516;1.45721244972711;0.751900611214536;0.803662331319866;2.65581201273142;2.29816833151074;1.06984698612548;3.10577659293585
-2.02421714503328;2.08166168286731;-1.87579995374196;-1.91231732020733;1.15802200474153;0.683661542160438;2.30394417372279;2.54975092664636;-0.622844920379161;2.56666524526029;1.8814759718643;1.35744312353058;0.772667294171898;1.883542690177;1.06140122366642;-0.675677779727172;1.94210194485043;0.712448777185884;-1.32270111010352;-3.31597215262166;2.1074056361303;-1.75513128494783;1.29390108824992;0.9587992758558;1.90612023991384;-2.0200403557904;0.810609544701375;-2.04703988174828;-1.78470383384114;1.93189517766188;2.59288769067549;-1.39411780591426;-2.41774500337047;-1.57602002698426;4.85828077299381;1.44964411965972;2.56695167834279;2.06909509387814;-2.11734973175374;1.63935557119143;-2.09454945217695;2.25434887557818;1.56490373048687;0.396671259930858;1.67128554531137;1.50783337254609
-0.829186767466834;1.23842966410667;-1.21572778083471;-1.19568089609727;1.11093699146286;3.31522457439071;1.19311364702419;2.24471302420035;1.56334963380172;1.60661758338798;1.28581105032582;1.65407009884396;0.445476001677823;1.39288628859041;0.697494469262624;-1.49465824819622;0.610099369685812;1.26156800308738;-1.23531075602288;-0.0506453137392958;1.9471261736754;-1.01333794577858;1.83076839113593;2.05670195856428;2.35649010450821;0.0739889126459748;-0.267345813409979;-0.383548496732255;-2.00871252654759;0.448580301623838;-0.108963520647186;-1.67495379285803;-0.715650115059426;-1.80354875717211;2.72119425368418;1.38851954438498;0.317558510694819;1.56004833598716;-0.175430637254669;1.43751110415329;-0.20080929965873;1.76921091099373;1.08588072594311;1.38992810305458;0.622052293985691;3.57248726535417
-0.731270789876621;2.27853709932285;-3.03216793788961;-2.72526118326385;1.73762018842992;0.819010370032385;3.33273793896452;2.37136908295604;-1.37827688187279;2.72544473052452;1.38368962554262;1.77207517950357;1.69340601596607;1.75104643863512;2.27386309303114;-2.0202640657745;2.31603349296794;2.49833615992899;-0.501923566491206;-1.66404206140897;2.36839898628347;-1.0155634025124;1.88621037174872;1.55644751610032;1.7311476451902;-2.07668382166129;1.91473460701835;-1.84326253150527;-1.11112641087531;1.53878849253897;1.93755844695017;-2.4138225988822;-3.30593274831562;-2.33647801325865;3.7654916164897;1.2770276581524;1.02894880365844;2.38736552130555;-1.92741252877312;1.01874693338836;-1.53476198894407;3.54759008795851;2.29728754052763;1.18613962423687;1.88234863458229;1.42020450504129
0.183039890821194;0.246175758380371;-1.16543340476838;-2.81954602335164;0.262221778284469;-0.0986711364405967;0.537316422076198;0.352063428465777;0.312911007832384;2.50139225819426;-0.52819295769468;1.21696864134047;-0.265430676765893;1.79955018820296;-1.76849893514199;-1.69273414686116;1.16532113116472;0.328538584931862;-1.68981220532319;-1.87711472622796;3.2287301167716;0.0236047189866532;-2.10506582574185;-2.9302024972339;-1.19481163941056;-2.56646152030999;-0.0292327100258532;-1.0263798733562;-2.13285955720016;2.23468413164473;3.023684580657;-1.63201687158397;-1.75921871770217;-0.220521791677072;5.48109137465932;3.13753549115806;0.206702586607732;1.9807195422231;-2.34069603316273;2.22255121993872;-1.07608101534622;0.475267573875244;-0.279058789126886;1.20748709761595;0.0227766972560201;2.52333296646106
-2.40897463346236;2.17985613107399;-3.88281059686647;-1.75620089077987;1.3333533255747;3.07883580342577;4.34395016080779;1.64208979526339;-0.396602801572817;1.78878169350572;2.9691587556937;1.59551176220652;3.577214099306;1.73100088075461;-0.114868618217968;-0.88908953313699;3.20501685577306;3.93946305997267;-2.18858445520732;-1.9216554520106;1.92231920769766;-2.09841435922861;-0.682834172254495;-1.08433224976912;-0.895581207904464;-1.33767072315051;3.87306667499169;-0.553617612543735;-2.6190910936797;0.856224741065695;1.24501080385568;-2.46474187180667;-2.469915289716;-1.86165746942323;3.6222244391554;2.08326314574786;3.54917724338922;1.70968544442492;-1.37347393382161;3.1237272734329;-1.07225589024154;0.779488905394398;2.42333022841519;1.1143660282022;2.97800607906567;0.681817254634342
-1.44053861655358;1.75755693317793;-1.79858746242702;-2.79655688249476;0.895966732595743;1.50654232244991;2.23287520724381;1.4633470848;-2.1783390869902;3.01435906545374;1.15472145614403;2.65109514762775;1.10671625120801;1.66881293684727;1.04476339101165;-1.96166841455859;1.23136003621051;1.85127931809511;-2.97192639395619;-3.38857777883054;1.24434730921754;-1.52515943822204;2.75716196792043;2.07365270957025;3.28677846543926;-0.976411306049559;1.94765493317208;-0.175773326910919;-1.539196102244;1.97075347110861;2.82972895899182;-2.97226317247637;-2.15865715079382;-1.36719317687623;6.07277442358433;1.89717495894509;2.01152732616086;2.59764038917329;-2.13034382353761;2.49511348615471;-3.09537920520104;1.76953997053167;1.26523493602971;2.94445166401527;1.04533483035625;1.34766858541196
-2.62872985199789;2.14157928159016;-1.20434852225336;-2.24235893018368;1.41599371031244;0.758038322333785;0.275737970147439;0.23894634255973;-0.145636069587949;2.54033420230013;-0.2133851341016;1.75033184254706;-0.0635393248899639;2.03040403525531;2.90918824833485;-1.5806820717062;0.802946973777756;1.81381361755327;-2.07392926802017;-2.60516421023459;2.2489361610461;-2.29548875784431;1.48190971835308;1.24709115971989;1.17274917811982;-2.83740382138381;0.275736958300361;-1.0610249407056;-1.64584151898146;1.99837193686887;3.61080594016862;-2.37081534359825;-2.61907035136338;-2.41117282200897;3.67885711694491;1.64549013266685;-1.06737304732681;2.21365167581902;-2.80137747273796;1.45433241082045;-1.99826385173876;2.63468833527892;1.63721007298277;2.27659568866338;-0.243280464649133;3.74334015840909
0.473275173196719;0.577421886530555;0.419166436337281;-0.507474037700913;0.183467633445577;3.18613259555154;0.0445616579455131;1.6089301479028;0.979180446242948;1.10664147054134;-1.16778392473092;-0.657898401351129;-0.625892089262995;-0.111258510838711;-0.0529107097852363;0.00444819734977697;-0.135714737176574;-0.669382577332354;-0.352333455171316;-1.10583634332574;-0.664211771274234;0.228180145249171;0.365155618715296;-0.229997349170836;0.976189469748469;-1.30261451268685;-1.5643404239072;0.130171984246737;-3.24776645286429;0.88425007010681;0.703828466198231;0.435807152778723;-0.341409683701924;-0.529863340919144;1.66673572864827;0.326045503395545;-2.09494204275558;0.99100990822241;-0.504771690842227;-0.408389695316818;-0.0364885463421626;0.116709133893993;-0.0494499740172144;-0.969770253818117;-0.818344139897155;0.139048927774235
-3.15959237881226;2.57907173546142;-3.35467847162453;-1.70115177112841;2.31660945347393;2.57605118632135;3.60779455824356;2.57090873299317;-0.00982073415657225;2.62266036902302;2.7954063956504;2.56296054389583;2.82446181354842;1.35094649602729;3.87814041810354;-1.01353940091465;2.9640772783918;2.71554749226299;-1.31585849381443;-1.00159175527126;2.54449431607512;-2.89670978983302;0.724789702853421;-0.197909592031248;1.9345793952436;-1.88762339310234;2.87806916402464;-1.68403921785147;-3.21424192190983;2.0096669601893;2.14400685940467;-1.85376847037743;-1.37027542472418;-2.97332207554269;2.86570038357057;-0.146847428136002;2.76590100337336;2.34675333615346;-1.62092567900961;1.75395698961688;-0.453931945427206;3.27717858531031;3.81279487801768;0.117550495710579;2.52386480485869;-0.961625988231273
-1.89816721222943;2.71969998043219;-3.15787187158296;-2.73260961196815;1.70246246787676;2.70187702639296;2.36903525730004;3.35258227700715;0.37019131569724;2.75674841654943;2.2002165502658;3.40365661672632;1.66735985288572;1.50458732441353;2.94438601365242;-1.9722625124599;2.82373680701442;3.1792501556337;-1.28998796849224;-0.704923059748141;2.47593493521224;-2.01220988757621;3.72486417436052;3.50868126759941;2.70802786940797;-2.40254820928636;1.80895612652717;-0.256106611944869;-0.344163041906006;1.56359933550443;2.6342872392279;-1.86921964422338;-1.44479532719823;-1.87085230784662;3.92940119143085;1.03947854621134;1.76196389872101;2.5239661915923;-2.18978414592514;1.67787250174828;-0.665728552208693;3.44211891481947;3.02126860949759;0.47267106001697;1.93408335814086;0.510986140994695
0.000393617936642915;0.0298455372445199;-1.46124537196761;-1.95547440446198;0.787187900534194;0.447978932990433;2.1261232104396;2.55010691140418;-1.02958800661259;0.946548982522499;0.439143684619703;2.350164862227;0.785804955447202;1.83601000348309;2.67176361379129;-2.3137538531788;1.62770847746887;1.17108340373023;-1.06133471972044;-4.39959600859119;2.80440926111295;0.219627532552458;3.18067755971625;3.65147311785782;2.24698523050108;-0.329198286929173;0.415168290445551;0.463587420685532;1.02866983108008;0.752360900815524;0.715054877204126;-3.04586019785911;-0.853612795125166;-2.47496976239099;1.1442893216266;0.510957354063583;0.262348561016138;0.624205155764385;-0.937169339559972;1.51792494590815;-2.92816175797463;1.77422860212037;0.0962029509304465;2.05749394653852;0.958864348446611;0.875498785094743
-0.566421316520684;1.54387339286127;-3.32899768174866;-1.58973487807789;1.51307627358959;1.43455943338891;3.76667424027825;2.54325721474336;-0.846742284893664;0.880622032120648;1.89370262308312;1.20413087503339;3.24278346892153;1.86580009927;1.98948896086342;-2.89475903762488;2.88684368450601;3.11964326149178;-1.46546986371307;-2.42401724675494;2.87208399457753;-0.814778491035725;0.879514498704298;0.893214465447664;1.34936206575045;-1.93008193031568;2.8243511051775;0.713472577990106;-2.5496393601922;0.957549834881002;2.63360649930545;-3.00997374691118;-2.75186334449014;-1.77595104159943;1.74232361800285;1.64434685596978;2.80657886819143;0.646962557840853;-1.30706050492667;2.09164562887091;-1.79607650556597;3.35386159887622;1.77318691323942;3.00689470260162;2.51985715011908;1.1258339849229
-0.78542553656357;0.747507109147895;-0.607178352259391;-1.87694658756273;0.912756393736719;1.35334246190376;0.594764663408719;0.971106509355801;-1.83340165733133;0.279734882460379;0.719151611415604;1.60936127844787;-1.02375185862812;0.84056590879111;-0.761359397143053;-1.31865394274814;0.821002031270249;-0.764051006030989;-1.6877191596065;-3.71273647742257;0.850627130300278;-0.828950627405957;0.918968339583841;0.972525339539509;1.12359821644811;-0.823177919831106;-1.34450469307889;-0.981720984442015;-2.24697018122522;0.696480151075039;1.51484626058067;-1.69028356059399;-2.2546980632558;-0.816218287670834;0.173853096823526;0.448548165482456;0.714579039191061;0.972758975670226;-0.820731605140731;0.181050193595844;-3.00387419213848;2.26997060302518;0.818727917782744;1.35759869366836;0.160596537575863;3.44403706879978
-1.49458868760218;2.41004086438823;-1.75828629646917;-1.21469994172667;0.537068403780492;1.86158477357026;1.8527694843513;2.02240739582644;-1.05305851403629;1.95007173451227;1.28351943435238;0.0605073875598173;0.645317507337278;-0.68664881491264;2.15440910867347;-0.251231854000129;1.69232893529934;1.79730307593504;-0.665996630619525;-1.22295158555705;-0.360443942589598;-1.84536825815521;1.97769655559297;1.36028712316198;1.4977322472216;-1.48273355241005;0.835499042748466;0.593456379220085;-1.62119363460664;0.853666835585673;1.18015400322235;-0.0812625730200559;0.585366636497618;-1.28346077497812;3.72543470242651;-1.56686835459035;1.16447814516759;1.6851117996745;-1.33030008818113;-0.332846097693671;-1.07040477536254;1.89050930002158;2.18347666252457;0.172748259469528;1.61586357820316;2.49606411338193
-2.48677937974628;2.72399113054542;-2.17555190299467;-1.96379068982294;1.05363245458844;2.10142136062149;2.31227150210728;0.682811344686606;-0.0492780120344185;0.0718838875069847;2.51431058836813;1.24754198763197;1.4252006025414;0.65391227931012;-0.920607513595563;-1.57088350104527;2.13956327290626;0.756125267075215;-2.38886197383735;-1.74938482840246;0.382222565143214;-2.47675306737592;1.33959580029413;0.950136776318734;2.23933014768883;0.273465648639572;0.700814802522841;0.349403528152962;-1.74691635728932;0.162255025686637;-0.829372826383615;-1.70369643132877;-1.20767965009031;-1.10201752713227;1.0730921781876;1.42796433380858;3.60202613141871;0.165021601571969;-0.187206908765587;1.06825105896024;-1.07072318380303;1.16217515235887;2.44711413586964;2.182451341218;1.71365515380297;0.186408070724977
-3.06604419166682;3.06628033123548;-3.02416461833709;-1.57898376367033;1.2331927772159;2.74406941467576;3.51556684735479;3.86585114335122;1.01205013107321;1.61344115121388;1.95438571343107;1.84861429064404;0.646849346671711;0.987410770756132;0.937197193476429;-0.459402057817943;1.94657952586549;1.90503267267458;-0.222019195353484;-3.43185234056231;1.89779104882258;-3.04528439478621;1.9767594837677;1.40367924219376;1.91666466276702;-1.29114850823247;1.72324036122874;0.0736609829056156;-0.52307733522301;1.67300041545243;1.53854428477054;-0.156269172699251;-0.400042078395575;-1.5252003246974;3.01147942277723;1.85910126949045;2.18211640837267;2.52282255986501;-1.63307633810498;1.6702973911323;-1.72195481130753;0.575409662440265;3.45531473799099;0.239781960866277;1.76634062491745;3.19555731402057
-2.75625886202835;2.73729102244393;-3.60000724402795;-1.65845615393111;1.42929056336442;4.2335840382033;4.12266863857152;3.30336023972323;1.89389875810923;2.835970513222;4.11575246634033;0.342850250915107;3.32938972761125;0.702554152032582;1.9883540641687;0.000996892181171605;3.82839055771821;2.68972473360588;-2.6782978988712;0.984774794458181;1.41489175580148;-2.60152775855423;5.09574735913479;4.27231927012117;6.70990204665299;-1.79119105926499;2.69511379383889;-1.66302190677433;-1.80972718954236;1.77151955572622;1.29008521385607;-0.14762029920415;-1.05226687913704;-2.29023923782724;5.3286683741845;-0.506257431910247;4.01412655529373;2.73266369264647;-1.28796495430687;-0.0723779374630774;0.949484324262183;2.14451408262638;2.78264546226769;0.111063538706442;3.52402166158459;0.95111204584003
-1.58362173507675;0.711690817092807;-1.18497059495312;-2.4300081837834;1.0034296932713;2.58236713354551;0.142802034446642;2.22024960994201;-1.1482411081912;2.24365847304815;0.381476467070552;2.49157466268591;0.431995395318321;2.04686704433213;1.59915117058525;-1.78168629260704;1.25145558638971;0.630146311063637;-1.73399633089673;-3.39912987441349;2.98806639176605;-1.41025008188803;1.48182470685449;1.3503308328142;3.32313316610211;-1.02554012180943;-0.0572870693544344;0.196180734430128;-0.67414168855596;0.180112773870346;1.3346915767861;-2.66822386129476;-3.04872849757778;-1.97764929342956;5.41241948708927;1.26571728777327;-0.0350068969509983;1.84139039357929;-0.683585152175702;1.89512459350738;-2.47913911311624;2.59000910179847;0.705693737184825;1.69353968946874;0.485934757937469;3.79302920960682
0.734422504522406;-1.29475132239319;0.134851353232746;-3.32161898008155;-0.138405203170158;2.56893140202375;0.501987675054694;0.193825102020389;0.268755778559278;1.7951524206958;-0.157729118250771;2.8583145169959;-0.700013976755387;0.553464856976852;-0.67321734102616;-2.94504224268124;-0.894831430806377;0.284224683811677;-1.603945192969;-2.46431829994917;1.35918374928944;0.144896415085648;0.688190863567247;0.831043499747478;1.37360606442482;-1.39450282967073;0.139856155069544;-0.803302024869923;-1.00157376179323;1.50766810902488;1.8670725473535;-2.32094700570478;-1.40963080060849;-0.329892218502283;3.73670706931719;-0.18082617087615;-0.438525190468789;1.92600552977933;-1.32693241637413;0.357041576674163;-1.5193661059894;1.39346390645082;-1.32973651534596;2.91719728935513;-0.674134739037867;1.81830711864566
-1.24020894611884;2.26217532211981;-2.16178847132317;-1.84561085839399;1.98864143986361;3.24656704732783;1.78933884517639;1.35339396921171;-2.11118161646949;2.30702194580191;1.02315447216542;1.68264186818659;1.16297935266751;1.59272700242688;1.24396997000592;-1.44780085441461;2.03372955932675;1.00177279460712;-0.241697154972059;-3.47996602861969;2.33596302089268;-1.28845318605138;0.913395129815034;0.380764927395607;0.991335251316165;-1.66495670404912;0.866018098582975;0.169077731117884;-2.25870701280574;0.838292019148783;2.41963797915135;-1.78059522195979;-1.41735750624829;-2.51166801494602;5.98671787035903;1.43182536578924;1.91377718823548;2.28526071650705;-1.08453213353165;1.73125958672584;-2.86111494407485;2.16572396756654;2.52387544801546;0.790571203358299;1.6386984510987;2.13709853283186
-0.514125028292919;0.148759031156631;-0.163287035800542;-3.046308114539;0.974286754965723;2.57112773861358;1.18685328628654;2.50017065747262;1.39412185867755;1.0979982062908;-0.446457604142802;3.30257776250312;-0.401197782199112;2.22197316936113;2.008615556859;-2.33166958429034;0.406839098353748;1.72571685238107;-2.01777506789537;0.789023392975499;4.23580637429982;-0.710269884470106;-0.0312901478138115;0.32747210996824;0.12099184819031;0.518142231181198;0.506821281575075;0.193309739101374;-2.73309140399804;0.334045042786298;-0.264128353468398;-3.15562610505076;-2.86795278072732;-1.55939717564328;2.13578961199591;1.3005398311693;-0.485272665960907;1.17858041567345;0.71880614534059;2.29430886746889;0.744453909975089;3.43503117736203;-0.269861433175787;2.89078439159769;-0.187956578502863;2.25579914867229
-2.37903094803644;4.31593862001043;-2.90947006202325;-1.17776795409322;1.53787023625201;2.07099387624159;3.58958398233492;2.36133959434765;0.494692835684617;1.86692570026898;1.88799254786443;0.0364885304450106;3.41662690118531;1.08573590917709;2.66215846129876;-1.08833860406674;2.36203595809398;2.57711204403773;-1.74098985927973;-1.51167644095301;1.33073812458756;-2.81519611265916;2.52506366724197;1.57580974926469;2.96647562948974;-1.2915563935937;2.28420753640741;-1.05646367721092;0.741080165485525;1.54864413530251;1.13585045519993;0.583641021860635;-0.223372229966456;-1.61879828964262;4.678986441804;1.18874324720452;1.76936990048284;0.89538280969112;-1.47426937431838;0.871743247922678;-0.617717946511652;3.37317696800118;4.69707365809667;-0.74056651148362;1.91763926072871;3.00550264504919
-1.35050726197379;1.65957653994352;-1.72434588177163;-2.34933967779227;1.07384283809779;2.01736410320349;2.58080816414665;3.46453057437506;-0.83738100456016;0.928451884583102;1.75901592300997;0.548939557349905;2.25395292938643;1.38330113834911;1.69877816226527;-1.54995471137348;1.63490756528516;3.0290131602905;-2.27925248189849;0.831217861213877;1.28876345458743;-1.93576068426634;2.61421478131406;2.22039647946445;2.56248272914118;-0.777838225107229;2.38448962464991;-0.193173470632237;-0.480321821366078;-0.139395019862853;0.719459804899023;-1.40006428357471;-1.77211109429276;-1.15144898526645;1.33790524247093;1.44486947953234;2.6180113742552;0.715516254393709;-0.685430147761305;1.58018066451043;0.116905727708438;3.78560693332546;1.55925513986015;2.89828917985363;1.49999901229883;2.14452559769795
2.09558762181058;-1.17027109669804;0.501502405425318;-3.77610927564736;0.0289997865142113;0.698067761708519;1.61154517590874;1.25135977615923;-0.498340123287721;0.969087660757695;0.629224986074399;3.38276100487946;0.0573530707221453;2.67262487914637;0.991344718734994;-4.63472710349394;0.562106923474522;0.277637133165689;-2.47029287470498;-1.35399807559726;3.20457954677528;2.02934408760221;-1.71244654053286;-0.72047339783867;-0.824657915261467;0.135233740170738;-0.304040123122902;0.5557660505096;-1.91590346031509;-0.308979885177043;-0.427819499501798;-3.87537562089663;-3.43964796998322;-0.872881741892021;1.47375067533753;2.6063292725479;0.257299403800853;0.724002905930383;-0.0810611461927134;2.70428463406408;-0.976139469135608;3.05158216402048;-2.18045407893261;2.43638720903679;-0.141072603230558;3.48036104992402
-0.626158270862723;-0.162690018503028;0.26312543719975;-0.973264719396083;-0.050767217129998;1.86450247958522;0.196737270761167;2.03381355480395;-0.107403683112002;0.554627664876425;-1.32031197920913;0.0623941237735013;-1.50144987993957;1.9108454372466;0.87304220780725;-1.73234900211251;-0.833807800305611;-1.46008997974436;-1.17955462788331;-2.06086534182237;1.97715286780584;-0.228426719430183;-2.50576561510936;-2.18420174797494;-2.82575516315188;-1.57311689555252;-1.44304283167575;-0.353607063253293;-4.23414137620649;1.02708622641704;1.01718016450063;-1.76075501871515;-2.03834176632208;-0.838675848636904;1.25339341003333;1.8772069963206;-2.04138517609898;1.47281376502286;-1.33671213096006;1.85038901022788;-1.18744690095111;1.13208640564557;-0.448947123838878;1.67525353594226;-1.60379061900648;3.29124921560376
-2.04029821719031;2.25964771020166;-3.04841721483905;-0.730444490643729;0.647223132669979;2.27620188017808;2.17712187274669;2.01049602282483;1.351008261746;1.69049751421935;2.4876634630615;0.104905055733041;2.84977793674603;1.04411167674862;-0.208511014930939;-0.721495642418488;2.46467294130129;2.05760346869737;-1.42706853026271;-0.359469109423726;-0.412809212632887;-1.799880150347;0.601414923732722;-0.0287826464398937;1.59971206005677;-1.12790997982161;1.91740138236331;-0.364573683979458;-3.03664356265815;0.929405881669541;1.46197018126903;0.0118640832719141;-0.499984028220823;-0.894939477941824;3.80038802138617;0.697003706600837;3.54305493917215;1.98738104406324;-1.10618413563154;0.873856060732869;0.127936948943401;1.34602905642544;2.56756210960168;0.801794008157957;2.35442993605698;-0.194578840976378
-1.0304334836663;2.22849367760075;-1.68357365448848;-1.63074076794636;1.06057939895728;0.882491615189148;3.15754607261816;1.90652647892289;1.83830835627162;0.618344165809752;0.482549812691011;1.22338861480884;1.8070519098479;1.3417450606455;2.85255104931;-1.35771667356253;2.32241679112385;1.83163370117542;-1.76682960746036;0.112183934665519;1.64354413888326;-1.89727531948376;1.88434286134473;1.47865535387187;1.82320567172332;0.487597413359204;1.00703425548394;0.459431615848574;-1.67370608384994;-0.183156969037389;0.642973384139991;-1.81925342857548;-0.869187276290744;-1.79806564191892;0.607250035113488;0.684529667655185;0.277067027896747;0.548776794191758;0.219180073668284;1.05000412104554;0.404262902767903;1.86269412095777;2.51059410806343;1.41800563969455;1.78319355432311;2.85383798970308
0.152991546465796;0.258553585669812;-1.66424085625102;-2.41885912947507;0.892876289956084;2.85510852757912;1.32341371372808;1.45722182268306;1.36071125915699;4.44127024029609;1.5991522371216;0.659525987089807;1.21396199536805;1.42955294405389;0.166447200403794;-2.45991794848543;0.988844056848925;2.01223385051862;-0.824384627487889;-0.289703120883667;1.69666307472135;-0.297721692562609;2.72871182866127;2.01144511603675;3.32356311539788;-1.8248852909685;1.25938738489391;-1.13892374179395;-1.16623882213957;2.53440807229332;2.90455098957265;-1.32651344585562;-1.46674632578066;-1.10019070600375;8.1127470608951;1.88273864032919;1.73605181437675;3.66365652679499;-2.37896340048168;2.52903217144437;0.0782015491010966;0.993316558146342;0.919170628553268;0.986870667869264;0.798372738399919;5.745016107962
-1.27851573115468;0.877245134696284;0.395646050982096;-1.20226948250442;0.502844436072708;1.56300671732788;0.187980365681703;1.57131842282933;1.690538944041;3.47979783715929;-0.72278991630304;0.193520587450282;-1.80146883815652;0.855382777823835;1.73152236865917;-1.42975666657395;-0.528509159511537;-1.0791548389573;-1.21528692727109;1.01612748883266;0.734662258718495;-1.54386679551771;1.81643877080323;0.946224110555116;2.3743555669319;-2.58989773121454;-1.78946508870359;-2.10429574029262;-1.21776432526845;2.57753961293231;4.27088440835494;-1.01687272157008;0.0379230746835202;-1.01492894291151;3.82001129504625;0.591796149816591;-1.46870040776722;3.46341728201275;-2.48277508235085;1.22830677376715;0.891099995096173;2.45891612899517;0.383414729055224;1.80326867424564;-1.05084813601994;0.962585591083934
1.1105058612029;-0.2636981488192;-0.258394783397697;-2.13236731063262;0.596689635815961;2.07955245168209;0.746170391405296;-0.284946062736389;0.143287576711888;1.65239203686431;-0.51729592825957;2.47535572941721;-1.38125604195758;2.06990780064134;-1.96548748090057;-2.20191483460011;-0.0319700454551479;-0.0999134008000528;-2.14231575264742;-0.655084160030724;1.50474554489335;0.791931821668242;1.6644736466686;1.85993108412451;1.02147511609016;-1.63144828459845;-0.796097515264576;-1.35004590851592;-1.50565896328817;2.02337699280144;2.56787829366273;-2.68154989153983;-2.39356057210054;-0.676274025465144;2.20604023873258;2.96711879964189;-0.410673583419797;1.35648793154959;-1.87862053058492;2.61874505706784;-0.0104913318758154;-0.635255347347188;-0.936626038264531;2.03781096380196;-0.888715513825273;2.29926678269636
-3.44396663101961;3.38589922903809;-1.79968927399085;-1.00578600877877;1.65224291656514;-0.0126451290157591;1.46138120050165;3.59107167235957;-0.323808649001987;3.49702106389248;0.116323456926815;0.240025340533706;-1.02841081620012;0.305348792658902;3.24303792970478;1.35256699136788;0.682905214701129;0.513804465061981;-0.0956814578610587;-3.26407740028773;-1.26324249029231;-3.2799955760563;0.0656109166423064;-1.3972709365459;0.882415815079928;-2.71454629704891;-0.910790391751064;-1.98413924114695;-1.91738317610244;3.21560440266855;3.25121486265554;0.11956917657854;-1.18407960003059;-2.27426715035661;5.77257985886817;-0.517252413842952;0.0885488719084105;3.65844589741921;-2.99183423108585;0.359576688337859;-2.32540565908349;5.0640423790975;3.59848168101035;-0.623753338446077;0.00231358203816945;2.5020936338655
-1.97138117326945;2.90241988394491;-3.71593406830691;-1.24514034376117;1.77663885894949;1.45371969692076;4.95069344902849;2.37631730744022;-4.30102745693637;1.59332008985481;4.80042564323091;1.96652473123085;4.19487655595607;0.61579110692205;1.46094308596218;-0.346842034203097;3.74503112332386;2.8431475432768;-0.80368061327851;-4.93481429898031;1.03307415645764;-2.02930625330841;2.70767140697737;1.8736330144275;3.06047998135589;-1.52950257065428;3.04931699449275;-1.36698876886955;-0.98534553201767;0.849672298357256;-0.212290354434954;-0.717046059797413;-2.21363781830796;-2.21693521387168;2.74276903710374;0.535864119775729;4.96939418937309;1.81217859722313;-0.424547747318535;0.454351551583652;-4.15380615882099;3.70940903544943;3.34524350887092;0.969280328005494;3.94186332371671;1.6538470452762
-1.46468712570083;1.30487929549526;-1.41042432350751;-1.95718394061536;1.29584912730714;1.16874522529393;2.53350124197789;1.77243415308205;-0.795747320611061;0.588314536177686;1.18854322623865;1.44440025797612;0.416860335773093;2.44122414480826;0.00423792677543422;-0.637535401981619;0.809544903717563;0.743649427387718;-2.53066326609001;-1.28890370574709;3.14575944203908;-1.81865571437308;0.300550425954072;0.796599149288536;-0.448802180994734;-1.34174268306141;-0.137781987771293;-0.540792976126068;-2.65809272102071;0.725831120218005;2.01947853232645;-1.40736815148079;-1.23709944714974;-0.754013294545264;1.11218340981312;2.44356558299878;1.58977641923814;0.836569508012075;-1.28422579593413;2.17877369048467;-0.998260499804452;3.00072372800601;1.84488817392541;0.771429767872165;0.50050180340701;1.14407443396392
-1.36250153700263;1.76828292921657;-2.15442314745211;-1.41108630679082;1.41886312961719;2.29789392578562;2.58606205566291;0.839489197179731;-0.269425559886884;1.80269519910624;0.26122647606179;0.727021153563398;1.26473950618401;1.12219185870522;1.40993463531436;-2.20557357927624;1.30606641953183;1.07715208661336;-1.16446249490404;-0.421028628528772;0.948566258740126;-1.57989584319345;2.13763624203134;1.44624231857028;2.76815968990839;-1.90897266521963;0.611043602001564;-1.70498319897973;-1.38327278476776;1.80028661543424;2.28292056513491;-1.9049725704384;-2.62265950117394;-1.76068892969687;3.40656329484893;0.0388971133681558;-0.0692391865617392;1.23370341192462;-1.7305371331294;1.18888900581261;-0.244131085255801;0.999385938331036;1.82293426866643;-0.0309257813963737;1.1284993035724;3.8525758136081
-1.0164096140581;1.34064688132147;-2.17304017904087;-2.23593718573972;0.856757481782947;3.16067847278748;2.63417596992083;0.264032231282414;-0.144829895776181;3.73428348395878;1.68647494107555;-0.706114245224047;1.83905839948781;1.86271427057124;0.443183205091497;-2.16708781925508;1.92596477885495;2.0595148397284;-3.34864554000443;-1.169464890984;1.00826796596099;-1.44029538234633;-1.39242389258649;-1.76210363741707;0.0530929486105104;-2.8091788284735;1.69183309200873;-2.16266328034554;-2.77479854574604;3.04987118438533;2.62443905114381;-1.79762083838878;-1.30194365293069;-1.37236955566112;6.98984077352519;1.64851169707657;1.57623135382219;3.58218430682334;-2.6094204142389;1.6140347526554;-0.911390639622907;0.359161345233124;1.69760561582562;3.287398131266;1.13489760388528;1.27753191997083
-1.15695950216768;1.61572476545772;-1.24920124307218;-0.402492386613683;0.948425646837755;3.0230264813038;1.08993474703715;0.78952257411857;1.54273701433516;2.71041506579861;-0.338963901620244;0.039843511221789;-0.290538298051983;0.527251063589782;0.47589731366457;0.345935386006291;0.387126766119738;0.330660332553861;-0.977922048765044;0.563272052893534;0.108960845873439;-1.0437832304695;5.60631592560806;4.65792560205039;5.95002045435874;-3.54236041884165;-0.889174558720147;-0.692012413348878;-0.582327965612405;2.11958841500992;3.77442796289438;-1.06230223513821;-1.85920655846551;-0.801932236821959;5.03787493799434;0.0789947843377923;0.0678726587827889;2.47439869088167;-2.59507174415429;0.275196228907427;1.04107650175878;1.72377912219769;1.65302801704679;0.823877421552238;-0.0473901389633695;-0.367062829361282
-2.26359608615221;2.09872104929319;-2.14216710915363;-1.74862821739286;1.16944807232068;2.19633081712356;3.62942088311848;1.48484166620328;0.606309212817117;1.41769367444584;0.570127405208157;0.273552290772969;0.654456301111115;1.7401258908763;1.4833590135737;-2.40440106705397;1.839726593319;0.450166121089408;-1.13934090440832;-1.38953820426586;1.79192713594223;-2.26723298186134;2.97567198996847;3.21794028382975;3.29009117485204;-1.71438826926665;-0.00108155108056909;-0.306445819134109;-0.166689600846138;1.3131808801862;1.94814749781805;-1.51465828135793;-2.94130378524769;-1.91644754330555;1.67988037795483;1.06405797228521;0.086247443118024;1.45361640673596;-1.37196626028232;0.992874456036137;-0.529085383907487;3.1842201083698;2.29410844163919;1.40723859249495;1.08736967567869;1.18842622800882
-2.7054105105308;2.0542448851421;-1.93771648646764;-2.12352259080336;1.60288964306745;0.958750794985129;1.32105508418526;3.88512340660255;0.94700599618223;1.58002524908131;0.331841705504046;1.19585985977649;1.80758756174244;1.61278594930798;2.83053633312901;-3.24030891452159;1.87064352875388;1.96112573800205;-1.53403308168947;-0.864735632177504;1.67789526007725;-2.5159749443474;1.8777701545115;1.94052922893661;2.83550169525998;-1.21056315311781;1.04439469819944;-0.521133092312157;-0.48952646138447;1.11301192437554;2.22545908672982;-2.3414956450138;-3.06368900267619;-1.96138194674623;4.73564278746607;0.352376159557376;-0.0751366050838709;2.16241857162193;-1.13594023862994;1.55197045883905;-0.373412054621193;2.94512079657489;2.61854340158911;2.27923109305683;0.82484976868027;-0.577019614311278
-2.24873359377012;2.1187653493798;-1.59836968657021;-1.18222403168838;0.682767868926437;0.168934904885812;2.64173404621499;4.08746657420539;0.0317707558251803;0.529469009431628;-0.152541619039209;2.14460672013303;0.682608964805689;1.69671310329937;3.28100713462481;-1.12492237202974;1.5636076033986;1.33151318549618;-0.593257215115133;-1.83526312032014;2.5039816299323;-2.19512349350813;0.483628023996013;1.09131528018222;0.323164757545686;-0.294921865990985;0.140073974492117;-0.190393062281977;-1.84096792868672;0.515957091201437;0.372816302665814;-0.885074275419785;-0.972295380715343;-1.21678790698734;0.26914344072633;0.322840967971416;0.434029076655794;0.611978720080571;-0.763561689789446;0.941241883108913;-1.46531408637015;3.53723868212967;1.48497229530585;1.24263114908549;1.07760871955232;2.52879685824399
-2.09641318109641;2.35835355887144;-1.9453321280134;-1.38935536616979;1.33338100680575;1.90037697519673;1.78818270157669;2.9997130427369;0.773459263487613;3.42816549423082;0.980140833297547;0.74794278455345;0.150237673721161;1.24997503718756;2.38157348850987;-0.22670234073831;1.15152572693312;1.43107857225396;-0.0695330284294441;-1.60004279574828;2.98178195071403;-1.93772807279299;0.898472602075785;-0.12209266910429;0.289207963185869;-2.56945306476437;0.52597346371663;-2.56755544319872;-1.66260786681944;2.30997004406275;2.89583808971513;-0.901623425979086;-1.45869172186558;-2.045376069279;5.50921423339045;1.22207722377905;0.830721365369374;2.94912002378512;-2.53724530808781;0.162445586203664;-0.616644526161663;2.93694795584594;2.33860579638495;0.980449653268644;0.912245593120343;1.89463735424926
-2.73837265652496;3.16998639541595;-2.59215138178267;-0.513218968336267;1.57057520082138;2.40269727726971;2.74383246151807;1.98234215771692;-2.10797310029117;3.21000061531354;2.34229476019764;0.656001481793369;1.70005841463123;-0.0288184077841735;0.205678127311603;0.221121505529609;1.8440554001899;1.62288179383482;-2.56124823039638;-3.25422814994687;-0.335487910870815;-2.83023969832308;0.167456368745479;-1.43057595614093;1.52265585629799;-2.9177037891997;1.08364090553947;-1.06249697955226;-1.44398472250849;2.19793587568427;2.47317967683644;0.651668341794961;-0.454841521339259;-1.70835180332006;5.91352594551703;-0.225202503719214;2.87387201630633;2.77398947237835;-2.09919493729251;0.520304988888866;-3.02636011940574;-0.156986010952169;3.81117127229483;0.643083725038138;1.63422722982693;0.610162601645521
-0.0771612458381517;2.16251189246783;-0.942127170844363;-0.266199644042459;1.12000981070439;1.23282670816175;2.11501436572882;2.5019962740053;0.461114007396978;1.42583086301107;0.315828670584794;0.637910342588376;0.658299388366049;0.140091998728425;1.49537555973031;-1.09639664320713;1.02660536178095;0.876149879670604;-0.989546248654343;-1.78783368175992;-0.588943502836751;-0.331030274419398;1.85851967615992;1.11875303238684;2.65718351445358;-1.53403692399328;0.533667360767235;-0.341240341473099;-2.10473532255199;0.42776094885835;0.88585107149081;0.28666279506188;-0.248853768944991;-1.13344789870267;2.31277481690832;-0.437299865864557;0.50179905519073;0.7117438308021;-1.25916129993193;-0.519705972602414;-0.750386783605919;3.0869950097835;1.921182753312;-0.800327184505429;0.705067107133599;1.09315082447867
-0.103164317305976;0.834762590224529;-1.2332352867731;-1.64829165564563;1.13944102508671;2.05072460940428;2.93301331976277;1.08600369372451;0.256571786950396;2.26142986115764;1.23124070108583;0.996472476410811;0.777585033064263;1.85569691414354;0.806367176054578;-1.73782349475377;1.76791639611988;1.07997956096834;-1.60529706982577;-0.876521483602223;2.97306048085523;-0.271396056646639;0.231983178153767;-0.059167181882169;0.00405893711705923;-1.25534081493997;0.495756129961388;-1.13896810485315;-2.69636146229147;1.38233782633369;1.00650662472247;-1.83155047245216;-0.757367197126614;-0.829238829437955;3.30127757577366;2.313072588306;1.99204227606802;1.25337653875698;-1.11269580156983;2.49746806757953;-0.580011715538298;3.04262026191026;0.317287118111532;2.69542105822625;1.02545758623849;-1.26110249393923
-1.83451410634471;1.99721563996849;-0.573890429482456;-1.64655084026468;0.640488571297403;-0.0413099597716777;1.50596835245508;2.17226083606617;-1.09765238670676;2.33772956100993;0.305076135204898;0.494400234014205;-0.119330201512089;0.0983275911621404;1.13200886193813;-0.732399134729298;1.29591329752152;0.295376082817501;-0.207040865069663;-2.76062979302569;-1.70539641770248;-1.76864140309738;3.20384386880856;1.90632667449211;2.78348035397439;-2.14570706445919;-0.586414612638734;-2.71103498040541;-1.07795454545363;2.39840475439761;3.07383150507567;-0.0244246459530796;-1.22885214058207;-1.08381101705665;3.29073417278885;-0.26608932955555;0.378728220327737;2.22255186121521;-2.426819310896;0.203045280881137;-1.89251682389041;1.56164702945633;1.63169159199957;0.354941325746356;0.660325519548742;0.31858266549923
-1.57200942949717;2.18140196740328;-2.34366835686338;-1.67772520405661;1.40974816790958;1.25506466752723;2.07465273569951;1.19854715119672;2.0532193571076;2.71328832047375;1.53137742466614;0.606000238222707;0.675354571473962;0.794082547147723;-0.657095939584924;-1.26082969046643;1.04355862665096;0.58256529744639;-1.89701798769363;0.168292669035946;0.45432301562791;-1.45609344518565;1.58438895397854;0.863982347260101;2.38948178986986;-1.38632829463749;-0.309199905064859;-0.69940831244626;-1.68556100496066;1.10020377998841;2.41150362719733;-1.51194841691172;-0.632410245028953;-1.4931090224795;4.14141743004382;0.712780092748417;2.40725187783062;2.64688544996962;-1.7197767239976;1.7456493587278;0.809921782466104;1.2820401026704;2.28683940495251;0.984442968136042;1.42279754366775;2.34482595388039
-0.457333950709317;-0.293805521530136;-0.760202429929846;-4.37349954871722;1.21140546689225;0.113787964111584;1.3417591361115;1.06837089115204;-0.71215233295858;1.92723923517722;-0.42796844661722;3.77089314774911;0.692629787965188;2.28181681957629;1.36399269715875;-2.72644358552576;0.061545322441236;1.27685632416521;-2.54530351227538;-2.05824114653673;4.52085659513786;-0.643368257740468;0.30652425605115;0.9046262935888;-0.350269773577195;-1.55360190007095;0.0433038940186973;-0.602417414240672;-2.75436876549889;1.90543049387698;1.96564939246874;-4.54106863763341;-4.18828494141237;-1.7872926277695;3.6502543883158;2.01995997781542;-0.159666856790546;2.16537282713865;-2.03810460858791;2.60477160876447;-1.51855357131692;2.1863321950525;-0.730670753691391;3.65706954722684;-0.176919345353856;0.637977353859478
-1.62222232514026;0.0337901820628344;-0.496305020370068;-1.11478899070645;1.18420966695632;0.329238791113712;1.14733729526925;3.26889237146629;0.659432681468502;3.03907040786546;-0.0601866354902205;1.33039499103749;-0.234073894732539;1.64818515893894;1.99347157638317;-2.65374771621779;0.716110419241124;1.42232528714348;-0.635479998075045;-1.91115342071592;3.03375545081756;-1.91629326114723;0.922623250599709;0.580645063055331;2.66448140891558;-1.22182414391113;0.0356584605476199;0.114930320582221;-3.3511579091293;0.613108907837166;1.60275797004693;-1.50697489723124;-1.73026867965971;-1.95608792608003;5.21695506340438;1.32072058302868;-0.760436201035431;2.11412781041322;-0.952533030987388;1.68345746562242;-0.962058916622628;3.38290642095858;0.363292155877896;1.24644641395046;0.325251186177713;2.22521441775377
-1.57680111496751;2.92831027456418;-2.16659141379658;-0.314084340451132;1.17821055210167;2.05430808996431;1.15398678027;2.90794623987522;1.20150453350209;3.93012454368486;1.43047619872414;0.673904410530339;1.59180641237233;1.05074138395112;1.51868673946827;-0.7491447915875;1.5105534601351;3.04677144297925;0.138607412223029;-2.16327839320239;0.0175258801070746;-1.45801852881499;3.52404342790647;2.72524320148252;3.51508601523912;-2.92848502043975;2.20977338666577;-2.66858959931517;0.00762520073510364;2.69937750129117;4.91339093772432;-0.0234866205557733;-0.514589256117722;-1.84015848923812;6.43977833944087;-0.666258649394749;1.29929885705617;3.68887124448894;-2.88669733663593;-0.409782460775346;-1.29517401350514;1.06922526649444;2.76963624880676;0.166523153342373;1.09483275052732;1.82126201443758
-3.52071237140766;4.15007324133804;-4.15023630658198;-0.401008465286629;2.03803496616941;3.32802227619251;5.63016885945928;1.3938365380737;-0.625013295115281;1.1993802529399;4.34327366259662;-0.698620363134325;4.43053696782418;0.125828385917032;0.3325374190827;0.696857939826914;4.52475245328306;3.02636178249872;-0.255634668877182;-3.34323454951101;-0.834618307393095;-3.32009644111001;1.11127975272573;0.507253183290952;2.95814757561634;0.696160274046598;2.86338082810976;0.190589461930195;-0.845281158769685;-0.0410111795671237;-0.110447919875025;0.964614769891641;0.675370099720166;-1.57257085062811;3.81095971786542;-0.395149559938273;5.09529486521732;0.36905563431001;-0.277097998913288;0.206415028262456;-2.67069353281516;1.60281973999989;5.37408677346951;-0.653113307356867;4.25883041519106;0.724296186208189
-1.82400335809251;2.55624273697082;-2.88875246185981;-1.18339564138577;1.06295316135349;0.088718220330037;4.70172054141297;1.62226060080116;-0.46035948747375;2.31488739141488;2.86687105035176;0.930434202325215;2.29765143699715;1.09725250147628;0.427392628392902;0.379630358518681;2.59265198705359;2.26357517095445;-1.97372293640999;-1.83383713885573;2.25138882822849;-1.78068278449812;2.15143096186177;1.05063070760212;3.36538107391577;-1.32620982763936;2.23068378174318;-1.07473548951851;-0.0192856964504505;1.3609333241101;2.01040780460027;-0.448080375944082;-1.07716021455927;-1.34456163297229;4.73973978606234;0.760079833650859;3.57851883318483;3.00689574479486;-1.46232152819662;0.502392808013727;-1.03626441603478;1.54627717439486;3.21695307319164;-0.165743078478387;2.6583927005913;1.23859082482084
-0.419999349479198;-0.0452962713030559;-0.785533589935921;-0.615768997335148;-0.0354861148164169;2.54734891419492;0.320942269840912;-0.393407005984608;1.91549772517382;2.16077230042623;0.393284687708187;-0.134579761350561;-0.771900882861397;-0.369998033515954;-1.94481944817575;-1.16455066350799;0.21062247836292;0.224743933422434;-1.6159319319224;-0.324271953098599;-1.29693333938181;-0.222041759958071;2.15649893817683;1.54627275315907;2.01241434382363;-2.56336316065502;-0.44500182422963;-0.614734568919034;-1.5803575066498;2.09822226820923;3.53134853782759;0.399061781320599;-0.698989654074579;0.324378560380202;3.22513162694109;-0.495713288745477;0.432875647256052;2.26014505406318;-2.59191316518177;-0.465625080616055;0.636339823651222;0.610134138019974;0.202056174294118;-0.0232118295770927;-0.429939237354751;0.0556797796423686
-4.49658588156092;4.81664166073416;-5.33620652016407;-2.59961279566105;2.28930661202743;-1.0335360359178;6.05057966351476;2.31269422648246;0.0343784939149896;-0.404245694666196;3.79057291918558;0.0483415104115978;5.36832205725168;0.22651831641567;4.09790609211154;-1.80567544396526;4.8631168536687;6.24430859636352;0.450854871569672;-1.24199307847193;-0.827712233518668;-4.75692433797554;0.632311289897683;-0.13171791482197;1.31933089784773;-1.11378737549645;5.20037775343539;0.26898687261615;-2.46439212184806;-0.0737448527035449;-0.947907570665921;-0.41509011716422;-0.191992200189929;-3.12812920216577;-0.636257236830214;-1.32216394680532;4.52058028764132;-0.721931449738246;-0.42854179243495;0.0782584138227456;-0.929080820006927;3.03680219166409;5.38085473664703;1.80520745576023;4.85156899719371;0.113618377703423
-3.08396150558985;3.2074338118849;-2.05080579857984;1.38335726686616;1.06251676657397;3.10958692399124;2.22392668836248;1.28654853097483;0.605404906676422;2.52653994268448;1.64940276829033;-1.42085028760806;1.47486943604517;-0.730235342655885;-0.321934854213879;1.12970776428011;1.19814942833341;0.375597439220119;0.575679926040659;-0.0948675449687242;-2.17922419434977;-3.22703417363587;3.27039114177499;1.93805163537439;4.2790125789925;-2.59355371805614;0.431745987237839;-2.98759591664562;-1.47961591281782;2.45105658474823;2.62279911032227;1.55093863127908;-0.0447871459899674;-0.73961976450058;3.83762338258255;-0.876001371913862;1.75382369547851;1.66345387824184;-2.26791193555521;-0.537516029835595;0.0246715272283341;1.4930980523963;3.29114661564118;-1.59539726020981;1.32223019232958;0.590012729664459
-0.154300159927938;0.487983113975675;-0.445513003231162;-2.5167312982203;0.632190178846123;2.64862628598025;1.10253574973002;2.12966392698295;-1.84675591363052;1.88476213669499;-0.878207225756847;0.916853610422218;-0.206015737000677;1.81880761618003;2.57257600956558;-1.12851124770437;0.175932407040634;0.682130247599815;-0.99507575407942;-3.65135294105153;2.61270669368594;-0.356294043346882;-1.45133507121871;-1.58013873292227;-1.20802424007692;-2.12271363470327;-0.294240801771701;-2.24852377852973;-3.55886847639795;2.45333496200406;2.94080321388661;-2.02699441541207;-2.12286719717318;-1.22724222539617;3.64678483771263;1.5066150469748;-1.47208610964276;2.19823211693655;-2.12392066846916;1.04202243464593;-2.86781765436307;5.39947688655853;0.200109977644441;1.53969656280963;-0.895103360334236;2.27146409484137
-2.11992784684421;3.16330916279804;-3.48567322186896;-1.04901426067873;2.7541461506535;-0.353749585323348;2.90849008960271;3.37749458745762;-0.66049651595079;0.884754333319047;2.02313010460504;2.79759318596183;2.73651592477343;2.32645851999275;2.36494299818979;-2.57217152139;3.08824788698491;2.69732281991239;-1.12137817899818;-1.788862332107;3.88327334645823;-2.28363957086033;1.41607814118342;1.50254178612287;1.73203654848722;-0.750004993840009;2.32488731754292;1.13248731844692;-2.0660044721063;-0.462406212088281;-0.225139508514466;-2.38019361593211;-2.82689050725247;-2.90221206912633;1.66123044249821;1.58595548631663;1.92274870123749;1.59696080184004;0.124411126958098;1.36884207135776;-1.20646005297443;3.30495339960876;3.66197689414061;3.03313836360663;2.47291721605093;-1.95564904439747
-1.41856383418236;2.10572575135959;-1.24508115811605;-2.36138184146865;0.647072524140139;1.99991037977781;1.6354525896314;0.803720803828325;1.02596313304405;1.66611131703305;1.32047093668237;0.678090905609445;1.11218952667734;0.662241412649028;-0.133986797744279;-1.72532950970911;0.921284607917143;1.39441360792016;-0.570255202927408;-0.581501293434507;2.18258821263979;-1.51754964591653;0.990121738162698;0.324453067356791;1.36418182434946;-1.46840615244828;1.30299327299148;-0.177429610382772;-2.60408114476752;1.07870496091189;1.16251558078117;-0.957850091485775;-0.503056951816012;-1.13885919876278;2.45537618306526;0.65672743565073;1.43721681630897;1.36687510700756;-1.55239685051029;0.338770245575235;0.0589877060734345;1.80991284401239;2.21209836690193;0.512642464530182;0.641471721671269;-1.31986691058937
-2.66487758192209;2.24377226523219;-1.76301032132637;-1.79005648973868;1.32829014430767;0.36962873513743;3.231426469615;2.26887209216937;-1.34332921540105;-0.269666191965128;1.21585444053427;0.589437811935033;1.29853002881796;0.745458029480513;1.97538097852948;-0.528390209905701;1.96710089415309;1.72864275670564;-0.532929944196781;-2.3536506989835;-0.17637959484565;-2.68735738155598;1.71553561151347;1.59440242589257;1.8547480934023;0.334650298646963;0.643406036346076;-0.194461136836979;-1.68924092246889;-0.41415361064759;-1.4552530446738;-0.211889693267328;-0.554629943985161;-1.59086355323534;-1.70814986027687;0.643481175783088;1.85665275078398;0.672820250487925;0.436969955087591;0.977227960013737;-2.18331913161452;1.78152686713043;2.88384127317848;-0.142431013562952;1.79541855504916;0.296148312979101
0.789820530827949;0.857990023625419;-0.47820968495;-1.23377896409441;0.602772411927765;2.09192549431517;0.669535585938028;0.217933266135945;0.362922537056183;2.81818266095579;0.532419429624794;0.25720436137693;0.157513725699064;0.981965021579977;-0.118569329699459;-1.68731038615244;0.466737859041257;0.0183656439447393;-0.00695325433277594;0.0176849474934428;1.25935168278419;0.702827764103197;0.103359939866768;-0.586427729182442;0.897630002348381;-2.16503286557152;-0.363636275681989;-0.899339983910945;-2.53161205924211;1.88476174715609;2.99224194530895;-1.33676653408374;-2.01424567308497;-0.641014408152581;5.34415764048939;1.85539092513716;0.134170394075814;2.28893405678243;-2.37786998298271;1.23113395786523;0.22312394245734;1.91724257457244;0.219350023203812;0.467528690790926;0.0689312561847367;1.44805249808251
-2.26110158549191;2.5388406321239;-2.20577788315298;-0.351528896758902;1.58736811603798;0.640316799650548;3.71801670358665;2.70199523346312;0.222753038504228;0.794684770563478;1.22083682862839;0.689012454869518;1.12682908789143;0.0906792013625226;2.62907322044353;0.433610267842425;1.39296204123288;1.154123332471;-1.74003555135162;-1.88144389210842;-1.05623230154233;-2.5596450258429;1.63564968545031;1.12775207939636;2.39129427867442;-0.523705103028827;0.0303886414297963;0.70706131056956;-0.568238289978724;0.691256585919781;0.467644450325588;-0.321096408657522;-1.01143844074767;-2.02510945654846;2.42611502643367;-1.12155736151038;1.82006301512171;0.855047845669917;-1.01415323824471;-0.334004773467485;-1.14518069407617;2.43577051088974;3.02727708779052;-0.660617668794047;1.36050060373537;2.36338914790464
-2.05030667879269;3.0383048968136;-3.76211120856927;-2.97372511715217;2.13069023526721;2.48345028358945;4.17307629738449;2.92602531740585;2.5292429867697;2.83051007287705;2.41014545935868;0.453209938752428;2.19345227177015;2.40623117875238;1.29139728995309;-2.56579471837217;3.16747478203584;2.29967831998719;-0.982173663625972;0.724248700280724;4.46278998174368;-2.12250999571118;-1.75652901094221;-2.09109489257069;-0.902104580590806;-0.871284990750044;1.79009338725225;0.708239740557956;-5.12336594821507;0.753629471127948;0.870604244307092;-2.26437255340442;-1.93797613353866;-2.33160650058045;5.08456527907375;1.53924683792331;3.0553960883805;2.49666158857094;-0.866267673761587;1.82251120888474;0.901339432942428;2.63728948628481;2.9329207439372;1.06083419645869;2.92828885909861;1.84070479983987
-2.87831167724847;1.7986444637184;-1.27848059346248;-2.03612595991096;1.07687446117519;1.56242290583474;1.80228396319973;2.18317258409027;1.4737325913904;3.15488389566176;0.334933938821945;1.46849213800004;-0.335857805311474;1.18602895275274;1.55971602892577;-0.956424160966094;0.424066608948831;0.316000836691567;-3.13320698675623;0.143141936426787;1.3320252093447;-2.50935679500346;2.10815313294838;1.54287436881101;1.23525325725355;-2.5754680379169;-0.0775939671198226;-1.3079292144299;-2.1478377047082;1.8777401615618;3.3440935340743;-1.45425701061154;-1.29268684551992;-1.44708852841919;5.69183321009671;1.25668775014746;0.354945671885488;2.07039084239885;-2.14547795412811;1.13179894802485;0.246015857437585;1.35034844360246;1.75078401569913;0.796715643430985;0.424144407404696;1.09310989265834
-2.05509564493307;1.89254944362105;-0.691692316285833;-1.47230159644402;0.87873463579454;1.71979715687571;0.200033913840957;1.74289935338378;-1.85075747889311;1.91234978756966;0.190984284276518;0.124854404586239;0.400529856395093;0.631315294728053;0.483714476586222;-0.102145183003519;0.614488870378408;1.61663288964145;-1.21019722605676;-3.83202733860297;0.53558529746881;-1.53142372312468;0.738999734401735;-0.172104694867039;0.832872937784672;-1.85361156791526;1.10654562674502;-0.938103489433624;-1.0071861376815;1.62636829972453;2.27854724522467;-0.348452265898451;-0.231985141254648;-1.21744669406674;2.54468353781491;0.675666400715202;-0.53868759431159;1.715270977875;-1.78134355141715;0.301999698310063;-2.60274586484094;3.51566695908961;2.20127840527919;1.71696441216097;-0.130263757067091;3.06390465079407
-2.0935249911369;3.26878925884239;-3.57489763875849;-1.12238840077914;1.1398635409154;-0.181473915464711;2.65114359662431;2.30426415758336;0.345652643031871;3.61811638753913;0.960032924046526;-1.52691421465473;1.90121119832861;0.349773459394014;1.92928436638892;-0.675553391311385;2.06340668924549;2.38588191176702;0.228275546979641;-1.0110320417952;-0.191855697281765;-1.8847273794832;-0.127419098489953;-2.00765164995021;0.28995768997932;-2.36941491098582;2.07111135210782;-2.80281281447182;-2.39771227999512;2.85641585940307;3.61212776828171;0.169619402775004;-0.407114059400221;-1.09778611740478;5.25008326038192;-0.435830161188337;1.06255095000184;1.9726655920669;-3.32454337647307;0.255077881194156;-0.354427688829953;2.67237651557113;3.5881217746958;-0.362874484284384;1.61251582183855;1.27041482635951
-0.136943184390946;0.419130085155889;-1.42479949243296;-2.29914233000186;0.736190943431656;2.14717564655769;-0.904887300119714;2.5532879633428;0.089510173098675;3.66883674543207;-1.24565585735686;3.04168773567245;-1.48777712872559;2.35851001392137;2.05942084219784;-2.15552066008619;0.250323743890946;-0.485667527997039;-2.60246131107461;-1.00874964548904;2.81343986450811;0.415019760575871;-0.427551136057875;-0.234938792489814;-0.914809955745798;-3.14938518346333;-0.869136164546417;-3.48287212206685;-2.01578198116737;4.13434068046299;5.00050572583323;-2.93076782916111;-2.76933702964047;-1.48576541644056;5.57165204334566;1.82264390285747;-1.76876170102086;3.80662736549033;-3.6078569994965;2.21354293826188;-0.482375943539705;4.28140765173215;0.308124797395166;0.224174694048757;-0.970739332797738;0.325565566108931
-1.99037755738125;1.62731936007146;-2.76198910801364;-2.31376929504082;0.99053781413062;1.19402409767744;3.05886804823005;4.1781866540209;-3.20746149683845;0.489803539094463;0.45848029498812;2.68736882710842;1.74498671037027;1.14366003481482;3.32315599705933;-1.11815083176822;2.10784562709273;2.44447815341892;-1.6723565255997;-4.38469684907026;1.78344058590965;-1.99330496038316;0.633678071828312;-0.207961305745489;1.25420658128894;-0.718170659004655;1.87125796568622;1.36780593845089;-2.86463812862212;0.0791121752269339;1.06667998269674;-1.96573350340099;-2.24177494968946;-1.861080875312;1.82266516399455;0.1025269476021;0.831298590424781;1.40435730019327;-0.690670866684905;0.507881882057804;-3.85667084789164;4.69547845304679;1.89172057044132;0.85273806945223;1.80772179606116;2.32990712833
-2.89570771363097;2.9819432022003;-3.83112510540711;-1.55671277411517;1.19339584464657;3.82444911422304;2.96136160362621;1.55756088753762;-0.655822850201914;2.59187289014461;2.59030538840656;0.148790376178703;3.6154171198571;0.179115526922396;0.803875094714717;-1.41634571802031;3.40809144931549;4.26830832573348;-1.46355760775565;-4.09593107033124;-0.22426751010676;-2.30296486705952;-0.290651540158029;-2.09968047805672;0.625112552679352;-3.96678765760456;4.06231802739448;-1.47111447489125;-1.85240485806668;2.6897271586544;2.77109396560153;-0.268356523656871;-1.05795739223812;-1.00167697974665;4.62192622882255;-0.0168957465531006;3.27490280881555;1.66523604917785;-2.70787761180853;0.104456965216728;-2.72046071915405;2.16624905628426;3.23970713401811;0.292056076998117;2.96992360616341;2.57335969616509
-0.275556513826897;0.949299264681146;-1.38362616067956;-1.85724708290638;0.68770019769225;3.25268764555938;2.0040969870277;1.96414514321379;-0.362739029977105;1.4657328544373;0.774689715317672;2.08977882753922;-0.201407273714052;2.59420664136532;1.28252160813809;-1.9295065781439;1.11088359742168;0.425329322346125;-2.86599452028972;-0.931903695879765;4.63056550174344;-0.731810000682304;1.56219970503713;2.35872437967757;0.489101593633415;-0.792754280619197;-0.328130111872735;-0.327140747781482;-0.946598766543885;1.16416167676681;1.66640237662169;-2.71638337603347;-1.92598059334182;-1.47068440144145;2.07494064083692;1.57235418989293;1.3157587876092;1.97046416981058;-1.42818995747838;1.53972815049375;-0.622343230263793;2.44846256269202;0.579776057130418;1.56509308177163;0.515941520405196;-1.61351720804114
-1.56777190375796;1.76534064334263;-1.63125328191634;-0.947380110448385;1.25130180626674;4.72336257545155;1.7846491354524;3.22979280644105;1.93454884725598;1.05072875546427;0.705666960021352;0.136685296726226;0.90842297709013;2.81358421465763;3.2623537410721;-1.4784780286669;1.77378166863865;2.25371472038153;-0.518948542254266;-1.29327149619824;4.14425426609586;-1.45071301176788;3.85210275349019;3.98844464610897;3.76001056188743;-0.687121615252003;1.49309438079204;-1.42916734122781;0.193413764074415;1.56116321937552;2.34587647784581;-1.93658779470975;-0.00942170784282359;-1.69794453648832;2.48456998919233;2.48866598547514;0.967200786260063;1.17220025727564;-1.40493412688487;2.10040697421922;0.210798263607072;2.72501679342017;1.54520414834301;2.19432956948091;1.16361255458558;1.06583271310278
-2.49971564305943;3.46300856700136;-2.43501314656724;-1.2567776843338;1.98049360134973;1.90749155270607;2.73754241950061;1.89298295376498;0.493152799125828;0.508599425094441;1.9500358240689;0.358202165590808;0.972463025060178;1.95118383936531;1.55929785172649;-0.782080767524908;1.95939557995653;1.62630700598429;-1.75290567947257;0.0313938999176768;0.763697046709587;-2.07154550736942;1.17365917867987;0.93092992855833;0.936231240122777;-1.3428813123165;0.931609389900365;-1.16691078693067;-0.831346516857579;1.78250346657348;2.32473142501274;-0.826445834592235;-1.64970300596521;-1.86237251606605;1.78294247681932;1.31044144009132;1.22474212499259;0.930515951727778;-1.55751131664348;1.4547186691115;-0.349787859536477;3.0966027583263;3.55237876101706;0.266878684139439;1.43714189380352;1.55864185516774
-1.23490749341794;0.912658378607634;-1.85223400131838;-2.82903435816485;1.39888298522496;-0.727568021336142;2.29897183186232;3.49264265225334;-0.901301997431967;2.44909527089966;1.38966807948638;3.70703660552787;1.83939008764879;2.11638271772584;1.41773543830267;-3.32778400302824;2.47818800342877;0.709751418147995;-1.80326922663783;-1.16456174939595;3.29303916033912;-0.720978388368265;2.01989694182193;2.17476614875199;0.901737193635183;-1.39931268033513;0.445820609600456;0.500498289076396;-0.966734050224712;0.645626949296847;1.96472807521317;-3.28352462725662;-1.94191448069974;-2.50788039415673;3.04865189600714;1.45721966218275;1.87570742156057;2.93546839347987;-1.77292940266102;2.07870660927053;-0.708217892505925;4.1118027156443;0.948212058406168;2.16539859178398;1.44471079807829;2.45370258121303
-0.830187484345918;2.53051939676456;-3.27700880102567;-1.12141187199897;1.32294463526307;1.11185051571079;2.65818153544578;3.06090830028703;0.716724114454827;4.04810862101104;1.63841061321659;1.30195059972735;1.26166461956036;-0.412754241758307;1.04046642774809;-0.55086228641469;2.05096869725577;1.47242337903969;-2.28553177375142;0.181902829544649;-1.91728177797773;-1.27083284421433;3.08134008251305;1.30174218320695;4.90019647580636;-2.2437781335229;0.604782030488133;-1.36391291529782;-2.43713893415761;3.37457111189457;3.80202172684712;-0.602869037671832;-1.13660781432435;-1.81062793589485;7.17400479695056;-0.463378589379595;3.03131405312966;3.49310229010144;-3.01611367240636;0.761603909920721;0.263451609057193;2.84627039801077;2.5996555235966;0.487400677224697;1.87707801676006;2.87935559781348
-2.42100382887712;2.32708205832613;-2.35707583887903;0.869335730368956;0.689088990914129;0.178015153291797;2.39586459731738;3.28346252101928;0.48429220052461;2.32152183190216;1.52535490543674;-0.409229641241882;1.99852206862951;0.109596512400849;2.1351163350096;0.134966431133554;1.23021542957689;2.73063073627171;-0.688169216681895;-0.471877744275805;0.259244641823221;-2.36167097626826;1.79435739907364;0.647646905770117;1.64774423134412;-2.02316097348144;2.00522503252496;-1.75919448559782;-1.80386824358072;1.32976292799774;2.22194129103642;0.538942040719573;0.302327549792374;-1.41431525085873;2.56040133910402;-1.15654335416647;1.7718085334649;2.65732237021653;-1.42005061337806;-0.196001018396052;-0.635311332022408;3.48102048351811;2.42706487274111;0.657329662541616;0.954254514124098;2.50136546281438
-1.79688398307817;2.28483549077545;-1.90087357644515;-1.21836643822076;1.20842147885531;2.34331362198233;2.21847266939306;3.60764213408945;0.75242090373302;1.60982033606771;1.45887266920538;0.448004785853109;2.10255204231201;0.654372232734857;3.46101010106477;-3.07073320185731;2.24850486868731;2.49425375731423;-1.67306847317979;-1.93588354521378;0.98162297373579;-1.46288012104382;3.32497157584865;2.81103215093038;3.63435710177178;-1.6530880589402;2.06368359312468;-0.637242601408657;0.329612956361953;1.1673459466321;1.20880315425872;-1.42176848827689;-1.07568837080781;-2.79106593672082;3.44895031441748;0.00551956009845767;1.40392158100593;0.768092630188652;-1.40749592527455;0.928511363316699;-0.925165394770779;3.41225366080551;2.06710206259747;0.852626484936175;1.53943448486329;2.01274013967052
-0.336033627064709;0.598341890817778;-1.07632213777716;-0.885849504772552;0.714496952045346;1.29240701528015;0.92533258802212;2.22988758115999;-1.40262644608298;1.91072449048618;0.697198835862718;-0.556963154372778;-0.356149377172988;1.01204358713226;2.30592721406692;-0.257962299611213;1.42511407392527;0.832777407894523;-1.86686667315385;-2.01390719589261;1.74281654739709;-0.51166244800694;2.59147315579588;2.33075491049871;2.79193357232435;-0.512603888525909;0.840639550117223;-1.87691792735631;-0.997696515279963;0.579887705882113;1.34237728609201;-0.417260725001969;-0.211619591473652;-1.71468729904545;3.1458710444495;-0.908553194048505;0.324437850168844;3.16544537213768;-0.647061947164253;-0.162605926079309;-1.47000325122084;3.69398520617062;0.214799992798594;0.191143980351356;0.703626508844527;2.18371214083232
-1.84848992243544;2.7327929683719;-2.59204192885009;-1.36716596110383;2.07244432482763;-0.34190991638399;3.51418511766053;1.03698342699635;2.54787252232936;2.26183411018353;2.67127189696215;2.33029154149313;1.26274738238144;1.58780447860964;0.295616743560768;-1.05643683625377;2.81117150095285;2.39321599408768;-0.980475781977267;-0.0211981850575741;2.99788969208862;-2.3826566518632;1.14205370969394;0.485991980723254;0.634629417482113;-1.21998764298129;2.06821237214447;-0.246788112900407;-2.12346610016454;1.26832979499437;0.836244826163559;-2.12485031474135;-1.49073167454351;-1.11551002328712;3.38616172894289;1.87837563889023;3.22886082991778;1.50355365022706;-1.32348404816215;2.01571868650365;0.671367419426127;2.19173368621633;2.98678897032678;2.35701245275058;2.18007464249193;2.85859544927888
0.0801072341323359;-0.289322458315146;-0.122237839070159;-3.9773148255399;0.518912360853688;3.12070830118459;1.30356351685948;0.176271472679561;-0.731604096855739;1.80627541933124;0.259010789612826;2.51945454139371;0.170939650232578;2.04801853986378;1.09828104747943;-1.75890389155053;1.26085292928437;1.84812193184636;-2.26870424386258;-2.33368880129248;0.943368520867583;-0.352578858577828;-0.435341659886665;-0.162488709188791;-0.283759812246757;-2.01958123292915;1.536882448868;-1.27799623049486;-1.60932464749374;1.77996362435968;2.20069013926299;-2.62199951516887;-2.26566375650798;-0.991696412363386;3.02336934096884;1.79023772562154;-0.0663857915553462;1.84383220913946;-1.85462341570865;2.06529141722915;-1.75857152223405;2.58434621552287;-0.553996629256169;2.30554129356741;0.257771397823643;2.67138427657631
-0.0914100120636886;0.273698362153528;-0.149253234643022;-2.62600978293436;0.68567286134524;2.7393952446319;0.671530315562456;2.64271837672697;0.000560305490674096;1.86043547688822;-0.199601609579986;1.50835888996662;-0.677674134424116;1.24281952830645;1.60742449009455;-2.58678423196857;0.231439353043887;0.338572571602691;-0.407645654967804;-2.84361694172008;0.599765124759777;0.173008708523811;2.17107547288225;1.84042924724382;2.19452891414664;-0.615961690779926;-0.162627499212269;-0.772648603546501;-0.0903102534737447;0.793546081991395;0.876702353374263;-1.88807468023861;-0.756172943377185;-2.057544714741;3.45913864240877;0.449693089087187;-0.864584109325752;2.39970079507885;-1.17276713446997;0.977526881406518;-1.59572139303031;2.2071302165009;-0.129851720519085;1.10673855718704;-0.336507814478267;2.06524516471881
-3.80453260696203;4.89308059454199;-2.67629843567226;0.0819920427973828;2.53773176982944;2.72703867966826;2.09392438887792;2.07250889328791;1.8625011424941;2.45145925126987;1.16622544997777;1.30450061117371;0.245808359238597;0.813542692191055;2.83020199270866;-1.47892105476585;1.39875718557604;0.668653009513101;-1.60304836575982;-0.496717908155621;0.611690801596539;-3.78124877006369;3.19821012426154;2.0485599240576;2.9727814108464;-1.65043577324105;0.025498622044551;-1.57859715952685;-2.50941067706079;1.2722782484052;0.76053350023856;-0.821446339906435;-2.40962641162759;-2.78055172327996;3.48600617758223;0.215263528910908;0.994095154322941;2.76392800970825;-1.59623265584667;0.597950345655268;0.157943277422802;3.27457768663807;5.16524836201024;1.86860560554823;1.30679480941918;0.0666461299986766
-3.9594673048637;3.61376191768314;-3.66747536857795;-3.43015161228549;2.48723763849576;2.16624180999972;4.05836448137286;3.67482983528213;1.3144851410362;2.87798454491508;2.24430255616765;4.01431515213368;2.87617827339679;2.67719959081752;1.07427910996664;-2.72685895739596;2.55017465785702;2.72458049498131;-1.42933451583581;-1.23151010744147;4.9122559353579;-3.56445520058775;2.96801823703209;2.51346341015107;2.57947499242718;-0.911689701682649;1.7523868137586;-0.651854248870226;-1.1350059283551;1.08889089732356;1.55977218030566;-2.1716874105356;-0.97463095145118;-2.29632336312734;5.31072991232188;3.08976121084494;2.7246974639544;2.04783572299516;-0.933125275532084;2.47539107231711;0.09856640609641;3.49427901077456;4.13950718182286;0.331572343266564;2.78985499453358;2.04282323890839
-1.30645551611868;3.33722806374514;-2.86849855724249;-1.68703231790277;2.09676177683536;1.73053209914038;3.70123723381824;0.727808292093484;0.694304059957621;1.77509085692376;2.46821518645249;1.41227485094184;3.6042384106577;0.715130370102367;0.566159232791009;-1.06748680343362;3.04156167683512;3.78168176018256;-0.652180294855027;-0.821887036943759;0.504578958311207;-1.61272010099735;3.72454312557861;3.03097195884374;4.8303025659343;-1.2580432274117;3.31221766762356;-0.893812897141587;-0.331202874102263;1.33449048009071;0.765629606125267;-1.31246154620272;-2.721336625085;-1.69859228877353;4.79176513634757;0.148279801509317;3.8735081995856;2.00426760417791;-1.06259059668984;1.23502767819163;-0.220262717096868;1.73430567463799;3.3823399197155;-0.0691647186472684;2.88953745848492;0.561924271325436
-0.915102987951408;1.06618085496581;-1.33493562429589;-1.3993473783507;0.883693850529854;1.76712022453161;-0.244295430667967;1.59053029365358;2.03521132850922;3.86512761780227;-0.722511655789855;2.73641656580288;-0.480820269777337;1.5060369982611;-0.104885172779825;-1.01743554675641;0.375522851772369;1.15619456105255;-1.96955494546982;1.07019336517788;1.82031814656639;-1.23193874084235;1.71322083188984;1.16581389408323;1.98332169764762;-2.65494059978974;0.134487443114797;-2.08253797439341;-3.11986801765914;2.57897530868286;3.18594873351704;-1.46685175073247;-1.39141487854223;-1.20763133638587;5.13979932447909;1.50740547630765;0.239669219742779;4.41507613238794;-2.45661128706244;1.32010672391291;0.808622616534474;-0.49707013793396;1.10527096920536;1.05955515909431;0.192158158438688;1.78464267034913
-1.65580163159663;2.2358317586807;-0.944942889976832;-1.30262931706567;1.8109950125109;1.44243225836871;1.85290471877328;5.11308312987516;-1.75098439332242;1.68186386647985;0.713087281789073;1.71330041553998;1.30654372546509;1.31103668597599;3.39520924715897;-1.93652695298645;1.62900694041639;1.16539017883563;-1.99579399912929;-2.96186197493668;1.26144507278926;-1.53125274884197;2.31763371700726;2.09015502563529;2.03014513124269;-1.70683876885832;1.63880629108339;-1.26098747051819;-1.62335705314604;1.89034291504436;1.61756353390283;-1.80712842489969;-1.14613876429766;-2.78524589304429;2.92429754232543;0.959231979881632;0.301179507626597;1.67063790531815;-1.51969205460788;1.09286456854951;-1.71285177952913;2.9220542876111;2.32285794267616;2.0818984874375;0.698082454632624;3.01857265836874
-3.71278242833683;3.4833470094133;-3.84316290790547;-2.4062970299077;2.16091727713801;1.54457252956892;5.61827992821657;4.72024188009043;0.395112013288158;3.41211682788962;2.64284813307458;2.29148253036395;2.71677269656347;1.40019733151217;4.29660223485285;-2.56052095697646;3.53214310021035;2.65954734750426;-1.88801029042148;-0.790910366303667;1.18071420357077;-4.09734459755566;2.89045441041269;2.45270291177542;2.2608318864436;-2.1072745598306;2.58134334588638;-2.26963236431076;-1.79300412176736;2.79767884286786;2.77618228091481;-2.61894297605076;-2.47849685382392;-3.02600252251652;4.94358459604995;-0.343207000415689;3.98387586188864;3.14772363292598;-2.27279856089969;1.57474497006297;-0.212610697605323;2.46575749064058;4.45698321584201;1.11246618021841;3.49100793852367;2.36412346019867
-0.743255647967903;0.846578896295241;0.0836072356212866;-1.6474575848958;0.214870304399864;0.955671610482512;0.333533470384175;0.40133983824823;-1.05883216097388;2.40293937100174;-0.247437088108319;1.55974703409773;-1.25135746734293;1.33408378430636;-0.422564756673784;-1.14742276379826;-0.939941615484942;-1.40026963594493;-0.0773391387963887;-1.32284220671079;1.40726620320179;-1.0279529383022;0.774166132170055;0.412643120760807;0.0043336344399495;-2.35513852873828;-1.64169541733459;-1.88962551163436;-0.0330088503080422;2.78872171606929;2.48741652039091;-0.686996288645219;-1.5055757763182;-0.124443503242085;3.39501154422238;1.60690247846625;-0.367341522106344;2.59062064328334;-2.23028209519665;1.11099298514774;-1.09670788243477;-0.0689743005929225;0.577258451846017;1.29636257978399;-1.07734074521483;2.34561949635795
-1.28873433041171;1.50057830213766;-1.69768726122441;-1.76005202741113;1.30684926630596;0.112345096625477;2.28616896298323;0.632379897443377;-0.487140609772666;2.83672714416767;2.17604948937736;1.36303357423645;0.372161164135206;1.04944308752834;0.153266395028658;-0.855872133129285;1.73249123575035;0.650684966384324;-1.29212623830237;-1.21454365932214;1.55012110425201;-1.69660125753704;5.78261064218369;5.54657166787739;4.92208896107182;-1.84112219628873;-0.380141957900102;-0.759864644599284;1.02354986361874;2.10337581188398;2.48879399098035;-1.2177593950883;-2.01610581912583;-1.05008604173529;2.79694487718515;1.08323723045184;2.43748775782085;2.81006546357979;-1.93759639997327;0.674982150219908;-0.735088307671239;1.35900544524588;2.11315953197818;1.11051501813188;0.95360394928653;1.83593735336611
-3.13315327214415;2.33802660309572;-2.95695359330421;-1.14270241108035;1.22453089389094;2.45938534362203;4.18351774787388;1.52692025637549;0.124594653347944;1.72597534776439;2.50605892052378;0.159432286750442;2.61770922501515;1.12643852878362;2.21972300379098;-0.872171180340145;2.17884820313005;3.34511511221366;-1.19222695865081;-1.06027634334974;1.16600500144728;-2.93825176621209;1.74922609983095;1.54300793986015;2.95855017682852;-0.279813126538481;2.95280881595708;-0.115325624345201;-0.98745127028297;0.377735713822838;0.956157923113153;-0.91985710957984;-1.53346562328042;-1.24797381937647;3.53151175020837;1.43495684694313;2.50483363524264;1.45873039001273;-0.385726824863976;0.591678323297531;-0.948917124343176;3.98076099700733;2.94200368109177;1.59943611031759;2.42561994873153;2.52005921590129
0.612841265103378;-0.25090961378184;0.252780974598728;-0.926297294749459;0.36439712957287;0.983705120940043;0.0722674602947453;0.402599369809158;1.91520459946182;2.475548224544;-0.503168432836972;2.72590163728966;-1.60310459425079;1.02650405301345;-0.385751592674627;-0.577434123400553;-0.34953149694561;-1.32104581156029;-0.891913168166961;1.01844631337465;0.50232943533032;0.0536138183803613;1.63015311925787;1.33277472478131;1.38544173023165;-0.945013397270982;-1.88121209055199;-0.761054363125951;-2.94547674666723;0.971701532048522;2.09350606125587;-1.75571286617803;-1.72407102690365;-0.799819327626597;3.49822524302029;1.30380033858614;-0.890836905847661;1.28905885710653;-1.39991967552076;1.62556481878817;1.12608728673936;2.29661364534419;-0.409466817564831;1.37840574897012;-1.20015816064975;2.03012756048558
1.23205565391295;-0.726864255541194;2.24063337622815;-0.969573665920439;0.520060420223277;1.92524714582173;-2.4993375978829;-0.161661548551952;1.38369226571932;0.947541417697962;-1.20067161895779;1.15628644432148;-3.65113422879657;1.08249544651948;-0.740147748072174;-2.11146561003782;-2.28228442800161;-2.64924729265305;0.729452330776438;0.897481140381043;1.11953843418865;0.890387689250497;-0.964947636519697;-0.751773463552987;-0.514354357952767;-0.79884789285398;-3.56400642259761;0.20530810337457;-2.51403368553412;0.770934932158434;0.925644974994004;-1.17146880060773;-1.32432068189989;-0.995602822926818;2.65075614027613;1.65023746110679;-2.65271281892684;1.90929428673296;-1.08277767114672;1.43956401886993;1.16740214220571;0.600453743936351;-0.886908244281535;0.390737835292468;-3.10730602115541;-0.698657127028857
-3.38180657627587;1.98149080121169;-1.3157837753926;0.253356358895169;1.06490954753973;1.69319643109553;1.63730435031078;0.502974210070063;-1.80615892364091;3.30807252901604;0.964277499332069;-2.10521138254743;-0.363862575278053;0.457776206011577;-0.520768698648676;0.489664294525408;0.103436003139271;0.0729739633164827;-1.11521014659014;-2.71371229925416;1.24901009744006;-3.50231612969815;1.91859054683779;1.02936658379007;1.76324203865637;-2.06723761200574;-0.252181710968229;-1.21242050007204;-1.41745385431134;1.83589629781993;3.83016986500766;1.07380790283518;0.460301591384655;-1.36575598055239;5.92383782082316;-0.0197354100420972;1.04090540283731;2.96788188349847;-2.36004445419622;0.0290774926694065;-2.64492446325217;1.90623814599143;3.02462543136778;0.308559656399018;0.50870294024052;1.65299611752918
-0.354464494608816;3.13259412156669;-2.85898928918753;-1.99260951612846;2.34803867524396;2.87369359230963;4.50411023157037;2.8512763910941;-0.387407626825637;-0.257814523941343;3.05380314606175;2.09331156351848;3.10617021126823;1.44666306500851;3.11087307765481;-1.95269127951191;2.43930757039014;4.17945412547056;-1.3691609076393;-1.92485179232127;1.42769139000026;-1.12711118414765;-0.874951784407954;-1.13847576782921;-0.992422368523649;-1.5357708602562;3.21700019390302;-0.0313125682610681;-2.66740680726552;0.147494536850226;0.195045051561016;-2.40396898481703;-1.47045126396741;-2.80154392543442;-0.530652785869042;0.729926453492314;3.19115626520224;-0.629881580399583;-0.445377580443092;1.34428560023093;-1.63841002719454;2.43797232014656;3.31538897025962;2.03854488656017;2.69912920964026;-0.130932334852055
0.548826680440546;0.20064385671861;-0.18765819110767;-1.79130165684443;-0.183758921104486;2.6460832906317;0.459154218641228;1.96550234677226;-0.337053406363135;2.1673455672705;-1.35453248823603;1.43002890068319;-1.76330037946999;0.322255917293138;0.708830966835568;-1.66424169456056;0.0978727628657793;-1.44415681024858;-0.27490016707515;-1.53062659463753;0.561591647612056;0.12351544950738;1.50438376141317;1.2178165091087;1.70385470069794;-1.73555886473606;-2.01242995008442;-2.14998185549401;-1.74497851061075;2.48371494871555;1.83280614154088;-1.60575555091082;-1.8076952859984;-0.916745095605717;3.75782932357181;-0.586421052422673;-1.1597045130378;3.19808531964148;-2.26100760611369;0.577888979122762;-0.728940687948732;0.94796508701601;-0.796079997855078;0.796621646539605;-0.859589088846853;3.23522492931936
-3.01330481015431;3.17683518195842;-2.27618890056405;0.275912044502506;1.81926047241241;1.59043301579866;1.88017729430738;1.49761154076651;1.50709985703119;3.41913888533607;0.66284213376633;0.615807048881413;0.665893511819931;0.94672885938426;0.412036976544002;-0.148337855488251;1.58681018762579;0.896197890545207;-3.94561835351581;-1.93810611267998;0.251767700937179;-2.39473238256908;2.63474667528661;1.27046845946846;3.00143541012195;-2.5310419779862;0.574808983702545;-0.700884047293779;-1.97462683060387;2.4746645503158;1.82728083801896;-0.584912122745501;-1.65290663166562;-1.35745381428746;6.60790944418117;1.48153870971203;0.726354215530213;2.63812303019333;-2.94589649070123;0.998224820375149;-0.710130012522401;2.71899894442927;3.55574095217677;0.483659503129439;0.647588451211557;3.49152478633439
-2.02049666116978;3.0165030633068;-3.34680316979281;-2.17409608235372;1.88437928751692;0.566939281871962;3.99867805034114;1.64236652806949;0.135456853727507;2.46531646008031;1.53841634922265;2.62869933374892;1.72168726546557;2.74832358634748;1.60138663719446;-2.84614135157916;2.04472938116962;1.28442412901089;-1.19690212622558;-2.73884297470095;3.44206243073681;-1.60775986447726;1.58727899332204;1.36426806663501;1.97673851506694;-1.07859538548733;1.29421239748924;-1.43807117707229;-1.62177773676801;1.69393840042162;2.76777692762522;-2.65736224958415;-1.71638968812617;-2.37370554789083;4.89641484641193;2.49311418229223;2.31558031721326;1.28143286620449;-1.17870862904699;2.27170235732535;-1.94918022591828;2.68629172336955;3.43029216883561;3.86584261917099;2.34312005380481;2.46937377696009
-1.83653293181805;2.2432860405338;-1.4805393120235;-1.07922452367137;0.997957319556278;0.587704070043088;2.50682526440804;3.49150366155628;0.199594193818785;1.33567890865627;0.389491045132937;-0.582554616515334;1.81418175711672;-0.0197394160864119;2.62429401022777;0.13919475693679;0.479415741410834;3.27047414588599;0.730340045410105;-0.155013280471964;-0.176906331702313;-2.13502495289522;0.308892566758591;-0.735873040208499;2.05444683912423;-0.99693333590824;2.52542260359969;-0.82714702841688;-1.65498622682346;1.06654609975916;1.69865373665526;1.11489218110148;0.155033766167983;-1.92814549532941;3.61025744576995;-1.56520686694296;0.815928725326521;1.8605644650559;-1.23904636077088;0.0393278426929765;-0.230233578636848;3.36047281257374;3.30345509524634;-0.180778258814878;0.676191412041554;4.18081069516854
-3.43006661560505;3.04342611220493;-3.01831760227287;-2.70813009915574;2.94393908531159;2.37024693084202;4.88594989466623;2.90799093595451;-0.285615570697249;2.0375723210941;1.74161506108686;2.09958076141628;2.41862484758063;2.15251795556193;4.11046746618679;-1.43598465719506;2.64302286344889;2.48552845689348;-1.67465203742339;-2.28029757147673;1.58630576850332;-3.02384718515663;1.68935085675293;1.39004964966382;2.57939185189866;-2.46675397428787;1.5023983390185;-1.33462848249196;-0.999554888064412;1.90029622529303;2.72344007067883;-1.82771367297297;-1.84895509690796;-3.58894456087301;3.59745961912595;1.23360440626511;1.64010476974602;1.5931589103514;-2.13533064862076;2.29221332807235;-1.28620842227365;4.01143189552319;3.80601926443764;2.90736217807001;2.78349348862346;-0.0106010341586675
-2.31303545093602;3.53641581971885;-2.60085105621097;-1.71715247676845;1.73605748154953;1.21377792524801;3.1106153816914;2.63629422780054;-1.05379774645797;1.61292945155859;2.12025058895114;1.22706108168837;2.76280591553696;0.62372063519139;1.29561000513165;-0.291302633193647;2.38389128656138;3.26947471298193;-1.6085864047943;-1.90537277493126;-0.0590122010998991;-2.38857525053744;2.81284569200813;2.24075282021663;3.56386924226069;-1.81878352607657;2.79688739495467;-1.31654943305838;-1.6024195948681;2.0098001911939;2.31687346050541;-0.75089079110061;-1.30010902227531;-1.79926234844485;1.70852212137371;0.195480489295391;3.30257471797594;2.06448580776944;-1.82400907417311;-0.0494531056869589;-1.64273216433363;1.46207199099459;3.52348752278553;0.731598888818398;2.17474708271624;2.00742554202557
-1.91898252042213;2.53149950883591;-3.725045575745;-1.48966427269987;1.92083192626641;1.65655215529298;4.56988744091984;1.17926322636669;-0.502182213891735;1.08283886079529;3.64490887926175;1.04031829944815;3.731865161086;1.08006394049757;0.509966100014222;-1.14614986975479;2.62535873339525;2.52620416604843;-0.856914805376923;-3.76504204597641;1.25283597422514;-2.02878792024045;3.52619966779716;3.3488701799292;3.58245821433192;-0.316541488973831;2.98746880106299;0.221873079742419;-0.991080759929027;0.906659030812344;0.274405824374708;-1.50576170520106;-1.35341800530245;-1.58371624204691;1.92439310954922;1.01671590957825;3.86186292235424;1.13812720538298;-0.610298835475336;1.28493853374302;-2.42751353542467;2.33021387839379;2.80286737909466;2.3234010679245;3.33152439218067;1.96123938665718
-1.61175093979928;2.41661157218458;-3.09226323646617;-1.2002566008335;1.57491619365988;3.21230962638153;4.31262958836839;4.08303839814219;-1.27607714842795;1.86279105309962;2.61122618598023;1.52014494587677;2.20408094429749;1.37790609935334;2.01508075562365;-1.56773977595891;3.03616047953372;4.19597342176693;-2.06020264157418;-2.61438096929858;1.33522831079129;-1.91115448697485;0.270668525424809;-0.354697074890419;1.70201705585785;-0.993641842864406;3.19735019740614;-1.13220720138827;-3.23277205084147;1.15383442021829;1.61821283624097;-1.91725739364953;-1.40547469426903;-1.99642325542535;4.75388186877758;0.974332794185189;3.78600255721271;1.78682609634048;-1.03530385951521;1.64036771175082;-1.87741490808967;2.61160378570161;2.2922425015406;1.33652342384751;2.81953473555191;2.63224294400261
-3.25539893422185;2.45976442045296;-2.03872659207291;-0.652698111203028;0.829431249865555;2.86838841708598;2.28648341305202;2.78540091717364;2.33896222103971;3.97297780629155;0.726120960019303;-0.266462938328026;0.143155927351777;0.489753262544796;1.45750100903745;-0.623135584662311;0.872577465190966;-0.35594296006293;-0.917712465397534;0.881962743664807;1.15308989764403;-2.83787888933391;2.18071974427155;0.973215782996788;3.111579412893;-3.21707292543739;0.00809218856661564;-2.40597212939346;-1.32831479248522;3.64268662364156;5.06891503065348;0.570744608050418;0.664172527758005;-1.51147323363637;6.60148816098506;-0.517973646581003;0.638288446137307;3.94412062207334;-3.04915702065398;0.366092662639297;0.897676436895453;3.27297448014987;2.93900015153071;0.179752202364614;0.454952939300843;2.82479341407381
-1.43658915173518;2.00979817516896;-2.7476915204125;-3.16880228250325;1.49346951919568;2.02893973961585;1.61186370420688;1.98492214613174;1.86684025393036;2.67105870473698;1.13530670992617;2.67680928135154;1.77991260283676;1.3449218560554;0.422449769851453;-1.96687357828816;1.49162552842621;3.07157587276149;-2.99869745523705;0.781825971204694;1.665087396344;-1.43007877044633;-0.728795588268757;-1.45075406529609;-0.0780773912352009;-1.56528824711271;2.18572350265571;-1.50871754147388;-1.59481961720755;1.81692142017062;2.84228441592164;-2.47350257229816;-1.75001907104651;-2.04663629139846;4.1107119841453;1.47686242870089;1.04658969483708;1.62324782346693;-1.53366393038529;0.708057357752212;0.791435895863204;1.06063946531849;2.06129304812742;2.68662660709814;1.61376216547902;-0.256777126920367
-1.28772035680604;1.25115772607136;-1.08370630912438;-0.263475062430828;0.959380910405059;2.10100532089597;1.10882266595535;-0.215361462739161;-0.946028585203732;1.03037718556637;0.883620569621701;-0.45009182286958;0.683866267140376;1.60653097595908;0.0536140376276865;-0.590694789926531;1.24602555416445;2.04849108482433;0.183314155653624;-2.0251430961775;2.54062695812888;-1.04463639675529;4.84439405461641;5.29620738200173;4.62495025488622;-1.47708170392135;1.68406213054421;-0.176504670334237;0.0219911744233623;0.73058726666579;1.2920497759208;-0.633686043335364;-1.29886709946343;-1.19504368057006;1.5649256079196;1.49699253211792;1.34445850318089;0.855625133057763;-1.27093566939898;0.828218418401278;-1.43945471842208;0.924329744521159;1.41509837379619;0.264162662847755;0.492291583332742;3.39240960971222
-0.937651406060733;2.10449015766247;-2.41323140090868;-2.09058904371502;0.986947945752649;1.45440748547631;3.29738025332114;3.60860310497601;0.641090525244171;3.772918285496;1.48388795020916;1.05376017187146;1.67643789254365;1.69752407461367;1.71733086788966;-1.1020302089178;1.36493411608955;1.19703726852833;-0.229548720524446;-0.0607349637916356;2.78879474271356;-1.14402699518102;2.46686199494245;1.46178460008729;3.03812498790627;-2.35684329351976;1.47362674569615;-1.18370017806839;-0.0915925389562445;2.05522096237132;3.60484845258429;-1.48468724828039;-1.1215774109213;-1.47337461838035;6.52536164369841;1.19204305344607;1.5482623702662;3.58926201882383;-2.44648004019572;1.2372326537709;0.0398652365368934;2.42616619571486;2.19482960031919;0.288558295139461;1.42923195880775;2.15719193629966
-4.3117451747019;4.30349224398629;-4.76660276946513;-1.90929991144845;2.56861856655792;0.221647023146373;4.55985563542312;2.02642159599901;-0.320828740243431;1.70139637037824;3.28606685572246;0.861081139193861;3.4491814747252;1.72045439360348;3.57593726732165;-1.60481525947048;3.09449372405957;2.8948044791044;-1.33596171943084;-2.35765326822619;3.05532498302216;-4.07772958616324;2.42626089200978;2.01824326617037;2.26794231110522;-1.03963087958436;2.69867069127243;1.2787169959554;0.14951787418947;0.148211535310817;0.380578966903978;-1.38189301943813;-2.44311723009858;-2.82060408148679;3.03440195162716;0.241242721295833;3.58375254397218;1.76301582302002;-1.12847085266596;1.53848292427587;-1.73070834401771;4.08087770662594;5.30265150360651;-0.449641502102623;3.71098469877573;2.33716191244466
-2.18501873502393;2.80174893048423;-2.03808706481209;-3.18681297026083;1.73265175832761;1.40825899167126;1.80664561941719;1.55913884971046;0.940083647635962;1.14702138384569;1.58759852244688;2.72565474355475;1.35793668324477;2.32547962954474;0.926129207448924;-2.89969748268461;1.78764002168793;2.3130390560034;-1.56938806915079;-0.808642544857573;2.94668424538275;-2.15193172018417;-0.463988787975976;-0.470659854979829;-0.0179902623403797;-0.20174166007759;1.87259050883541;0.0202728628267761;-1.69600974041449;-0.693523920721281;-0.129001864330232;-3.02647098940401;-2.7256882374208;-1.84004845367826;1.32721759084481;1.54139207014193;1.77749719073754;1.36187438470734;0.0619894853517774;1.89355740937959;-0.286209136627281;1.45487894153259;2.37192673350687;3.60634514268124;1.49661701214421;-0.730181036997773
0.227291237876545;-0.363822452390463;-0.193398454680417;-3.67098733555399;0.407018476899122;2.06976789543106;-0.219943748089932;-0.268159057387067;-1.8749579478889;0.970503260681846;0.00822298980974048;3.0258209527599;-1.29543833095495;2.17658394696598;-1.05215840991512;-2.28523774101297;-0.779903262905392;0.101154807675655;-1.89794706770741;-4.05859492013012;2.7241621353345;0.209919571925157;-0.254678112362183;0.671034244564353;0.268109968850535;-0.611287345475992;-0.821089241041593;0.0195144232286628;-1.45041281466813;0.561044295305557;1.26272833859457;-2.43066593717223;-2.154709224971;-0.188334195881522;1.36714817316449;3.12498037661045;-0.425182761279023;1.05372759535835;-0.969006742918526;1.77937666568046;-3.17834965564643;0.035815734918341;-0.753191347558727;0.717084669522854;-0.565705232807364;2.85764837127629
0.980244309839256;0.634251581880492;0.102322745417022;0.242070414491551;0.0414971728362981;-0.0881443440382781;0.4769067454057;0.0173395745861145;2.45810779592333;2.09237069087744;-0.210704474655906;1.20023647163074;-1.08434189132827;1.01946998914941;0.44460497889355;-2.42604375034512;-0.686686105577331;-1.23152391430116;0.202200503065656;0.045072734671678;0.906121065093853;0.658631377681273;-0.171509863470634;-0.285519359186736;0.420133010820181;-1.47991996609347;-1.45621759909579;-1.99265138851729;-1.52657313984444;1.58746733890661;2.21800882250406;-0.26376196095208;-0.053735788710037;-1.12271114260466;1.59180294902994;0.507721423010412;-0.763869745787104;2.52609567500423;-1.54787535533665;-0.143926654384606;0.689487312641645;1.76377362401666;-0.319133013574578;0.152169852902046;-0.415699576364715;1.55284412118017
-0.517240665233961;0.525414411848326;-0.404019197425662;-2.86962059454598;0.998809050550086;0.202451260939184;0.74558071674147;-0.161629820669344;-2.02176852891069;-0.195719952560054;0.379390541347357;1.80702221905266;-0.550840947252509;2.16002357846154;-0.608929795977697;-2.34099785408705;0.769708608495564;-0.610069572279726;-2.81795928560995;-3.22054952520518;2.84034682004984;-0.643554405751785;0.783878717549676;1.20163918292791;0.554606826571922;0.0394851608910115;-0.842233488622274;0.327059510789807;0.238512887686701;-0.263470172395676;0.708933058670452;-2.66516604109292;-2.18327523450191;-1.14766350493568;-0.026053467875657;2.45853977720847;0.703372287475015;0.543615270703237;-0.304721509539445;2.59686080098697;-2.66081536031784;1.38515476064873;0.742750069629385;1.82086945554217;0.345000444421717;1.43089097337698
-0.3814450535816;1.17407831833023;-1.3292642011281;-2.99119356128015;1.20490365881791;1.35647919750614;1.99375384540753;1.45293541765758;0.0974715115922182;2.54146319431776;0.433986762957348;2.6181909665023;1.23797067962591;1.12310362728797;0.548868996722274;-2.92637070597015;1.26258522586272;0.832041571377912;-1.60738087682655;-1.23732974458262;1.44065271139924;-0.427030571747087;2.13116592993941;2.1330187231893;1.37389287337592;-2.36005823147389;0.665549123536557;-2.72223351271842;-1.91561010275659;2.99025582178843;2.65930187428525;-3.50560613795067;-3.78963420573574;-1.58423310945991;3.68591398031437;0.797179443364462;0.99575100677249;2.57843199837263;-2.67383046229343;1.95495108637178;-0.506794930568957;1.97238236353849;0.930290535258476;2.26481000077148;0.502189093799597;0.563738353628263
-1.30085566969925;1.97727851493728;-1.61271910084197;-1.53523734854545;1.2950631843043;1.83332820911396;1.9410059783484;1.54687067474307;1.58433722721641;2.6165275577912;0.291113351616296;1.11712056305391;0.653262302352958;1.51787745241161;1.43339114611458;-2.01614590556051;0.921248712097775;1.36592525700655;-2.99887949029105;-0.291369632875738;1.21698298966139;-1.58805138628406;2.60165497155595;1.8392507412548;3.06340730488697;-2.45718182460701;-0.105829467408127;-2.92951489857496;-1.34035652175249;2.51990569425018;2.57297948702011;-1.93958012703437;-1.73864103846418;-1.64213344660595;4.26476321557671;1.29550063370716;-0.0143653001536129;2.22237914171525;-1.98923450940003;2.03073480467845;0.00161347428121217;2.87185845600539;2.03946819150717;2.79005729479462;0.775157001553571;1.76561287693262
-0.680745235537034;1.47687131441739;-1.22201931503428;-0.689890466141042;0.703092330395898;2.04940825703754;2.09918810023635;2.36234602335202;0.431490810523122;1.68037085756527;1.05530709393089;0.503441981299056;0.626588107811027;1.54902845852349;1.25215177092753;-0.696126911012165;1.10536805033825;1.92777483079192;-1.09663455856127;-1.51491526587231;2.01539939600604;-0.680372771496215;2.58546471414237;2.59478511116698;2.22899408388325;-1.0893204095507;1.23673328626283;-1.19272697575969;-0.710031192914263;0.642850474331308;1.32866429295961;-0.338194680817623;-0.559211992017283;-1.02332201926442;2.26384943338732;1.29079451480387;1.02358635341665;1.97994055569116;-1.08389057943417;1.27696837078739;-0.888469140850935;2.29104556335563;1.5554742836577;-0.457421511068796;0.798170832089826;4.88013972599544
-1.43204471413083;1.71168516729189;-2.714112101727;-2.07041855649622;2.14635509150994;-0.151682623529918;1.32398340479126;2.57194549920167;-2.28782767351412;1.78374989763279;2.7778727934376;1.73244772966095;1.59424648384622;2.04463849177201;2.73351985703085;-2.13076435735777;2.50980303799293;1.70872696771683;-1.79892025405223;-4.2271622765452;2.86885993718878;-1.38740997295591;3.19755908900455;3.10628302260548;3.51567234853493;-1.25443392052977;1.06268093170054;-1.59088899231608;-0.575875935283247;1.3314547252558;1.65985552819456;-3.21751475498843;-2.30629857967874;-2.87435687429535;3.70056541099598;1.32058651355863;2.8079019522521;1.43928389941974;-1.22570217865286;1.53679008913894;-3.58466398906982;2.66399127032675;2.1224551048537;2.20040267172734;1.90381957044378;-0.14833893739086
0.311670340141172;-1.20355678418464;0.343216887992152;-2.02141272927384;-0.264435370730977;3.0045371188106;1.09288885403976;1.17215849682583;-0.147708291543689;2.87068656547396;-0.0225397447261738;2.01874728418192;-0.0906988771695734;1.69203051907297;-0.0412002661799387;-2.24456611232634;0.194437024070249;0.370487840000397;-2.69485049272654;-1.69784784076559;2.90197009172147;0.625173671117469;0.821673864237457;1.44983114055925;1.55022367630031;-3.12014879299184;-0.163916731169927;-2.68458495891763;-0.14969898744042;2.46657487745426;3.76692112359758;-1.92111524742692;-1.58237930825655;-0.637667007273896;4.89791489997064;1.42746102571609;-0.458800343112126;2.29082819699234;-3.08172143834786;1.346480942752;-1.24403388767889;0.659095877783648;-1.91529694025372;2.66029008427313;-0.694188200363509;2.88237502434618
-0.640814472238782;1.63948100309101;-2.19155325275923;-0.914714259354128;0.582714311303994;0.354047509557099;2.82870077697719;1.82883062277186;1.40313835998729;2.9664656039514;1.0791721108694;-0.717179889055069;1.34059366325542;0.145918781529851;1.68671063887001;-0.920991645568338;1.52149435070598;2.35047828720803;-0.92675172195855;-1.84703455583801;-0.319945001849268;-0.677623646484147;2.80555626087833;1.98341952141439;2.2647543248713;-1.85465368221764;1.56140442713558;-1.82118870684487;-2.41361337930649;1.76364287223186;1.75985886029124;-0.945642045987658;-1.17819593646676;-1.01302631931859;3.90889013684194;-0.932956935706188;1.24114077969035;2.19056201934515;-1.95711849813027;1.01764394619022;-1.06209947590958;2.23728741564184;0.953742800924496;0.967213958897584;1.34064058145703;1.1693799108614
-0.860429570960369;2.19218436508875;-1.10854437397976;-1.36192990482413;1.28656437763147;2.27100013749519;1.58468693863658;0.483585685766405;0.920903003468924;1.9625840907103;0.148522246339085;0.701192823930437;-0.0600979890824832;0.172203618290533;1.63227143136321;0.302240484770841;0.679783591128989;-0.0493594079065152;-0.938699368169145;-0.670741702593974;-0.469279367059499;-1.23911003755618;3.40289149888245;2.40954807728573;4.34108158420373;-1.54364984464737;-1.33952174033987;-0.479961316631243;0.336148436016664;0.668650786887886;1.67648386518002;-0.924281080699068;-0.133683263980685;-1.58423197578148;3.24931419523929;-0.687300603328007;-0.182381686639102;2.13037733309359;-0.982732720464559;0.011529759515019;-0.134520563221546;2.18881442258156;1.72299154470852;0.322620740031985;-0.0158327315417016;0.154680821196527
-1.96333503253134;2.62626688279151;-2.07537148602329;-2.3006429578626;2.06496043018474;1.99942922444297;2.73165813095065;4.07830333469917;0.665896422717832;1.1801459381793;1.44089002577767;4.40196527943549;2.20395176062546;1.21936119749561;2.53813700580512;-2.1755203888507;2.48910729629924;2.85425455570994;-1.70115159899312;-0.179260269572858;0.867162509708682;-1.77111025679392;-0.027515835743003;-0.0336464563716053;0.22827058189594;-1.18420303616768;2.26385256803682;-0.0307775674595766;-2.66351376564202;1.11462708746725;0.411201697459506;-2.73232734647946;-3.05561500114438;-2.37096186584986;2.680301373092;0.527986687603329;1.28602149368039;0.438190105221783;-0.9073876703824;1.55086410093354;0.0490973197023838;1.64885688545388;2.72813076993773;2.00610676465387;1.73362530817842;1.84040386496781
-1.55762079073792;3.54855790289098;-0.926592327910244;-1.3001807519513;1.01598205824445;0.385683385338414;1.63100284000781;1.13901017430649;-0.049548132135509;1.04934019153124;0.684319703785833;-0.684156464813681;-0.0340871197374082;0.589992947940125;0.00510302676497243;-0.594689247900881;1.04916242322547;0.426369906857413;-0.602768416258656;0.0131805514311022;0.427469875642013;-1.40729879945283;2.22026941686391;1.24505993729458;2.04315830090725;-0.998792457328434;-0.56161705146662;-1.33020972880162;-1.38926217573756;1.43642120015613;0.125567370591711;0.835902250543582;-0.371555643107956;-1.30923805226844;2.19566803657554;0.451753910345929;0.155430186841826;0.914915381917461;-1.03008944391203;0.191691458200188;0.501143539713083;0.366982539324647;3.70101539187993;-0.395259245362861;0.385801755120462;2.63476326970776
-1.37801872139471;1.06254698473086;-0.0884593514994241;-1.16604750030631;0.173779606732116;3.10196344279946;0.924918878931075;0.141291573325191;0.539996602654019;1.61521905028098;-0.426372890783965;0.922999608407105;-1.45825325004216;0.543773722336665;-0.00411904690852485;-0.84560184216722;-0.275682920599961;0.520342579390883;-1.30460388547245;-1.5440662459025;0.0306224113655435;-1.17483034064698;3.12831458273541;2.75815459633572;3.21465748799389;-1.13100467686913;-1.31743977066322;0.606059879958242;0.662464810134165;0.547182308432976;0.802369658767022;-0.054212966151675;-1.27066881862908;-0.962201222718435;4.19085254871139;0.771121607498861;-0.0977137285211158;0.922638118318768;-1.32291035236675;0.40625388036508;-0.712708583647043;1.06153874971576;1.3597762321676;0.489924509391967;-0.800770533325967;1.02099295014307
-0.634692571804326;0.358038273589046;-2.07563935060581;-1.78736296640953;0.941886388400097;2.67801807256086;2.49298595180159;1.86545841199484;-0.137743565147532;1.61083248480956;1.77292001512682;0.985732502361404;1.41357178834006;2.95805924283798;0.454123630934701;-1.24621944368088;1.56608538402838;1.44734347531221;-1.68266945834928;-0.28433397607747;4.7537796784772;-0.952427613897044;-1.18623952187656;-1.26688967679661;-1.01741624790686;-1.95651726845953;1.47349501182752;-1.18159839731146;-1.4946942978707;1.62596912068581;2.05000323165902;-1.60057597539079;-1.57034686970915;-0.818916938778593;3.38763528865291;2.72899041313475;2.2465321631328;1.62794318297648;-1.62264006288203;2.21339488569258;-0.395257271318033;1.90152641542714;0.954957784173212;0.854785251673003;1.20988953108247;2.07754258972087
-2.09959303250337;1.95019955244015;-1.13033559040345;-0.48128746094763;0.608190928207389;2.49744656739633;1.25846503062393;0.705003002824954;-0.158480783248315;2.31058324270114;-0.0319227218541469;2.01039446740857;-0.880395970800625;1.89280168560668;-0.455160862588172;-1.34548360695973;0.839606041005945;0.603741954822586;-2.43207923363516;-0.992003625958986;2.72713806327908;-2.0370971743293;2.46769452762597;2.41725447370554;3.74392398324109;-1.15055603828776;-0.118361086387551;-0.799536420300229;-1.83824192890687;1.30513407037313;1.01709475549144;-0.803082312276766;-1.72705528841515;-0.701862678669609;5.13090128730832;1.51651717744169;0.20843144013093;2.45469416750261;-1.21250154826027;0.840454111191572;-0.664387895980844;0.883810529982544;2.4711080787833;1.04566758549285;-0.0331907122292412;0.988016873069174
-1.09267069352284;2.02913050942038;-3.11845795942099;-1.97677647695326;1.22521025130742;0.286352284047268;2.61830425969806;3.85877448909147;-1.39447833225099;2.47689356962464;1.94670473158393;1.75309887226784;1.66549442225689;1.38023044080371;1.64014214663574;-2.43287628787381;2.4116839703952;2.50904828702852;-1.66429168098085;-2.77315918289251;1.61463963220053;-1.10762356040941;1.65902519685723;1.0124117881477;1.03429480572037;-3.04581456289029;2.17907003341939;-1.2270979107123;-2.14358032215169;2.31640015163651;3.53933592611891;-1.81931599245893;-1.50010258148527;-2.13474419174863;2.91176142546794;0.600298272304817;2.34972950463168;2.4745716242443;-2.87850551705069;2.02418716134402;-2.41242981681067;1.60845343775888;1.74578537504752;1.70031195794058;2.15159742133513;0.413288328355246
-1.36283989274132;1.55490688594312;-2.19891929338909;-2.27783527230385;1.48109944536887;0.548730024615613;2.21565188124045;2.2981120497139;1.40229071060826;1.26977528050355;0.914372590157353;0.166939703600337;1.15753529732179;1.39123229572145;2.47326640659094;-1.77526085616819;2.14049476451549;2.97504994641936;-1.40941194598968;0.795147453767612;2.5099168002066;-1.42345793626557;1.84550272918523;1.81399073074503;0.364944113905477;-0.393044591770335;1.85403182337854;-0.876747252297159;-2.02665606661235;0.504488360999591;1.42092925258166;-2.09559208556702;-2.24850656239866;-2.36886248893368;1.40744713508353;1.49325402229092;1.60500706020031;1.52625361638366;-0.637343865914221;1.58724821317248;1.1622342668456;3.03801461920624;1.43013262279832;1.46599943180001;1.50591981796489;0.916356593139222
0.887135708673197;0.808581044660547;0.89867374063358;-1.32006433896734;0.329514898480516;0.10835939249392;1.05985650404551;1.64590600598248;2.38776704868416;2.43763086516823;-1.40164039752338;-0.16796988291099;-1.44663966078725;0.357036759340302;1.71028681542956;-0.144782494786727;-0.879080033908428;-0.954555904750861;0.295972177129027;-0.213573741428232;0.690553191049134;0.557639164630915;0.172875275913522;-0.434543491481195;-0.134976897725886;-2.58047356468743;-1.83781020735108;-1.27711870428536;-1.38990655205908;1.80345649946016;2.96226453558789;-0.49762310553703;-1.58278979231889;-1.22304472341499;3.81286567645426;-0.50690755410635;-1.54744432435258;2.61501886074944;-2.40833562602766;0.300254610662389;0.716953052538053;2.17357583952525;-0.10691961203758;0.569799421948773;-1.51487200880184;2.23106419090237
1.62758393203764;0.0311103360661116;-0.346847407275186;-2.93131253170138;0.58402670991917;1.63306165327809;-0.0433908403095501;1.31080004319199;2.82543949181111;1.31953491939848;-0.0623441623068126;4.27561008503698;-0.994343350842589;0.68323515317683;0.653314205338991;-3.1128380256062;0.284324629586405;1.41052483063072;-1.63955007533461;-0.216231095955848;1.45384153003604;0.778412930004267;1.68135716477622;1.22267532299352;1.53306485687407;-0.520972339596695;-0.350305209307359;-0.0471681727094259;-0.80288280071895;0.892547424667316;1.09297918881945;-3.18666847443388;-2.13962624120204;-1.32300576776893;2.62728277894848;0.254765979431081;-0.0216657681202843;0.993849856436069;-1.26383180047788;0.729816520485305;0.467295267437709;1.54388079868373;-0.94671144769556;3.84034642808707;-0.120266461931228;2.09169857144693
-1.68987658651314;1.25098780370911;-2.7589890713727;-2.41113954304688;1.24311631442088;3.5671870055793;2.65483826994813;2.62062963384908;1.8925271045092;2.65640099310668;1.98428196945523;2.64835651411077;2.10645239362032;1.30298419945743;1.6265999938278;-1.1142654544598;1.62377074211655;2.28936281128098;-1.82499344725712;-1.16541912077994;1.64790858347735;-1.54020732562939;1.94502546447946;1.44283913405101;2.70414325106662;-2.75312000515856;1.82731099366192;-1.40384550624452;-1.19367159638132;2.04788220032807;1.92158205743154;-1.89775735691493;-2.37161163585346;-1.3660558448751;4.39971690776564;1.02961680271166;1.95511547047235;2.41156688279006;-2.17368866879089;0.953085753611341;0.0164382179086933;1.36843758096131;1.84270280488844;1.94981816582253;1.56959660950865;3.01206012155497
-0.365155211861525;0.659157522027796;-1.19310248601855;-3.06736474702286;0.582954178326093;2.73483417815379;0.787027169309103;1.48549785428509;-1.78020719777423;1.98574769960911;-0.17126975967686;2.05315085291189;0.146698451808435;1.43067870426374;1.19709653646103;-2.45900588442697;1.23629013091817;0.186037612660788;-2.71123000312628;-3.92487257871297;2.30019835541205;-0.729443094580886;2.27272367513265;1.92227365023565;1.58333028051488;-1.59515254182648;-0.102201943618875;-1.17301693152878;-0.782837025130088;1.77612731738995;0.557959974496591;-2.63712263451658;-3.93304280638472;-1.16077278084447;2.90342262264774;0.996853038931408;-0.357145632340298;1.41935292297721;-1.29361362086552;1.57323717605607;-2.36708256073383;0.955186091947742;0.409836432809146;3.21703803930957;0.317539770601877;0.617668552951561
0.257737204399103;1.40636345075719;-0.912073190618736;-2.93711834782613;1.45424919630902;2.78783724846067;0.080815669084683;0.940447461076908;0.750803783077124;3.39456938960367;-0.56684510785854;1.79373943438809;-0.938548703286618;1.42015433377717;1.71215955337956;-1.83318413675231;-0.0678924355088665;-0.646932108712161;-1.34206563746848;-1.41397327354652;1.88812540769087;0.757853854303844;3.56265330584141;3.15325744070385;4.39374231033188;-2.26078777136495;-1.05705523863864;-2.22010123769776;0.263666526264444;2.49453105636774;3.85785882761029;-2.24337462098693;-1.72046299609088;-2.22889378486978;5.04252135379625;1.45371058641226;-1.30149629667747;3.14258376084138;-2.55133216178711;2.03971410995205;-0.556305203931727;2.08789360064097;0.751237504907529;2.44077668391009;-0.646310344939381;2.87947661123091
-0.685346441729313;-0.0594346703874213;-0.253784150662491;-2.14058027730294;0.569944156431942;1.98823364502851;1.47614493623026;-0.560954994833264;0.628096285818605;2.16807362370065;-0.133249851699608;1.70438713528297;0.876612098775674;2.59297222392958;-0.179127219603485;-1.47380316514495;0.121269951858567;3.37224134912453;-0.87215484101767;-1.84258013013001;4.04230381771912;-0.645805250170846;2.38246585844607;2.99845322316502;1.72814261162846;-1.62460415826201;1.88676486767323;-1.94345329025546;0.042378018514571;2.31810088235628;2.78051806713319;-1.95770435612898;-1.92942009993771;-0.61366109593713;2.37701947270189;2.75971857653022;-0.606704665647907;2.07305740547164;-1.84536220990933;1.90679198671978;-1.14594871268502;0.910710788144772;-0.0102976803772248;1.13488373966958;-0.115133617017965;1.49324039301014
0.251024941612488;0.367719699392757;1.94027599501961;-0.692280102676115;0.816689596037404;3.10233282963974;-0.727014774029671;2.19473423658033;-2.20040196297785;3.33745672155741;-2.27140145810827;0.879449871584478;-2.92929855973724;0.687709484374692;0.743608013866278;-1.30707993880498;-1.54779626213407;-1.88821329806126;-1.24920391840313;-3.55215437710119;0.95343837781742;0.0713131826789339;0.320121864099772;-0.298523190713736;1.29666726628627;-2.52210948247963;-2.64090396871641;-1.97489296135912;-1.62885029198477;2.41973904802915;2.89669561381984;-1.21978067315717;-2.26759309771493;-1.14904936056455;6.89472679941304;-0.0882474387218903;-3.41645118786318;3.19724204586942;-2.57698955934697;-0.668835856327836;-2.82550779765877;0.975548273102516;-0.170447839612359;1.43590613183831;-2.79006089864278;-0.751006799276378
0.0977527737969858;0.104273050016714;-1.71105812348363;-3.59039406158272;0.720520737466173;1.09378446704109;2.87666416544444;1.64868840289162;0.718933564247747;1.9951106440161;0.943240109514882;2.48807134640835;0.916821601956142;1.66416492921435;0.0917325357702019;-2.2517455469279;1.37058657423635;1.26233523275638;-1.29104814227737;-0.945885815475902;2.4217565232511;-0.234452265333146;0.164494717426935;0.231800684339853;0.220760050456852;-0.259489402100055;0.191112993720676;-1.36890832058539;-2.18218514534007;0.768009574460811;0.69016453025285;-2.43643795819129;-1.76145126140233;-1.02461445283509;4.1669206739811;2.02389627256645;1.71254329639401;1.83586900000464;-0.758726092587243;2.3970424080217;-0.893605104404615;2.1583657273348;-0.247591428380201;1.26464930914816;1.31129370013192;0.0974009418769474
-1.29381928105796;2.12642989184133;-1.95743894678449;-0.758534872139072;0.566560145445369;2.85304128939737;1.32883858630796;1.33206187936838;0.305515691752021;3.60426729038692;0.599537558514829;0.338973932339091;0.784520853669455;1.79174112489782;0.0568654243377623;-0.649141131843789;1.19964152462008;1.85871253935349;-0.7710425717348;-1.48440985478155;2.38666493295948;-1.09415891188217;0.183088387633944;-0.196639912836964;1.1042291792881;-2.23994417963762;0.64149498446699;-1.40879947328751;-1.50730055490559;3.12242353521161;4.1902445106271;-0.261613503157959;-1.03739956345882;-0.745316269939368;7.14529317074431;2.09577238897824;0.877732864916723;3.9927173651973;-2.34333075586581;1.52864049443651;-0.897533839360815;0.578788092509632;1.86202397975342;-0.0403834607621819;0.782703877080008;-0.520737003056014
-1.05041728194504;2.32126170720508;-1.75585053787548;-1.33870541722577;0.831671667390577;2.68422528581043;1.10985224225295;2.8897562472221;0.251334067845915;1.72615401217126;0.695312790984456;1.06943481731141;2.05226327964038;1.41083349305398;0.932465755465599;-1.94441023887454;1.43657030142531;1.44497240094797;-0.653969851925184;-2.32034723339205;0.865072666826636;-1.16187185035462;2.62920563496912;1.89282474930139;3.36596233712916;-0.128864492899166;0.464541106190941;-0.427955583518265;-1.12270787313198;0.424201370864742;1.47790214767848;-1.14546813241272;-1.5643367065799;-1.41831890969099;2.4309659559568;1.00684377567325;0.56626063649808;2.12802496259831;-0.56597227469624;1.63422501597646;-1.66693039917789;2.6891279516342;1.75413225940414;0.304069574439305;1.26344750907472;2.73859729429905
-3.89284211248921;3.79412275203991;-3.1993096305444;-2.75240059380732;2.38676586386691;0.633642472923833;4.11113021959927;2.68686113404226;1.56461049794246;2.1366009146835;1.96133197013514;-0.37054400723791;1.83007924968656;0.645838551551569;1.68821596517996;-0.921933079649465;3.06626175581921;2.48503436826098;-1.66354387979857;0.137991716135834;0.797527486565654;-3.6918790903565;0.959815404295571;-0.257081329338439;1.69922326970259;-1.21659348792886;2.01739119203064;-0.805523944551407;-2.03106593452717;1.11072895304799;2.28854310460894;-0.987026073500961;-0.719666226622275;-1.61453576989406;4.59342038521784;0.00440813232163317;2.69088587387228;1.71664018703678;-1.51745287834291;0.663778021862617;0.470871466231153;2.89003612686033;4.53645930539791;0.548841727952524;2.63348588556253;1.95465685031324
-0.738448249064798;1.19996661881564;-0.850855183957617;-2.53002608829484;0.651815407241475;0.478386912036657;0.863778010796111;0.453601003477489;1.04867713294095;1.81153769310176;0.167132880278939;0.867108675338544;-0.759014454528803;1.20381676362846;0.320019078021061;0.0646608842389238;0.265972747523063;-0.807565318548814;-2.15642699609087;0.14929442646789;1.41870068279797;-0.92090377277141;1.88808314820986;1.70658358458871;2.07175287974968;-1.36042200755607;-1.52219067985488;-0.779563781157125;-1.34598762229876;1.26583655122455;0.911382783363003;-1.82731266006065;-2.49049580481337;-1.21960393699754;3.12099094809609;0.722567949956577;0.144470588472045;1.9004013536788;-1.03372779443836;1.20131243994608;0.112918080496469;1.40429088797903;0.986442067622425;2.67131422733894;-0.227657233701366;1.37602953499671
0.154891269645423;0.837250094409268;-0.947260618698592;-1.37454669857409;0.355963198648387;0.199381413733202;1.37205026135424;0.380739826427622;0.979999286925607;0.035072830075302;0.0489781160746072;0.177790830812414;-1.54543248858448;0.777792996726113;-0.0135785724356367;-0.96028914924491;0.755353441775374;-0.413365271506518;-1.43592751982599;-1.49284554397839;0.862442042300639;0.169971681275033;-1.86254644100473;-1.9318920241013;-0.993184972375435;0.236875794777756;-1.95943989485922;1.70855255605519;-3.02661836813802;-0.538887401990337;-0.682558809683407;-1.18985504175343;-2.10185307934993;-0.974682127222809;0.539024612796747;1.4551515076846;0.748767336125142;0.943383844204891;-0.0953072737657957;0.946980490115851;-0.798056282237804;2.091017698936;0.576918699187878;1.61981569706824;0.201711006942848;4.05733949541358
-2.19655595118509;2.75762105575944;-2.67190728111611;-1.79564427074619;1.5287788901132;2.24480317282935;1.96226888728525;2.63028762634506;1.64981290046216;2.85883640672352;1.83643537723783;0.571683939627302;1.82181359726058;0.709035725334554;0.376639487879819;-0.669525770399593;1.65111350307599;2.3832378319822;0.277407799693681;1.01707406683089;0.655933612033678;-2.42923340885481;1.40170559165757;0.811431170057247;0.808353552579348;-2.20580270595953;1.33952981190764;-2.45196509139391;-1.10570523275915;2.63948878452535;2.26205742846087;-0.855555950072641;-2.22864686396063;-1.56992608416585;5.23166872536515;0.685752637221068;2.06640957885087;3.09485004064539;-2.19031020709878;1.09293779512924;1.15012726315673;0.651487309499563;2.94674803053027;2.09923346387684;1.70519401082046;2.18985831099752
-1.6616194858842;-0.67451780746749;-1.47973651191016;-4.27785622717955;1.4765346383733;3.56486380435491;1.37140345247048;2.88877567624821;0.930761086219119;2.71866179731061;0.789175708580886;3.42495607111378;-0.466030640775708;3.43733810830129;1.86845567783437;-4.04676843197107;1.46206988981601;-0.161139486584048;-3.05587202170382;-0.331950113393206;6.0905251100928;-1.44594005738163;2.95127442016536;3.45488283735164;2.62428527965888;-3.3482855648357;-0.487319457501624;-2.59712846971401;-1.22969878268679;3.32751475941884;3.7716265393444;-4.54650900064632;-2.90731455768467;-1.93206056460101;4.57423213837836;3.79466477677311;0.688145783764531;2.51662996438139;-3.06209740506231;2.98281082294063;-0.363491506076804;2.28168580701394;-0.235277154398425;3.61749989169668;0.414120448186782;2.11022900793023
-1.91687131553933;3.57808264049891;-3.32849856172599;-2.38127534387183;1.69334481071341;1.77911983518163;4.59225075067229;0.305820486199027;-2.54796655788572;2.09663011898281;2.46741689627185;-0.147179423827951;3.52386464873934;1.38929143901833;0.742605346624807;-0.839637097504695;2.37052051613131;3.02537246799019;-2.36077012639212;-4.58818884664392;2.4888854910624;-1.86767556134004;-1.22858279982988;-1.41368839949336;-0.168281523254576;-2.56914112847345;2.97874999003743;-0.905311514881045;-3.1451834700351;1.24158934748234;1.68043783723673;-0.913960050729712;0.213296004064924;-1.99257146547249;4.73317849125354;1.10518823019945;2.69680100145196;1.67053112512532;-1.65227776277514;1.31062013269885;-3.44131415388522;-0.0607294996130481;3.60998396602941;1.62167821421002;2.60095679081934;0.556785538321224
-2.21050110026399;3.96411428063146;-2.35135475047193;-0.122451599368565;0.873831587368839;0.32605269325521;2.8373943290762;1.03440103329054;-1.06830946938592;-1.0121714460764;1.53604267489965;-1.56692732435237;1.98227203115428;-0.376809632002667;1.62869754423008;1.37418561515672;1.63519567772157;2.00185692412123;0.542761431097395;-3.20869181893116;-2.55822581799033;-2.05641560851963;3.81462330739149;3.17861498977355;3.67759179311072;0.0133059580157155;1.52582748259922;0.99759514922723;-1.53929531034518;-1.57437494021207;-0.842226122427221;2.74666704464971;2.14999908807604;-0.896538941410351;-1.7213900974202;-1.40404647758443;1.43154609641584;-0.339708401785886;0.599513932348974;-1.15748127348055;-2.5049292984136;1.18437347821016;3.98244006677249;-2.31927165528668;1.593729161601;3.48575627366679
-1.47319055669158;2.51805869291273;-2.81002358957797;-2.96328306920141;1.80312376270112;1.84964569142376;3.67660020688576;1.17073853289418;-1.49726696096771;0.667309998914845;2.717090285754;1.45245737423551;3.31147792001358;1.83696242782348;0.195223451242549;-0.969336508442885;2.26468060137455;4.17945327882473;-1.64005906199738;-2.7704229916531;1.7707839759963;-1.34887610647327;3.96476529701072;3.61306501491477;4.06838387616486;-0.720175640482124;3.0044120204323;-1.08814462171416;-2.48081379231956;0.785600996520404;0.906121201168207;-2.52071696809494;-1.52768776894671;-1.8482424102654;1.90769828684158;1.74692063772762;2.3936569347746;-0.311804078702672;-0.874117879184062;2.00690509963908;-2.05293775396499;1.31699780513049;2.19666753424757;1.77261867655132;2.35056465831993;4.13828758694951
-0.895130321239253;1.67774180602173;-0.871720598733336;-1.01481427509295;1.01185491582868;1.51679164657262;0.474543041534397;2.64761106599672;0.240312798059999;2.99469818980091;-0.17420590186326;0.652523740453055;0.102979469891166;0.804041717157426;1.34634645547054;-1.70738017309151;0.0551984693019197;0.812419481847859;-1.97128366596205;-1.76733663352679;0.229083797655318;-1.06687914768171;2.73436335375967;1.70619225845066;3.78502697892015;-2.15840530466924;-0.615346821681796;-0.787080816748525;-0.967861969723613;1.75180231548068;3.88203214370363;-1.00845646950852;-0.786887915195306;-1.65017965200845;4.80494750704482;0.772319643377862;-0.765988016317547;2.160705098775;-1.90103831559763;1.35091079838489;-1.49170380181878;3.32862677891559;1.41969930242485;0.656726160543823;-0.317570769663988;1.98425946994602
-4.11779533822046;4.70423402115128;-3.41051051873655;-1.50717476782084;2.41222417592317;1.20753421681477;3.1803353468086;3.42206595212421;-1.83408444436582;3.38962654465096;1.85684058989596;-0.231619068234291;1.11074880370703;1.53537758005462;1.99062807656321;-1.07563831677496;2.13186614927033;2.09689875232515;-1.24923870209544;-3.31405842529598;1.75039214814733;-4.15823312071463;0.809963038731787;-0.658543720763792;2.79777240384839;-1.69252685476808;0.984471055883133;-0.526867804551541;-0.597929516101836;2.29555586907961;2.21564574923897;-0.959307729808158;-0.417231469904778;-2.67893171041409;5.77746228927919;0.360056012526427;2.18037579598048;2.8029623812675;-2.30823287915419;1.16884163963423;-2.55790104946429;1.32842110723827;5.39109588496558;1.51630861150748;1.89271160781249;1.29687176628937
-1.24633581934538;0.932595647696641;-2.36466283218385;-1.95438153525765;0.98518533163267;1.37893682580164;3.22146251689296;3.8428755360596;2.80962591081183;3.71170032744107;1.06612200346692;2.07564206995839;1.48151052586373;0.538250008623703;3.85710183521895;-2.75465316217343;1.81284604499048;1.8017493606055;-0.635707541231049;-0.464538817515423;0.319761394732648;-1.86942539287946;1.81559308060762;1.21583476422634;0.729024548605456;-2.7681956571923;0.858590837480564;-2.58531420640966;-0.920103667244717;2.56429769165677;2.9726232277773;-1.7278674720154;-2.09210899123212;-1.81663054350708;5.7648221145366;-1.21524942115679;0.935616575057499;3.15990283852269;-2.40801979948574;0.569444034284975;0.39894745844167;4.07139466534925;1.16716732734588;1.58170104986449;1.29715732155742;-1.34659284617285
-2.65933323432255;3.83975329397706;-2.35923799742777;-2.25491537819703;2.29268702975898;3.5440217066976;3.5579151693896;1.8650511193692;-0.188269792416493;0.977107339435479;1.36666079364139;0.667731763349011;1.993233150879;1.86641638785081;1.46423591046228;-0.639019707433751;2.867044350955;2.43978546505839;-2.38999354538633;-2.0734947373587;2.68928963079101;-2.61305441714191;-0.798287208534518;-1.53995121330449;-0.628255921947777;-0.599294084371796;2.27580715591159;2.56160685921875;-1.93355711571585;-0.922946175360507;-0.151469553954454;-1.94596337211955;-2.59612512604167;-2.143273104073;1.84387174188369;1.75784023376538;2.97785733476767;1.0978236009809;-0.316282981477536;2.29625324013569;-1.35559120494417;2.56484082872311;3.96056532278639;1.92882892160356;2.40832496534954;0.341214725753532
-0.441608016371956;1.24414864237925;-1.65463093150618;-3.60579102418917;1.4381713444219;2.25581539914863;1.95093269507504;1.75193755364263;0.299054118482456;1.52115594235668;0.628591414511861;1.97563190656858;0.134813464325176;2.52499617915874;3.89545060510559;-1.29411919791259;1.22153752253928;0.635235290373417;-2.44439572773132;-0.970155087755939;4.04678005263573;-0.712321454127666;2.82879511591041;3.10687471724109;2.25159429007163;-0.538195445852633;-0.653576255671078;-0.0481787354805532;-0.979798677728955;-0.00857208021315997;0.201012739458943;-2.92520990775442;-3.05020319518135;-2.13122421029031;2.61183440915782;1.45205943007143;0.739454796927038;1.09914915714732;-0.355967329143528;2.21315576067594;-0.639187257718124;3.79884712286243;1.22507179394849;1.59571941827824;0.999351665000986;-0.7579804249951
-3.22828435300354;2.63367227925036;-2.05609594026762;-2.67451635141437;1.54377833510144;3.75144306254678;3.01708189133699;3.23501221825534;-0.858235299141397;1.01344933648868;1.76543507628526;3.56048589302598;1.23707058638774;2.28381397716609;0.045651978922155;-2.89607918782794;2.08449738302733;1.54102585778726;0.121442083799363;-3.47421863053449;4.46705211257019;-2.81753105664718;3.55458979906072;3.4924338440482;2.20592767676914;-0.809221971364281;0.497585173013223;0.893645266418063;-0.583731329851978;0.0259443374977222;0.840856329451521;-2.31658687439793;-1.44774369420652;-1.89051427710463;1.64046131982204;2.13480777924406;2.76386269829885;0.559416339576801;-0.799746219920941;2.14418698605926;-2.57834809085597;1.89232556881849;2.40444742466824;2.65008550671161;1.80946704844451;0.139520952153658
-2.05798353200322;2.25607551891455;-2.63993288310564;-2.29826292562466;1.69163301543838;2.18947574023182;3.02359267190416;0.321681175182743;0.620764577714696;2.32669744437258;1.01095530501524;0.877820111203911;1.99423453418366;1.42563902816149;0.0424797413342779;-2.56667639164839;1.77302172194299;1.33427123367442;-2.3608573206531;-1.20797393938037;2.10634829442228;-1.67934594597316;0.422555461748851;-0.260459556656652;0.761127511157423;-2.39355259606755;1.63734423746757;-0.55904944684975;-0.816320118548448;2.26494315655514;3.69665756317542;-1.84642060691341;-1.45588496872216;-2.35283776393177;3.69750786513848;1.72832305477947;2.12281825815854;2.60101641311495;-2.45139001432484;1.77749097516604;-0.438482141589702;0.994986953268104;2.66346406657312;1.62863130319481;1.88518473902952;1.67047778056293
-0.409329117217302;2.45291332459709;-2.38167237997422;-3.58771120889168;0.887153220631907;1.29329376131836;2.09205818950423;-0.498507653702805;0.633094991822412;2.10620519347877;1.59935778822046;2.36759987967263;1.8157639365386;1.47021192197528;-0.343867289712189;-1.64970024729432;2.36947534265267;1.95367102750285;-1.17787035514296;-1.52186951812264;1.344611755113;-0.742552495827027;4.45683318224787;4.1535319678745;3.696362746519;-2.67819762486618;1.18896735380968;-0.864284767869172;0.344281688784681;1.06247060873925;1.2490437918875;-1.91333640120093;-2.21922130013622;-1.09514133216057;4.23203699556977;1.4476045237738;1.7239971705284;2.04726589528137;-1.7943145489565;1.83140494142816;-0.304398982865664;0.865665060836389;2.38062795875165;1.73933844278381;1.56970299254349;1.65511365516635
-2.29488505683423;1.11972291485196;-1.02397082836238;-2.37156296242059;0.740896358257296;1.29359426513233;1.20872940506708;1.98770470317997;0.79979475490157;2.20466342780167;1.33603708078083;1.29327657936489;0.112187593537209;0.885207871382298;-0.012460769886211;-1.25587086193642;1.34416775696988;0.552141993792094;-1.52988528496247;0.940774198716478;0.896698732876819;-2.40971774907441;0.0869875030026491;-0.314756003322141;0.602564352783294;-1.1018451733039;0.586674972296277;-0.67115029743185;-2.09895219235717;1.24187260210856;2.05517099533757;-1.39054768150358;-1.12506359969928;-0.80767611537603;4.2111685423554;1.28314285153308;1.40593477613534;2.49095913411447;-0.763399731190132;1.7351573284334;0.913185438263609;1.55158032747793;1.5498564773082;1.92403888876468;0.861755116491452;0.314661356246963
-1.54280474350589;3.44555932947891;-2.52140727014379;-3.3266920984769;1.96463579659465;2.97527043818491;4.04683592822046;2.85149661421212;0.323522103999582;1.37514780808712;1.28609311650192;1.24722568981797;2.99575215405841;1.65629146445897;3.74503261179529;-0.960020070478422;2.50219272478593;3.43641937891151;0.334845372302697;-1.77059735942714;2.17564046048764;-1.96208113365896;3.51685182763453;3.06470143941505;3.04883537500185;-1.64978209029712;3.36036725257299;-0.995198004821643;-0.333526035809669;1.71007558621671;2.61140962935475;-1.70084883671068;-1.73607155712822;-2.58748737428313;2.34733891604105;0.925859754510285;2.2178636163897;1.39847878381811;-1.48776623300501;1.87015898293914;-1.02334876799617;4.40478687371186;3.66527808354704;0.947229248786934;2.28409798962617;-0.40975971831429
-1.98698075200291;2.26033833121282;-3.65904945711308;-1.69087484500829;1.7033057808128;2.95424483586386;4.07258531179761;2.34257121650856;0.77729131476731;1.56061117443102;2.25782718439684;1.03446490734199;2.25466340015014;2.29028183597661;1.9243634313439;-0.823044685657296;3.80624360546852;1.70518282476267;-0.97121793552266;-1.83556123422758;3.19847087996382;-1.92498189580395;-0.487560570574993;-1.24096219514769;-0.91251429681801;-1.24260543161867;1.87045604844728;0.143400206408889;-2.10119660926536;1.39152037261611;2.25887687383665;-1.45636818516848;-1.55951096752706;-1.9168779372956;2.88049302660869;2.20097893367205;3.15312511484642;1.04147926513955;-0.984924492211094;2.05234650085633;-1.06269397740107;3.10759987122705;2.20782841657662;1.84616956695196;3.31257603612339;2.2197680271345
-0.0693769009191147;0.291207632840806;-0.261050011406355;-2.76384300071235;0.274615092079231;3.38446243540702;0.0699740486044396;3.067954718265;-1.46312553869567;2.33630406907292;0.168532237299856;1.61816634291223;0.343021421665729;1.03243372889672;-0.250451194465684;-2.3895380777698;0.0774338671513782;0.51266864997257;-0.841867887624608;-3.08089076969028;-0.0175628607185657;-0.392756776019832;-0.0773200539463995;-0.449720469095381;0.411712195712355;-1.28713875054012;0.107979174288131;-2.3937500068785;-2.7663703177065;1.98433724996491;2.22760983534332;-1.40603270548497;-1.44146719476476;-0.693345194475419;4.00562669905066;1.14313925125904;0.414250933702948;2.71289945796732;-1.4117311428988;1.20611004363167;-2.64021829397859;3.15917756834016;-0.490158705403964;0.235137051050661;-0.140742984811511;0.46941988915765
-0.49214092970162;1.82298188614154;-1.80678140879812;-1.47592900967927;0.800838798640169;2.01923532200808;2.30170541394427;1.32124170008143;-0.316847155228988;3.54718247830643;0.338651860301598;0.064799531361089;-0.20783563182268;1.50293633296572;2.23180036618191;-0.907658974763962;0.537186284065671;0.555813727257064;-0.277793436248481;-3.30892816862642;0.512381395032099;-0.924032393990947;2.67179573199043;1.88499180125609;3.57592887933926;-1.0402868698741;-0.178630649488647;-2.04208323266281;-0.310621879845879;1.8799541066197;1.77744703952452;-1.00250104926972;-1.59228213365062;-2.19734661824514;7.88717183327868;0.739312070271924;0.315395436103264;3.0556228328406;-1.61911516127691;1.1839629627188;-2.29579774343413;2.71638494670803;1.88556845427543;1.48190131607359;0.778805328087565;1.14168632320002
-1.7360317134505;2.25359740029512;-2.33292226916503;-1.56701856783491;1.15435808240731;0.912117568758004;2.82963679734817;0.226685196288014;-2.03149906295884;1.03430009463378;2.2386174803358;0.922756384304965;1.34051662714436;0.712639175519539;0.0781860871493172;-2.85656264044569;2.11293981859031;1.06760061614827;-1.58688784458853;-4.17774581938049;1.46580209121072;-1.64452967536492;2.10779952709866;1.50881725460304;2.28696295761292;-0.315041458505287;0.353393066693553;0.730039651239145;-2.39341439750838;0.361668749094056;0.279226246275659;-1.68868799617706;-1.77482519384844;-1.15585136194368;2.14948777632001;0.457737922685402;2.49263179805462;0.478021855548601;-0.478358233619556;1.37244633237716;-3.57865250840945;-0.257314030355596;2.42027506194828;2.86681376945312;1.73510009872092;0.0463710544261304
-1.36144753841177;2.68894881415215;-2.59335236075372;-0.96111669940568;1.01414336448336;3.13751629070457;2.67512450298499;3.03203222198425;-0.880830923973836;3.27084858665989;-0.0387580112355399;2.33037139165551;1.45623100701948;1.12327745145795;1.28101777598798;-2.22932483118797;1.40368928661857;0.884495301345662;-2.20992222690684;-2.60805803531804;1.66542257898967;-1.22057572820655;-2.27912916877622;-3.72220525789117;-1.08582497484782;-2.7561433935891;1.0096572442801;-1.72052779137062;-2.02190043255465;2.8588728915551;3.92268998899727;-0.884339674169352;-1.6109460140464;-1.21669003553627;6.32594874493911;0.986189417268609;0.595056093397644;2.61408960969653;-2.8367365351186;0.467062995303479;-1.74816099757796;3.37708847850149;2.39693688114687;0.987016987935959;1.133837244256;1.18725365717759
-1.87003894993558;3.02568857146373;-1.6955308529781;-1.75582276150742;1.39574587326788;4.20958518411992;0.786721990713254;4.70166967165257;-0.0848938474016704;2.73107512581096;0.65290491314294;2.07330765326962;-0.246978124920492;2.12074852441183;3.12516630432185;-0.887722393361584;0.877915648081623;0.624407535723938;-1.21631673109946;-1.0025145908845;2.43465007095153;-1.97551423812145;3.06635059116022;2.90955637727062;1.54035187519457;-2.39816770902335;-0.543993205478285;-1.4389560969463;-0.941120839244578;2.28931886593582;3.1301164197954;-1.83216283969966;-0.756702171544913;-2.3667381072305;2.51366039767176;1.50624332771042;0.246888755754262;1.67903169878891;-1.88759749056025;1.97311022856448;-0.48119474407197;3.12885619670314;2.92924471803946;2.25013656904212;0.471009149266056;1.89995623301474
-0.894165883610505;2.06977493726424;-1.79626948157106;-1.91003026471775;0.978478955443622;0.887871987556206;3.36855140635101;1.59926154199782;1.15201177241339;2.22866227397238;1.56374495086442;0.756062782336344;1.68486242547168;1.37601643696151;1.64668050557693;-0.730836669548729;1.95001023322409;2.65719608768888;-2.11104058858312;-0.0556088776360554;1.47160277121785;-0.537430035411885;0.965062250896969;0.425427841127713;1.16401194892758;-2.22247016431786;1.84949111543367;-2.17406945809989;-0.969644541229565;2.42843961972038;2.00948555916812;-1.47528297170724;-1.41125237832654;-1.58973332920878;3.57408229430299;1.58208494116044;1.62180183262597;2.44242920580321;-2.22571638732482;1.32558106545441;0.296281860879957;3.91485409301556;1.86310915462106;-0.0339851757670937;1.61295093536643;2.65498568721284
-1.84040983020159;3.87372448704027;-3.63776673385404;-2.19987615667172;1.60283374959369;2.18417434832348;3.8870549320113;1.08759820087355;-1.9909802311336;1.43981322100389;3.09384187203929;-0.366070836896821;2.76026207410417;1.68473144084574;2.18138088652449;-0.54381315527862;2.86539718383278;2.33733138394207;-1.33005516798467;-5.24781763604096;1.94656625172599;-2.07808968931075;1.9756748690118;1.15014547563755;1.94977250643525;-1.42783733037726;2.14477137834356;-0.647621226647081;-2.44893398613442;1.10923259606989;1.94423230085823;-0.499984711425839;-0.245606553014505;-1.64382111563001;2.50494155451548;0.511451392454462;3.22940276736129;1.86304114967694;-1.65472874811569;1.69652877899174;-3.65801231868626;2.16409570567224;4.18835039589707;0.878741645143235;2.83553521192896;1.30682137841748
-1.98719078990093;2.71343480347161;-2.455902136949;-4.17843150789011;1.38625273976131;1.9014029795439;3.26411790036613;2.63519738390171;0.789367009564725;2.99712337192695;1.50248733758353;2.13435712871825;1.3869703317225;2.4226238523766;2.43224988995949;-1.98439662300301;2.22297461138325;-0.355665566054021;-2.11313273528604;-0.894380376758201;4.65351447803175;-2.24586390417071;4.81063714587792;4.39929722482757;6.34056807971977;-0.960987600122095;0.296299494002965;-0.750631871361754;0.131253824993629;0.934598549217411;1.94402559481464;-2.72265805115838;-2.84921160403736;-2.23473240395237;5.93143390829517;1.52299835385571;1.91809539059153;2.90113578735025;-1.33048094308098;1.33429836536119;-0.197999609033727;2.98846187618004;2.49150268140337;2.69571640481755;1.42491670009858;2.82883387116846
-1.3036378665617;3.05127058525984;-2.81581673772499;-1.47572235602733;1.8063486790767;3.33449836224591;3.01546442059546;0.966129941982202;-0.141652040294108;0.897973194342112;2.30585560223927;0.196595261389614;2.34567782429301;1.62994014861579;1.24265117079708;-1.94935365741488;2.51458156483662;2.74284378543222;-3.63925432891967;-3.00435599246639;1.55580139869608;-0.934997978685082;-0.418350057494439;-0.352610157929552;0.701729586321612;0.316628448714052;2.38998426230438;-0.0416906186239056;-3.10629500794979;0.409667094555722;0.786677568095534;-1.66215119608403;-1.46664612453506;-1.81304000576742;3.72587997225194;1.23387569927774;2.92313404795147;1.42248816811278;-0.867152608472232;1.73342876965012;-2.34556067697211;3.03817065844553;2.76938166324269;1.55188391877432;2.47870718361074;1.62562819760693
-1.49526947823562;2.31996036977976;-0.168291553933773;0.951739805957298;0.718798536605618;2.77333266542365;1.46516475386369;1.5647945568592;1.71518622275423;1.43927767292345;0.0620494802130669;-0.951614792259024;-0.379117560628684;0.68639583414788;0.242120611454933;0.605896443008477;1.21311633205242;0.120656228560774;-0.897039806359053;0.307088741601353;0.514061850110207;-1.85454085245105;3.37301045618196;2.74330586965048;2.91290329337158;-0.200618973467421;-0.89626816565492;0.133570974305939;-0.537779590658605;0.199265404937969;0.202859646141411;1.47785773589323;1.50950915894072;-1.25422771799171;1.47459030135345;0.927725074692558;0.0293702680978222;0.93795099695528;-0.848551156862711;0.659282417003687;0.437262251064032;0.648078782567981;1.97188917056001;-2.79294210933072;0.0772347328616939;3.82608585029043
-1.64661148857406;1.39663927575924;-1.08106871200363;-0.746082394536942;0.992764935503482;2.2045023623987;0.789856468303404;1.31873044137775;0.625973650539387;3.7679497199395;0.0167024542425531;0.147240017017031;-0.156129832442889;1.15362031436405;1.9058342775594;-0.780963070886616;1.02832809021104;-0.0146750651407384;-0.662039014119331;-0.995158365649239;1.6472736930814;-1.32578921550947;1.35549838447158;0.694574103792659;1.21762768050463;-2.39610139135534;-0.984124440561193;-1.9904304134728;-0.69410606373697;2.57281524808726;3.51035480140882;-0.392932611568885;-1.05969343605363;-1.09868980352369;4.75432254761678;0.779673297081405;-1.04311915585631;2.68236327008366;-2.59235386633747;0.756989255773333;-0.703289709912296;3.7899406498002;1.27631978368714;2.25377530762687;0.0403137841156934;1.11891485671876
-1.35844933874814;1.81330850426822;-1.35483909022175;-1.46678839009518;0.868237604798629;1.70212445052588;1.59400779536679;1.63140939769357;0.955432967408524;0.222074195064874;-0.127455790965315;0.872786210060103;0.492117647045096;1.42447138852158;0.675109279784076;-1.49861691286007;0.775963482311721;0.458824614014511;-2.38048881475988;-1.17381119734426;2.59591033258222;-1.49258576347815;1.73207283328201;1.51540641225445;0.568662781958774;0.238565854667677;-0.721623169001336;1.37557255698134;-3.25978910385708;-0.627895989280849;-0.968906540994708;-1.80942412758138;-2.37902071908998;-0.334858396862047;-0.568013986349315;1.46874817959389;0.292618604157162;0.504732661767663;0.393032021487897;1.71477344348964;-0.393351057867428;1.42715270106032;1.72188969099715;1.70431224147029;1.02977149330628;0.7748336858306
-1.97467510354236;3.0258555552955;-2.93507209400532;-2.26005570774949;1.63167079694606;-0.0979432134198436;4.00366542513748;3.5137663781134;0.441034261941853;1.55369305235239;2.44041038531074;0.0160714413136865;3.00955064845335;0.606233740979766;2.39314887312063;-2.19250161555836;3.3768741984596;3.39650347290378;-2.25821739515149;-1.03714443358204;-0.129326643646706;-1.83059399300381;-0.100950308128591;-1.16571179824447;0.600378355249155;-0.993916527763872;2.90068296109237;0.178123308202981;-3.27568661247595;0.321457632365295;0.375763279163609;-1.16814166826248;-2.06727312419412;-3.09331158958522;2.44646337793722;-0.290300802746055;1.80739619141098;1.47590344113516;0.00204277019863075;-0.319139611588513;-0.528411423716814;4.77743001394507;2.77857419209895;0.861956148674376;2.42044395095375;-0.374294518183717
-1.74887431300457;2.61644807242794;-1.80754399953336;-0.800820020216546;0.917604094739362;2.61711782895845;2.92199246313745;2.5009700447055;-1.24944823656231;2.50907926571874;1.3637052653705;-0.0898793804431726;1.78644009883287;1.13975193459162;0.709569438070721;-0.0855988906877442;1.59117240253628;2.86199732361943;-1.64767725795466;-2.98379693306972;2.04017110680277;-1.60597196892036;1.16745932867664;0.941546878502781;1.07673166491462;-0.722462775063248;2.4024864215428;-1.26287554738494;0.147016871090987;2.18679503148722;2.3053284369674;-0.375555167632029;0.107152915875208;-1.43759786572149;4.78244376397564;1.10675317334451;1.07528150653121;1.91326024950519;-1.42227072789607;0.706773387016093;-2.27837376124866;1.31483782946307;2.35595111471988;-0.293208893936743;1.09798807334179;1.01877268078053
0.091914366098221;1.30672284808583;-1.3467988217803;-0.614892360606411;0.874788174236569;4.11585099813182;1.81421304602646;0.577369149316642;0.297170191131233;3.66370905088164;1.43741374810405;0.865951601011084;1.09972083422955;1.30389006985839;1.37276811509061;-1.97342873036763;0.713759473151617;1.11589123014107;-1.32758414110615;-1.20574728552614;1.77102766546135;-0.136248691461457;-1.96416880115019;-2.52993998011144;-1.22047868219051;-1.46680275344306;0.259824842805579;-1.589233734908;-1.74641642617194;1.72633311265044;2.97994818298093;-0.823361653353818;-1.66562078954422;-0.9004859757081;6.58766372903767;0.467401787154725;1.73878448346919;3.1032293893264;-2.01677464031103;0.844375087349322;-0.742539111207667;4.40885305310221;1.28589440766524;0.377102944659983;0.81881043892824;0.110639339914659
-0.901988603077517;1.8750181787194;-2.30856736793441;-3.17899731248157;1.61393163411855;3.14560870324381;2.44274976947268;2.31580220831802;1.198168707351;3.22044990982349;1.70515600056772;2.7598681796707;0.714191159238694;2.13240534019594;1.82248027338586;-3.02127582042339;1.54633863703259;1.88367817047726;-2.50781950140999;-0.943316538637949;1.95171001542179;-0.909470333460672;0.856077004106121;0.345482835961287;0.42832797930248;-1.91632929770208;0.792122644788865;-1.16375200896151;-1.70607455266647;2.6258945590197;2.70583729466262;-2.91965677798264;-3.01798725073617;-1.92678549381479;4.1860836292426;1.54848846699706;1.61691293979881;3.14327167230675;-2.29614489729358;1.52939578588415;-0.554123097438891;2.49011294079294;1.73513730555934;3.11077160617345;1.35482182277469;3.50529066527993
-1.6932954381506;2.14540025687694;-2.03805112759808;-0.305099249863274;0.86091830545565;1.70437521702453;1.77784036129004;2.41143840401884;-0.995391007046945;1.81801471137399;0.259106682803966;0.566884809809744;1.15018342751372;1.3615395925303;1.41599007460283;-0.796481465058205;1.15464170473225;2.0531244125533;-2.19083088998232;-2.03092507438216;0.783855656471367;-1.49890629298705;2.31120763878062;2.45157791929058;2.52185969700999;-1.79110752813086;1.97311112713707;-0.946068727530569;-1.63752985556798;1.80120919673835;2.26825017575133;-0.386299877349935;0.113368650463201;-1.13021023375347;2.48898115930534;0.553991274707895;0.865288203894969;1.65496745047807;-1.81110565614184;1.04169114893317;-1.31203069607295;2.53997458159957;2.39459689934717;0.433912578678392;1.20213679648406;1.94206954386471
1.9107061203439;0.35158746575049;-1.78677224242724;-4.15543886070266;1.00793009472793;2.57666682478265;2.05172873346515;1.17503612582502;0.0326802039209273;2.23308442765502;1.00343147239508;4.84491307326607;0.969900827229479;2.25770700050056;0.0915792782738087;-3.89144584722984;1.26007517530827;1.58363199690106;-2.82434674333707;-2.51841051652954;2.93043489386645;1.02278358272517;-2.59475660508378;-2.42562416973296;-2.73994194652982;-1.02097715802325;1.07840491201722;0.42488461970838;-3.86425099754167;0.917717414462316;1.74969050789223;-4.29378843224935;-3.57291162603715;-1.01076112474972;4.69908906029758;2.98226033730844;1.5495508257012;2.70617754915087;-1.38287879572809;2.53734744093211;-1.27639586685151;0.428812981493631;-0.0123922764610267;3.38485082785238;1.03510950580993;1.2386547822547
1.7126555573459;-0.531661879648336;1.1880304681649;-2.14565081692691;-0.528887374525957;0.147117318495481;-1.7843407199502;1.39994430279382;0.0568803193604638;2.82693951656908;-2.59954758526954;0.648074484788051;-3.23713003196423;0.630882077842152;-0.773755417472153;-1.13851201479842;-1.50798389318229;-1.36529560779143;-1.50281546087301;-1.75293595554959;0.410998518421995;1.3745508206886;1.4192358961889;0.829432562055123;1.9424163058897;-2.32459950270472;-2.70502542987186;-1.55288295851936;-1.70813006360353;2.08831592384819;2.07477398920808;-1.46533846024842;-1.99699973329856;0.418607398947226;4.38823162636837;0.419849832269625;-3.03015531483846;1.96918011655811;-1.92252972700955;0.566275737301264;-1.14940221662025;2.15297982658164;-1.28667499414953;0.98424202314428;-2.70215152613755;4.67196794626527
-3.03192585093637;4.22167558350898;-4.02656939907052;-1.42740431962491;2.55320536391287;0.386921652710771;5.72943682357412;4.0691330059722;-0.204873637528133;0.507341507940974;3.13676586237271;0.153274006788582;4.40682519073252;0.959148427434502;3.02220800143817;-0.839580345389718;3.1223827263034;4.61996638567376;-1.60107041362611;-1.63843133083497;1.78075125675091;-3.06706755533202;1.03009972481623;0.209756037851035;2.05647696849176;-0.400035479092008;4.07380732235725;-0.217990671213737;-2.77413055966666;0.979203400108682;0.453237471197416;-1.3139054512255;-2.04639565589639;-2.65885562922164;2.6232913616504;-0.167806104973485;3.60142228344333;1.10708479199444;-0.487670089342743;0.278435402377508;-1.11925185944628;3.58292380586321;4.79320599193011;0.943906672369029;3.8815911639294;0.968879908027519
-0.767244474299575;0.923618285871552;-0.855473076902627;-2.03610014277162;0.962195725800219;1.9646545397792;0.0566650680432789;0.789295414728019;0.979831308464084;4.96261537531735;-0.192375223022017;1.62226851655199;-1.64715679528404;0.317018499324561;-1.51236812657481;-1.42495407518636;-0.0910753674229761;-0.143076466696283;-2.81969376524406;-0.548856067220818;-0.197037895538097;-0.738608238032721;0.12398799130019;-1.11746065145165;-0.112091704202324;-2.80111530572227;-1.10993613731084;-1.94833060821202;-2.29408691404932;2.6968441964803;3.62148099905526;-1.84808129790831;-1.1491553350991;-1.01931688517834;7.31661530202484;0.334317441634571;-0.457213622668429;4.74257027903703;-2.20605569796975;0.835130502944304;-0.412593689504991;-0.440081473947904;0.616409060633053;1.98076598424451;-0.361878629089607;0.471521011831664
-0.657627951734127;-0.0296243785288454;-1.1735508828522;-2.75452260412722;0.620656057378298;2.61172571927912;0.716879698844703;0.708488385472413;0.729548862485891;3.09728400730744;-0.102069109138471;1.78835240466209;0.822294142677075;0.845612670292382;0.762614520511973;-1.35794754840686;0.362499913909877;1.14530780513633;-1.11743872811934;-1.01715658436557;0.668755161900834;-0.718856021473647;5.7245162992685;5.33525382780911;4.45994474158295;-1.6216133512257;0.184712716725192;-1.13965694627178;-0.346289437967014;1.90849682099776;2.20971512394981;-2.39800582885746;-2.43783446244582;-1.0978854455384;4.4247076507052;0.82200343475075;-0.492593953553734;2.62761886503935;-1.69652662242626;1.32334940487856;-0.514200924748676;0.887787465451553;-0.115971139583165;2.23968989675554;0.235087896649478;1.60741980541628
-4.7867814545197;3.32539345660815;-3.86093004457279;-2.23037146223416;2.25078378549343;1.99381135772051;4.04247182569212;4.01146802383726;1.0190162904732;1.25625254007372;1.64268012773175;1.3121879275586;3.5274011698624;1.08784709583756;4.73368312046922;-1.78928682730342;3.50832003816188;3.35388681924104;-1.74700779384883;0.337655181608145;0.714210368456462;-4.52285426055655;1.27544207284515;0.402434019103638;2.5444458736782;-1.05203309272124;2.70161232863164;-0.764249307160143;-0.903025376272842;0.77587546603141;1.55281924644803;-0.751838563732548;-0.728388930141733;-2.84763005791463;3.34948854194818;-0.357540166331725;1.69561792686253;0.681744438102366;-0.923540160109218;0.0826390302766996;0.446387859244776;5.35769414196025;4.35831414915573;0.797448433788962;3.47880655086314;2.46474561694783
-2.44468301485502;3.09630855135504;-2.53427584943389;-1.75187938316606;1.75015342566943;2.07594017454449;2.77704677367157;0.241690551880104;1.5431193120981;2.10169981449858;2.68557965010485;-0.705302447484778;1.45002317562544;1.04925520969764;-0.802750724454361;-0.98030456967517;1.64441331732718;2.50988680243365;-1.4422085271113;0.056589104553168;1.7523601255303;-2.5583988585253;3.72882424474232;2.71614172493495;3.94486456100795;-2.2314512012504;1.62509010971741;-0.688438288237689;-0.792621650779981;2.07394301678457;3.61916951469645;-0.211648100275485;-0.388014558552276;-1.63582924010325;2.95462957339026;1.24171430401631;2.93596300006099;1.5508791228631;-2.09546182776523;1.33361645217869;0.181353004920029;0.603041993083337;3.81324146062033;-0.897553120301375;1.75449626717561;2.12027365854242
-1.38588425916806;2.22828622200456;-2.60828246994871;-0.243104910149191;1.13893506789701;1.95780807670892;4.30247318977214;2.54470105736878;0.154186343643612;1.87315406159717;2.24010630196681;-0.0812554093289036;1.85531486405118;-1.07720704917964;3.06871274623723;-0.430713995980671;2.64371224663589;1.99259769206173;-0.370532622318723;-3.09244898539217;-1.84534236321974;-1.43350033677609;1.72656897824715;0.706908250832798;1.76374301014864;-1.33229668161062;1.83199429751072;0.302365382927093;-3.1547014639876;-0.0261769167029382;1.69451764466087;0.279727606555955;0.528241263529709;-1.8445049680214;3.22950387441981;-2.38545710568175;2.7821699567412;1.83714159048588;-0.819231061954633;-0.800167245407292;-1.80816692504996;4.51441177165211;2.58995708746931;-0.12488732639336;2.14083123034184;1.29679956004819
0.0592773981780061;0.689507495283101;-0.998007591280489;-0.864580607568512;0.51814525752941;-0.202635347269204;-0.623108508939539;1.4299436128581;1.59123094288526;2.797746693047;0.0920935819500654;0.607561433986997;-0.311625772542507;1.77962336655011;-0.354107417737952;-2.45383388665162;0.584758386207878;-0.560493550801963;-2.9666913968535;-2.81510236233042;3.05744778800001;-0.683962236677234;1.55325650388738;1.81648781635462;2.07185446901493;-1.450187085248;-1.01038053887415;-1.90404076897699;-1.96095040358191;2.04953838737156;2.19529166966056;-0.704820945134624;-0.294040636222927;-0.817202484435862;6.48911484747413;1.94990189687864;-0.667105519980508;2.39096889821197;-1.47171996864367;1.75295615234976;-1.34682013354799;-0.0836116053118118;0.315893403537106;-0.590671490808265;-0.205069061717928;1.36472158931703
-3.83402152543071;4.70258289594329;-3.40633620751346;-1.25778366876243;2.81374661004438;3.44100154883917;4.68827114176272;3.49022761947398;2.9920626402986;3.02452709432085;2.24493917077538;2.19871369930858;1.42128479821484;0.93280270241067;3.0901761851923;-0.812846577082314;2.61157674426282;1.25098338129554;-0.756943700404243;0.605161437698627;0.733503887178222;-3.72051447744486;0.503542750491836;-0.69295652236386;0.846468114617692;-2.60022959768544;0.968073687558826;-1.13013182968981;-1.55532745031519;2.14434321619054;3.35623186444635;-1.05750970602007;-1.76117476842338;-3.27802937713133;5.24663008388106;-0.130410453164413;2.300784487237;1.74297056546191;-2.19564975948409;-0.118300360593921;1.16376908587186;3.9945176379053;5.30053795319332;0.79357714009549;2.67792059981616;1.53263956371073
-0.435895053001968;0.154369182427288;-0.0485361769077256;-1.0345769620139;-0.396376773253238;1.77907302093629;-0.589797870324634;-0.250221164320216;1.24939614339725;3.3389937213318;-1.16871880758256;-0.357854073064707;-1.27853026637665;0.570221333317278;-0.507497681464732;-1.02731096891931;0.303275571790393;-0.635527151085657;-0.057604227613384;-0.692773385359955;0.472336801140772;-0.432186718758157;1.32979835722611;0.824402620765579;1.9823059484904;-1.00044440741788;-1.05867648463207;-1.22832892126452;-1.58990847291674;1.84462777868065;1.62025247031418;-0.172763878327561;-0.90908821257987;-0.0618682192412109;4.48300517157486;0.372124317924952;-0.983858121079961;2.81047528750429;-1.34676350672781;0.729828097785259;-0.114122159244572;2.44631614041871;-0.00679824340946455;-1.02872243769617;-0.875325239173534;2.95847461278944
-0.306830031383586;2.52746921166827;-2.46744087102588;-2.44302032624637;1.47701670477848;4.36670043988533;2.89729952128869;1.64741316425629;1.83886209588799;3.95546150290113;2.03150332481672;0.268805077983916;1.74913393499696;1.43690810106487;3.04199178235342;-0.561524449502854;1.98235368149151;1.95159473933084;-0.855613137232005;0.605327224994304;0.602815700077923;-0.590157931087418;0.614986850510349;-0.286086211080432;1.35572700947888;-2.44785949035447;1.42269877547222;-2.07278995892725;-2.26543846800993;2.26077521595173;3.42521601272538;-1.83846423177226;-2.59528736455944;-2.23143086990419;6.52132488398048;0.497424521152476;1.76310933790334;3.42797305128523;-1.99013777825711;2.32297839406159;1.0392908092714;3.6062120493754;2.28079350076803;0.94392324339545;1.52837999405719;2.31209209395125
-3.67949468706059;6.15144761625301;-4.40245323734893;0.235864366829917;2.37146104575093;2.03412649496955;5.79186255969589;3.16391083007755;-1.43711012226388;1.4520216809112;3.95557510057711;-0.618868190404945;3.19497444677195;0.184271297587843;1.70383264636065;-0.551194892578398;3.48508644944008;3.39464683568116;-0.916821852840026;-3.00140591832698;-0.714635701820107;-4.08516603485177;0.105344665842337;-1.33405794733724;0.967370712354596;-1.384669174283;2.93980336276154;-0.105207427901393;-1.36625877729954;0.554126649792623;0.687595696203684;0.791760910473041;0.475043496809455;-2.19730245889394;3.16428043531792;-0.666658693888591;4.55160052215801;1.52966248182446;-1.04723765032458;-0.499675286844672;-1.84282154928021;2.55372721054402;6.41130893468921;-0.141913462795008;3.72193151247026;-1.67373817667785
-1.52048734349699;1.56976242494581;-3.38370011995984;-3.31798310227254;2.04611394403307;3.52208175246961;2.40207845948719;4.11856748343587;-1.09413057793992;2.0819537829283;2.1921644189894;3.81096626071987;2.53062805103367;3.46414728951241;3.41376119116714;-3.94977937697712;2.9792776348235;2.19475622064901;-3.71890748129947;-2.72488263385693;4.00930722510184;-1.74033213029995;3.02231989060477;3.4826472618914;2.98011693387023;-2.44873844183704;1.83214055184742;-0.533466129831524;0.328905864305119;1.4958515245444;2.40392611008329;-4.83170015756718;-5.1786427433575;-2.42238213678839;2.90953204428621;3.02130028966951;1.95926469230235;1.7414015828837;-1.812497009853;2.65479125634733;-2.46889354218139;3.32967352381632;1.24831515782132;3.07352064814827;2.64419111443472;2.28319775403193
-2.17312732179842;2.2275700914296;-2.2564257979869;-2.44922605823553;1.26569133734464;2.38176690554695;0.935199722489773;1.40687351122913;-1.14641948279742;2.30133687628602;0.662196193013479;2.11406577280632;1.55478247647804;1.37924219537229;0.923404336989354;-2.3412380334274;1.24468645783999;0.750735575249662;-1.55835660877536;-3.8243386597215;1.48619303242693;-2.13804626217876;2.52802445755535;2.20832097820743;2.75048597890335;-1.94511053050534;0.332585473968089;0.427617678026446;-1.10497534840322;0.302441702066225;1.77086561944295;-2.03599460254771;-2.58536516831532;-2.0522255800202;3.95222451490146;1.89858541731899;0.956370389617679;1.99507035410208;-1.20286281668518;1.33939637802833;-2.9058956155764;1.87618943019641;2.11161681866261;1.89123005448688;0.558566387933351;1.81865924502266
-2.15768307143431;2.17816434732686;-2.84546255906863;-2.4964133587999;1.46025804389423;3.19634014004847;2.97645561622934;1.14981626709509;-0.877970291249922;2.66601873853048;1.98446402348024;3.32679151836128;2.37382871452131;2.61984353108023;1.26460561685302;-2.14902949445892;3.29051729482405;2.80585659500855;-2.9361495158802;-2.4209045418688;3.46208165654099;-1.75376603580527;2.41197180379712;2.38536080081502;2.5382213129434;-1.8168866621289;1.95700340778653;-0.80204970683521;-1.07989631098691;1.28481684017313;1.95751825339838;-3.19705003975558;-4.24575254457656;-1.88933834110121;3.80382228089455;2.78443760163111;3.1785193992198;2.59529144081015;-1.55167389686072;2.55559853322545;-2.07999420477385;0.651246355883845;2.42853304532308;3.49194684671003;2.62997010547609;1.58450287361689
-4.17718482614335;4.02404460500769;-3.78152100512773;-1.46246402486919;2.4145185457679;0.764677471134396;5.01548098463708;2.06704151766785;0.693867933520009;2.13272750977905;3.66602919790278;0.0497556248201644;4.12843980509714;0.214411270400644;2.1484024006013;-0.502085238664996;3.94055863749225;4.74463497480654;-0.849482124558188;-0.694200674056587;0.0880116940684009;-3.54798691170664;3.08672977749363;1.96945102324946;3.99538655763564;-0.31523109885275;4.22854525252476;-1.14763445373711;-1.77530387210107;0.934361708705324;1.89905250732027;0.00620132677289872;-0.355379436476536;-2.0659571873238;4.29671476120886;-0.774100742047983;4.07063897009747;1.77654569763427;-1.0465641099256;0.144138187437578;-0.456705180513684;1.52075997620045;4.56473493780574;0.222794339589979;3.89765088048615;2.01712776523177
-1.51632710277369;1.99893399621156;-1.89487897051245;-1.57384414324224;1.30026203448102;0.858884990908821;3.65057780413446;0.787814928884131;3.88885450056287;3.68765704979998;1.51380106254552;1.08134031405879;0.597889445578081;1.89033848615677;1.00880548256564;-1.32660652366973;1.59940209854689;2.35364162876178;-1.79155477582184;1.69247509887649;3.9906056120475;-1.28633785793565;2.83024627119454;2.17729884706019;2.81885577023735;-2.79372522782519;1.73022459607954;-1.05382513184292;-0.230063279901338;2.42762126917269;3.36840033445837;-1.7926232454678;-1.62132248089597;-1.57088221435372;6.14549139102082;1.56831767560079;1.5279107300059;1.95252351621564;-2.48855514851116;1.14965250580231;2.22484822246943;2.20008569231711;2.15068859627091;0.930213726868272;1.42893481046508;2.58644664276862
-1.58183308540024;1.34723406740698;-0.0860280066208843;-1.47642722871187;0.128867499952723;3.72728409707791;0.64496316114982;1.67320607017182;0.940190598119276;2.33665428770928;0.384945136826833;1.63720995791865;0.511759536530766;0.899410855826654;0.134000651809975;-0.891931085975359;0.501456523698325;0.692544823175647;-0.889602070377017;-1.04166569116987;0.978803664138748;-1.67611445181576;1.65086432922507;0.770240715662266;1.87671014573813;-1.62815350122556;0.202358335276259;-1.00503211993088;-3.62431576918072;1.60275665825392;2.67155266127943;-0.89661808273428;-0.744128730498846;-0.201823472739203;4.15959088160845;0.977341008076838;0.455518793172397;1.89847519668613;-1.63570756772698;1.35093507946846;-0.376196677859449;1.70807484704711;0.781684284865134;1.37930011664313;-0.0474723099918419;1.90369065265695
-2.20419756306541;2.01976698304405;-2.82279749819029;-1.32642311914264;1.85120943476111;4.30882115437558;4.52383615118518;2.14794247616299;0.427278059009154;0.325478596363727;2.02719229304814;1.7211437231464;3.44419148964079;1.37610494316679;1.18629569286811;-0.998751735427002;2.82970863856869;2.72776486929125;-1.85332028975821;-1.2035393656196;0.635745868029575;-2.34684068909032;2.13087639511562;1.63116596807619;2.81742697569085;-0.936273288799966;2.21342341818236;0.160959120919828;-0.764037039794038;-0.252210347213214;-0.199520578479693;-1.12339295807674;-1.67278706512179;-1.40732033718808;0.453033539896305;1.07216037358976;2.16962349035879;0.0528289074901829;-0.127016794633404;0.660738881510102;-0.629518942422304;1.26332480412851;2.17883011776878;1.26078337069349;2.71514299033958;1.40300598955304
-0.238006233069461;2.0512077227473;-2.81074833323249;-1.61997242865808;1.08715197260585;3.22423629659038;2.46489792567522;1.5091477383396;0.128744781047367;1.97025069108825;2.70745282712702;1.19145055279534;2.26524638438299;1.3594372382509;-0.213924207306913;-2.27118852936853;1.71494997456944;1.71334281594747;-2.15946772975545;-0.299086090872947;1.29352955802406;-0.489678653588055;1.00907913544434;0.391265335918876;1.4866136877992;-2.4656379496677;1.70283966747592;-1.5824725818901;-1.24859429402914;1.61897058294549;2.10686661059315;-1.33108147351242;-2.07194513234868;-1.09805980478582;4.50812515391542;1.80089387061129;3.30505058448343;0.687137437208902;-1.87173448236995;1.41920915265999;-0.458543521686122;0.90831753383391;2.26560377182747;0.378557501325281;2.14807388646083;3.72008060102721
-1.71485028658493;1.86693379501395;-0.644337992153752;-1.15019556301303;1.28849544583894;2.32064403549735;0.881419965086229;0.393177077197448;0.112907344295344;0.749393942783356;0.11259165025282;0.358587193438161;-0.111158245738432;1.17597336826467;-0.199640244349432;-0.777917822535058;0.212548178487185;-0.0261816573221395;-1.61160154653702;-2.32536891792499;2.65833070433959;-1.79448807314404;0.586573928667205;0.291407618457617;1.08651272491602;-2.15064246570837;-0.309508831245593;-0.176701324752986;-1.88345485442883;0.63437084532239;1.28647764204594;-0.774628238768069;0.00261446777853858;-1.06531173518531;2.04603729347793;0.698443962140508;-0.24486678624125;1.07103227568577;-0.956088900545841;0.211406732107431;-1.54088344424535;1.25771068184873;1.96741108993151;1.26062016611928;0.0865527927658684;2.31338610898314
-0.937408373549401;0.189509621637298;-1.16745849609598;-1.96607649908592;0.671100918447571;1.15801028052987;1.68010554910203;1.23645818874744;3.28168101610275;2.12353654511317;0.620456208184561;1.75616518225148;0.172074660187017;1.60952770404709;0.469893075922102;-1.66812630907296;1.64362190055001;-0.529462256148715;-2.26364127413622;0.103242568230148;4.45081340326369;-1.0095718604392;-0.60205572571061;-0.876002849133804;-0.225269695821158;-1.13541588430728;-0.548566499805254;-1.78683054287621;-1.69265100258247;1.44010461520843;1.0318052360945;-1.90263566598012;-2.03838132203355;-1.27355037978262;4.37980719024028;1.96019422870753;0.197913720390292;1.91566088156886;-1.74374877161532;1.06570310887514;0.866867249030441;2.63179957759238;0.461854337191083;2.63189362587637;0.492787816523844;1.41350206266443
-3.03254406919267;3.75106110073353;-2.85308632833409;-1.04376596005323;2.50874930314107;1.70198172342365;2.4097043485342;2.70379070628065;0.176483362335709;2.35068332764904;1.23349495771424;1.2881260521683;1.83318527421629;0.260801304399153;2.09237193939993;-1.13100686854223;1.26679791316117;1.43899690098147;0.360441921401525;-0.966174249641233;-0.643353882985107;-2.94810057327832;1.04746256805175;-0.315663265799791;1.37346313128432;-1.82073171567985;1.22323282410446;-1.00550987280434;-1.54496793347804;1.75609182387462;1.62025400378146;-0.682452616140673;-1.49529953852167;-2.5742074080015;3.23330045482605;-0.791820100815491;0.900672436927357;1.64392141810563;-2.04572886113386;0.279336367027372;-0.765076226877879;2.21313613311465;4.23955945166383;-0.0198255713456743;1.69262767709236;1.95101857703602
-1.41912666190527;2.28675702263488;-2.04450677400379;-1.43002214835918;1.40223755794157;1.96638459806939;2.88596068196891;2.10651533989632;2.41857573150552;3.16135543072355;2.2059585195014;1.52356280786416;2.28291966362351;1.93893040905887;2.4035477895023;-0.970508735655355;2.58250673291153;2.76115833177466;-1.9894655103409;1.06900656781087;2.18894065387232;-1.83716289940146;0.515590828208744;0.280409249187389;0.117313465684632;-1.20430225646776;2.03290791975722;-1.40618161285533;-2.04397669607888;1.9133244652994;1.85621377506514;-1.43230349202893;-1.02687109212836;-2.07651794465231;3.76140160192985;1.72712711560896;1.9027324134451;2.52770449905325;-1.48873164250335;1.96584420703009;1.00125046198336;2.71627962766766;2.4700579026119;2.05625987837153;1.91717416202874;0.758869015243732
-0.451528739407986;1.4018743605507;-1.19649710245525;-2.45253894704685;1.83527058916408;2.33365036929571;1.0799568829019;2.88060673601832;2.12799092145486;2.98894570808697;-0.17055073210938;1.02122078018532;0.301276429692045;1.89993445848114;2.15460552425536;-0.937503814875728;1.3484300628136;0.55461456260447;-2.01030799752417;1.29099777500278;3.92183776229078;-0.714502956228608;3.56766084949511;3.15439989929998;3.77596528981296;-1.65689303760689;0.260700915108272;-1.28695681552561;-0.530875148255988;1.9037059725922;2.85302141924733;-1.83938647198412;-0.669294081497975;-2.72271189763009;5.54861193616294;1.05105444419648;-0.487185213586418;2.89489844410087;-1.78942588660218;2.55718320593066;1.71037298178496;1.29745345970128;1.44074146966945;1.96630008416199;0.181801523247871;1.99147832941979
-1.64868813480818;1.24092701007759;-1.94235715359594;-2.99141849103851;0.705407789200524;0.792282796163754;2.79887322553192;1.24760031312877;-0.0712834576709833;3.64123450840638;0.860104689353293;0.382215727108958;1.96395857960269;1.96859529853372;0.334769288717474;-1.27058916280072;1.70084466952415;2.4530856016638;-1.88618019549328;0.245429547150632;3.61758223965851;-1.59548841091661;2.05161584122174;1.89220230426757;1.98109043424233;-3.06772470802414;1.91811624232845;-1.23953040524376;-1.21515679747554;2.35992227379755;2.86239779208718;-1.4089039267596;-0.73831887417182;-0.993062121078157;4.57087940798868;1.98969984551766;1.45735599851054;2.61728166726397;-2.68973824926299;1.41728052890256;0.359198325159216;1.77674189049962;1.71566068513432;0.336885360406623;1.28184426278831;0.50906242502888
-2.12072409373397;2.48439653722674;-2.42392392334572;-2.13523744355516;1.74537409781012;2.58033849332963;2.83789302330741;4.64096292375708;0.271962615848121;0.707700601215671;2.3992091139876;1.20768104405927;1.64393350689736;2.48855559738701;3.78693374609241;-0.197342237308947;2.37473848255845;2.60068083173853;-0.371883086234551;-2.22361745640878;2.41737038818393;-2.02764863464337;0.224025888705727;0.355188301681281;0.513532714944866;0.448496082655268;1.45141232360888;0.237775917621757;-3.60504224054633;0.17619164241438;-0.148622947720914;-1.49126862336257;-2.40182189406439;-2.41000527849537;1.71392146207923;2.04000276661801;2.18680806419484;1.45480547173671;0.0926456714197336;2.41578815173434;-1.22949299632406;3.708859148282;2.72577274075272;1.59404339716789;2.00540129641513;2.28657624790332
-1.97170497782298;2.33317577808724;-2.081596822049;-1.35355832543681;1.70287163377696;1.61047410181044;1.57566811274081;1.55216796492755;-0.986439161744782;2.06628200781239;0.967623538419648;2.56179859309727;1.22901737536367;1.68708559669229;1.46996031065839;-2.35444488814127;1.31834792021864;1.48855770553229;-0.961496290329016;-4.22038991481005;2.38435872992438;-2.04461086493071;1.89358029298358;1.21112338673083;2.89524047868821;-2.72927388722939;1.42120993449765;-1.99065933322916;-0.890818524905039;1.98230779092772;2.9106160709631;-1.74171870362124;-1.35301986126145;-2.38801479897856;5.51786115064439;1.09198446311158;1.20624760612879;2.75737458055892;-2.39625210345664;0.288938457093723;-2.80727821268971;3.25884244552022;2.54157827094195;1.20656450111607;0.743698212593291;1.29920193146266
-2.46431748778019;2.54538811886816;-3.14332765318609;-1.81721001041842;1.5371492983102;0.46430014257781;2.4908763367947;2.94732718131423;-0.22061799203074;3.36280931621719;1.51632063429098;2.56078705581187;1.57517985087237;1.14348783449162;3.22152859216177;-1.13790337037294;1.95619058165551;1.15164010654427;-1.20218538564297;-2.40214674018031;1.09070709570738;-2.61317879840224;1.96318620703579;0.668823852257789;2.52057017722112;-1.99929121692237;0.274883263420951;-1.90355416538564;-3.1266424346762;1.82574026676913;1.96166496115074;-1.16789329735455;-1.33951096443215;-2.44699540142292;6.55934643799047;0.805877433448572;2.10604213891779;3.17307168300518;-2.09843278505002;0.537826900338374;-2.02525816384162;3.68864050444381;2.88254008233166;2.03408836778768;2.02813447926991;0.897162375848482
-0.829530512581048;2.08018761449717;-2.29130640107773;-2.96916446282913;1.18712659070058;2.54530917211662;2.87502294578979;0.782955518273179;-1.32347236308259;3.88637503437258;2.32007504557462;0.720084014974265;1.50761792829297;1.43047775944499;-0.320600992630864;-1.13913328879297;1.87717732560597;2.31138585230548;-1.63869838717257;-2.463231594012;1.21502638606112;-1.27653728471037;0.577048039882808;-0.459368712553732;0.525936979090188;-1.70969091087587;1.67055269131236;-1.19313465077276;-3.43145549620468;1.58850143347451;2.39011528143258;-1.49175638503513;-1.13387495578991;-1.1495721062608;7.85392687427989;1.57416932026402;2.69198681532203;3.9413634291567;-1.39153070267549;0.341202026493625;-1.78058677411697;1.30584695137395;1.64832710055674;1.21576255401063;1.53949647865917;1.38239291926248
-1.94167671403147;1.90848951269002;-1.77797675242168;-2.62055126875853;1.64579436483265;2.41326576311673;1.94090525717708;2.04977535366147;0.131240780001667;0.349880235021134;1.12036774772666;3.06352376986489;1.0604493909833;1.70403244469864;0.458123494604883;-3.13743157973751;1.11536023177563;1.31510009327026;-0.958276521390382;-1.57718532135568;1.13577611314491;-1.8460842441915;1.9807926193256;1.8772798877075;1.62503315484464;-0.272401942286437;1.31236653918039;-0.0626903399779652;-1.27793706379801;0.767192525858837;0.230047355356917;-3.00616586638941;-3.03255140237433;-2.3051315954821;-0.864638147859522;1.60407079501953;1.39095456854613;0.216367382379436;-0.704225261942177;2.08988297208977;-0.764113668270451;-0.12646319627892;2.03834958855191;2.98916526358285;1.29528648147286;1.29635081722996
-2.08817754223436;3.71609090034031;-3.32197264831483;0.062270428404312;1.39742982312669;2.31292199453585;3.57152605491324;3.45272245498862;1.77719118337405;2.27850812149282;1.6637794625476;-0.676872614057431;2.99900481517732;0.273033820513288;1.30717323325169;-0.160544546277954;2.75905833280861;2.59898916564272;-1.58325261151344;-0.763227198731918;-0.206099131229643;-1.84160845313192;0.686220620366128;-0.615080002654927;1.53593740458725;-1.85588913962197;1.89942827758615;-0.300526515884615;-1.57986806793342;0.72230752411559;0.765351981926635;1.17856980242411;0.0677196083294825;-1.13197290799152;4.62821263668495;-0.144975722739132;2.41791861299637;2.50413558889786;-1.20009114026066;-0.482529616088779;0.403357467936578;2.498830901091;4.78046025962229;0.0690814729120143;2.33113405967232;0.330059759303952
-0.432386426064124;-0.0704931886345933;0.259658524305602;-1.78420118979882;0.0964715925476225;1.69758058756465;-0.189140071355073;1.18016716579335;0.0683833875590961;0.897930673607712;-0.538973995691427;2.13892832188713;-0.688676505694098;0.265263867346124;-0.292199954223054;-1.51643967020678;0.479720549566981;0.286678933354026;-1.78738517921602;-2.46460115202285;-0.650014617767065;-0.0876382361622241;1.48881073851105;1.50865458372202;1.1413864710703;-0.817136019825918;-0.823252539871117;0.157573704598019;-0.107837077921814;-0.066601537373;0.919067768289233;-0.909992833164977;-2.76647439444635;-0.0411334472572139;0.302106069380564;-0.566534092016828;-0.71301671890132;0.116243143534416;-0.331945686380643;-0.00337737894436177;-1.25613564151425;1.06948964399505;-0.526436929246698;1.32933016797855;-0.0845917069701688;1.79962624496045
-1.79932368381489;2.89687730157121;-1.98607139051789;-0.816733912903095;1.83188074601185;2.13699791544721;3.12882683395248;1.99518708155612;0.698802991985321;0.684264631603818;1.49874003208712;-0.157476606600895;1.83223690155157;1.45545113912032;1.41530953793156;-1.49817679469601;1.52144528885026;2.76125620124444;-1.43208907292016;-0.836295203729144;1.66757509267883;-1.8155776960136;-0.699431295682251;-0.931251978385432;-0.983260910576141;-0.858376810848864;2.22312891325077;0.0700957308133574;-3.38771492701703;-0.183735740867575;-0.0646774541604393;-1.14001509929298;-0.192253901889163;-1.96996877244876;1.0141489531428;1.23728811713463;1.93542697275838;0.853492234637126;-0.38683132311633;0.984177419302801;-0.356461406983695;1.36574973554773;2.9114690160929;1.70206036372747;1.94251678517396;2.34021428089823
-1.8662774381286;1.5828021973235;-2.55458480001023;-0.0154653072647626;1.41672005616292;1.28781551491432;3.27275204991212;1.32628438792727;1.10593932883609;3.13628246012399;1.58881293852243;0.961053698023961;1.00444053973305;0.185114197651431;0.334450263250996;-1.27157352901479;1.90504771676993;1.54182757505498;-1.47343526654998;-1.05459094804481;1.13575681236537;-1.89564452331237;0.745509382641925;-0.169172746038598;2.03571403798186;-1.43277888732435;0.770281618929396;-1.15272942734134;-2.363160446173;1.42921249477713;3.08817066739509;-0.64426276232408;-0.303625663229856;-1.58370331890636;4.92259096810906;-0.267810122907122;2.42342851644474;3.14943300503049;-1.43127624509898;0.323036751563046;-0.750799275226317;0.00653620515585598;2.10792230150684;1.17609329347605;1.65181561401853;0.125710613598648
-0.544086505818107;0.942696934515545;-1.00539248308608;-2.68242530939111;0.468064090863496;1.35316044148352;1.976624960611;2.08426396825375;-0.165698862723291;1.96248168304213;-0.23059333541788;1.28913704162302;0.414383533267127;1.86298591142975;1.7433941844599;-1.97629526853276;1.10549735784683;2.08595457770653;-1.88250202533103;-1.92450126375071;2.33308831954371;-0.390851720939548;-0.522225750642573;-0.678496651076247;-0.34818432976869;-1.03145303855633;1.28575026755955;-2.0793104105455;-2.4488320561218;1.79214752308531;2.20163137925541;-2.06378729714648;-2.57579999924773;-1.75692405376001;2.97771008913843;1.51001115380847;0.101944856535588;1.12729957192807;-1.30581208754138;1.90507880744349;-1.42219300476326;2.32887926693214;0.300473299303732;1.45550726461392;0.423597570805018;-0.20810706794796
-1.22439570041207;0.802266206037128;-0.775600700687984;-1.79259103769978;0.651955550699292;4.42262273172128;1.16409099153314;1.76572199432717;-1.05745864757194;3.13686043066548;1.29570462299744;0.395824693788301;1.25513447208168;1.15463490123845;0.417658407477055;-1.07540976443238;1.0468120314528;1.72545466674912;-1.8228641621711;-3.50298475350881;1.79954010980672;-1.31433420391057;1.08130268272661;0.367781374990089;0.887841144479859;-1.07514264967581;1.80925830627103;-0.977546155354073;-2.8896261894889;1.63356147283177;1.93151621564626;-1.07591456782314;-1.26680514354094;-1.20702193451631;4.41801444896053;1.03480305957049;0.768108927855497;3.07257274495948;-1.24246372908969;0.99001680227571;-2.47387020587291;1.3889740674871;0.744024670334268;1.32742710480687;0.552931777161056;2.13792510283891
-2.89531104938535;3.04372420189606;-3.3362458024068;-1.28499711081831;2.17101237992884;3.12241156156084;3.87154226066445;2.14822126760396;-1.19852043480256;2.07799747274871;2.87426015981189;2.14459079879393;2.22492635418084;1.1217102641062;1.71934730203461;-1.76240211611212;2.89921339747716;1.40061016038977;-1.70176047668959;-3.13862435898903;1.36980334756513;-2.55595405970976;5.05073492850353;4.43455089437698;5.40311530132342;-1.08503645094276;0.791032807414779;-0.430643498421003;0.490810054183278;0.850720715484823;0.991783162923918;-2.12295566076931;-2.01078471285326;-2.43024103676236;2.89605841412648;0.308463685175688;2.30612014302159;1.40449347498253;-1.1085916863511;1.21340400457542;-2.28705980027966;2.23391095017829;3.82544959797219;1.97156120856634;2.98563300673257;-0.223094539155004
-0.967854885117637;3.04399228440251;-2.40442711180439;-1.80493143471239;1.60707554105114;1.53349402961848;1.90137557918052;-0.0988172466880129;1.58316106589047;3.27282557788548;1.32209202511588;1.78956159735094;0.0671211142685482;0.530872843482178;0.127165234080964;-2.23269838242002;0.257426744947232;0.0902176576789206;-1.53239759884331;-1.13661063771759;1.04636084233997;-1.26141288670302;0.693152693665774;-0.524433617724798;0.594963980556482;-2.79430908512354;0.0436021554723145;-1.52250377188671;-0.198310426588543;2.41449059294845;2.47761270998761;-1.13870062234552;-0.237429687633047;-1.56796686532055;4.32609844126029;0.709392832033801;1.82016934198367;3.47554500369551;-2.47667246683309;0.972319168067362;-0.106078593382173;0.961698642457291;3.3932218453183;1.09666239349298;1.01344179495961;3.82197714101575
1.78339219317242;-1.66651895130917;1.01866047081961;-2.87394351591948;-0.377741938884127;1.34022800951603;-1.23867850304776;0.213466211534246;0.196699937082055;3.96498901560119;-0.269705624462843;2.44981502755046;-2.19146695255268;1.69875861397806;-1.48593210792582;-3.09788523908268;-0.899157642468789;-0.254929243889685;-2.09990601578992;-1.74455592887102;1.88568982392739;1.69800791464027;2.63297747201676;2.99109762104393;2.41876942509153;-3.0035006839444;-1.08079451949605;-1.99870162441175;0.865042489789994;2.83235517470294;3.2996536698678;-3.35981603472932;-2.30488971068538;0.00317729753854845;5.35605122221803;1.9916244289991;-1.25955503890562;2.78104108824011;-2.57244202131296;2.59256677748353;-0.927912167503153;-0.272793634686514;-2.51752060674549;2.86754650216746;-1.95918539605491;4.09054649057251
-1.36145999029367;2.58955508170789;-2.23013135123364;-1.69355513803014;1.65640254744574;2.50769507953891;3.52184234863532;3.99593136019034;-0.659052331448412;2.45760762234913;0.9949592178749;0.941920326570115;2.17213945309218;1.66524225015473;4.46688429408148;-0.907697934780063;1.7586059876105;3.20776937061285;-0.920397357265259;-3.9586003820011;1.36919080882768;-1.51728034469505;2.17612515389656;1.98190830451541;2.97918951943357;-1.32589063940418;2.31631342343041;-1.07099066071261;-0.397207954736665;1.69763263119285;2.63957850250145;-0.721065938265303;-0.991353955141806;-3.23662849793225;6.15712496050418;-0.218355120796776;1.0135651254322;2.46557692952762;-1.71860034201154;0.583379905019801;-2.69095055666623;3.30249934845762;2.5658446776107;0.905039740294508;1.44751004050556;1.56341352530906
-2.24056624909276;4.57432410499848;-3.2533546519214;0.210674953902891;2.37058265996435;0.490087966328056;3.60211970396225;3.09919577027454;0.30498983564877;2.70013926492815;1.53484976157543;-1.89394015472338;2.11197385811248;0.0700052846580885;2.00779909970875;0.012085731808173;1.8334621546709;2.60206626211655;-0.60485464260586;-1.63122808142983;0.974572580336001;-2.21300673051829;4.50116271694836;3.43921029073033;4.42314990993205;-2.51262966382476;1.74663636351171;-2.30488197410107;-0.640027091110962;2.48707856452437;2.67072766263743;1.06916177427137;-0.488078435113683;-1.83994523680651;4.55365241052819;-0.477550628962819;2.67629211301936;2.8437273735497;-2.72575739957265;-0.819047731251648;-0.841099520596669;2.13977728435058;4.7125529591486;-0.178865037043031;1.58861517605119;2.80645897053615
-2.92438086906827;3.71744315516685;-2.95376279291136;-2.77568371909766;2.23520872287882;3.2019669386971;3.62960738085489;0.684425188631115;-1.290895405964;2.70356036988293;0.907042480322672;2.08847592268476;1.67968119443398;1.5201455072255;1.42530671695081;-2.03360449016369;2.07431010074617;2.27836867656141;-2.8941917707538;-4.39078451852437;1.97595348767519;-2.92944757145378;2.21827649045704;1.57661751628786;3.05114951252963;-1.18441492238307;1.99636497491608;-0.574178373486977;-1.3749453098983;1.88233669842442;2.98984950921499;-2.43311907365333;-2.55802480766899;-2.69174358056665;3.9704126974567;0.919387038274404;0.997032934201113;2.28738778282286;-1.90518556524684;2.17418387913246;-2.88423737321101;1.20269928848738;3.8938118872083;1.7125929844174;1.74239651480912;1.70882040405429
-2.4330177087696;2.27197472445335;-2.75996557158113;-1.50487804502582;1.2901470952352;2.16479474459659;2.09472569783402;2.65703924489042;-1.24723241187648;2.03145129270325;0.480150599761327;2.27484326138125;1.39968903539867;0.588568469972823;2.6739855591864;0.349859716540333;1.60779190261994;1.60674577629703;-1.6770075331795;-2.77277595083015;1.48666705638032;-2.17723932161715;3.1607679772468;2.73346761523442;3.56955565759194;-2.68494315249242;0.871305051904852;-2.28556476867236;0.246081561504399;2.9453044087129;2.71421610690539;-1.03708209309629;-1.98282943474662;-1.75072345704288;5.11604931495624;-0.258710161176388;0.77434832680857;2.08981998163965;-2.91856622844775;0.65927194129333;-2.5564768364947;3.8403072291934;2.56450507966376;0.45216348050655;1.06798470447328;0.480763583753714
-1.91332640363191;0.891839324609687;-2.70887232934642;-2.337228269982;1.26962603271726;3.45397512618992;4.17049613577232;2.67659724396598;1.38824051009558;1.01209367738133;2.92788819941188;4.32936189556532;2.88359938500931;1.82588752639353;2.13258958143391;-1.84045634028149;2.803944297566;2.40228037883634;-0.963480887407522;-1.29195017057583;1.88295290529246;-2.145122726158;-2.07165757680382;-2.04060681414873;-2.91077571630197;-0.651006355182251;2.05608956813664;-1.04611253710252;-1.95182063517905;0.606822444568741;0.797165665458086;-2.93098474159881;-2.90379384494261;-2.09022210655532;2.0735860412971;1.28313782995283;2.8580149794832;0.918860536870737;-0.413938604755428;1.45626696550677;-0.307519916758245;2.56995801366427;1.82190155501121;1.31233352829495;2.59969989268889;0.111047000016486
0.875693384909105;0.164926713325258;0.415488385597684;-2.76613169676145;-0.0140947076499691;2.54935810906781;-0.545166779109461;0.651022711477407;-1.07457331236032;0.547034399288458;-0.240510446166052;1.1484300569418;-1.41978723732898;1.46664118245986;-0.0227184591669518;-1.75258213625551;0.00186532222073155;-1.15260837484276;-2.61713683842362;-1.89673104741861;2.58584886356494;0.670121746631337;2.34838399536413;2.63459654044947;2.4536468268733;0.108077536418209;-1.2181186502498;0.300354555390655;0.0442046407586396;0.506775387777685;0.974170690765654;-1.72996305421721;-0.432743030215627;-0.16945430431587;1.25991356197453;1.58589883040086;-1.15785341962371;0.661247911654101;-0.580959966996928;1.10948519943753;-1.61641847458111;0.225493527693694;-0.0463867422406368;2.18555235149435;-0.878806499925769;0.242588077025789
-3.01103246136882;3.05772203573232;-2.43246399263449;-1.07994787762952;0.902998366083772;2.46197481285085;1.75241857657225;2.43942512317599;0.364148292272128;0.978556319338554;2.10413299592891;-0.0184920749968652;2.22018022821481;0.541962327471833;1.99107657334383;-1.24114734280483;1.61769103988506;3.88577402978083;-2.0699997375863;-1.99803312087147;0.954146129723669;-2.90525602431357;1.16481321481764;0.669911136380523;2.07125847899509;-1.20355050764059;3.47806462308652;-0.0943061583157399;-2.88775858296875;0.975496572376408;0.792424542774235;0.100587277439022;-0.19181397838562;-1.05151516580914;3.32741360324315;-0.16311210022528;2.47512204775661;1.328353834492;-0.993290070338204;0.0390400638149385;-0.980474093616423;1.54043526387822;3.28861929995466;-0.431505304394661;2.00088600427576;1.29786979477777
-2.5694991941269;3.33656570774526;-2.09190616478215;-2.08304815969037;1.79079211383777;0.718700315586385;2.93789330746145;1.69697340278462;-1.29417869170466;3.09244289170961;0.695404362805194;2.27824258640998;2.05470275896236;2.12769864149529;1.22298877623315;-1.60325828743475;1.78663331694311;1.90021133413686;0.117745832573794;-2.82665038432278;4.10086874130027;-2.58511887011514;3.21418826417445;2.66705105165953;3.54307772199089;-2.21502438672726;1.91358107748456;-1.67728557076316;-1.11140722047435;1.72032707754968;1.85046560440297;-0.849242549067195;-1.57180027181737;-1.92655457924662;5.2996824747884;2.81872646402945;1.23303151956666;3.25848866528519;-1.67251125216093;1.41477526956078;-2.26454219583483;2.44059508311541;3.70803110126456;1.29126498666394;1.38462050865533;2.0213811799955
-1.74815543543498;3.19930564651937;-2.53636969877154;-0.981494027498801;1.13661172322014;2.79637196257705;3.27837467113352;2.06208109829036;0.137843943320156;2.98050237320167;2.95202926717642;0.401432513411139;2.0518370754333;0.452561285896735;3.00922659919344;-0.670614359086767;2.6077109228768;3.13380726178635;-1.92795748301399;-1.04129526095643;1.13731114419105;-2.03170917084728;2.28333028330775;1.33603070861064;2.58908025456722;-0.982323326701738;2.56162716019349;-0.951626980890084;-0.400946017068127;1.55005301839171;2.4467082318814;-0.0456746583886243;-0.574765385018298;-1.75699928950322;5.74054220033654;-0.763800817568766;1.84465904215216;2.73734094075374;-1.37223278073775;-0.139267623216632;-0.442723654285825;2.92847258203859;3.29246995840228;-0.0270496031396262;1.90638688886846;2.87847256300826
-2.712256335139;3.81010343778291;-2.45079400538962;-1.46319581665751;1.94081012881661;-1.1756504514258;3.16420865926499;2.8048844287351;-0.0444067824220117;1.63883853717921;1.09408443882601;-2.81472279819599;1.60986705243731;-0.0486375442632139;2.79152846659366;0.0713668800475608;1.75797160613655;2.03145819576818;-1.56941243874908;-1.00827212870815;-0.939198668845144;-2.24168856317742;-0.509226757888901;-1.67574722572052;0.254971255454821;-0.852808643239942;1.19434449373171;-0.654233467135624;-1.85020398561314;1.53007175299728;1.4646856147513;0.966260303427629;-0.413878349621145;-1.65835744593063;3.92251686249393;-1.42102971876452;0.964397998214189;1.80296540252414;-1.38411045285742;-1.40350319294406;-0.547622323295003;2.78181622943309;4.63660608817329;-0.56545473418222;1.45313042425235;1.88833863480257
-3.9673458727372;4.66098873717349;-4.21312332479128;-1.92395522080008;2.93856532803963;0.4052313510515;4.21327106303566;2.66189100270334;2.10035318841434;2.7864169119892;3.15989150310809;0.707842486636111;2.59406214577703;0.632093844845481;2.69913688738585;-2.6683280329683;3.64741617305197;2.80648094028194;-0.316498912665981;-0.7210459731235;1.31608537629093;-4.25985618599149;3.86408051132889;2.59995369394787;3.84816151475914;-2.33441732875787;2.61481509952188;-0.689807992665558;-2.48646954459484;2.27944607658952;2.30084281570806;-1.36249104038699;-1.09958132274632;-2.56127248892917;4.71988560687914;0.0545341892764308;3.7633630903316;2.73984320875131;-1.92283690186919;0.925070548310268;0.502680641510413;2.37066613153762;5.9357878963708;-0.0568360480138916;3.48500076643789;-3.14466483159242
-2.14400780004856;1.62108909448419;-1.78404990007743;-1.76247120301874;1.32491257215968;2.68712392692404;1.27928478443255;2.61057160150496;1.32853380125449;4.67834103325593;1.28979457578287;-0.926589815742262;0.856409933754225;0.184387545623893;2.50633963687423;0.441592994874231;0.993217102085576;2.4565724099259;-0.199587189410189;-0.390117000910957;-0.41987913640815;-2.78275454774354;1.41793159106844;-0.011906845230059;1.90842138295587;-2.37815212941658;1.39870709071199;-1.22756158813822;-1.55394143041743;2.98958725307266;3.34654830188794;-0.3090522641164;-0.186288158813745;-1.25890232366227;8.50551346110664;-0.191123622231358;1.22064527616895;3.7186318434737;-2.8000823294397;0.321555134629807;0.100941762883454;4.61708850268153;1.91287918171047;0.505672235088629;0.507160034409393;-2.96618772312173
-0.277920614916465;1.93212935512025;-3.22362913497873;-4.7205561744693;1.99093599563346;1.48301397851387;3.62976815488254;2.16281011197876;0.658321632077152;2.50709478134244;1.50486287610749;3.25736691843679;1.74178481787771;2.83313253773529;1.0962761156445;-3.85260427406252;2.33608849745374;2.20213370486531;-2.72613984115938;-2.71353321427753;4.30809310323782;-0.635377941554811;2.78605092508057;2.97558877279217;2.12075625637179;-2.37766145306667;1.79884324293576;-0.75455849070571;0.546946887182047;1.42855043019746;2.66819279732842;-4.65054150597152;-3.19972990582097;-2.24287877547977;3.09074542647882;2.77095212605547;2.25711551302974;1.08128926537168;-1.90011226805913;2.93085199322963;-1.6624030575751;0.859286426271881;1.96398752165027;3.74366220149332;2.07849756887175;1.62567598027443
-3.84787603353229;3.7666474994852;-3.86060355931938;-1.42945710560392;1.39497028138778;2.03475877475777;3.19622801720891;1.16600469931398;0.452833830249104;0.676505053017781;2.11880867291097;0.241459865737459;1.95238253260381;1.04570517460408;0.554442065373841;0.211022330852021;2.33811311718337;2.42370520745166;-1.46986371226987;-2.36217654653725;0.733617229649215;-3.78315842991824;-1.13208746556;-1.66644249340627;-1.50312884526067;-1.92743248910145;2.83992526475984;0.35707474868141;-3.9954920902279;0.892199418350028;2.12600457427419;0.302134756570254;-0.713038359394335;-2.03980409809846;0.430629380268003;0.242121213806917;2.88569637891784;0.464166443262777;-1.41789539501063;0.32067540970898;-1.88929656626939;1.85870521775209;4.20000407505479;0.850798896016831;2.42505290956527;1.55241009425677
-2.99740719511015;3.85964344916147;-3.87365113716924;-2.19162336540177;2.16298745032984;1.65370153849001;4.72748698086347;2.76756290859718;1.12644901279848;2.29440244268459;2.99747687722143;1.55935872306762;3.15451837415781;1.6941064041953;2.00348672295323;-1.82218536489536;3.42621475785382;4.13959329164853;-2.45951041010787;-0.684563155313101;2.095964885969;-3.15393686205724;1.43033213116836;0.727739467834363;0.773553005645657;-1.84892519919942;2.9312620125013;-1.24910917351973;-1.19399987171627;2.26484110420879;2.38060020370205;-1.70497672752082;-0.664544887474661;-2.4154283099853;4.40852907505801;0.943400198292694;4.30355784559015;2.53288104674255;-1.64003447307954;1.65312497857978;0.108724605380601;2.88561928825819;4.41529965654689;1.4513888952097;3.05121881431992;3.51526308069239
-0.999143922258875;1.50587478307071;-1.95993614589232;-2.13482455593268;1.0411931382377;2.6397720316955;0.894210053801193;1.53179497560821;-1.11024936008135;3.79149023805247;0.460617285762282;1.00544328989312;0.115172583301017;1.46300098955453;1.04078687607104;-2.07883871647332;1.42199482380956;-0.302189900735659;-0.793652449752966;-3.28556557460485;1.49156234856205;-1.13545694986563;1.40056648230689;0.849887541039148;0.956293564428637;-2.82847230166929;-0.405700854412521;-1.50730862224555;-3.08382315774917;2.55786923881962;4.60004001942023;-1.61212589753011;-1.51198273833084;-1.59001086735953;5.90753989313469;1.46721583279536;-0.409398683889491;1.66248243729729;-2.99161677374394;1.25929353992605;-2.52987709187567;0.822488436805044;1.57163298387322;1.65795031415879;0.621495317745391;2.76276629236796
-2.21247896386579;3.79824695423873;-3.76809303855966;-2.18649263759144;2.52168230758347;3.72409505578686;3.12236824326417;0.937174417558427;0.224247043882241;3.58639674514274;2.67444444025029;3.59903047304219;2.04733621133503;2.48459220261671;0.978712384004964;-2.88450503998666;2.66885243845032;2.94769410932368;-2.7091332203588;-1.17577540841191;3.83099467304055;-2.3459845618766;2.46556973176743;1.52395609788993;3.11841116481873;-2.40855978010842;2.34606225848443;-1.99963506792104;-1.3225988375462;3.11175432446032;3.44541283029079;-2.61774156703163;-2.22391382619931;-2.66639609666245;5.9726104036826;2.58546432612137;3.74909376876684;2.58019819561957;-2.66054304332287;2.04514109545073;-0.762692525814559;2.20945621919017;4.0877465998541;2.43215622082039;2.48248098878572;2.72057110179792
-0.603770532121342;0.523888462689773;-0.394415141105994;-1.9850582368937;1.40897640911393;2.30657770849634;0.585788399658446;3.59515606437121;0.249813538277093;1.76876709898875;-0.675480482734556;1.28827058510917;0.671386679601228;1.57203524038869;3.17076278179501;-1.12723910422541;0.491492450819122;1.78110105558305;0.13797142876907;-2.44344261008997;3.26924025279566;-0.862455081938075;5.46692215981423;5.29770112236806;5.53874941692116;-0.674874392042318;0.720720060109737;-0.681962538551114;1.55273072442939;0.742141280926421;1.31832444181853;-1.62352299621167;-2.70632304991883;-2.01647636958693;1.94706739316973;0.0135793426377966;-0.00809282772597411;1.19403291775006;-0.693655302710964;1.0733660179775;-1.04559725958576;4.09263867237986;1.16807690420661;2.18041481248713;-0.076866284557687;2.16150570071724
-1.02462290236224;2.0645582968115;-2.45604614913654;-2.74286193956826;1.87071208969388;1.23881951699057;2.98519514705115;1.89306186152915;-0.254251165322267;1.88304189230374;2.1248084632367;2.52534086994961;1.8195055587902;1.75452592968609;2.89943511550857;-2.93263471325212;1.77394619670851;1.67234487377299;-1.82266921241692;0.128360785968979;1.93691230241588;-1.16764733407205;1.25780633541801;0.836869255351182;1.67573510942882;-1.8837938181695;1.36258801952535;-0.287896277732546;-1.65037990585617;1.40938460426606;2.26254133396462;-2.54576571013855;-2.16428075766901;-2.97443496834745;3.87936787591199;0.679333030018187;2.24856104258129;1.54298795588688;-1.82893410304869;1.24577990673576;0.0262483718460378;4.14077096982583;2.02112222867371;1.54932931573492;1.71490130185692;3.3650913022379
0.871333909832396;0.110536764355925;-0.397709790053693;-1.19485102047693;-0.332915420293534;3.66122312999276;0.911885722100993;2.22076117504941;0.230712955272278;2.6631002058641;-0.449775489781026;2.58055936025416;-0.639734024285883;2.50615568530482;0.330664300910787;-2.62435558736603;0.127382409055497;-0.133767066373151;-0.565226853868299;-1.20540502800171;3.41417286140967;0.726032766977224;3.39577787336663;3.79354926933703;2.74539647123419;-1.43247884250291;-0.430523742845609;-0.0382720834691674;0.552419237848638;0.678741433849448;0.866499773705965;-2.20893163832704;-2.38321079208569;-1.1478890046215;3.90548047107023;2.64435494683427;-0.426914877900449;2.38158634082287;-1.08464691345131;2.99923474750717;-0.479537377917825;2.53168697861672;-0.34750654822753;1.70820624101507;-0.733960422215498;2.6297259306036
-0.953024919244903;3.11236359167323;-3.93696686643929;-2.09154748389996;2.19271824637529;3.5538148982595;4.46427430443372;1.85960626279626;-0.503139671467265;0.199624030543191;2.6774209111646;1.61454564057189;2.96114147918085;1.49678235876532;1.86811951784938;-1.43972315455145;3.597715960059;2.86779421003089;-0.532530613246735;-2.79688789488692;1.21993641414024;-1.02855342025051;1.90127668943162;1.47931096485939;2.29069960324719;-0.580096536719236;2.54820784437164;-0.479955657358558;-1.0184434332707;0.357918658322543;0.615617228700415;-2.43860604137967;-1.37442058518797;-2.42087720425975;-0.878297744851702;1.39290291167281;3.3769638202762;1.35931249068373;-0.727505329249453;1.2491549323059;-1.93833971192942;3.707150342535;2.87202230903453;2.53866695980451;3.11290622539432;-0.365954407688216
-2.02854019656258;2.39135916282491;-3.41796004347438;-2.33653282027404;1.76655968598726;1.20952905722203;3.75924133021898;1.60039830041626;0.456445391900156;2.94353037896431;1.77314368706619;0.722189215609191;1.61600212568211;1.77270669084414;-0.0808154131740457;-0.377545556908615;2.13260258577358;1.919409669096;-0.324535852946473;-2.89020038825993;2.78432883081041;-2.13832703454277;-0.354916781192822;-0.89565475958343;-0.895719222502716;-2.43384705240119;1.46540193909889;-1.65161044110273;-1.75021453732559;1.99391236960782;2.39827414038571;-0.784399480827643;-1.65550460901437;-1.06377978314264;4.92554267368208;1.74675637798014;2.84474370813456;3.12555400965824;-2.43018339717897;1.32546209011945;-1.91956843091106;2.67087966793141;2.5896195792419;0.535192996529905;2.20032204510796;-1.07248983044743
-0.180602090716202;0.480093354211037;-0.873383338739237;-0.858708971613992;0.613173760721597;3.32683056703413;0.73713542957895;3.32503968572666;0.316183563376827;0.734642979732961;-0.368725296234732;1.94637590567118;-1.1513693008159;1.72164591123804;3.37244315679633;-1.69409571056194;0.313573839827212;-0.185452416053327;-0.545311980571541;-1.03923818364745;1.91331403050429;-0.160358582777063;1.14465708456914;1.37374133681462;1.88434904830619;-1.05854319700069;-1.50839812883816;0.5861617548506;-1.98884457906212;0.45173181687268;0.672322273754641;-1.30572216480726;-0.976117124223854;-1.85376353984333;2.18375088569306;0.410853902820772;-0.800460482605212;0.935097115455523;-0.992184216375455;1.17320410192334;-0.294294102958663;3.98842133584541;0.273877844109417;0.754906966615079;-0.283717276344726;2.58158457675624
-1.36674271703123;0.563379099294179;-1.31652121851458;-2.95579371254382;1.58895741690696;1.49618072320951;0.800515555351689;1.63202884848699;-0.453605231757021;1.51840325663849;0.712326549990151;1.50955070361015;1.79418823940642;2.59478559925373;1.72353692918231;-0.896839447508663;1.14122595794136;1.52811608139422;-2.35665614017891;-1.7571818947175;4.08746567023879;-1.31560544458873;3.42210538131331;3.74708979242957;1.73873070812151;-1.43808181773854;1.33633962533021;-0.18469694119435;-1.06060429665719;1.55703582928404;1.131242745539;-3.12758782834879;-1.77468095888345;-2.4280170798139;0.340606906707056;2.48945986801225;0.193838369467792;1.60655138815095;-1.02983019799632;3.34340807538798;-1.0313900723137;1.48756747458213;0.812749243254794;2.95793880003267;0.787321517212803;-0.358222833914918
-2.64097171232087;1.7410928225713;-1.02037631896432;-1.20308404391307;1.73173074742881;1.48183322088802;0.431412891560174;2.24895815828395;-0.886457380030213;0.987806335660191;-0.223389418104204;0.808354037896408;0.667865197092687;1.23836763827363;3.78200172766537;-1.95786807332606;0.609838962161196;1.97056926793901;-1.20661248531323;-2.93985697401114;1.80025092430506;-2.69612918435405;0.951390240010121;0.499258385949053;1.7086597147716;-0.596617716569213;0.812970212644068;-0.165392700239753;-2.4743127607604;0.544237918655398;0.170208565154841;-0.708597540688789;-1.14705437293123;-2.22776990953167;2.49723439221455;0.967012463860451;-0.0386556860203999;0.199298181340496;-0.747725287799063;1.55907955742456;-1.90513548342466;4.78341513574608;1.97931193221115;0.828575479066099;0.584539133423176;2.06698049520655
-0.719924482102085;0.94596015383651;-0.913622623713484;-2.05734540564399;1.44991850778705;-0.12059788544726;1.32896950580971;1.54835013082084;1.60223914921221;1.87842561321987;0.737640464685126;1.95301518624737;0.655125380796306;0.920142727556186;0.367489944341947;-1.60889868016732;1.20233571242481;0.817657591317796;-0.819164411623715;-0.0586269706870184;0.370690255942389;-0.742641062256533;-0.439966225799189;-0.904789471927353;-0.0834635422525083;-0.910906990324045;0.366061018509638;-0.825738915789306;-1.9538817320904;0.413979989536128;0.767901746638539;-1.83265404016588;-1.95395123662933;-1.68190862495118;2.19478793828957;0.590720913507448;0.587678611826651;2.21950842115211;-0.995756692554137;0.937845214541856;0.753061541807064;1.76680145459451;1.15011537522181;1.35642639828001;0.709051753640282;1.3757583200721
-1.72468628661191;1.8683493698918;-1.20443667699576;-1.28071666497574;0.73898644374435;3.11454854260027;1.98727285240136;0.847164725251496;-0.724836661849291;2.72769670322605;-0.0785119076803149;1.22845777550118;-0.555017381619271;1.14999426210444;2.55427242497221;-1.01243080898401;0.50626596164697;-0.309725953190698;-1.39245864163693;-0.920507729917166;1.09374617647709;-1.940968227018;2.11469032667483;1.68048644288986;2.1361442394804;-1.37994781798695;-0.687623180144532;0.278822383231076;-0.480396137946676;0.728842800642067;2.4317291116149;-0.695094174531458;-0.986988778514497;-1.35099876377592;4.80188797178029;0.829998969141207;0.585362748338351;2.53565157479624;-1.52999873960005;0.319002243478742;-0.431848954096499;2.28134436226705;2.02989346517413;1.21220029389221;0.670669455191611;0.399773370894162
-2.4155603909271;3.87175110887152;-3.34349066892193;-1.79514334948108;1.95086860153915;0.316837960107984;3.37310208824345;2.22944821203301;1.19544627931921;1.43564463067974;1.71385410869448;0.114806738411069;2.75043510713242;1.09950900870526;3.27168866953679;-0.960194430093086;2.17013084130511;3.00353189693541;-0.579758496175425;-0.914714725126515;1.59310963725433;-2.31983911416515;1.26667931771097;0.478790965773412;1.11999464892404;0.331296955609386;1.93230533318227;-0.421669065217808;-0.0916240863897532;0.932379019342316;0.186962931680526;-0.965251658125567;-0.197651021208263;-2.69438323706234;2.0833348623144;0.386683890285868;2.45841371754044;1.7686078676859;-0.212845640243492;0.354296590425883;-0.530342439925715;3.53617688201497;3.8301415690711;0.629586119017539;2.41243530735237;2.17248125434121
-0.10768199645965;1.58704332764723;-0.950356123710797;-1.75770264105375;0.847802893291691;-0.212715716972287;1.54163166651134;-0.409983744541285;2.82922462315676;1.92097866466296;0.896946733102053;2.00055868568192;0.791055046868549;2.17896000761849;0.929974153223511;-2.18056847240844;0.956457594954292;1.68834275649906;0.161845095904869;0.578522572877557;2.54859364193994;-0.438141937871487;1.1704028635833;1.75157746016973;-0.611853630074724;-0.811162033794287;0.754849219952292;-0.899548116238397;-0.848926346527569;1.11306041883743;1.23873624323498;-1.41396794121582;-2.1153159306227;-1.25969079012261;2.90118633778704;1.96505420376654;0.81200942967004;1.93775289966253;-1.13369898921375;2.29900085691981;1.27008017988569;1.99590782078062;1.41449298227641;0.601948775765399;0.213615677567099;2.82340360305612
-4.23988801614453;3.3675716919049;-2.26765070296765;-0.608657604556855;1.48376627572833;1.41345884523061;2.04437492641389;3.05391087863603;-1.17524299673396;3.26393825576987;1.18184445017415;0.13374538449098;1.15314053190723;0.465819884975488;3.70602801886974;-0.851184366302337;1.87172935995503;3.10093853734329;-1.099392391703;-3.87613097917642;0.601305037514222;-4.29143045981813;1.81785928544237;0.418350405739227;2.36887288403601;-1.22624596544493;2.07939729642945;0.0175571372414695;-1.84019680087631;0.828934522240152;0.96228495384886;0.816362452299251;0.361644791626365;-2.22463432728013;6.32984684017064;-0.702121481436558;0.521930469647145;2.99850554422235;-1.45533276287121;0.0827548208905686;-2.78989093266297;3.8574792471109;3.85546106025604;-0.901584593062664;1.4086546945829;-0.108819121516786
0.319566624142872;1.6759460001738;-1.04041174918953;-1.91193001246758;1.03759362248104;1.94738516706699;1.04151037632413;2.94031587996882;2.09646779549289;2.17777708370425;0.299717478053967;-0.189628704857493;-0.682419668986368;1.01885408183487;1.69347153078332;-1.71002685661707;0.688591121897252;0.0373021022872556;-1.09597915513967;0.776644182630844;0.517620278779806;-0.190583314497285;-0.852598867153154;-1.51638100826471;-0.962485359207191;-2.8646800970937;-0.840954059999754;-1.82925280367915;-2.78362045454826;1.94065217212868;1.82870428674841;-1.10826463887666;-1.68712082351761;-1.44390549849553;4.05897189796576;0.956658325566094;0.159491383033976;2.18867659429248;-2.21433865846507;1.55080113698827;1.21436479887899;3.70268789409545;1.29744157115089;1.79098336745643;0.0324479100722084;-0.134875396017353
-0.779530840693976;0.989039452130415;0.970620714358537;-1.6177305038833;0.232651043162001;2.49281280099081;-0.0174845308313225;0.827302676495492;0.848752386018768;3.66856288141986;-1.52950420189862;1.43861101965891;-2.43375402550226;1.745662292834;1.55991069097084;-1.20557950136541;-0.456538912026872;-1.24576763497619;-1.7985987181188;-1.19598231704929;2.70965145411942;-0.905556826730326;0.986154140210343;0.290946126001985;1.68478393263228;-1.455111386891;-1.97908943522144;-1.58004106853778;-3.14268002159616;2.46778822317082;3.03188344786624;-1.57118473088907;-2.06594732143756;-0.830944406397183;7.24234399357992;1.54223230346983;-2.40369716734205;3.72512461541737;-1.97444669595778;1.86729922578515;-0.410147741011772;1.3454039483776;0.230636641562045;1.05738385206675;-1.53908856941118;2.77191776580157
-0.729745533180862;2.657618656026;-2.31153818428817;-0.457392008141849;1.36135881387272;0.861219357066386;3.54465385999061;2.58403519930175;-0.691754022567594;2.25725546837536;2.20301803305438;-0.255260688857295;2.2338065295888;0.905998038181978;3.38468286078457;-1.2092006492262;2.32758962156264;2.08214411297224;-2.10847639488309;-2.47968714454395;0.654510100736401;-0.579625247936461;3.53996989329277;2.86317812303886;3.72400749126485;-0.421098227527156;1.73157571182997;-0.55711624902499;1.68618359141289;1.47561965322536;1.36516300624927;-0.182068007845232;0.241482524440911;-1.85568755764889;4.49067033213663;-0.107102043984757;2.95288456305177;2.38106154738864;-1.00047518178388;-0.168250720451746;-2.08996077860694;5.36708035287624;3.16062945032743;0.318584243006542;2.14074467990182;-1.04749200596305
-0.654522539723234;0.894721211422485;-0.950225672750188;-0.1966793219146;0.807998062622184;0.337258594178579;1.16623636163526;1.17561773591334;-1.21051895750538;0.454442631653301;1.5059026034566;-0.856588340917253;-0.022811186512724;0.449133564749417;-0.739195164462698;-1.63126641572215;0.768503652859217;0.530813689589298;-1.59639211229016;-2.63589443498377;0.36371390460917;-0.461339957398437;1.26599905574666;0.552838911870136;2.23260426275493;-0.615975419668931;-0.279310122872846;0.544501380670246;-2.04970320578364;0.0239966815284682;-0.287925532584833;-0.020629321764564;-0.870946185359749;-1.46180831930783;0.480430445890017;0.386978577733213;1.37887471890338;1.12108830822006;-0.142641850720308;-0.0864954851272194;-2.6352745358909;2.43909563020455;1.12901465087682;0.144190582818431;0.449906172867961;-0.323403211939919
-0.75949117634814;0.36705332004547;0.645195752240587;-0.788490100522104;0.624645505689177;0.792127962395106;-1.44936864328151;1.3816060982807;-0.442558390798611;3.63966851538998;-1.17352594186202;1.15158185878841;-2.3574666405104;0.866121609341836;-1.14370527802344;0.223273844984532;-1.55200102416317;-0.97304022859514;-1.62812857310292;-3.46345768882354;0.420794658196477;-0.796773501118834;1.97444135121902;1.3906591137889;1.27152174058694;-2.41474833427062;-1.68761154433778;-2.44101335428272;-1.16581555526592;2.2786309819182;2.98977186050801;-0.456890361355576;-0.434544764312517;-0.0374653109529077;5.92913956621671;1.56173563072976;-2.1807906992645;2.76427387615657;-2.48811471718608;1.20020225901101;-2.1899817569273;0.491160088083794;0.387472314179442;-0.575523074000113;-2.27238675347172;3.31375963941714
-2.30092155941288;3.25730374753165;-2.96411784486758;-2.22336835174329;1.87156122090038;2.96685402681893;3.28138493782526;2.01969968525025;0.42435154018161;2.18520506701671;1.47074788408994;0.0168344683770714;2.43095185652291;1.64533219320923;2.57002436548559;-2.03702303258329;2.05472958629739;2.33775833235818;-0.399578922474529;-2.36092601749708;3.00464393515284;-2.35259487900335;4.09670975625788;3.93082223606998;3.97384121204309;-1.76667829329828;2.00922317639768;-1.24530585470598;-0.601799213371432;1.02780244501765;1.81090851004731;-0.927511287936061;-0.497011535814884;-2.23513863600071;2.78094001282741;1.48666247751821;1.9625141910056;1.66278265065526;-1.9746017824025;1.34379384321843;-1.22004258916313;4.1343228925262;3.66757607310301;1.55036577271506;1.9515211258134;0.438263713400627
-3.89087679822978;5.27984554384764;-4.10296352661278;-0.905114505410548;2.34705710405047;-0.177366408503639;5.25599184419546;1.98488732307071;0.0283504342217495;2.55907528555421;3.06928567914367;0.902704474956435;3.21778369200733;0.294384788608838;0.918490910111273;-0.839069348119239;3.44683757599473;2.65442820665786;0.164178061323653;-1.388195968166;1.25339611894557;-3.81619967871313;1.11438819347592;-0.272745428507253;0.241026623938415;-1.04613315984423;2.4854493374739;0.0811298428831538;-2.23963288672973;0.782252456103728;2.02902970389455;-0.252189292601946;0.0630856713425931;-2.25361774660326;2.98029379124121;-0.00696357122929481;4.71031379603099;1.83171750100542;-1.09809502648305;0.340944850452383;-1.22282261373014;1.25187973771895;5.87074362075035;0.304303670530462;3.31850825178099;2.58853763354238
0.0590044913323163;1.2592732152341;-0.703084160526663;-2.11105365428087;0.857037676577185;0.83022552701421;0.468237723163666;-0.168026061113043;-0.299314449719376;1.88025377124428;-0.939577654637757;0.875086877868503;-0.907533883594221;0.705032937461282;1.48367750694253;-1.81723635510215;0.280570111417678;-1.3853911259633;-0.900765960126586;-2.30394410564545;-0.606793996910684;-0.364029344223851;-2.21349470415566;-2.62927783340316;-0.946352932392508;-1.56275983798472;-1.9578971760948;-1.73488052525301;-3.74658562165441;2.07129580995146;1.89395831546945;-1.53302243653859;-2.24730289226647;-1.78082601762279;4.94310375654515;-0.167081310918134;-1.67337349517926;2.41351776869219;-1.99842501770054;0.944261542423933;-1.30438248926644;2.55311106568542;0.498676859084809;-0.0260210702701722;-0.782263793038713;3.06581746018314
-0.146856165104422;1.0728558386347;-0.763395505054411;-0.997656661085713;0.314339857646362;3.15951753382494;1.03349850921749;2.267559082132;0.622745395770427;4.00819838346673;0.417464986093896;1.30409891779156;-1.18937746302626;0.145431485729127;1.06724536343611;-0.309561838604633;-0.15244404520947;-0.573825327823034;-0.735188619945896;-0.811632221734949;-1.09977445148371;-0.453870350364729;2.03750515429295;0.880122874912017;2.03486502328205;-1.78280853138829;-0.683848934081259;-3.35863948551708;-1.12796566384369;3.16411245106239;3.69420122058105;-0.29403148348221;-0.377586031254376;-0.821112800814652;5.82710454655094;-0.801922787561853;-0.139132214295695;3.78078099946638;-2.77644292616667;-0.106300641978354;-0.632982765298446;1.36212298584612;0.549016936599861;1.2424310794088;-0.563249460358232;3.64986898186629
-2.58621202049049;3.27452183465714;-4.21261707266848;-1.61088509114754;1.96271595464107;1.8110833029418;5.92162687398191;3.3802111594961;0.0877032801215337;1.33206878552607;2.39274003129715;0.271002994446645;4.32704459732123;1.10451484646109;3.19975479155135;-1.45630874101477;2.78384994935848;4.98083578118851;-2.83723226911253;-1.91438366171453;2.30148748154677;-2.69561820824827;1.21693605967742;0.963271732668835;1.77465093188369;-1.12169367092541;4.13447303164337;1.21924906732135;0.668854628171916;0.294912076256378;1.105914092257;-2.09934461234748;-2.58905790662196;-2.61917189483953;2.74180998190806;-0.403929702321137;3.19387615749343;1.48313676049312;-0.536103487433585;0.318544416320869;-1.35407812312827;3.38703611207788;3.5576885713528;1.57571600350397;3.58084022987919;2.56856163503141
-0.836826897815832;2.35796219364831;-1.40439120102884;-0.196311797364071;0.646930060535676;1.28771990597314;1.96810362098187;1.50481711832275;-0.76952653417133;2.63767477521883;0.979469600302252;0.383620360525668;0.909494698083244;0.323846270423022;0.0483228529359887;-1.47161542134873;1.37835047614087;1.1052765484036;-1.34847666979906;-3.03136698757701;-1.03046713011167;-1.05979334004964;2.64012242487227;0.941431800065357;4.22903683139771;-2.05247849778868;0.39454433160562;-0.401652711007117;-0.505298555621753;1.26078217459861;0.896704716320232;0.579257508145353;-0.415119503325055;-0.672747142684794;4.42743180408907;0.447553907366975;0.90633972827326;2.08229462937887;-1.85169206644777;-0.311768086014133;-2.3121807923397;2.25233301008789;2.04336711712973;0.209216296233567;0.877367153211162;0.521715034335609
-0.236409824968563;0.235475249097796;-0.211673408024133;-2.53520544013055;0.943174151738404;2.25750282163719;0.0134616070840511;1.29119847666985;-1.50835882964859;1.538740496787;-0.368099593712645;0.154839349949867;-0.34707707302335;1.536981974059;0.275180512069229;-1.92938777114453;-0.22408001873545;0.222200834416322;-1.80038902282552;-2.91324534254488;2.77185221302022;-0.366871193655177;0.990838004188604;1.17383523318641;0.807010660517089;-1.3641351235563;-0.33119398802324;-0.256909097344536;-4.10721862228575;0.975787747634535;0.897723242783023;-2.22534483296044;-3.6531676967748;-1.51869737180915;1.24247484189737;2.13610218944646;-0.265421350002085;1.03325728075738;-1.09668560807242;1.78691630093386;-2.57788843445152;1.1060299127544;-0.169156368677909;2.68547220650316;-0.394336025622348;2.68806390608301
-1.81412625900134;2.66483103402988;-2.01297481554964;-1.59629482897095;1.46242025914086;3.14763057528008;1.38553222797728;2.84515713914264;0.212476738268676;1.63344148540042;1.5272199709706;0.859708263509167;2.0524128794231;-0.114826455125861;1.84276835760801;0.508158231834679;1.75419012977733;2.59873633460527;-0.354431350911811;-1.86666842683724;-1.40105032382589;-1.91777879456343;3.42940907279329;2.17941778538897;5.57017292219644;-1.20519412520636;2.18429198219266;-1.32769290493926;-0.548533743945195;1.3952802667354;1.06155081535686;0.229119597760251;-0.584922219735356;-1.33461058716993;5.0062178398307;-1.48588945286839;2.34348291619692;1.82327401898685;-1.42723927489496;-0.660229577947278;-0.82264201887657;2.29451664748231;2.84610190858978;-0.0217118647521569;1.62604105016547;0.945284552997182
-0.241623285071184;0.400895573984043;0.211251817198784;-1.46311302342122;0.670238728855075;0.190449024876685;-0.432560475810993;2.1563486758088;0.286210490782237;2.46882168312064;-1.45962126198563;3.23074349669344;-1.85304738129405;1.10401288825517;0.789997814821862;-2.65228179549252;-0.314182258001722;-0.614906111858586;-1.87348512843419;-0.0335842045109127;1.02227720429166;-0.298660598055552;3.02924879669724;2.74052938233561;3.40006342366245;-2.25492319079928;-2.28516928848361;-1.15866761531167;-1.34868328996025;1.72775158652253;2.54614751483038;-2.26822892370434;-1.78603535503138;-0.896717882273693;4.42050069444922;1.55741396337556;-2.5417222052717;2.26817087951323;-1.92540110859312;1.83616190156932;-0.39478859512994;2.73158713373838;0.024980802769305;1.39844423328895;-1.332174929455;2.12854826851123
-1.58660411556953;3.09270179818846;-1.97035614317375;0.0964091064224772;1.09646756629963;3.31826624681651;1.56177063143984;0.13033776248503;-1.55748637285456;2.48339516776118;0.909975261326679;-0.624538573289139;0.372300339447708;0.868704128849681;0.145712392651886;0.319084686099493;0.860488088384412;0.936124173749885;-1.63375427364886;-2.9244124785293;1.64003031112989;-1.63166650514684;1.4426237285086;0.348138292218184;1.93420133511727;-1.40134365925294;0.537973278830121;-1.18559113580764;-1.22827925915614;2.14845091078112;1.72051784471538;0.547654644700395;-0.147834206791821;-1.32589876009809;5.6852109513751;1.24084775145561;1.24385612051377;2.57325493810029;-1.5694657643703;0.624594588267847;-2.21990246587049;2.18970074112026;3.63450809107255;0.921977473840138;1.07421090762855;1.222398849365
-0.576307229259681;0.507611732702606;-1.09610864556954;-1.25510790846302;0.592312247581891;2.58830062344376;-0.956606580287952;1.01411520864269;-1.48761278760922;2.27121430575643;0.629239163059117;0.872318172601824;-0.613703090721355;1.63647367127768;0.823889915506488;-1.60145925453738;0.602115604336462;0.881177296186118;-2.33913911881228;-2.74137826463846;1.98574032848733;-0.707296594407708;0.377129448668968;-0.0326986458849779;0.601417406529756;-1.93709266025453;-0.0611348377741695;-1.27887868294377;-2.94806897936476;1.64243317921338;1.84556124992929;-1.67986329699045;-1.43219936020018;-0.841565190865824;4.0247320614253;2.00818079354366;0.226783042215198;2.0397496658818;-2.12952551785757;2.22742549552763;-2.26681809788592;1.43677735082598;0.32470796431034;0.864112302080803;-0.141514574689358;1.2320261791501
-3.63663715233246;2.90784421329625;-2.4867148578692;-1.26271723328403;1.76937293183533;3.71416550263143;1.36045326363406;1.47582549691958;-0.868791175666926;3.40669894639912;1.30034296871189;0.243082847011822;0.846266496731281;0.75206089338736;1.50445641639453;-1.44837446621787;0.831798158432596;1.67160379727707;-0.533149264068666;-1.2824371215596;0.805536176851182;-3.26902286288778;2.56142025377241;1.47146820015927;3.50589323133054;-2.19980267704677;0.709663867698092;-1.43609071669723;-2.32124928863411;2.80044888686284;3.46385774169921;-0.693455193167349;-0.55116836629558;-1.88962420914049;6.75560656307209;-0.414943968692709;1.47880664013932;3.33552961559514;-2.22962721111121;1.04256102714811;-1.14767886382457;2.06357235542981;3.06925794505506;-0.0546449784800612;0.859787189578627;0.529603315843725
-0.114941091636855;1.23708807561369;-1.9829104813427;-3.01752900891661;1.24088448927003;3.26234880165694;2.64173334902058;2.62440327421051;-0.460746978664778;-0.0934028031921201;0.472432641542714;1.20417442243796;0.90265578731951;1.22334060976352;2.16098566229897;-2.60262789849338;1.13688758281134;1.40894327176808;-1.93861186715555;-2.86922080068799;1.10523242355014;0.255896624992163;-0.501902882095037;-0.547839873650692;-0.58187957233218;-0.321800123375238;0.83249593610992;-0.535963651427252;-1.74024094814413;0.735052246086427;0.633762918247504;-1.7788295502154;-2.12329736872884;-1.82378179808218;-0.0165332932244997;0.67427430985121;1.28234962491893;0.195063952654614;-0.663433216563944;0.926096354563802;-1.85870331036348;4.38758144031829;1.1441977727571;1.41599311313187;0.806660631547536;3.30123625973037
-3.20160831624227;3.65790443447908;-5.3798392690224;-1.19399658182152;2.3829963378369;1.46689729378403;5.7347622050344;3.40618886001149;-0.220996040291957;1.91976274320523;4.31590728986958;1.79303720075611;4.5572433003254;0.56509532903588;2.3984190395449;-1.57306869349615;4.23086389393045;4.44451138457061;-1.07614629653618;-2.49060851928988;1.47886580092817;-3.05033754276389;2.3533202444363;1.41919069249866;2.16309220233288;-0.668280517057888;3.54073724398359;-0.563144513878315;-0.185237174865833;1.15226556440282;1.42110610604239;-1.77672359519906;-2.37904602276453;-2.35854768924583;3.95214801751427;-0.235762214995769;4.76598578128005;1.67955149744795;-1.08772263905289;0.618092134495361;-1.72572694794178;1.60999022856287;4.28722883324938;1.19020042103288;4.69805082690606;3.06955683358024
-0.395451997072387;0.0680805116390557;-0.267801153436365;-0.977706364635247;0.356757847046739;1.02119875162291;0.697482239098205;2.58057361194061;-0.425144076342165;1.47877266567872;-0.332003883035776;-0.481522634848979;0.177667298300589;1.4244629155913;2.6730757867259;-1.56765371085544;0.655225346103915;1.62331515389082;-0.877640174618924;-1.48791726784911;3.18570940783639;0.118229227846873;-0.0701188273826963;0.0537530544776436;0.318508126312348;-0.991514844694837;0.639671933856005;-0.817324190442162;-1.00973293158476;0.52562352892008;1.30810783750377;-0.95661252796849;-1.48309912260998;-0.735643782182044;2.09365846527426;0.731457613478251;-0.244603323804168;1.25421947825126;-0.789417628523525;0.628797260323048;-1.08293369734165;4.2911650497647;-0.948998499842424;1.18793041343053;-0.132178001469191;-1.00306487930638
-2.25300280394754;2.62720628031431;-1.9165159981015;-0.714376964829178;1.27036784895864;2.16498860087278;1.04073899083908;2.20932942006041;1.31025762599984;2.43061942064849;-0.628289774085453;-0.146894184250075;-0.432014623827236;0.127731416865577;1.73440797877826;-1.62498707328271;0.601978789677082;1.05033792144856;-2.05987354615175;0.965004812597094;-1.08185905971884;-2.12888959700402;0.493631680304198;-0.847686779539592;2.05518818776165;-2.66891769403023;-0.216926603129216;-1.77652455582088;-3.37073684301325;2.4033052841702;3.31632813796757;0.227226902709407;-0.0431223637313116;-1.87046537717692;5.53286479914191;-1.04002103591192;-0.202910220391176;1.74493090274387;-2.71754065610119;-0.716567108423974;0.904807226438059;3.62945238259867;3.07954207605648;0.107801931851359;0.140574217530365;1.97074764079857
-2.11702329895606;1.81586944853532;-2.55471741015944;-2.83129942459505;1.79017691109892;2.3385994022736;4.1090557989132;1.83255991289799;2.41189819844066;1.35737684116594;2.7598484181362;2.80558850873855;1.90794333874125;1.93930958634496;0.632716449800443;-2.26736017738623;2.2420427500028;2.2424776635419;-0.784531966775436;0.226096728441596;4.30636031453465;-1.71602193321505;2.35528423477551;2.71347485447477;2.50628231101202;-1.50674459662329;1.91685674929191;0.468183477821178;-2.88166893261259;0.320730761129521;1.41197049969094;-3.31810978298662;-3.34118467416276;-2.41249230410083;1.42896594938932;2.77426013972622;3.90029194642551;1.52675821941251;-0.928001801181521;2.69398271605679;0.722980609343673;1.21083910443227;2.01390277574433;2.05053038549461;2.36569611672718;-0.209097176134039
-2.11840627764796;1.44802010387705;-2.29308820135127;-3.85560292309215;1.65922454792245;2.57885002719893;1.56407756160164;2.1882722167666;-1.77026900314321;1.15484491681597;0.753246267392251;1.66398566524017;1.36288854542968;1.22797823246952;1.66925857350186;-2.29188626423857;1.8207051659933;1.46633547081851;-2.41837397685844;-3.87596134803897;1.91848904808653;-1.91530902403047;3.42501556702708;3.36039995559765;3.0817522956582;-1.29551098570683;0.957762950678591;-0.974636078658753;-1.80606371949597;0.487801880714073;1.47699043215593;-2.86361523832222;-2.8689357561463;-2.48236314454518;1.87931886152273;0.750735139183943;1.08947192472373;0.437009765989425;-1.74367877637218;1.36414795121997;-2.99165758848577;1.32778488276649;2.01272212153317;1.95848251648772;1.27357140156454;2.48931987051052
-0.760117616702497;2.26202324784645;-2.74687499295503;-2.95598434550493;2.29702818372391;1.07152296392431;3.64033634796857;1.82445706250374;0.00741459315233817;2.22498213112251;1.32301628202299;3.09535834632087;1.95658586524378;2.4608038979177;1.92367102695025;-3.42127439187467;2.13585043251072;2.33123347870023;-2.22952911352828;-1.61021608985112;2.8804596569443;-1.33634254229175;1.34558366287138;1.10941374246496;0.424017454693881;-1.80093146762495;1.60669628708994;-1.25391918011123;-0.788338508169688;2.39280711567778;2.72117895013403;-3.16771887758365;-2.79053750276744;-2.87556323002306;2.94962663390062;1.85397726611757;2.19848618662343;2.34746406186967;-1.96035904166134;2.06209138970728;-0.886959470260941;3.24293322494229;1.90869460728812;2.4083924695217;1.75522222476191;2.5872711991906
-0.1901240916421;-0.85110428545538;-0.96761558203927;-3.23459377436503;0.559203081795906;1.40737249403048;1.10648107652698;3.58298071103559;0.151313120598743;2.66107915947476;-1.00478738368534;2.77905162588851;-0.368507541817568;2.52663790352118;3.74425359714456;-2.80936464204632;0.572058190744975;1.42110271467766;-0.824602796301853;-1.55843515153742;4.41620527387947;-0.250776529580033;2.22147423627845;2.71694004396725;2.23926585972267;-1.77054474978361;0.230472523013466;-1.64682241267036;-1.22429575456831;1.41180720278986;2.33487376440331;-3.21212355657173;-3.91663855401349;-2.34292382482883;4.05602580945011;1.63841180557292;-1.11295086005157;2.34549492670699;-1.63296291371372;3.61887762523202;-0.878733538161942;4.66904528995585;-0.789198583225127;2.37933246881377;0.0493275926493494;1.66065901417273
-1.17448508274844;2.64778216078994;-2.49983206913594;-0.627728488244643;1.56617555426098;1.30957189643935;2.27670350758474;3.15128736020989;0.421239519704513;1.36094734068037;0.971035756632182;0.720911285258598;0.291030638565828;1.13992377505109;2.60817525709713;-1.0275885307502;2.10659678605872;0.710529997954441;-2.286695422203;-1.42891979971025;1.63560449887007;-1.4123888589244;-0.591116565936843;-0.983375952600175;-0.129474724855439;-1.7206905733581;-0.0816615667857904;-0.912132391890096;-0.964872210096283;1.71819262885801;2.15206604262078;-0.77819036028333;-2.22222708239921;-2.04639847977982;3.2933790857075;0.761704775432111;1.55329329034484;1.03661813740388;-1.41552419988151;0.68821886444859;-1.3629229941955;2.89139956824984;2.8817759183907;1.05787354962142;1.33624027547667;3.31430428968794
-1.08772209983584;1.06946848176164;-1.18199509806076;-2.81750844234072;1.34448409137293;1.51401603781246;2.35006856581528;3.53445609521575;-2.55044772027437;0.0754202891483975;0.0507658026077799;3.33571639279827;0.257573268518809;2.3330941539935;2.88980782600879;-1.81743200480843;0.925702245438837;1.48227029089922;-1.38503740520417;-4.40539412802871;2.95885768006022;-0.707115600546004;2.30057494328118;2.37825709361412;1.0159567087386;-0.748211359925328;0.786200599449999;-0.619244905476873;-1.47555485325812;0.44572299265057;1.37929004714933;-3.34336829577022;-2.57370702114258;-2.21493695498361;-1.28904702748681;2.00976425568304;0.010748326200687;0.110683178500514;-1.01781233981616;2.38448619211631;-3.51326808548085;4.69341258085126;0.781931266911854;3.3757438719592;0.634324131533966;1.81326635563418
-1.92518639789754;2.71318750507963;-1.14514523845433;-0.822671130057661;1.664986059756;2.39528546065931;1.00211720618345;0.204040451068191;2.17232305701259;4.78123990819978;0.256653460031168;1.75926710281238;-0.83048917822447;2.06619881369816;0.025873973204348;-1.08513474161704;0.676965255858252;-0.247786875701471;-2.01015277133184;-1.62908549118363;4.16466555739181;-2.2894693358813;4.9206544419755;4.59741005310725;4.68775222723533;-2.5038571776657;-0.823150650472115;0.424062673282685;-0.0413728783704601;1.204860560591;2.90363108376738;-0.87987429800142;-0.928806683539221;-1.22471027356519;8.02032627770251;2.31968933568034;0.105087555454537;3.55163047975206;-1.92261098550517;2.54238189670668;-0.277544754018689;2.80545205220827;2.99218691730624;1.00469532220614;-0.274563259342553;2.20178314452491
-2.20196152645021;3.39673911307836;-2.72547415268277;-2.34849990120161;2.17613502195668;4.07770620514207;2.90301105713906;2.46739694038899;1.16490470691525;4.49903247391516;1.58703362790474;1.421939612659;1.51055324055353;1.62384368942171;1.94516199769969;-1.34530490426904;2.26478922442061;1.37653098037944;-0.00901932213915468;-1.07178060170741;1.09810161587015;-2.37515404689936;4.60642976273875;3.60756504779566;5.7740836361511;-2.64813714635494;1.10991979901538;-1.99561648729768;-0.901163972277492;3.24226734687653;4.61749033947498;-1.19601743869006;-0.458744473870114;-2.41929402565389;8.1461819500098;0.507873526415958;1.68838180670772;3.95427330374004;-2.75980424259467;1.24790125010106;-0.509633580349363;2.20546972599866;3.41480521891293;0.167303176131065;1.3842075989564;1.35003669296096
-1.23924468719654;2.43521539237781;-3.16561891201744;-2.12317290057706;1.85890696347088;2.97146693164864;4.55806819868899;3.21890736073825;-0.274260651150556;1.11908046667555;2.40262441417266;0.774030145038891;3.31866590939568;2.18436460815647;4.11587670944336;-2.58908167488084;2.41402279220475;3.97433726870283;-2.03897093619437;-2.37711620136545;2.08624754005626;-0.942843028374372;-1.82488839594686;-2.00698431933174;-1.93104569196198;-2.28561836730885;3.18087503899516;0.0729075121846516;-2.50264189678715;0.201940150828515;1.92038562842514;-2.5165585375911;-4.25161698844515;-2.23682769934617;1.22013541403611;1.49398485458487;2.2946852934863;1.11330730314007;-1.59989270878588;2.36617451486861;-1.75537341106416;4.01634278653229;2.4243323771288;3.51528247476259;2.61977049342681;-0.334429941196356
-1.09008171400968;1.77201100128616;-0.0654033385334227;-2.3218268767162;0.876089515061956;2.59321665751964;-0.372194949029298;1.43433634241747;-1.52249726169267;0.722616393924795;-0.557674615319669;2.79804057088431;-1.49674340348486;0.699371692858806;-0.0112273526325222;-2.21934303265078;0.255915931660508;-0.667323377627946;-1.59391357513219;-2.18949836947363;0.89400893676193;-1.22590552106078;3.91113615761163;4.05402967501965;4.53512505505301;-0.577925999703136;-1.48199536363269;-0.892913031267815;-0.208279998154023;1.00760502640119;0.338921760196382;-1.83025136037959;-1.66308495665317;-0.754310988804138;0.98051510430051;0.0765509479477696;-0.96058927886142;0.984209841721275;-0.420200227384231;1.68688578578889;-2.05248654843281;0.178068144408138;1.2745362912153;1.61539509420113;-0.602085074480724;1.49627662196929
-4.38489693692027;5.48413199132106;-2.44922271606874;-0.865300805309215;2.69943626085602;2.66256494930305;3.79789969563561;2.97838321096391;-0.223350344775217;1.69217889400437;1.1379506835776;-0.734604144650908;1.34276340335305;0.012350404100689;2.74914682267398;0.686565409657023;2.28823584146317;2.01572198435352;-0.000925454117553459;-1.26231946578274;-1.01621890818052;-3.85313963567708;2.84097276647225;1.24008909554315;3.80048998332139;-0.593338327350629;1.24717503771795;0.851886916968885;-1.59395523746636;-0.122341601971858;0.567929674180379;1.16258611502191;0.894008831396323;-2.58844715895038;3.7955013745882;-0.727471553101764;1.19781774144614;2.07589164540786;-0.455339377345177;0.048060389084332;-0.774699417317415;3.07424481785393;6.35790155390103;0.900727598117614;2.02037778996807;-1.27248057041369
1.34554559531225;-1.03997331263473;1.50848450122681;-1.32241433422373;-0.441895731377865;1.84103575355428;-0.746302540739046;0.482781824677656;1.61139532580845;3.45767307777127;-1.1910057216245;0.20259381718072;-2.56223353560051;0.843821059681979;-1.25638079693514;-0.127566433326354;-1.21816278343364;-2.6512605192259;-0.299218834468434;-0.0802910335332354;1.86175097101207;1.09591214677777;5.10332721617557;5.01358232678068;5.43168583510521;-2.01536890582471;-3.02745017278032;-2.11082582292391;-0.86026382927965;2.42300296803465;3.05763707796744;-0.378248869912143;-1.21078645807159;-0.319779508363502;5.55658928472876;1.36971807805985;-1.81132194976674;3.2966591551561;-1.87319436718464;1.55610458736361;0.359535539554401;1.5288557357177;-1.38765757172632;0.828984001519201;-2.22845609293358;0.880227516181028
-3.83807009129239;4.00470898389896;-3.22392354756173;-0.760612345577538;2.38227586425323;3.00710410867907;2.10388585822134;1.28357355361393;0.597703204586572;4.16635186000934;0.74818277396122;-0.937703420666595;2.63213392338512;0.76580523155242;2.29831488277309;-0.677993840897948;2.30433830554394;3.05713073384005;-2.06942518660161;-0.645126782943014;0.473513149819786;-3.68522420730773;4.10375130938156;2.38440963677386;4.17187434853617;-3.32306012961375;2.82602122620092;-1.42567586824566;-0.149710164095994;3.14387864209907;4.40290452770145;0.324496860943779;-0.184105068257736;-2.4086299053926;5.56620753571843;0.0533107480772607;1.52168333061943;3.82435402444238;-3.21822964873635;0.652943697059074;-0.168782081728703;3.9415331763798;4.64148152768667;-0.183155873183584;1.6626746222179;2.09133943793656
-0.93251438962874;-0.475806618312816;-0.147392394782819;-0.770118726080161;0.590800907722787;1.19170309840531;0.514211239622737;3.38008693346624;0.478275615875826;0.188422221047704;-0.440869142380965;1.13774455959045;-2.05718803583834;1.48560152751845;0.629754901983272;-1.79288964419738;0.63019090079296;-0.877476422711792;-3.22518871995812;-0.589503813137627;1.56931839421134;-0.81759129892513;-2.13938292334477;-1.62332525905855;-2.11598297903145;-1.33107762890509;-1.24645166456649;-1.19364897077311;-2.12887672005498;0.43330690851492;0.0582743375642185;-1.63273170411988;-1.1882854625331;-1.58456907142365;0.379465552842697;1.81791115933056;-0.991799999576574;0.330406979318615;-1.00543002818684;1.38016233313007;0.00883933661152841;1.42180176866161;-0.629872308062509;3.63459148764051;-0.384772741987956;1.48452681840994
0.17160468060055;2.01742594192078;-1.61072235064351;-2.74512584292424;1.63983056835378;1.22438805882386;3.28710180799908;1.3729285001607;0.265502744053396;1.95169057684954;1.63666019018193;1.26509821461992;1.80886868767002;1.73385014417876;1.71257705211705;-0.827009239888197;2.13613249403497;2.2433553319673;-1.58296431861882;-1.19214739140254;2.0588424225011;-0.125530569403774;1.84854533005222;1.89367494232649;1.29901040805583;-1.70749826581924;1.47059404447312;-0.942966113466246;-1.29509498000079;1.9723005024533;2.80641240663901;-1.64815758104294;-2.47684762384396;-1.9980020667755;3.31614351267981;1.8189581350487;1.21532514166161;2.33682783581423;-1.72224474472633;1.77789814805168;-0.79457478331438;3.16467230555045;1.96597069822393;0.632999744041155;1.44595895042239;3.10315571303938
0.0415519742819745;2.02234121908673;-3.43762141115087;-2.44796943075535;1.59537672026262;2.96497481639902;4.63117054392764;4.00353457695072;-0.349758822507547;2.64112748341683;1.45147010597187;2.43847030270073;3.31410791047065;2.99453206132523;3.98423326743618;-1.05405393124225;3.0812359496238;2.72023132988375;-2.03197191314495;-2.10166756526175;3.37569713498046;-0.268153134012781;1.73697703347325;1.74456131666144;1.80014147489879;-2.70099288893367;2.45384817145277;-2.24413195632788;-1.59005298992511;2.643961967854;2.54665407762334;-2.81901901497284;-2.44478272675826;-2.18465403622674;4.26986163015564;1.28334779367834;1.16134113503519;2.97730756030723;-2.55751707085019;2.01330718755234;-1.29814467880287;4.4299648474256;1.62851910015779;2.48646907410484;2.72668120164453;1.35256752488576
-2.70101197863856;3.19429958524566;-3.13606905645037;-1.99402261574238;2.10189451816438;1.89824980781993;3.97214614623149;1.86797646068825;-3.47126626242999;1.40303348363517;1.69187029789237;1.97566252897431;2.32022791143077;2.42194286058309;1.61549829130931;-2.00490520419655;2.2661595070952;3.5361970574736;-0.291122262143418;-3.69994668745992;4.05246403564123;-2.48981011125817;2.85740991817343;2.80109944238239;3.75365471568089;-1.8394022196746;2.94508672244456;-0.55700966796321;-1.97196912513652;1.48165332774956;1.3449613180712;-2.2287577743645;-1.88293750110425;-2.30935334990304;2.99879235413359;3.41337149656215;2.47427303348446;1.18995986074731;-1.25088895538579;2.68605710705192;-3.60806996958425;2.9167492501057;3.56451172182964;0.537588430416658;2.14534006734426;0.645306798470406
1.20896103779511;-0.796370657291307;0.833346597456532;-3.0863246674997;0.0936440246584411;1.52519072650064;-0.0136413612646256;2.34200605519396;-1.35304067700517;2.81854755342333;-0.538425944592468;3.21640400544151;-1.9731337982301;2.14571576678875;0.31490034388265;-2.93641609718621;-0.385438436601338;-1.89077794559697;-1.83372422016267;-3.91770014295395;4.28367922826363;0.730894219193815;-1.15259167413513;-1.02054035043766;-0.864919752151008;-1.8888251470008;-2.71779828568154;-1.58668757565289;-1.03594188682752;2.02405092389245;2.52124726124093;-3.83903093415964;-2.62205147990104;-1.24478477670017;4.30031705579109;1.91745814667383;-1.22877312942487;2.39682971868867;-1.95683234042013;2.15914593501503;-2.76877714876737;1.68735078343606;-1.81430575924426;3.19359510236943;-1.6157506057217;1.04883049327731
-1.95274484739111;2.33246055807445;-1.96402410726234;-2.30784656062521;2.11626926815439;3.07324984599157;1.00394408568436;1.63017465680912;1.28468481184874;2.13052382090884;0.44722546506723;3.12437862683239;-0.745148778126668;2.5000501186179;1.12439115399303;-2.30128490861682;0.434025002196577;-0.97774789119515;-2.47914753880994;0.348511638081664;3.12594229483191;-1.99271550765967;1.83490957845063;1.37503668454953;2.82234221134952;-1.91439038408404;-1.76381887025329;-1.44286923984115;-0.326337798978382;1.63928655534892;2.58217214556863;-2.61176006070078;-3.07995486143837;-2.2850696536148;4.1155695065625;1.96594828064045;0.397218610228277;2.00827578064219;-1.76846727079046;2.69017510420229;0.314741170398437;1.87642306820265;2.60413593672311;3.13535637369881;0.7769910874454;2.08743344814039
-3.37168505789986;4.0177102645632;-3.10924417492509;0.271836830804913;2.26335739586994;-0.00882918023453444;4.24218870906277;4.24946528218234;-0.91373477389843;0.701410133816596;2.50531015238148;-1.71448748500547;2.96645876980161;-0.110880393849015;3.14505897074399;-0.168864724687594;2.76145325097489;3.9938747436691;0.34930062797471;-1.49634267145881;-0.498169384120896;-3.65105181161524;1.77774781703912;0.834451530534266;2.25576116952695;0.000309782952766235;3.28050100948409;1.05878319339143;-1.69090617951666;-0.54508823199572;-0.458950248706255;0.913588773503544;-1.39900629967354;-2.50039398958042;0.632083666282923;-1.41739224636828;2.92435313147844;0.390309420288319;-0.137237770277658;-0.621828446824708;-0.965352749954882;3.12903784784174;4.55236846728768;-0.392059509166667;3.01230401909556;1.33865442202512
-1.99145746374265;3.35731832611689;-2.4018043947375;-1.87507261528897;1.12295081693609;1.9064271010418;1.98564650170495;1.23530910038422;-0.0332916290159485;2.90305240608089;1.94672655072996;1.48228045397979;1.06252061294972;1.18450049485542;0.4356421019667;-0.65732071771089;1.21913467368463;1.80224157932963;-2.61730095099558;-1.81470395835964;2.93558521463014;-2.33222593930118;-1.67900759185873;-2.37533054188382;-1.19985115702317;-1.48416914416596;0.950381932662145;-0.254565281841252;-2.63861770137068;1.1765247313375;1.61800034730728;-0.526362022056605;-0.759149345296791;-1.05432478851663;4.62189072172816;1.19030892507286;2.17003071626397;2.84322066101546;-1.4647580166261;1.77245759328673;-1.08307887768535;2.25762315177021;3.67499088396981;0.801314116509239;1.466286907517;0.401149578611177
-5.61091629318228;6.48956421086968;-7.52893729045593;-1.52563297533971;3.71005887289855;0.791489017552711;8.06493345725877;2.05618166551247;1.49607177106334;1.33234588393955;6.02967902387818;0.143298527072952;8.05198934402215;-0.0891010950777811;2.18005566146588;0.822608558510797;5.66492307736579;7.11324606804182;-1.94832122030994;-1.00019531073422;0.938876625639112;-5.46507785708753;-0.834451090503228;-2.49442585970135;-0.174735762157761;-1.02819808637634;6.64230318627715;-0.747525007887895;-3.63894592990553;1.33986715343916;1.40063414053286;0.371217710633727;-0.451558149858319;-2.55041418104227;2.9523357968663;-0.424893171174005;7.98938592838698;1.9869293267131;-1.14835411073341;-0.205594361902586;-0.47047767912016;2.60554050041421;8.0466759367399;-0.413451283032105;6.56551354796031;0.783851906952294
-1.59946013945687;3.46096273090006;-1.86368471860328;-1.02283295598344;1.25259746014008;1.40613505973653;2.62086564869397;3.44007632238032;-0.468055923450999;2.09537673312372;0.495275388882159;0.653305737836209;0.127528271278325;1.44910241954469;2.61307670699876;-0.83333648982341;1.9476368095778;0.965243987705533;-0.935803859481453;-1.66026634970292;1.35031793918134;-1.52898301569347;3.81151562744773;2.80841808240303;4.11455311915509;-1.04139204670436;0.266317298024948;-2.621373577097;-1.3093280596132;1.79004440558002;1.65292233969624;0.14662993156283;0.0868055095905303;-2.01563744517832;4.00662221028288;0.690055445881028;0.173106718894246;1.49626641668916;-1.33548684954477;0.433030522399235;-1.2828632076854;2.97761374887619;3.29373133619586;0.442221731682266;0.746785618130143;2.87475468174526
-0.898687394647507;1.55074237314613;-0.862160115901711;-2.94042710112896;1.61639640652088;1.35264560784406;1.41635448531423;1.29521998102074;-0.0121204251159395;1.21022261605788;0.3069901123505;3.61760395142513;-0.0136499060032259;2.24389953805373;1.56466641931812;-3.11400236207089;0.738403623774233;1.29650836614876;-0.955194798012689;-2.28516576091572;3.07760163273875;-0.542575076702991;3.23579618613896;4.17927350019819;2.35742564542031;-0.548624333224883;0.453418297574121;-0.149660687922602;0.12729343067519;0.346178957877913;0.82466244982551;-3.29546612439618;-3.07270674781084;-2.37678434257275;1.5439047214997;1.7002169913639;0.590319243061394;1.50430776408207;-0.683447514579307;2.07828601110866;-1.26679961270561;2.00949271929032;1.3471976778356;2.64979031145112;0.452564939262918;1.39188251173806
0.991919286522291;0.658983719180408;-0.960736611114473;-3.73723572658688;0.847126269167994;0.826219686436632;2.3404326318512;1.78595550347862;-1.01766398572134;2.43057635368886;0.392754397025645;3.50948786745714;0.17284886089174;2.14692705708892;-0.266649406104864;-2.81744720454438;0.780318008537062;0.282718391019555;-2.96877434329584;-2.4722268135967;3.28082867382867;0.503703115793802;1.23077499851554;1.47879453405921;1.18408177720403;-2.33569576313587;-0.390652476152055;0.0528280494699029;-1.47259001942398;0.975184341046478;2.26548981002998;-2.83870215024948;-1.73065741275966;-1.58882081800194;3.54098327672586;2.27754991427646;0.462581228968923;2.76668534577842;-1.85130136383419;1.88724101271702;-2.2242853761106;0.200526695935079;-0.225188294545888;1.21779596190436;0.433701344798655;-1.95572932526647
-0.257836902908677;1.09220099289984;-1.57333098498706;-2.70641024791834;0.836884159468375;2.12740310818686;2.26387578211452;1.90584778968577;0.689552158482942;0.683529814758473;0.29051743300185;3.01133977861089;0.701396609645361;2.32208009206719;1.79103238576098;-1.70220224320092;1.28927243505954;1.81168055766343;-2.48570426146566;-1.11921775129456;4.16787778283859;-0.830607949476246;1.28714687776067;1.7160710061959;0.336457092335174;-1.39962182829752;0.851404569515365;-1.38086284395182;-1.92596000347916;0.922091730333999;0.586258974266471;-3.16904924717158;-2.25104689765409;-2.03608209595539;1.25243269864588;1.43531840672523;0.425619468687554;0.905955864604848;-0.894064879478894;1.92007926548493;-0.569662353847812;2.29070874905564;1.06547393794684;2.94819554499136;1.14763710839876;1.79698432973799
-1.43830615685416;2.07239219011399;-2.27673649362991;-2.34859512094487;1.87843623142961;2.14692213764369;2.69861011991851;1.5040818246513;-1.44968051088133;0.663481457918565;0.841605047784729;0.354692590855064;2.35072434439166;1.24552185078529;2.3479705100909;-1.41874736372688;2.57289455046366;2.70810416478382;-2.54271189691899;-2.85154796707617;1.69200356809479;-1.39239515835222;1.16974869891188;0.88496759973047;1.66748055475598;-0.861223445622729;2.68445044703829;-0.840167795526219;-0.357316942829048;0.504375418009153;1.26838227387756;-1.53404506170197;-1.79765681318948;-1.84317354972268;1.68745828670065;0.542011946322985;0.790447331136773;1.40066621489572;-0.970699249535979;1.03105275562194;-2.15442887943482;2.41930335786522;2.03973485726941;1.85047659844565;1.95681861191963;3.43593121718175
-1.40181063410672;1.72524008872909;-1.78702141094918;-0.383944600840394;0.839418076605952;1.81211806565642;2.43886272779996;0.061248995901483;-2.36536543365077;2.60469124803995;0.617629092508227;1.10084191326195;1.13317038074397;1.84426786953304;-0.646786130629558;0.0826525706098807;1.00226063722401;3.0346430873392;-0.267451602351802;-4.42364012109961;2.90305517101442;-1.58542765451195;-2.57833187765815;-2.78685351802229;-2.35660779824833;-2.9240960964218;2.01541839630574;-0.69718036885743;-3.4988635626347;1.7427097976726;3.13887288970821;-0.722807866138542;-1.00302822860625;-0.635269217601445;4.34706836879686;1.80450767597634;0.345497560136312;1.83105471912846;-2.8787992050568;1.37584659493955;-3.18119339616389;-0.441948415273131;1.85159770311862;0.106968882716464;0.51741872240818;0.457835052807468
-3.70102149640396;3.88151690106928;-3.1237414951997;-1.52252186996056;2.59048617233438;0.849298532793036;3.33813369277164;1.67993917603089;1.70316834035948;2.56171147224984;2.19753052541681;1.15796523274446;1.35622268662242;1.67127292074759;1.47231773848865;-1.17113780727905;1.48345883625631;1.18336306246507;-2.32824267642914;0.356370448148596;1.21283453890614;-3.37677032212736;2.71789407922805;1.56532107861611;2.87667782312042;-1.97434803653156;0.964662249458658;-1.30238822877025;-0.861828995742618;1.7781905648537;1.66650608467626;-0.704287441092017;-2.30882483828718;-2.49598806334559;4.35393489427767;1.41402315338339;2.16939303257901;2.11206981241328;-1.99842318006359;1.47827250197471;0.658386567446083;1.43226309390201;4.54402640113915;1.21422833737957;1.94854241610946;2.58444718686471
-0.57432297584579;1.24421734545451;-1.88729894262115;-2.53322635629698;0.826868549978322;3.38370778438721;1.75434873355644;1.43316686778151;0.0805860286299569;3.20591233407552;1.02204664610872;2.69939972953692;0.380533658359738;1.31084872925141;-0.296450736620098;-1.79790918946783;1.55558339762752;0.853797260911607;-1.38311856999117;-1.27466138508217;1.96970670713442;-0.503950613881305;1.67469905496948;0.838200059659868;2.49604961664133;-1.60797708503662;-0.00532151163564126;-2.32967580900983;-2.66884850753264;2.14564799240075;3.15064598053049;-2.41886104068274;-3.45353086569951;-1.13257559005766;6.8266906700113;1.49457654836879;1.35738861218129;2.86809348732106;-2.14784142724923;2.05064228158742;-0.597091221758383;1.60084209720762;1.63806748335284;2.96440186246975;1.15638514071925;0.956814043480652
-0.696291768422685;1.62396285349833;-1.89440080575612;-1.63714206414564;1.07153613880518;1.30760617263741;1.71570028737093;4.25552585116811;0.796479422133024;4.19495566064089;1.03925561017758;0.395532934590718;0.936353462564398;1.66263087469796;3.21921145182661;-0.63807230283046;1.41670348069216;1.27006754335965;-2.05249497370504;-0.753489498884174;2.55673134804284;-0.855928659461597;2.59763668177049;1.63412832264764;3.01044120179674;-2.37268241515374;0.447035983183168;-1.39838604759396;-1.05301217916948;1.6279396505169;2.69450587337723;-0.961758262133062;-2.13476775483059;-2.2803458781586;6.87167272579824;0.464398449719883;0.598559053017483;3.52360763426292;-2.04306592328186;1.73993241506729;-0.227022544646608;4.14429855945378;1.5330544077978;0.464327544196596;0.751953319734219;-0.287622310884226
-3.46469253504919;3.22725965755736;-4.02965004631375;-0.969803090296651;1.379624381805;1.39950985321403;5.41443567294432;2.87639474306658;1.15844592170251;2.61568591406522;3.39599800682276;-0.389744454590689;3.56978348160524;0.0839783367146774;2.51092885202754;-0.162175620624856;3.00823353760787;3.76262864161214;-0.0673694125897942;0.158559658326107;0.107228508832147;-3.50098627576924;1.6503162655699;0.458409755627273;0.416086895422689;-1.71433017349763;3.33507512030816;-0.278824826556531;-2.01278983927344;1.03023361161969;1.91246990598601;0.308629766276776;-0.805670573880653;-1.70072240371266;3.27915541352369;-0.923175208783406;3.52597262184329;2.49255780245635;-1.5658845275325;0.164470141383205;0.401202378670324;1.92912812125959;4.11183843305979;-0.00952180805087785;3.51977409418173;2.81247545584354
-1.23293202873211;2.77044716490022;-2.70641645099532;-1.60695682304336;1.32433636838079;1.38010745757396;3.23666300340873;2.4757308116441;-1.80262364968357;-0.0631253879385123;0.66106225919188;1.00601767942587;2.56325752757312;-0.0786886113487162;1.38841773649805;-0.623288765649722;2.24051222996114;2.99509865463622;1.45719961371924;-3.78532863373651;-0.641030440525396;-0.86837120231296;-1.10125343410719;-2.00393732226172;-0.970719505131865;0.0686893616475799;2.67777993086776;-0.461907349230308;-3.30425996897583;0.57037823570707;-0.530281255696983;-0.487340654507597;-2.19525011276139;-1.81073166026445;1.07375134496997;-0.303644138678853;1.58316643082232;0.45907130384719;-0.0565729139520847;0.00883309425978455;-2.66929531265661;-0.286431714680171;2.6421984132269;0.839647133243994;2.09588500788472;0.937626930241096
-4.78348407119957;3.96760324076856;-3.62414463640282;0.379697689183286;2.01004522580844;2.10514531655041;4.32631329914447;0.0808494140070803;-1.02750306284175;2.11972737491216;1.8874130263235;-1.61970944708518;2.95644492497939;0.166037521711328;0.548322424037976;-0.781248613635601;2.55494957090177;3.18177057776687;-0.672137141229153;-2.84400517194555;-0.41079733030276;-4.57121514608708;4.72348218899177;3.43292552787231;4.61491973975078;-1.88967917131873;2.27675117781257;-0.6564708888465;-2.14053512831008;1.9714318575722;2.65123509647017;0.402305181031965;-1.56674071939295;-1.33870400192782;2.97404450100714;0.12783683951683;3.34508999995869;2.13824777880304;-2.27502133356459;0.167852652334814;-2.6644280747985;1.27161473192105;4.711565746098;-0.7699325856324;2.71667591187257;1.26800732546766
-1.44276362624871;1.36750298059164;-2.47890356990118;-2.89514424293333;2.03494519088707;1.66266482968752;2.15291163144625;1.20795896524158;1.01161355451036;2.38420164509379;1.7039637140312;4.80327351775968;2.60904443518112;2.02487994903661;1.25609671359008;-2.94743373501032;2.38333979864769;2.85251357590907;-3.33561656957231;-2.04582034324233;2.77444953674886;-1.29966074697312;3.30065941645214;2.70152308739206;3.71070588308573;-1.48121165695689;2.35836161568182;-0.623425569039458;-0.764696559332964;1.73855936920412;1.4529658262077;-4.00823508621291;-3.94010698927831;-2.4962233677711;3.52935248714516;2.49279265871661;2.27191432467671;2.54425659295228;-1.56611253731755;1.89839665992441;-0.686379684885891;0.0478699701975309;1.70397909197699;3.61489088148024;1.99075720830089;0.273646783239571
-0.39081585084648;1.61016914429926;-2.3053701332355;-2.91423111839147;1.57174136089219;1.51002589213745;1.70944014552897;1.85546650671889;-1.47331377338158;2.28563584675609;1.19736641703185;2.52756238627756;1.12414786212088;1.49916788940498;0.319755887222528;-3.61312361466111;1.21041142865666;1.9017716708437;-2.69983788568494;-3.45416432324318;1.77188241250534;-0.424660511898009;3.13053802169021;3.39477931320595;3.09109655379873;-1.18108605203252;1.37875389855749;-0.557850070020501;-1.65903129676234;1.45517490822023;1.22876795226187;-3.43408240947142;-2.51457939755518;-1.94088178761775;4.21459910521374;0.795624725341068;1.74707522186353;2.58409453771818;-1.12267361547005;2.18435697723574;-2.24868993137309;1.06843569141059;1.08868495232317;3.30231294258895;1.14096145237942;0.681193186661977
-2.32835068676612;2.12641668069134;-1.4376992625871;-1.33130193210436;1.36667570410231;1.2855982484902;0.685047491918782;0.762402129561135;-1.40808259196486;3.4878504016438;-0.531713910554884;2.17272948634688;-0.897497425958109;1.06248762252273;1.49174967102737;-1.48159317500005;0.79202115367211;0.374136420262666;-1.56414322382625;-3.04886887750692;3.0770240173132;-2.57609588573188;5.16779331601257;4.43995378907452;5.15532117496487;-2.9414789807989;-0.402481748872197;-2.86330973364093;-0.0693852628756733;2.79467334038807;3.78351316082431;-1.83054374824902;-2.04444410983792;-1.84844847194637;6.27764891853434;0.069984709801348;-0.474248280956783;2.87111179977389;-2.30096506645894;0.358816578369984;-2.36403077016259;2.14958353161481;2.17526436702795;1.3059787347335;-0.112179646765303;1.8704551363084
0.328389526470467;1.67816922406758;-1.40763107998072;-2.19672532181624;0.767828723679858;2.85417408280522;1.81081322650554;2.14981838208887;0.335429887964772;4.52156149738011;1.26264357008695;1.2385842562879;0.623223732428506;2.725672292367;1.2706642850174;-2.06791632949118;1.07780363799422;1.82299581495214;-1.95058101675316;-2.56180159306233;4.31521908186856;0.235362612086077;-0.112232568902972;-0.523738828195339;-0.551959355010441;-2.80453829451837;0.927249438272001;-2.14871314428936;-2.77997043356065;3.1168033673051;3.38002463122279;-1.63895799477064;-1.05705871841632;-1.06725255004352;7.6618139120203;2.94068818887389;1.57897598528267;3.97773853482651;-2.8207523648646;2.59755240900214;-1.58257071256334;1.88721728029973;1.06682527868033;0.948116659531932;0.614985155282503;3.55724783575702
-2.42826427718961;3.15193901430058;-1.44841322441654;-1.10353863066447;1.62473722163425;1.83704313832401;1.44152799392778;2.31130995470123;-0.0552037444185745;4.8454837065789;-0.162761140204113;-0.722212575530708;-0.182204354856213;0.425613288822619;1.14596997239792;-0.291881238135275;1.07813140238667;1.72211241540628;-0.339648139300853;-1.03529428946183;-0.00186409002292801;-2.52726123170997;3.05294719300984;1.32072455268192;3.36316583045248;-2.86847501041457;0.326985687661044;-2.39373832923701;-3.158828632131;3.04962374685014;3.1241921925831;0.198960490270187;-0.0268446117522406;-1.1401939862876;8.77588244339444;0.122770323427252;-0.211956468995177;4.31142065480799;-2.68635478805994;0.0152277322476911;-0.886471589401315;2.51960464215474;3.60547547212585;0.134103581244995;0.393684026658601;2.17302640160362
-1.8558368334501;2.80026828884826;-2.31235997548619;-3.24725267877925;2.45663201852634;1.179260918079;2.69415735814;1.1275129712373;1.90423345157641;4.83167905607758;1.28178121875756;2.28165341747338;-0.264662801344539;2.58041292947784;1.72614936343556;-4.2987634398233;1.93511521471648;1.22985005599739;-2.57129352926118;-1.04281419008325;2.81362676968961;-2.11830803953057;0.961156368457897;0.411269181435051;1.98528335921549;-3.31869183101559;-0.239999985208004;-1.72099818694676;-0.585601772721602;3.21836354458061;4.54354551920594;-3.40023106979615;-2.65061694617322;-2.15329077265582;9.90976570852276;1.97097569097635;1.06621848517464;4.0989099987206;-3.49707403691029;1.83212650340425;0.361208788833419;2.80266020718323;3.05976023902758;3.00064436070533;1.07705597690472;-0.210957537594363
-2.31739520249593;2.83056545675921;-2.56415217094363;-0.439390943843949;2.00029076415488;1.76362736259911;2.2065306600039;2.34231957565786;3.54313425350295;2.03889881578217;1.82233984310798;0.640922958444895;1.99045521616549;1.50156712578693;2.24379116718071;-1.57831662605427;2.42558815184703;1.92510780996515;-1.33754848420057;-0.52884031200629;0.797986078843558;-2.3821176179631;0.855266363827787;0.479753989813667;0.354616083880873;-1.18156300565854;1.54305331394342;-0.879156963690726;-1.60838417546162;0.979943860586907;1.06880289822326;-0.919826936601961;-0.988261498044615;-2.05887628378973;3.82344530406468;0.828076599747679;2.27313208983108;1.59788846263789;-0.976062502850161;1.58879327958519;0.329889935679346;4.56094377451463;3.2831189976391;1.43787409717422;1.76689101341823;4.61346131693406
-2.94959482559652;4.30956461584628;-3.85143656458852;-1.91627034222722;2.10990355210322;2.82502854270204;3.57105952598851;0.660236015208168;1.42373692307318;2.57161158505642;2.79827113238237;0.972952026166462;2.18015581741362;1.28311543591854;1.18420849585391;-1.2296684179762;2.79357429822173;1.82694873249644;-3.31365840623249;0.33883571804765;2.03255626535463;-2.48000397226045;1.40747497496902;0.658691030890204;1.59068764717687;-1.08692918592363;0.738492908006886;-0.525904572781737;-1.99063492354498;0.946654895744474;1.05912658041635;-2.14229004894329;-2.81118097044798;-2.30423440825737;4.50134368701215;1.65744151027197;3.17696848706581;1.52441658385092;-1.40006606932562;2.16105440705227;0.692422798948151;2.42634097196219;4.22606137571933;0.864255059849035;2.4616229234971;3.80909988312998
-0.228140680551141;1.98023796534102;-1.62958504282139;-2.00992136673991;1.65264000724187;-0.654770361072151;0.310349660862083;1.85967573912267;1.53949066797548;2.72501907953615;0.760520699711261;-0.936738313941007;0.0643929499552294;1.09010501628859;2.78757896574073;-1.11142120981221;0.717679005379605;0.599351431206486;-0.681289294791026;-0.112494706812435;1.42681947886924;-0.328356054491042;-0.21544115546034;-0.67175575620434;-0.545511661752418;-1.7018023146202;0.337068698487911;-1.15252970853586;-3.15088777902226;2.12829697125067;2.89214937439801;-0.837471931531357;-0.212757738352375;-1.99576329729997;3.45091188474608;-0.17767591961555;0.161917506436524;1.99393235310365;-1.74143103894763;0.370250176928916;0.253642895285636;3.77892305078531;1.4332716678566;0.404483120083192;0.439087475171181;2.55433604260865
-3.60528690768066;3.61962138956735;-2.87847557209522;-2.54961332894268;1.86724635266872;3.48630830456574;2.46874444583253;-0.171009712595965;-1.68914685130862;2.28240329418572;1.14497895922837;1.17642249142425;2.00301743925296;0.871982281932171;-0.124194126089403;-0.988281758766397;1.81761460145114;1.34750151757832;-2.25131636769646;-4.70733064562426;1.51432103878663;-3.11281850919683;3.09675788312645;1.87813615572743;2.97548587422425;-2.18788646222716;0.681002054886607;-2.71325537227239;-1.20029372405482;2.26535963614603;2.35886073412538;-1.70052556358521;-1.91165571690301;-2.27226787305473;4.19131528866198;0.747152114627094;1.99548701317789;2.26016099803423;-1.31483431558787;1.05956493240479;-3.58325136189826;1.73430644408687;3.73165407014446;1.37040599195611;1.56539076314522;4.57023724240727
-3.35606370089506;5.54490389317908;-4.35907767700045;-1.85788931139445;2.36435690103072;2.64773922195791;5.13277960760342;3.00518932438259;-0.421424508138882;1.27879806682745;2.78342840846878;-1.2519387005401;3.47176172803968;-0.056930078263705;1.84271290232017;-0.392223159328491;3.36797388257951;3.5626021267699;0.450794033576966;-3.58628109459942;-1.56648552114436;-3.66366047847675;-0.626829717756758;-2.38848123151673;-0.0229362856783006;-0.878319450101919;2.62739402992866;-0.250590550336788;-2.88302729789086;0.435649582132451;1.16760442203781;1.00765784412606;0.87457771484591;-1.90940473562595;2.32938584713989;-0.647219241193117;3.40179927980034;1.02816222739409;-0.815730895186065;-0.395344084780406;-2.28178723387275;0.891219976655332;5.97106187678529;-0.500264381210386;3.51415294502879;1.5640304972851
-1.70563058205925;1.78805482961925;-1.28265610266185;-1.46315105986316;0.392206423798288;2.76674494569351;1.498469197106;0.243380335162454;-2.35103058287797;1.92231321865516;0.742742659643287;-0.483014897175797;-0.465534901422105;0.489190404743299;0.21980364808409;-2.08411237818026;0.902014920445872;0.529092770073001;-0.616539997593464;-3.8427122834066;1.01039809340367;-1.95877336417927;4.18874535960045;3.69617715819476;3.57139665180519;-2.03926516318692;0.115007000642734;-1.05927961738705;-2.28720860252029;1.22425416979367;1.31841783264527;-0.736299760943842;-1.9078492853899;-1.24415499674384;3.91260583980494;0.493617359229589;0.724331755541293;2.08065582278868;-1.54562579246013;1.148349590653;-2.68658788841022;1.9296128746273;1.70953927398764;0.240278744317049;0.511255994722201;0.886619533266769
-0.0703796753622535;1.15149265021238;-1.71676355566436;-1.99324067004859;0.230479469481375;3.7301397900156;2.17420854570125;1.83692815918354;2.13635266929547;1.18259216307467;2.00928861728422;1.8112073586023;2.57830265710582;0.184868082236596;1.38903441619631;-1.0582833110476;1.70820210185613;2.7750608187436;-1.18386153240675;0.146447547515077;-0.619023226955779;-0.125967580602065;2.19745168470731;1.77535413107724;2.83449341145873;-0.742441157573631;2.44385093723388;0.402540606448798;-1.61656404942087;0.204931329071979;1.97332030303173;-0.554033796275095;-1.64592418178041;-1.07446668356307;3.13988471478025;-0.0346012925469397;2.32327905192403;1.1968348899211;-0.470818315784233;0.574362850953361;0.543949141871853;1.8654263744816;0.692228157120796;2.27679278773488;1.84507171008199;1.25367182478536
-3.32225113474731;3.54724893343394;-3.5663322798639;-1.52268447420293;1.87703661992509;3.87828430600094;3.68824385284275;3.79382280600301;-0.577008311162407;2.47194822738247;3.37583947707169;0.65946399210749;2.72312789211194;0.963910326208488;3.7733912610577;-1.08850484238624;3.39844778875749;2.25304303519363;-0.761656460448858;-1.92627831995165;0.635708596557191;-3.07055481506571;3.01479388606821;2.2503952135992;2.75163015814443;-1.41474631982903;2.19192161137773;-0.788041457256549;-0.0567881896492041;2.00252120947551;2.15525731890833;-1.08569706334969;-0.726985371968857;-2.78652467440886;3.39092304258948;-0.564114415486188;3.16884715715951;2.98264815481984;-1.61579298179182;0.844012954084914;-1.43130993022915;3.85277197065182;3.74329434674808;1.2567080926799;3.02903422582576;-1.10866427936069
-1.12042469371045;2.42340481558549;-3.46635280144678;-2.45289125748908;2.09388858840461;1.37373797588964;3.77523947168909;1.35883039697865;-2.56227888525082;2.59558534924586;2.37900441501962;2.43045488851887;2.19316749813426;2.34388982720978;0.722140241053827;-1.45408083571611;2.78191322821591;2.25875651181306;-2.28540320321631;-4.98464522369576;3.8551666163056;-1.16757425426628;2.71062217399255;2.33236408190592;1.91193073396097;-1.40098982314217;1.37242473998245;0.0264278387474586;-1.11760361740348;1.29360117930736;2.61166379669802;-3.1147367301095;-2.64325598078889;-1.93014136072031;3.80767245293205;1.48646259429629;2.6090707714154;2.08923927429844;-1.58701947371874;1.91590458364059;-4.02101026014756;2.09265215833651;2.03258905334857;1.78135984229728;2.23072902766541;-0.20535985706125
-3.04296684882015;3.79998601857817;-2.82738116464453;-1.81042911036319;2.64324093938968;1.02466325392326;4.07266257226939;3.15440727130845;-2.58470748267367;1.44977749840718;1.88558235962369;0.699706309477786;2.17438076189418;1.13495260201811;4.1488243023995;-1.99646502973036;2.84992370071961;2.42917745702738;0.0797600063337033;-3.43749798409795;0.661977650199891;-3.093755612784;1.1299571941571;0.412555606898271;2.53204929664821;-1.13471451867342;2.75177405205146;-0.162172779033496;-2.82752553649156;0.486667594152947;0.0750516766821959;-1.48299612539475;-1.32043904654;-3.03743831689384;5.46699897974361;-0.752096787866162;2.27008829311231;1.32995124322132;-0.442525708347268;1.36545454547905;-3.2530653919132;3.25286477936166;4.03378070426375;2.58343722847402;2.66984029189479;-2.27817677827097
3.56737259908178;-1.98377241016733;1.65153773929812;-2.15147562248841;-1.50860954160502;3.23627517620992;-1.52418695275288;1.48931606766306;0.66124780783161;2.31032447786823;-2.04344454358045;2.26477632645319;-3.73874036230144;2.62890882620061;0.641541443396254;-1.7850213180553;-1.67347479558961;-3.09782301234829;-2.25451534525107;-1.85371950679217;3.47532142552819;3.22804652309213;-1.08059348420025;-0.618440868416499;-0.967349292487076;-2.41096068131734;-3.80855185255225;-1.13989154291061;-2.09943895589247;2.49113708195332;2.39998044180204;-1.596009272606;-2.25570753781546;0.724985171506457;4.39019703732229;3.14531768256932;-2.80395956644746;2.33296513566846;-2.01628336401668;2.66858618976407;-0.998019219474383;1.13489240764179;-3.88408430932581;0.493883421856971;-2.31457781178993;2.04865778778204
0.206325462002466;1.32660862653559;-2.06241963359312;-2.30174032795146;1.32565791057787;-0.738866240245326;2.76194981149956;2.30384614038537;-1.76655119321922;0.60239935450675;1.37195243628149;3.22820947140611;1.18372975003679;1.15551130221674;2.17541780734308;-2.8002305816817;2.10636159918552;1.62159014274685;-1.63802162506875;-3.34421772034096;1.57909825488513;-0.138340508737777;6.1910018792931;5.9869489549264;5.57513121164699;0.0514133609880737;0.762037752751432;1.02087621062106;0.339942245935597;-0.323923641309864;0.28621600978544;-3.01903796912466;-2.40866537702444;-2.36575322818913;-1.13419332520562;1.24049329097366;1.95936045942478;1.32450045447546;-0.340587574696166;1.636614183197;-2.72972340770369;2.78055356851736;1.17682165071913;3.46827406843731;1.70901648327133;0.0446011500800151
1.08420785026451;0.43087561050452;-0.336011861942602;-2.13570477172169;0.0770899673812047;2.90035651644561;-0.1581698431136;1.65322754896182;2.51801245069251;2.37129514125959;-0.15416306033926;1.1889151664361;-1.74189019912185;1.14512302443491;0.638170811667342;-1.95658290081502;0.215839001338595;0.108494312120042;-1.56909622646805;0.27019867635265;0.85793062434691;1.00974114433376;-2.53066532782194;-3.18260203351928;-1.92125861637178;-1.08431768648954;-0.812331279100791;-1.48928460834631;-2.57302621962247;1.37841693064456;1.53737292726863;-2.07889370175411;-1.35432902123874;-0.976037687446137;5.01564483010902;1.52542711286474;0.167667600334731;2.17630556863854;-1.55348272142954;0.0815199642335864;0.765200621911718;0.203253722119539;-0.372080838677178;1.88893155160848;-0.215329304270341;-1.10160307434942
-2.32178676475011;2.25218562776842;-1.99507170436967;-0.588401482853138;2.09374070714069;1.1388472482645;2.9847108957727;2.17293364001782;-1.29554613634829;0.322974945363305;1.22167015824664;-0.643874803575774;0.31551688476829;1.29433328233764;0.773330539650976;-1.57848323031923;2.67001554046403;1.10804973639439;-0.904688870781086;-5.01097657154201;1.78523598214209;-2.1069549962485;-0.649097304715965;-0.396305680031814;-0.479251024084603;-0.641597842456606;0.553271854802543;1.04273863305763;-3.29870886237612;-0.078923888990219;0.399796368776431;-0.727341896273133;0.0901375548627648;-1.95222399979394;0.180892065174171;0.611016685128943;2.97558980260529;0.108973882837856;-0.591898391518416;0.837378875995024;-3.59986362435637;0.712713389027118;2.69786503408637;2.02144196009126;1.73082404201187;-1.55816680277629
-3.8561038222982;4.5484869105268;-2.94378759841149;0.406443230183856;1.74915787679486;0.629427357051175;3.498498978239;3.78962037110873;1.5223620162568;1.88327254542007;1.79168717481978;-1.661833037688;3.02308521804621;0.1590465295322;1.91184019107461;0.690321425338122;2.53147006108304;3.58155526564489;-0.288286810612074;-0.354838246534005;-0.99272594774489;-3.46182451831352;1.29634719783963;-0.124493973685573;2.303365776539;-1.96885870403304;3.07599630611741;-2.11331664842791;-2.42643510730912;1.92965302863926;2.21790939647442;1.08764755638004;0.335695711126488;-1.76732873697658;4.97133521678193;-1.15532345700947;2.32759315862111;3.15122345803097;-1.67733292333156;-1.27918115893898;0.0912424332770549;1.69900419022423;5.17607294185791;-1.20450612919432;2.28168081838956;1.3749433597304
-1.86297685250471;1.68642706659507;-1.54650000902578;-1.34904212780645;0.623481637888068;1.12197314652728;2.25945714148201;0.090811515382506;-0.371860369063745;2.49914199565521;1.20981229476781;-1.19468398022687;1.15753077466983;-0.196888197037948;-0.420695165937607;-0.0242993652324084;1.67386805666599;0.74192792592224;-1.23838256094338;-1.75463397840609;-1.37587378715016;-2.2137137735957;0.832089610903092;-0.321046847392555;1.90322106777971;-1.48803839616816;0.164157919791008;-0.922416222638089;-0.0567395201735678;0.9311855200858;1.44291068684823;-0.345028796207887;-1.02031838760385;-0.831703479164137;3.85090706106816;-0.120871086175663;1.97635126481476;2.02000568786265;-1.44580084525844;0.0323237821687;-1.53433866978116;0.159183843899869;1.83381670609953;-0.162559663238376;1.04904681235227;0.469174292410982
-2.01904641660823;1.94754496701111;-1.92514014775783;-2.31372522821128;1.34370484376377;1.39785800478141;0.609570911162594;2.72257638781233;0.746501517391785;2.09384769190315;0.642456429522817;2.68422414272374;0.376900661753709;1.94023711704645;0.823479495253531;-1.558612247923;0.456175044432261;0.788772106691393;-1.88940327678835;-1.09939054824413;1.95849664956553;-1.69304641796091;3.39948647639421;2.98173106173292;3.55404837070559;-2.33906802209361;-0.00290282289992538;0.20413076019207;-1.89694711216074;1.14387113437945;2.28709670207715;-2.13236512007941;-1.82711990072352;-1.59966974337896;3.28049521714903;1.8185449744326;0.921793375849328;1.71977039375996;-1.46492401456047;1.26946857623591;-1.11965333599113;0.821661915799494;1.89238737069638;2.80755036666404;0.196562356726843;0.47978970754443
-1.8225020320592;2.69180840772357;-2.61305036028061;-0.529165763584418;1.03071969118226;-0.216452463507288;3.45055782006296;2.81849590305091;-0.474162743833517;1.34588027642896;1.85751944520675;0.382410773340409;2.25836551426973;1.06679181557066;1.51497894511095;-1.03116380244252;1.96239327317046;3.23509491558385;-0.443823448657598;-2.08473347395873;1.98954880359506;-1.39285031062497;0.337533709940714;-0.269525117595809;-0.364574026981958;-1.07913602490899;3.27408548408839;-1.16385836701546;-1.12238291196733;1.22180062452216;1.91118924329869;-1.28732314725656;-3.02075943803087;-0.861802873998023;0.447875806204659;0.402651155901048;1.47989985731107;1.38813394978222;-0.735370953355477;0.645185807770847;-1.68526764913874;1.27429484274389;2.27837250668476;1.45681179546825;2.0368561798476;2.05396936533028
-2.3083744149006;2.5107974710466;-3.17365131340797;-2.9559500974312;1.75938509800384;-0.0172627527439895;2.99348881931689;5.46924786687702;0.392488638657612;2.37274769411768;1.43079916395318;1.77168610680837;2.00147532059303;1.33662527293865;3.75244965288652;-1.94848358267258;2.97490809290421;1.816008308376;-1.66934550940581;-0.693128298426257;1.89625412164881;-2.21507671450178;1.69067005174624;1.27881404164321;1.31535794733039;-2.46719211163173;1.53444372919781;-1.50263760832197;-1.10271953798395;2.25773944415717;3.32818407110514;-1.58032630186354;-1.25552260724004;-2.74133672227824;5.30593915912838;-0.411704956771605;0.721945681441307;1.54934214661571;-2.52695078277051;0.938963166658389;-0.34775571394809;5.20827848746333;3.14321485023382;1.15251040663621;1.97804706416015;2.22462686891507
0.807211437778406;-0.745408779012753;0.848794846568674;-3.05326346014899;0.932239488143561;0.428175815742006;0.46484621078533;3.8429384429927;-0.836286684268572;1.58238511485118;-2.04162996992671;2.50467138881383;-0.973699147380839;1.12998195040458;3.63372363765765;-3.42678782794044;-0.866955465400688;-1.16780807130676;0.491039043938945;-1.42802755114239;0.840952231204625;0.0445144588688502;1.12171898837596;1.19272326373282;1.80436174974178;-0.995768594798318;-1.20388542780959;-0.298886815589164;-1.67972082059449;0.509363948881645;1.02532705227723;-3.80541463555018;-3.08382641745632;-2.49889600762964;1.62788414757542;0.18268280724109;-3.12442959415566;1.61367781746671;-0.863597657740354;1.21643157545231;-1.66430233063474;2.4894146515869;-1.21568149729704;2.46117097554548;-1.46308408505195;0.762846011979065
-2.69001055577956;3.30757090135575;-2.54860632600673;-2.27458516017265;2.55674522464955;1.23178336724831;3.28201120942999;2.56348331703917;0.847116407802813;3.87227715115906;0.606739116055707;2.02815410865267;0.0484911051576771;1.48160000277198;2.18801957789803;-2.14237148858543;1.68692115564307;0.85366423914405;-2.19737208590349;-1.06759004922122;0.557598073914981;-2.16013227701839;2.06007867360315;1.19658179638022;2.46889724478046;-2.29056556057345;-0.0265103221026303;-1.66210891855106;-1.23734665601466;2.39837694803284;2.41448795535777;-1.92750302846041;-3.03547180831433;-2.46356826915818;5.62256753106281;0.920792464213526;0.854294854876173;3.41342803990735;-1.92837020695672;1.04086034598207;-0.337774118754511;2.36206528328234;3.60254426482021;0.873116045782609;1.27213020261948;2.26649261882517
-0.0303912160925341;1.1566884526046;-1.29854323383456;-1.71089944329036;0.587578339001993;2.06909356837595;1.77735238908467;2.50342837025228;1.55013989535108;2.62529845968644;0.228554040408859;0.947771918556004;-0.723794831608017;0.857676901016794;0.971587214067226;-1.50653838223964;1.64195760183452;-0.245717076767653;-1.28437334829626;-0.635039333108813;-0.375530347808242;0.0945424338986693;-3.18145881668741;-3.72831393388548;-2.7451813496927;-1.83775885089611;-0.515693119515765;-0.579329885366516;-2.72076631157745;0.709783692640865;2.48165069965642;-1.11968254815139;-1.08211161874904;-1.61043087991243;3.76584489459225;1.08257209104413;0.334939722647948;1.89646407228832;-1.491503917844;1.25302406447685;-0.0256141170169399;1.53350089993363;1.32889943559696;1.23065230246732;0.701755489852423;1.28549315908932
-2.9909827772608;3.07151227590689;-3.49634895224363;-1.71642579600422;1.72526546815816;3.24874802942866;4.42367243389787;2.9465438447187;-2.30546316092313;1.55576805209733;2.903190627397;0.741312309727672;3.12835892574689;1.84282621702952;2.71350397962717;-1.12804501800622;3.29635370091136;2.54401136010641;-0.387636542008387;-4.99051325624035;1.96379303585168;-2.70899575353508;4.10539282341557;3.894878954457;4.59060283210332;-0.376329181432343;2.70693757295549;1.2475230529133;-0.0372661877253462;0.0228767668924515;0.513317818785055;-0.790678862227208;-1.93099062366261;-1.89543093542456;2.85288172104247;1.61223124472425;3.20497500926692;1.93846449548057;-0.503610619806306;1.55135909833139;-4.15124933138287;3.33099012646665;3.45405588960806;-0.18607831704569;3.44433492425292;4.62482114901285
-1.45022118241781;1.08893781596557;-2.39778020161095;-1.86643037620552;1.23110075736314;3.53414364864825;1.69822114562702;2.96446466714423;0.456508175747044;1.78028793992628;0.674844723855167;2.71311286189937;0.945151267129052;1.22748126020862;2.80456732757288;-2.07024821227578;1.95014146861461;1.91863837720649;-2.04419086555995;-1.72609228727458;1.22401352964523;-1.30884957638636;0.233291448146968;0.255523286522043;1.55632923633989;-2.48179349755131;0.600303983815996;-0.998349746699443;-0.169098136890231;1.85168089078067;2.36961419312077;-2.78286269443363;-1.88584478927709;-2.60497732817241;3.34380062666151;0.439976415239525;0.5532524310817;1.52278118692434;-2.23548644383093;1.01699854322325;-1.15835277202413;4.06187527830743;0.939169405696703;1.96539240366843;1.1979029176101;1.55057971534602
-2.91251876926606;3.09993055812296;-2.20534103643924;-1.84573881582002;1.49228008570757;-1.17185758755721;2.07648705982595;2.61633426722041;0.124986514132274;3.31367535909157;-0.0349741855020513;1.55352981353077;0.0411876973900918;0.23290430890023;2.77921163251651;-0.962318650182664;0.813956912120997;0.261324295847521;0.0526619960547225;-0.610244042534456;0.870069644217255;-2.29465365013592;3.16685080122912;2.11169967448743;3.97188033438223;-2.90033938199405;-0.209336433125694;-1.91122317784634;0.0323958272911652;3.09517931469051;3.34978864841861;-1.27198822596197;-1.62484528571014;-2.81083046274714;4.7360561532317;-0.7559214729976;-0.586059658006316;3.28491548640432;-2.88180250353553;1.04270323834129;-0.161660631202972;3.05672001854661;3.11772249107243;0.322868982816019;0.495597902795153;3.63892002643476
-1.70094954627124;2.99490603903305;-2.65640855796564;-1.94043844071521;1.76026758196285;2.74118867165461;2.62262008281532;2.82195726328835;2.33705629050854;2.38012014810842;1.12278261549383;0.908766195342613;1.81585218600701;2.16695888599708;3.30885938466675;-2.79921791114711;1.53604784699512;3.03621261524123;-2.49870982616484;-0.106939871105741;3.11122510989557;-1.75201199542377;-0.117486637570043;-0.74620753029534;0.57660762787144;-1.78148306498872;2.06813699652704;-1.84349199949932;-2.69780461251638;1.82352968254415;1.95643740960242;-2.27739259144723;-0.784487956876472;-2.97766306317994;3.89269468344518;1.072725765323;1.72961188572528;2.40834362825176;-1.7328435666205;1.716895080456;0.721411081831612;3.1181067796476;2.71574852274304;1.66738975515615;1.59218876546517;2.04448692941676
-2.05434524547362;3.59469839438668;-2.23597001979913;-1.10493901234042;1.04510989862111;1.94780087301773;3.97856578743976;2.11968807566803;0.280719907684476;2.26209017606269;1.20209320182974;1.77145507621475;1.81361968977507;1.18222572697052;0.389821308483578;-1.36459014914734;1.60248690463206;2.11352133318136;-1.65345700654007;-1.78941806511914;0.141177833457371;-2.50584075626526;4.13679863949432;2.78404953945445;4.37554883685258;-3.15057597766373;1.25510903919383;-1.07343528503015;-1.3382304847466;2.52133503585904;3.52465990779686;-0.422112472390189;-0.259039194932696;-0.678571705920937;4.04474860225432;0.547843728133297;1.15599650067647;1.7431544922686;-2.79083336132933;1.24038667023446;-1.3276921659318;1.65012702827645;3.87534475768551;1.75650686010126;1.19127198653582;2.46011726229841
-3.29863991405253;3.20554171535516;-3.44085723633473;-1.20015583377829;1.48770418684613;3.3472501987912;4.01556114919842;3.04685605986085;-2.5498369112664;3.38081400384112;2.90794508341724;-1.59469103677095;3.81613093323318;0.499047719869129;2.5499629644808;0.208079434447961;2.33702517845962;3.63581953918374;-0.307984353200303;-4.21442022500958;1.05938013644135;-3.09522866870609;2.95023506654428;1.60043229431183;3.83227588365235;-1.26825936598311;3.10543110498493;-2.14782572557843;-0.732307216253345;2.09516795255466;2.84213565962319;0.374104329924164;-0.279023423116646;-1.96043807917506;6.15436535461163;-0.541387281704923;2.90021795013995;3.24740837688369;-1.70951443857474;0.0171900045166127;-3.27350363103855;2.53235273571599;4.30027030245457;-0.747046315313329;2.96801888750318;1.71339373418537
1.15233278310245;-0.501680237593904;-0.310910289830523;-1.5455753141229;0.0126989716264867;1.13376687953681;-0.265383537740986;3.18676554485689;0.159405243089139;2.72267591849099;0.305837340503888;1.58658071235587;-0.438905469056872;2.14891548616365;1.41925131664725;-1.11733213715638;0.954991398074266;0.651830247751425;-1.55196706742285;-2.79468352628494;2.26086687178025;0.780908436922292;-1.16092612604914;-1.15515894363537;-0.875779813453483;-2.85092474341871;0.351872260993768;-2.47927790418045;-3.83842440756822;2.61731683929684;3.03889608577255;-1.8500120639981;-2.24047480367072;-0.86058306316774;4.94131157684229;1.75024658545976;0.0370632928864174;2.03509464093034;-2.0698245649621;2.01301025848682;-1.78494287485681;3.26652956325912;-1.18097557708462;1.68716182355568;0.0534054071371524;1.95688856065437
-1.15521686538418;2.13209448033592;-3.23195893003975;-0.00276586265918722;1.07905606535982;1.55971303403545;3.79527521245083;1.11900894428623;1.56005916218929;0.73875002872593;3.02748605626635;1.39508609062803;3.21821458151448;0.368384372603442;0.520852882290081;-0.501372665463519;3.02991413142228;3.13445521152877;-2.22995231301695;-0.500060070642442;-0.208443783321882;-1.08036424842564;1.06890795697275;0.578166129292681;1.00842470972031;-0.864179850253031;2.58712736486829;1.50614783927391;-0.750427059850957;-0.542483022114079;0.727376012247489;-0.0570660716421785;-0.780708080610481;-1.39719681252145;2.43208472314208;0.488166587024886;4.21487273613012;0.841876848196388;-0.587854224110099;0.378035850679651;0.322598695082595;1.25959058855678;2.53992270915982;0.208788321936163;3.03948755031742;3.48047372296099
-2.96034304850816;2.92554416105373;-2.61309119486584;-0.120101279622818;1.36855304422632;1.8697127073493;3.12865304239296;2.27305603785196;0.302327021878406;1.40227552466772;1.68447467742344;-0.892004977998306;0.169249703513962;-0.0721816735328482;1.56835972520725;0.530376711538393;2.05673897441357;-0.239911918930431;-0.336369961774316;-1.08822392981597;-1.51219970731159;-2.78263152358197;1.78428705698737;1.00965761545046;2.2916011090919;-0.708230039146692;-0.428107374836221;-1.14523926194601;-3.5560776882286;1.48136893555966;0.159049798035318;0.931442029424057;-0.207608112673504;-1.94522880982027;2.85774764219733;0.34657387251623;1.73328335904122;1.50636936895878;-0.864628021751605;0.273196675263862;-0.616658192615592;2.66363712430727;3.30868909037814;-1.0322353516577;1.82672493677274;-1.22235954428634
-0.975618112524372;1.12948801684686;-1.84663516889086;-0.731393303085303;0.670994750395133;2.03123443924164;1.89335141854966;2.42681224601206;0.822624088025674;3.18173364263285;0.538385647694721;1.61917464177816;0.237997592087089;1.15514617936723;1.95968868529671;-0.525544405314897;1.68336173825057;0.0577905118882071;-0.140382872836669;-1.53370207284467;0.501145935701098;-1.2140039167365;2.1679739850602;1.21851647886528;2.44857044196054;-1.74136678346051;-1.03533231391136;-1.42258983186365;-1.3862177063599;2.14171950564223;2.66751603718897;-0.534240078616739;-0.999950536323049;-0.907771747958866;4.20814927803483;0.745126790937298;0.538353273744663;2.86506127365949;-2.3360149086294;0.781541785140863;-0.850525563536553;2.38898915271756;1.25142068915631;1.57376892081248;0.836911311780327;4.34078634573925
-5.39384849198153;5.98150714921134;-4.82431172438643;-0.870804275788621;3.39070387091051;3.37801364001456;5.65597532254792;2.86585830284272;-0.441889029972695;-0.0284636086372649;4.70849527841231;-0.440771332084084;5.09399496081848;0.84054047914968;2.5980541087476;-0.106117203403736;4.61942895755294;4.8884100772995;-0.0117683382824869;-2.29552517873537;0.941940178279338;-5.38014087635505;0.945861129667483;0.180404833821898;1.2966416670313;0.96473652653562;4.25630841510166;1.60570851707338;-3.06966763887734;-0.617606523603099;-1.33754704672619;0.345682065469201;-0.297757458011083;-2.61575871844101;-0.444279364704785;0.177235036190085;6.31715857592203;0.319030135664901;0.348037711558603;0.270826461397445;-1.81974239806156;1.76895706759102;6.96620676292875;-0.00943093792699534;4.86928853108175;-0.0431291030421025
-0.211456748534432;0.154147511226687;1.02720424598023;-1.85929210462366;-0.241120272749699;1.08471750701957;-0.856482844284536;1.63265236126519;-0.753034206021706;0.921918269143277;-1.36432338679841;0.414446425631684;-3.29379889310016;0.656287513314314;0.747073928029242;-0.85647166971096;-1.05948375424791;-1.82991547388483;-1.91903910670356;-1.62197246272413;1.28218854031733;-0.345635645062882;-1.35839410291921;-1.09703275475006;-0.792179905716278;-0.100323972477523;-2.60191434625301;0.314463434659221;-1.89818187115219;-0.0576920440806608;-0.139474284152587;-0.585944877109323;-1.00443749102236;-0.497338772114325;1.06212660793996;0.138327749936509;-2.68244759738709;0.452927175032561;-0.605936164163474;0.195255752388583;-1.33463943448479;1.83349939397196;-0.766984068530835;-0.610571753755003;-1.70180440749344;1.46596118791728
-2.39965697143065;2.84498517680315;-3.31178948520946;-0.209632731324589;1.52376661515435;3.12649199247213;3.57528729366204;2.23496199512552;-1.25587989319831;2.12228480050198;2.61800328145722;0.846809271097526;1.3524977634804;-0.0829308416155532;1.28974279208483;-0.157270462070904;2.29287489504446;2.04934739859787;1.22331220054324;-3.81550482078907;0.27514639386496;-2.63736618653404;1.45479459885465;-0.0109050759292533;2.07162292428979;-2.28551672541657;1.03302282500293;-0.623171481895462;-0.601706880027726;1.72367556477834;2.96963882517331;-0.579031341082852;-1.41103491945843;-1.68775837520862;4.99740346246615;-0.654539093874438;3.02665251936575;2.16331444595865;-2.28163363059252;-0.129243431291281;-2.65821780964072;2.00000967716184;3.44599947367045;1.79992960764112;2.43774947137017;2.78533772778468
-2.63192999451089;2.85970243136019;-3.22729698821382;-1.86680298856442;2.26675884103104;2.75555016891694;3.25312316197781;3.73893406804368;-1.72841860679478;2.4962371151554;2.52449035666111;2.06435615728575;1.88514810339713;1.1076416044336;2.60188809589178;-1.97930876178158;2.45646350968924;2.7401256635075;-0.22279481413143;-4.80662143094933;1.55225776592112;-2.47672430130252;-1.35069140887708;-2.02474619669608;0.105604127438389;-2.04701363851923;2.38195797738672;-1.69227995048043;-4.65196014958823;2.80512343862794;2.92558026465122;-1.50984319443398;-1.98515413841356;-2.29265706416158;3.91412872659779;0.445521213431025;3.17193290103297;2.90497179772472;-2.03056684280079;0.875143115954519;-3.51571060864744;2.25812699869865;3.43151638542442;1.71176074780147;2.77782558005422;1.92024159572964
-2.19930236476543;3.39222162765784;-3.25643054211077;-2.59827600030974;1.60482963106306;1.57611939234253;3.6167472383429;3.15435870811166;1.19879011363185;1.79961431179845;0.878756715208729;0.780892696091605;2.42579493277925;1.71071121212083;3.34581393562228;-1.90782507353489;2.46168134491179;2.16064673981646;-1.82090042240696;0.361006890708368;1.63787073286253;-2.20500840591685;2.34280773081766;2.00272898171971;2.51649117073796;-1.80306788368711;1.80271544483804;0.399788763600397;-1.54523281488002;1.23127503717777;1.24385780168803;-0.875380051151306;-1.18956460551213;-1.9516654369892;5.10041159849371;0.387777533813604;1.20490900207447;1.91915809427747;-1.55902349339852;0.725651083114631;0.309762775469374;3.92392526390756;3.38633225426492;2.5308945760672;1.84611687318227;2.19986338092101
-2.85300811510038;3.90565402453862;-3.05705406228932;-2.01933958373379;1.93463337079113;1.93664367566367;5.79091976480663;1.29882354995234;-0.382285935495364;-0.710077659547963;3.30605049974488;1.24795679782895;3.76825275646228;1.31623177909996;2.17922689474972;-0.167382028118083;3.74726308873349;4.07386875006486;-2.36047865503765;-2.71678085132147;2.14039453728594;-2.80706180361485;2.18388268103775;1.50566570683898;2.32706831726083;0.489858784274198;4.0201069129288;-0.0364996713269345;-2.29766712102726;-0.445983532727526;-1.43799027233194;-1.06277028445386;-1.23788520947466;-2.44995209230453;-0.729869003686085;1.06938318322043;3.86363592615132;0.0806702511941214;0.181900345769276;0.744806721679299;-1.85251352822534;1.82129781656124;3.87459118093724;0.875278760333582;3.73617046003725;3.59717588750237
-2.82007140881117;1.77320732326897;-2.53333549673507;-1.99446087431469;1.94455152955996;2.72151235408381;4.4291208343728;1.65095745194206;-0.432703189861053;0.646921329848703;2.36812156370977;1.53976298663621;2.05027874329449;-0.172687749479893;1.40918229180541;-2.37630906826977;3.16861122836987;1.82668811101554;-1.13848447850572;-0.359069356380035;-0.251757117652114;-2.36733797941549;2.04665660300862;1.68253677227067;2.87576261308981;-0.665458451573785;1.55171125465629;-0.792189482928817;0.178955515705897;0.491307242917918;0.308418935500284;-1.36318905099331;-0.454642646129597;-1.96440182899249;2.32128188433633;-0.941719282314614;3.59188502462939;1.15977471842744;-0.279616334534036;-0.426173531256716;-0.446107162156471;3.74602024632523;2.392036761957;1.31733469550083;2.38216328653858;1.43346231183987
-0.983226256514224;0.820495799739876;0.152696620935661;-2.68882939540384;0.503321793083479;2.8091165682357;1.27370234143449;0.517398667712712;1.95615950550229;1.5705362717966;-0.249618054785829;1.81720289545593;-0.557654824693019;2.22101667808131;0.77327500034935;-2.11862076884012;0.41906213935608;-0.628874162263828;-1.99248705035079;-0.0135280571017034;2.81727240623817;-1.20311130504707;0.053369708241361;0.165873701308504;-0.432073317882894;-1.31497298975315;-1.41721185111931;-0.105261567221486;-1.5997984660815;1.68095568237804;2.26028442792672;-1.8228662543482;-2.25842931814268;-1.35882227210437;1.28953076093981;1.70819071563021;-0.216069127735296;1.47201439779875;-2.3762069355964;1.17395142119604;0.0411537049418966;1.07144352645274;0.54112303461521;2.76760351460082;-0.586755183526665;2.40964689045226
-2.69551795050493;2.0292471652133;-1.43118679769336;-1.27473723926049;1.42440318236606;2.76144781324674;1.44657395844797;1.71249825012891;-0.466826405710577;2.75045327005228;1.03631175995922;1.05029743278894;0.432605543898748;1.02525714647611;2.23748321170365;-1.58913393567929;1.15931279567024;0.686889577568926;-1.31232448623922;-1.83703645562901;0.677593540527191;-2.65331391623846;3.43038634793462;2.66497463502455;3.94416091082758;-2.20298049015407;0.206039776256173;-1.82421405715867;-1.35575664213467;1.71867572661492;2.46809835100781;-1.02601632428047;-1.40793628740424;-1.69594497654612;4.02163204217674;0.19594263905255;0.30354909251123;2.30626054337927;-2.123547073372;0.546457407066506;-1.49125811838417;1.91556895077317;2.41854058933108;1.69565245796578;0.490460246590263;0.788680171747743
-2.77018266595992;3.22641445721403;-2.90747690723181;-0.607793105541351;1.99225849524497;2.60281795438123;2.97432204883569;1.55705709559899;0.631907486516771;3.23815601127673;0.780121315799456;1.7358139608473;0.584948595188362;1.83178670746237;1.45119975765618;-1.7722664406244;1.72043919261195;1.21141611678676;-1.36954547417659;-1.14930775367979;2.11616257804202;-2.86446302148293;1.36752494679811;0.388920174215105;2.35010301451759;-2.71980992630247;1.08744296307062;-2.54989105161781;-2.45769576226991;2.4725273856814;2.72067627651709;-1.47935879308736;-1.31285230715044;-2.38582076158232;7.53191602630445;1.06763545909735;1.69753901424783;2.59733192100444;-2.65029054368352;1.33352251388098;-0.737227394342445;3.12950783066429;3.29387415445144;1.01113864603476;1.8418151937138;0.869302304604416
-2.28929785903773;2.22432842471416;-2.64139544335615;-0.714229664886729;1.20957077359433;1.19834411815791;2.42831968229779;2.80410956776391;-0.256139630598757;1.85491072558045;0.404426500855194;2.65830910326427;0.665884180161406;1.57889595156855;1.72532476308358;-1.20931484988461;1.3367137099324;1.01685081557538;-2.27626858303175;-3.17157670241421;0.444270199573729;-2.33950769316797;2.2135945681279;1.98078182708486;1.56825420143562;-1.29363089875459;0.687569423332355;-1.06383530869468;-2.82949836278378;1.62506817341813;3.01082459657698;-0.737007095602384;-1.409109498609;-1.46414440270853;1.88063581418334;1.46969311404256;0.955041105265592;1.75729530350434;-1.81500561617948;1.88961344094257;-2.62098663799865;0.882121374182485;2.40354555439429;0.167809440402787;1.18806633222552;3.51068169523377
-1.06487210826401;0.933049120163362;-0.27173167737896;-1.0701088843205;0.561864778743651;1.68838247773249;1.2182635572078;1.1236113710734;-0.28523188444707;2.22479623941107;0.469180889563863;2.44788484585849;-0.000184261799941521;1.5111341899024;0.418332570345707;-1.72104176738409;0.79888109234969;1.47537768362689;-0.246515067003814;-3.28245636461237;2.45092109863641;-1.14074979172652;3.49149694228376;3.51935419034144;4.54952722739265;-0.547577350906698;0.462895287781672;-2.03449759438406;0.454195136432906;1.05670074664875;1.58827504594943;-1.56978353378635;-1.65465112232099;-0.929459528550354;3.82989567696492;1.32306293551091;0.30914936893989;2.45422460951452;-0.84694840054591;0.83389086549041;-2.12908776665432;0.625026440717311;0.667778493276913;1.65905391049952;0.193130211480158;2.95532200617123
-0.601168811972269;0.996594184532835;-1.75472092626598;-1.67041590868965;1.04643497587059;3.54324256806659;2.37427712718916;2.28658773421298;-0.825106998243426;3.78776576073003;1.39767442967605;2.51288916460604;1.00604956130329;1.90240082454897;1.70583043536189;-2.15558753729314;1.80128495033479;1.17566269615243;-3.34072612880607;-1.96177803770222;2.72697970557841;-0.80343174440112;2.9678350945433;2.6233408559492;3.51559219262683;-2.38409585944792;0.739463596465253;-1.1910403871469;-1.95890212662574;1.13526407411237;2.93937877280767;-1.98553034418962;-2.35009321829524;-2.31542128787095;6.84024587414859;1.46130441266179;1.75250596868213;3.51175154873249;-1.93469414105363;2.29802058714106;-1.61282919427523;1.56241204909495;1.08020193310471;1.52224034312091;1.19611119066264;2.17416186914521
0.156326862271294;0.340469920496873;-0.570586661059213;-2.24468051648735;0.578798830839263;1.47687304718147;1.64946239744901;0.253262855408659;-2.28350535693893;2.19901941029929;0.789185132033834;2.26406635782134;-0.0834512112839217;2.79510687729639;0.282463404772128;-1.58911849500767;0.732543560595711;1.16734727908364;-0.678120366298799;-3.17544394872475;2.96907935789434;0.301155577747692;2.87517867011156;3.43466708782008;2.68677067272948;-1.17501835866152;0.378087501777852;-1.1344605668995;-0.551396442008654;1.22938952780915;1.61506056279249;-2.52114147858357;-1.93904265984091;-1.42768532781911;2.31666205830395;2.64237205820541;0.81243400343845;0.857465496950859;-1.11414587074878;3.22714235013437;-2.87767940193315;-1.39466983985912;0.196149265297847;1.18136315087929;0.590185534830061;-0.935461167157503
-3.41212803890234;3.66840889633154;-3.11428183707125;-0.31902916838748;1.7851251688563;2.54347452223531;2.53253004046508;2.78714689270637;2.29584485638478;2.49697042572453;1.62360578446001;-0.782750599191875;2.04391186889143;0.120878681596352;2.19754642240347;-1.00349122331601;2.25419210386648;2.69098817434601;-0.482745435832411;-0.0788362633291501;-0.620855811056604;-2.99836516847609;0.520154857208116;-1.00321737192375;1.4644877409659;-1.33973567280498;2.24319342579872;-1.74480312725979;-3.32933880993149;1.13007859867217;1.22879143193587;0.441438207313011;-0.46411069418834;-2.4850105488145;5.78500820605236;-0.67402442459666;2.18193358954525;2.09346769307979;-1.01167436842268;-0.0178127326196012;0.41519383980832;2.51552216818299;4.39590041593;1.88085063599036;1.87171284923792;1.94030244408841
-0.152160959696808;0.474718547165908;0.824957689857962;-1.79751905664827;1.32783625736318;2.1246331798664;0.243092919974241;3.67842529168461;-0.401427435899081;1.87034236098834;-1.59706854163554;1.61017211990856;-1.02918687466313;1.58199388821135;2.50354605655628;-1.95226169115073;-0.0507295919385421;0.616912824109592;-1.42575425058609;-1.87473081374648;2.33603748777523;-0.349760648842807;1.27340084870562;1.30442486002741;0.932658936400712;-1.14119687915023;-0.55032429962018;-1.40521730233926;-0.275752740192227;1.22666841924277;1.14864822417758;-2.65686085581365;-1.28092977813073;-1.80208675874225;2.40297981947931;0.712096160664659;-2.01549970017074;1.65685605481921;-1.14461270651338;0.596925648713642;-1.72761585807617;2.84829960776746;0.160894197940907;2.49893364948777;-1.12769019228344;1.11851305842289
-1.92062027797511;0.595660517344661;-0.681642583679173;-1.65288874033131;0.296904287843766;1.53797911233723;1.79095587449318;1.04003926171174;-0.174846513971012;-1.64113587346186;1.16860282480221;0.673626975219718;0.0837712466898602;1.42014437594789;0.470188566440192;-1.16893819089661;1.1821395302988;0.112872864666822;-1.35492988051962;-2.58868282911297;1.88395940683464;-2.0632742577297;0.352156071755188;1.07727118909616;1.02978021685164;1.2670422113309;0.381444247393878;1.53175576571371;-2.81411360819291;-2.09546094847791;-3.37049142294614;-1.44902299798627;-0.686843311873571;-0.86348694544025;-2.46727471866038;1.24053133821146;1.22343262292155;-0.594864242731977;1.52211190999986;1.23233620125725;-1.79753413402062;2.56826491947602;0.906985373898674;1.36035914279861;0.578419024978398;4.01255783547172
0.208671846893406;1.27228163937542;-1.01889701429242;-1.93620830405407;0.956006164216782;1.81479799327029;0.744639227713844;1.8811580144383;-1.27266668242505;4.30510470582573;-0.297246155769265;1.84314539173182;-0.961852149255408;1.00463100509297;0.955938186906465;-1.54823577213894;0.820168329792963;0.524071534969586;-1.04548079847184;-3.40587248623274;1.24861929772078;-0.191231751790325;-0.637465640949102;-1.75391233194027;0.602948781115852;-2.84215669501959;-0.754574255144693;-2.96716100174312;-2.26024182259913;3.41332685439295;4.219051743509;-1.67964796951815;-1.39142853004147;-1.06582702029077;7.30943024071121;0.864716313973112;-0.947098529188898;3.73209109733621;-2.53158424143838;1.77387098943189;-2.54271996654551;0.885684830635208;0.835059607856118;0.616480265152845;-0.153262471656031;1.76599379016941
0.244086746970408;0.262401394274744;-1.41673515369282;-2.20818441298856;0.937396618468098;1.41977946698637;1.3953408595579;1.60741119584439;-1.04593654538876;1.51037895711104;1.37910091539864;1.81930710622401;0.794585241730304;1.87080594609084;1.50463443527324;-2.6390340209779;0.993718801784998;1.27832050886261;-1.68491300001885;-1.03769724386118;2.3945664555029;0.265882715381989;-1.31095033031058;-1.00221124139787;-2.47891428198088;-1.04791325329774;0.79181558113112;0.217356603978476;-1.7651479275677;0.652939412580655;0.0382613280555439;-2.83572005202954;-1.17168150350688;-1.9966316674288;1.85602872417309;1.15109967780124;1.10583000680343;1.68357631062968;-0.934048948994011;1.7667867777247;-1.22385804706252;2.81185340022719;-0.316225448276799;4.1985079256096;0.889648332624941;1.3051270523026
-0.846235410001143;0.692752882670749;-0.702528774769819;-2.11893368231558;0.521666392389452;3.12405356437619;0.654327826257426;1.94958231859047;-0.661957737483025;3.04565590254595;-0.192670065936695;3.25377001952792;-1.7422576396126;2.00947153151532;0.0640975376395156;-3.66374644397454;0.182501721363001;-1.71689790206746;-2.43251685517692;-3.12173800015957;1.96097490039753;-0.979343875314155;0.301514243202428;0.113049542565452;0.859320552751874;-2.0666729767414;-2.35178272940202;-2.34751325778389;-3.29036928549209;2.84372523407598;3.59650450714477;-2.25208470834158;-2.68867698146272;-0.565312987823938;5.04909408082342;1.33890231305869;-0.42052839141015;2.88944741998533;-2.5018173603809;2.15363091661579;-2.01296110417255;2.21430070313517;0.242336647062761;2.60542956886534;-0.339492203443591;-1.18275150811742
-1.12533667325139;1.96233070284512;-1.13103832089168;-0.166088214916993;0.909910054689333;2.32433854635448;1.08569402858333;2.95712937550926;1.25134129362269;2.70345921923507;0.147994894302453;1.53413526825932;0.821014314612881;0.618518470976199;1.45223544566004;-0.733683681802707;1.17289011284878;1.26952029042192;0.032659034662978;-2.87885367480276;0.743797418306718;-1.27422681658956;0.913341943022146;-0.125728216860762;1.04592868224468;-1.34990878674035;0.95974950537832;-2.02474631827606;-2.564536934109;1.83251502935053;2.72592475675959;-0.257974872048759;-0.66962068020597;-1.76725722675789;3.95864696361792;0.679152799188975;0.0955893081307339;2.61925536326419;-1.40561856454529;1.26431586078709;-1.68741029491384;2.4464530408581;2.60062349074708;1.4382168653377;0.266511339181558;2.02570308683204
-1.19481023147174;1.41208012071669;-1.43736895224625;-3.10070432141753;0.849758396329359;2.61767480145957;0.169534621463097;0.781839470321458;-0.27145810530932;2.90885773417266;0.932519702954589;1.7726309535453;0.97433289183728;2.87983616501294;0.352851812796365;-2.41715877720388;0.861503521396409;1.43796896053875;-2.07391626146297;-2.11785483333555;4.78615046482107;-1.21169499825238;0.834351427581104;1.01056446216421;0.889090789376054;-2.42795896619933;0.905289652073538;-1.25001057407331;-0.234904037778121;1.88068241171782;1.91246178297496;-3.3229313665569;-3.19172668408293;-1.623050860953;4.68634794644168;3.43099185196705;0.438856376254888;2.62372248511743;-1.77089123829196;2.36030379540285;-1.44117802297265;0.518688868226422;1.06067044351418;2.3622309520231;0.333846962943997;2.23910103572935
-2.44520010050641;2.39686673667454;-1.68067059121703;-0.688068384573428;1.64847187437142;0.256814508075864;0.991953021655167;3.44028760281485;-2.40292607810775;3.47823658185901;1.12571734979758;-0.472864620499651;-0.366525073067508;0.133156010513627;2.95943224518847;-0.470119451036412;1.39096591279765;0.303176969710062;-1.30403486976901;-4.21265549568747;-1.18747940169055;-2.51352209187222;3.12874890093226;1.51103925214472;3.55019918070955;-1.95440684175575;-0.523491785839348;-2.31133935445829;-1.23191334143958;1.82106934167693;3.08884535072419;0.23034892028602;0.752910798483504;-1.73955013507591;5.00678688909601;-1.4743359610499;0.88478958225008;3.59519874206661;-1.79790383148965;-0.71170156627035;-2.81893796674663;4.41958217743606;2.63403410729185;0.558370644655397;0.484999931547677;-0.0440530618209347
1.45213937046862;-1.37144912478585;1.50981586517611;-2.64812237041203;-0.0463107913931047;1.87090092773708;-1.10960873894366;2.34860456677018;-1.34241550085539;3.12376596332434;-3.06939710399243;2.99740171417333;-3.01507976964258;2.1544130619251;0.363231023581475;-2.84531281232456;-1.61312366392517;-2.19903277924099;-1.99768453168134;-2.55922729656352;2.76267823523401;0.810637375823907;0.16699621112947;0.135876043907047;0.124907151635856;-2.62834851742326;-2.89761180980313;-1.78707348620207;-1.73195197088218;2.20255924045556;3.35468913951231;-2.7351624515884;-2.92130450602039;-0.583540766274116;4.98298696992461;2.30661554726349;-3.4877556024423;2.17454932129073;-2.70460406192227;1.10512110831068;-2.02722775418097;2.07639916377458;-2.2447679879775;3.11122354141396;-2.75934712604523;0.858253156261688
-0.958146152652535;1.3837565767327;-1.4126100768039;-1.12216906904841;0.878731367064589;2.95708649499347;3.06437428517856;2.38360928155239;0.0362604033506917;1.54645854986852;1.72178888484461;0.73766096627845;2.50344070055699;0.553722159538586;1.95546713246279;-1.63245252704591;2.33688405325011;3.13831515612141;-1.65015812962173;-1.52175346192137;0.356603002978458;-1.49312052957339;0.651784441582618;-0.466271611143911;1.9016104044629;0.37338491046065;2.39688758507407;-1.07289733325693;-1.64592592600368;0.670049461459552;-0.0274589258562517;-1.06019341682808;-1.41258204876894;-1.58989590677786;3.57292912053028;-0.224473784839618;1.60060442065783;0.830334898797379;0.00621817851502759;-0.476239444043129;-1.07769062224868;1.76508143861361;1.18726513634576;1.68725398873446;1.62225541834756;2.71892163200288
-0.187968898910452;-0.19327413164714;-1.60065965369844;-3.99644520720643;0.246731945929575;1.96694561835224;1.94559050378523;2.10851444615355;-1.58023399452108;3.13532626014283;0.266678373178134;3.88072506181468;-0.32855452244874;2.87170337742268;0.303889574912066;-2.86324716064795;0.842842651455986;0.00477742225728828;-2.42862076604201;-3.64298065188208;4.89119281459188;-0.47996999381132;0.335319961658889;0.644819021796603;0.439710653994974;-3.05019670298494;-0.579297205692539;-1.8801621262282;-1.23913586746132;2.87835507390546;2.7109887490023;-3.48453464253429;-2.93694445473583;-0.710026871575996;5.29824372309971;2.31723107961167;0.125421169675132;2.91293403364602;-2.93433656483655;2.506799331406;-3.03011989327124;2.22237395067915;-0.836852979845415;1.99908603318565;0.261372366178774;2.74336254956038
-0.603673058235508;1.19853439635466;-1.4211187410384;-1.30752305495997;0.67548155126921;1.80226061585764;0.45713242836808;0.16655889468152;0.345865836495361;2.44937407536353;0.0628819015501541;0.709135603196762;1.26453972924493;1.73888181989907;-0.61720236712039;-2.24730059471144;0.860619379034539;1.71439871765976;-1.46651189396252;-2.21828124104935;2.31305287752465;-0.869130886614673;0.101323311333404;-0.0833907126536946;0.591536861470002;-0.572457346789327;1.62178118409773;-1.52800988276103;-2.26567769888736;1.27537151728761;1.90776834440483;-1.09835443909364;-1.74901962590862;-1.02523774141803;2.48959412442043;2.38292513663131;0.233108209047059;3.03823937353137;-1.16351728254901;1.64938186049553;-1.84505325590418;0.16557729724891;0.924496284027028;1.39344497171602;0.597701272762674;1.26242188041838
-0.112594435955952;1.27911870302984;-1.44089357341384;-2.04146415327129;0.445406544253738;3.09634153436671;3.06944834077906;0.87739747456577;-0.946577532616538;2.82027672720429;1.20062076696897;2.71446862684927;0.626022119128234;2.21539467018285;0.812414370501713;-1.33638545378616;1.89787522830247;0.581983835287929;-1.31761845607241;-1.31568114649448;3.14508822338445;-0.127734624059191;3.16771505562057;3.02147970425534;3.479308451412;-1.54797164414864;0.350654474817274;-1.75966165296726;-1.17903205191647;1.98431822672888;2.46335244993387;-1.92410081845645;-2.00751961006943;-0.826274714702913;4.58366007131722;2.41266656570368;1.39540167652682;2.39492272901806;-2.06021586650708;1.84276431917905;-1.07665207872136;1.23598512456253;0.57368315242101;2.34318526518672;1.4368509853208;-0.417761154426375
-0.47033998103798;1.62978857923186;-0.124455846747419;0.0501739844073178;0.65122601085751;2.59638097199054;-0.311926396574007;1.14731480224783;2.28381792852927;3.31220664477937;-0.129108980510727;0.223087667620483;-1.19962712289839;0.97827412429693;1.27625419251383;-0.335665355831676;-0.75925848022504;-1.71178160340388;-2.2915754581251;0.629093339859334;1.71426404558751;-0.376245629484323;2.90082192704828;2.61281579571627;2.39918901194992;-1.93943908324503;-2.06286329419355;-1.07189100927562;-0.993400946450416;1.12438689073249;2.03110484457314;0.38012845550007;-0.0692530701969269;-0.833383035313797;5.26343207949167;0.418238426812489;-0.458219265083334;2.89047538664056;-1.45640295752853;0.388902718010622;0.932378226232301;1.34021301435553;1.30685892630193;-0.484887871954545;-0.591258323787107;3.12814437966806
-0.919527256532701;-0.0882083157872454;-0.236229073436526;-3.25356089041703;0.393048102452629;2.50004192938942;0.138739750062173;-0.166622513454622;1.68009987057143;3.53322886832902;-0.471757548623821;2.97557793596714;-0.998842257917592;3.82267075631025;-1.47718892241324;-2.81241716735681;0.320225244767479;-0.181858774474457;-3.40471208560529;-0.317327968688804;6.16724636566398;-0.604297515290238;2.96618869136495;3.45462075746136;2.28699289595926;-2.32003296684785;-1.04261924743528;-1.82237360931769;-1.42587533929569;2.99756678496747;3.22861669610342;-3.62068901340806;-4.30156472262943;-1.03090506047794;4.33469209583596;4.32409991778391;-0.114337893039527;4.0135974956716;-2.07507457761007;3.83021966736923;0.591897826773354;-0.669288681585256;-0.725563116815765;4.0194779795228;-0.316536774310407;2.53967475243897
-0.19988161768726;-0.0728170578636141;-0.689208409283259;-2.96902002168736;1.23220245703361;0.237252776674567;2.11739257704257;2.82878725325756;1.13798770748817;2.36590662416593;0.0600987186085523;2.98717088250549;-0.116951717527123;2.04390437649063;2.85793962944676;-2.68050977922022;0.466686055323697;0.551206070744363;-1.21722410453333;-0.187780001118465;2.98614533690899;-0.501815181377562;-0.029652093376291;0.139418075389318;-0.253283545393786;-2.12638449826873;-0.168413132324308;-0.0949432316507363;-2.29109924149085;0.774758065833147;1.45143953874506;-3.09759979336581;-2.62134411395285;-2.35201586455589;4.42467055735409;1.29576412378428;-0.653685876518255;2.07892683282682;-1.56805348165821;2.42842950437734;0.260009944101066;2.89814702068088;-0.125115065953263;1.78634069408845;0.614295486983057;1.08946511645068
-4.10142107170555;4.12682193007795;-4.74043058847377;-0.998734482858396;2.68460673400832;0.425789564850601;3.32001393494471;2.54940644041472;0.897809529611819;2.18531146993692;3.70065569721795;-0.475524348318448;1.79815425256943;0.841712518875958;0.840149552375921;-1.06102656589369;2.6493490967262;1.88758394493303;-0.247779377912317;-2.38132788401241;0.656652457356925;-3.83637118805952;6.19778341077171;5.57943879123284;6.40003197962385;-1.6825714411944;1.20776822034089;-0.540986450703519;0.726341139707009;1.49174648348167;1.58026416719385;-0.705479298143829;-0.611409046792792;-1.99720684846652;3.05593594116912;0.292712246300438;4.02149765482588;2.3889644370206;-1.9160714216361;0.658861999056366;-1.58676010073639;2.48878632635365;4.67651751430468;1.59257862263324;3.02232568349689;4.07867606401747
-1.14779927568166;1.7903799409883;-2.70668156323564;-3.4236175899441;1.66169248626212;1.99450481623257;4.06258368002408;2.38463377388972;0.707815703374533;0.734779488338433;1.88988564363002;1.41334032773158;1.49036277701597;3.19374579478081;1.12252667498843;-3.39411239416077;1.3924980242838;2.50309184584647;-0.923726764588263;-0.452445046153201;5.31543220117858;-1.04074415527752;0.455562591486456;1.08138609990457;0.637460199838659;-0.713039053838686;1.04601496656422;-0.516535707183085;-1.07366163758958;0.494663400133202;0.560166990642752;-2.83999580640209;-2.56630069395763;-1.65722472893306;1.75618737159423;3.40340210514786;2.23472074266296;0.469990382536101;-0.580178648501399;2.2216747036545;-0.346056881969784;1.11135967355588;1.9844188465504;3.02625839682233;1.82434270393405;0.283581263997227
-1.29807765660499;2.08960806258283;-1.21995136658356;-2.25945839738589;1.39785524548918;1.00587865694193;-0.0911418842656953;1.28169844405617;-0.966798892086759;2.90718530610382;-1.11171632721356;0.571185482807922;-1.23524224745505;2.06575865003183;2.72072615665198;-0.831015709225897;0.904004428337649;-0.435855245134317;-1.52013757214321;-2.56097051422528;2.55281456493855;-1.5420582051241;0.481980547131085;-0.0540926021370494;0.581543156296852;-2.82102807973299;-1.12335777296849;-1.63890425665649;-3.19736243289679;2.10062874719977;2.36212884649387;-1.10023505416711;-1.76816228006661;-2.35027466234474;3.44472167720152;1.36110032360776;-1.64949237170212;2.80372130114729;-2.18979485759067;1.39085472484382;-1.8979598670861;3.00643121378853;1.89646723344634;1.90043805715703;0.00512023221226454;1.1462293768077
-2.45320569921195;1.6992154015976;-2.62726840229414;-2.60963335932437;1.45150044164853;1.37883912255004;3.74070159197651;1.18166543574001;-0.207470693759867;-0.728451896830733;2.36387946870141;0.921962606719774;2.25423261423229;1.88280060195614;2.30345069683859;-3.25432535197877;2.56417704360813;2.08832793715621;-1.49977268149283;-2.1397841261974;2.31961037123005;-1.94133507141466;1.2482773755522;2.07992270289845;0.630202670481297;-0.0573625995002588;0.702807818950635;-0.0250823858266787;-3.14844985451097;-0.585330235326138;-0.318283395692752;-2.28569449511634;-2.12874711414734;-1.96870136563923;-1.21180645941016;1.27365005496517;3.50758908961885;-0.222844334114576;0.676707637468469;1.46088225973251;-1.72060982350521;4.31157031303802;2.54713835515424;2.61995114128692;2.50528863051545;3.44498343409494
-0.0610641393952475;-0.926165929861094;-0.0520260239513415;-1.89764086900157;0.202959973322976;2.69090039079946;-0.245067361033849;1.72168629349302;0.138819320265923;1.5603565354851;-0.68287241471174;1.63725519399864;-1.05807788646117;1.70018740870084;0.168008502540062;-2.41760299134049;0.0777420933650528;-0.344492314150343;-1.49165657220969;-2.35933823184071;1.60918760725385;-0.410175562549489;0.253105429808754;0.352780763645814;0.859150857239736;-0.702360212795574;-1.11680718281177;-0.184474867321402;-1.11411635651659;0.345442067519167;0.798063119411766;-2.01969525534893;-1.52276176475004;-0.995075177082386;2.97560640604492;2.35323014726526;-0.428296613580823;1.25676591546479;-1.17289639175308;2.1876862048741;-1.24385426485951;2.2754715253238;-1.1538392963576;1.11352281348819;-0.714194961586324;2.18455980830931
-3.28537436678449;4.58727785209811;-4.02253956240771;-1.9594798528067;2.4696798251387;2.08774093378186;4.52228878399835;1.96835298909211;1.01385435067516;1.53064017106637;2.76552168461589;0.155533470685462;3.01153459040755;0.876668413324301;1.86338054724373;-0.58293377487841;3.00107452843026;2.81520443823346;-0.31816767917659;-2.27888096939749;1.13366248818912;-3.37373473202927;0.672018765675715;-0.190274822585213;0.531459562434184;-2.64711612706484;2.21757865888464;0.04792167666904;-1.47216122511566;1.10221510620749;1.6167073977256;-0.111504564630765;-0.204092954106053;-2.01730452961203;2.4446851396434;0.500088041449364;2.67101182461158;0.37268061555008;-1.96772964111836;0.58844753494304;-1.07344236111891;2.85120345287397;5.2144375012561;-0.39290342575381;3.04858725069571;-0.0846460626550328
-1.28545867025192;2.37240984881827;-1.86909207554591;-1.17268378246226;1.0370137699231;2.33269211230696;1.5301013371879;1.34339481261884;-1.82657425373579;0.286643363068614;1.82316064668499;-0.654658377122154;0.606262547108194;0.332681350469443;0.241885295258645;-0.462257672293828;1.16572807201651;1.85044177284082;-0.540378255153869;-2.055379479186;-0.599579278206299;-1.73540060130361;3.63114791339549;2.83966795406117;4.57604606320474;-1.26186357583075;1.28361947965283;0.069679597995517;0.981190221224359;0.0624286208098648;0.700299147740897;-0.269106363829877;-1.00985979463023;-1.10572866042227;1.87793808332692;-0.110579648757071;2.21899649467741;0.0892384877294806;-0.892998834294676;0.340293316482539;-1.68000848003134;-0.111435680213678;2.33046422732154;-1.13510385190071;1.33672149411401;-0.49164689105652
-4.10088371207852;4.02472776669926;-2.89888860962439;-2.20350346619943;1.76217723539796;2.1386158452057;1.98015488092934;2.31461528551898;0.76381592188931;2.12322101242081;1.70570478576464;-0.265687450043523;1.88256084247809;1.39043166257987;2.45856758990293;-1.82234775961475;2.16665576826744;2.43575367868608;-2.23992796322594;-1.94995521300966;1.27970615749439;-3.95025664963561;2.90125816007531;1.94878754092933;3.66389180337337;-2.43095933503567;1.50309494207263;-0.505937372422569;-2.38181663335564;2.09359404052086;1.0914002863532;-0.744136548608232;-1.37697393056924;-2.16682718832141;4.33931760623196;0.432129478539394;2.25333835975495;1.59460106674757;-1.64042992942491;0.213937966053072;-0.992594921454829;2.96187501557954;4.46531086346293;0.273651014994744;2.29469966768677;1.70593805539605
-0.497142418170175;0.262554497906514;-0.0561203934405288;-2.50744288753055;0.0593376310619322;2.2802015637464;-0.89784192927504;1.15604183897792;-1.33246456632173;3.43753085455832;-1.06220436200808;3.23490517414785;-0.854413093839788;1.20805939388852;-0.00175745997251821;-1.72154630887243;0.274090987082755;0.653991075421558;-1.14175933896048;-4.06797599794613;1.02324547941939;-0.717253710331547;-1.54031141080315;-1.79364451103563;-1.39997046306806;-2.0856200815274;-0.482060009484551;-1.36937077764135;-2.75732959578289;2.465152048019;3.31237077026819;-1.79368720525008;-3.67696480283424;-0.884107985174027;5.23335944539028;1.19455706754234;-1.64540233466277;2.86859749621121;-2.33804161719724;0.938755450427009;-3.03909633190869;1.17859336645568;-0.0142421391882652;2.53123477677681;-1.07140874082658;2.96989039292901
-2.45624148878355;2.3894732806776;-0.854161221422783;-0.0160637327994652;1.41420621261671;2.14785958207007;1.05909643516103;2.20747459747506;-1.04264850619351;2.77445651299915;0.0448408371081375;-0.229123886880784;-0.17792493082044;0.000750666596813776;3.09618245874562;-0.74541879747825;1.37277986202495;0.114396363804627;0.448462928463097;-3.60974765351808;0.946473623985886;-2.50509412486694;3.13417392105633;2.1924382231268;3.5573294751043;-1.67652224133288;-0.345546015771476;-0.177755809512149;-1.69509338616456;1.10901665782497;2.41437541407175;1.14670582362804;-0.867196816824991;-1.83281452409223;5.17356406263612;-1.05730331167698;-0.532993776787339;1.71354206842582;-1.70416123468453;0.562527430630528;-2.70618084968543;4.21153265537052;3.00748832899368;-1.43539979130046;0.119843907036589;1.97910406574998
-2.23088531125477;2.37888539703121;-2.18017352111187;-0.957831563232069;1.23301091477824;2.57014099793623;1.67374098406694;0.992472197285417;-1.96759784204295;1.70124781260044;1.32459024295302;0.0278630618967802;1.0827187823111;0.295289063277608;0.449032202628956;0.260652871042203;1.73323011958846;1.70461499747357;-2.44335453474979;-3.85865806117491;1.06338968279529;-1.71700368565523;-0.998051201371191;-2.16030326192532;0.0707503848350015;-1.85512730634572;0.784503896428059;-0.347203868675573;-2.28163040765835;0.753839777109202;1.48531483329056;-0.176074606002483;-1.145241219651;-1.13438631715834;2.31088444971594;0.053803663380256;1.6852597871403;1.00418946402832;-1.94788363117343;0.164521815880917;-3.24956379006447;0.129699634877138;2.82185036171646;1.12832960856318;1.0675652793341;-1.07754977337684
-3.78096497725221;4.93624731561762;-4.39675584287145;-2.96647603130846;3.25534918215052;2.95926866577945;6.12471304921734;2.65882174238251;-0.501866704267897;1.69732592659772;3.86362531512999;2.80612178460839;4.58657524733405;2.02791315446572;1.64449729775301;-3.29600784433181;4.6454373563754;3.73790260782516;-2.02341557854539;-2.24128039160132;3.13958733336891;-3.83127844223921;3.75463976992365;3.12583185336095;4.05064743622011;-0.78226542760827;3.61483365241949;-0.637304670547727;-0.507231469511994;1.73251602576265;1.81574296840318;-3.36858550013838;-3.16541019920245;-2.77016082676746;3.31107367866355;1.89458020050589;5.72245135666983;1.69077432784218;-1.34444877482224;1.96259769847627;-0.986900018948086;3.31818468698854;5.59200346598843;1.70024325313445;4.47753185424271;-0.247689455099757
-0.816727872170114;1.86654962722029;-1.6764238217897;-1.49749224835709;0.211055832844526;1.65160644926805;1.54160524843111;1.74544596904536;0.329019131280364;1.67481988386267;0.335220498224003;-1.44657601360948;-0.922507162148356;0.661107682343198;0.452964111219433;-0.540305477914253;0.859455883779463;-1.02766842721027;-0.562412969062549;0.233571012018603;1.44697845849802;-1.28686312543012;1.77296148876163;1.26600203199938;2.09518973613842;-0.0092503951049408;-1.71295894493672;-0.249177368081557;-1.41393415588199;0.406554167245608;0.132014059452021;0.13010844741701;-0.0364993534292536;-0.676446001648061;3.06779818851326;1.1985053378892;0.530197920709919;1.48887873609683;-0.13216874314389;1.38161511703167;0.0989061589859892;2.60236961673577;1.38712689668304;1.61425114461913;0.534004233844455;2.21575411264607
-3.3413526202355;3.14652046408502;-2.98387256449714;-1.26304609155806;2.15567215170716;2.49194588617182;1.49475397004399;2.66408854194623;0.490478081252669;2.24037701207592;0.603162314007883;-1.20672839272463;0.379530220705771;0.943098460749376;2.3256676664688;-1.55553098396547;1.00559026441039;0.23747147414563;-0.732621624043652;-2.29866245714233;1.7872654070958;-2.83342248901627;3.26879125610351;2.6019016321415;3.62300494515881;-1.61169078484855;0.00992426297423299;-1.95858304813222;-0.258322247949929;1.4971688554965;2.32955413729104;-1.09109316659892;-1.93168430939644;-2.40764130702449;4.07563544406215;-0.237250198099276;0.379578908384165;2.52728145048404;-1.3762231022635;-0.058151967867713;-1.3749500475201;2.02927525725601;3.74261241635224;0.685843627823285;0.825044497910852;-1.12124974695522
-0.337804363950888;1.21757609724842;-0.952040088538634;-1.50010279257983;0.639538897458231;1.40592361983465;2.1783636604105;2.0052507816409;-0.949564281592449;3.04232507404887;1.85133427606876;1.30102929126415;1.82548139883796;0.998517378984371;0.363590434624239;-1.26458641926199;1.72617100417874;2.53075788138273;-1.13766612104091;-2.48751682148355;0.248998956091339;-0.959057113858864;1.04992117853108;0.732167936450903;1.1087634412635;-1.78197367265694;1.95119728603603;-1.41479922885594;-2.60702368693876;1.95542269756578;1.85691863780473;-1.31020515527608;-1.43971272988213;-1.02304709954919;4.62593389066553;1.10088672426372;2.46137526317006;2.97129191400478;-1.32569129358736;1.45885846239214;-1.78915038796772;2.14537852632538;0.992441689924747;0.845368166830145;1.19231377692569;0.676496097294557
-1.9870363231359;2.6427827771564;-1.33637142038224;-0.786209586343032;0.87238119469578;-0.768368536927841;2.36819698416354;1.19193167381238;-1.6360915763778;-1.76670763227995;0.770598029981121;-0.249918665910604;1.01591442166563;0.87840296070236;1.30932678867804;-0.555072485649402;0.81195508345325;1.95273868458306;-1.73169354715898;-3.02860062557865;1.24680363060775;-1.7204499700232;-2.63216332127662;-2.76506239886805;-2.36293579555725;0.651706876906529;1.66681474477086;1.42539685468378;-2.86230634903868;-1.584041673363;-1.95322454430818;-0.488723625673485;-1.34466814894948;-1.59295716153467;-1.5943555604484;-0.675360894900498;0.926985877279224;-1.32167321338666;0.608703830794518;-0.386851890637443;-2.48615781666093;2.31868858223979;2.82147706862865;0.320805430670203;1.01470299447478;1.86392221037058
0.0218956885799506;0.627683390383697;0.318140549212749;-2.20253149985663;0.906667306369745;3.44244076052504;0.658932991538883;1.95897028548467;0.403605012562304;2.26701229760935;0.212026996000295;1.87929153927335;-0.510522825818939;1.5520469294564;-0.281585241741087;-1.52738668504238;-0.148596354223869;0.883406341328211;-0.873153779705578;-1.36960392592992;1.83828187107307;-0.586396961622425;0.667798906189403;0.971904195846508;-0.475298904262691;-2.29319847275763;0.170529848777539;-1.28251396352325;-0.847467154123279;1.04559582242797;2.12805572613429;-2.0269272989554;-2.21771721659396;-1.27855304944822;4.62365273259366;2.15575158193884;-0.672345920979492;1.74054400892423;-1.47712251117827;1.70932434114507;-0.909154227273209;3.06370759082019;0.398107941572213;2.0849343497996;-0.354988586980189;3.34624552434273
-2.15061297081072;3.8359849635572;-1.05253062124842;-1.2158056938411;1.30392987554152;0.811286377328777;0.492501618324969;1.37626182279163;0.800551689888036;2.92013994735874;-0.626347069975871;-1.09048552113812;0.282552936373747;0.0825682818393836;1.00724559948753;0.193963867397828;0.48037992284443;0.417644943356753;-1.0737779491455;-0.618623965629457;-0.195131401933555;-2.02809976915723;0.921001900487754;-0.470986316716959;1.20273682402722;-2.36249354048645;-0.45827180350947;-2.12829814489888;-1.61336948563504;2.38801890127225;1.83940657225119;1.30008056446718;1.55545993865514;-1.15177787846356;4.18786394559224;-1.16653124403697;-0.0481563528102823;3.07907551764499;-1.90038431962255;-1.21594728875997;-0.0468446631986875;0.514444742521779;3.51364666020165;-1.92118682343233;-0.00764461322278032;-0.658817604228805
-1.14949609929252;0.202805671927699;0.20917211882962;-2.72995731281788;-0.126130052023641;2.6794871765015;-0.0889865199395889;0.902195867495365;-0.259370779264782;2.94854099197322;-1.41105807632194;0.684689577164385;0.125814889675438;0.837940638953904;0.758468380137812;-2.17555720175663;0.00506720599708887;-0.690091675297158;-0.674130883483362;-0.11502816269103;1.0242120452733;-1.31868477083222;0.73341700010968;-0.0752168565433239;1.627003260495;-1.94308509436194;-0.3650392503825;-1.22781528865358;-0.674829287963681;1.23105343993323;1.68281469462414;-0.867711212593719;-0.950761171781735;-0.384862221362823;3.30187831268599;0.342145655820881;-1.35414951321412;2.40884683803742;-1.97085059653174;-0.55513318073271;-0.211626291490995;2.03164983685476;0.287411460419023;1.79832580381479;-0.659626489128787;1.23231014525308
0.200518050350233;0.827755466093135;-0.688140614587842;-1.65521439020935;1.35946199566829;1.73636154957558;1.25129638023407;1.56059601926304;0.0848027078443546;3.41325180199379;0.195158544006518;0.87366815497324;0.0075543933792255;1.98764456351613;0.15194683044445;-2.73677097738079;0.981169313104185;0.586850844640324;-0.32516960621165;-1.04001624897885;2.73007806493773;0.0351735728029341;-0.740350719882193;-1.25352788593833;-0.904999698500888;-2.6713251637535;-0.0105366739863653;-1.33970183143144;-1.40020812272822;2.10658503670081;2.86312987402196;-2.18137207898589;-1.8687818185955;-1.55683812331713;3.8201748859443;1.86817208228388;0.0684556151464714;3.55010616147908;-1.77266746184037;2.05207549686994;-0.627169839480515;0.484515837259239;0.746335231493661;1.51109698461738;0.173235664508098;2.51451032408081
-0.442196868957983;1.43607830932293;-1.03887903506479;-0.273540716964512;0.597191060022115;1.64643846313209;0.858047900111802;1.38935166342778;0.0386488804296033;2.57688789259119;-0.720151323325788;0.374006175759733;-0.098030224366596;1.16347657959174;1.58891397144079;-0.413790533118752;1.45313443344786;1.77994341647389;-2.06605285341839;-0.938470690680994;0.232400515829824;-0.797184572767164;0.595602273011997;-0.124726182967154;0.791844903638669;-1.72870586023038;0.411181868942184;-2.21673277077731;-0.509080420846438;2.07412382810863;2.37064405066038;-0.538232106488056;-0.444531766963331;-1.34205723004518;5.27587023590887;0.807944395108601;-0.672344903108842;3.14085092158735;-1.79363796107376;1.5426669193777;-0.640650859313144;2.63381090851766;1.34245886911221;0.360317042423479;0.157386777224665;1.83780279005628
-3.0216002951386;2.70881038455444;-1.8315752870544;-3.4845004083395;2.10213966806787;1.27464722052368;2.3189047763003;2.21769371348579;0.653233205411367;2.00269331655408;1.28617966321237;1.65792446379947;1.68391430093169;2.55283022530692;2.10753652009953;-2.71633561041108;1.34542225435824;1.32949444654405;-3.17457767846741;-1.58909268875312;3.12214110675425;-3.02835380971865;1.78037988393854;1.4487881518215;1.97460428600146;-2.30236994961976;1.09079320498207;-0.797601604379538;-0.716466692641874;0.991792999224609;1.42078535014916;-3.15228916218079;-3.52426398672924;-2.09505592475289;2.26506006375918;2.12864345153441;1.20027695619227;1.42872068292868;-1.64500818074353;2.83237368226832;-0.839907222200531;0.933186468470876;2.87809922704673;1.25482130612498;1.11601058773831;2.70088857228665
-2.70739290196217;3.60999155025086;-3.6751083278728;-2.19350480668147;2.46125887956467;1.02116424981124;3.90196546357632;5.3086111245609;-0.384721137648733;1.01026344277611;1.86478672489141;-0.452558700733977;3.04760913868709;0.509859639575769;4.58559676872243;-1.57933615248297;3.44384788806655;4.09836378242256;-1.1003785703865;-1.95430784876798;0.444180094070499;-2.67826189029286;3.23961267980321;2.21496043555181;3.94528114788446;-0.669406770822545;3.13264158867158;-0.248345057108822;-0.0423980794730076;0.264285829827803;1.04908013525455;-0.870620867354853;-0.243804927420124;-3.25702059850579;3.21220134773378;-0.456180225896787;2.76452757540498;1.49981831639066;-0.685423722015306;0.472502787149061;-1.20965708427858;4.21098931600292;4.08941424023414;1.52385176526843;3.36308385541403;1.76130528874093
-2.05928977737969;2.12955213348399;-3.34046914228734;-0.2707891910817;1.3599840565837;2.99892986026712;2.99049278304089;1.25123704283854;-1.5254300177714;1.40249032594157;2.48296906093085;-0.959732930096201;3.4910089942804;0.258940371155105;3.09471091818542;-0.392658482825314;3.01419914604658;3.12642910164995;-1.38537393886204;-3.6768461022178;-0.752578932359527;-2.15802054002183;2.15703013896574;1.79473641140399;3.43048448913507;-1.13731164068153;2.64660622885898;-0.309343234524837;-0.939652789909923;0.856922660480893;1.1188291567758;0.0651750682411701;-0.0652602719667496;-1.64226643432668;4.230375666467;-1.01875462153957;3.5805442956652;1.04670996393603;-1.08323615342443;-0.344611949461042;-3.02192013359049;3.34041551551697;2.96223957281868;0.577084250853581;2.71685364792581;4.2529762033747
-0.885569067359972;3.73627492982803;-3.04242760954225;-1.50777405657081;0.957283706169833;1.72159180079549;3.1770779052394;0.608784546047162;-0.0913678934016868;3.10974238461626;1.57805291778776;0.953262866048418;2.1873884898467;1.19348202410519;0.367573411656443;-1.08333804478785;2.81486338723253;2.07653982547743;-1.41968321919015;-2.8704144389355;0.621574218173674;-1.75252390513088;0.92534799045628;-0.15109074942312;1.77603726026269;-2.06004923927593;1.1646611464922;-1.56465018729696;-2.20643526011159;2.67434876098074;3.66514290821938;-1.12734758677979;-1.55529832117348;-0.897517190566582;5.45161817105107;1.20794363729645;1.61648789976487;2.71529467757031;-2.30012745331508;1.67872218053812;-1.62298732943465;1.97787333768243;2.98841588820929;2.66652580234603;2.01490024068179;3.02193880615545
-2.20975586314315;1.9817779240973;-2.17110543845105;-1.46909390157397;1.44774949534414;2.44138066884696;1.15381063095991;1.7215438895651;0.293971321393737;0.920718212616189;1.23941123616948;0.910304803648609;0.432764417689436;0.997315790273008;0.617170037988959;-1.61197445325546;2.13642466203505;0.710980131123173;-1.51285302546171;-2.26576994855956;1.30620228110643;-1.98493956685337;1.07646994196878;0.587159086679771;1.9146162454257;-1.37005421157713;0.325147372411776;-1.46200616876437;-1.73695682698291;1.52066545525592;0.85121343900124;-1.66864121775563;-1.63961885425056;-1.42720886491773;2.1740850249932;1.46767449687745;1.30657817222406;1.60152535985467;-1.22277326365954;1.57233387097277;-1.3724328563837;1.00383356415137;2.36451228719461;-0.0727802395716974;0.977253925861811;2.13037179011706
-3.09311906706032;2.96319337303116;-4.34603681287735;-2.00603605456234;1.97027208997111;1.21934171890449;2.90208448249867;1.71444198980866;1.58594443191376;3.79998127292106;2.0235940801124;1.28178900196632;2.84457063426256;1.44110394733336;1.18578913027948;-1.19514716464499;2.89213179095329;2.28336026360607;-1.14118815300897;-1.87787711988794;2.5656955451302;-2.62019974134949;4.4317754693748;3.4391420295257;5.56979307594506;-3.29540880371591;2.31868382599706;-2.8388644284887;0.00576868421338395;3.98509284794644;3.65438998264257;-1.85094711169227;-2.24983631098203;-2.33336371236176;5.76023715017407;1.45422921000126;2.87499568231736;3.57160434633037;-3.37693152579873;1.51513362108151;-0.705092788537056;2.54076210335025;3.09153982558508;1.28116297867217;2.80358806755139;0.865983724039631
0.652798431517325;0.65299904157985;-1.34309460932921;-1.04060558171447;-0.00736041997609771;1.58168372790014;2.11374350065012;0.295614660867987;0.170487950935681;1.22034548659748;-0.446963783841723;0.607218930032245;0.514400462427189;0.584733063032812;0.591212895015794;-1.00899645590275;1.28270383544317;0.942936420230206;-0.43750463514129;-1.2820257639593;0.571215659483051;0.181555816571835;0.686973578341466;0.756362038221175;1.55568027716479;-1.18481159116242;0.746140211364995;0.120461768098133;-1.76343907365393;0.662548783480783;0.41007315650175;-0.340672986819213;0.0222469798690165;0.0746658766762261;2.96785537588549;-0.497936769636305;-0.581654573249006;2.07799239067844;-0.864487639030396;0.810796675991977;-1.14501699412791;1.31139449011774;0.268219546683547;-0.277926489033048;0.877358285929881;1.47727657060871
-2.33238211747775;3.65378441195838;-3.32338028700645;-1.17032731104926;2.0192286560193;2.22184512906079;2.78862433952404;3.61275639633404;0.232357811181347;2.72401098674692;2.21316966680401;1.3130408759904;2.39262595087476;1.59614715550357;1.47746900931498;-0.982783451613469;2.24987271391796;2.28146641679641;-1.94504779647439;-1.16162426286556;0.845192691483131;-2.06010189076645;4.481614135233;4.24490857541683;5.60331798977124;-2.5713653059291;2.08560440152906;-1.69060461382664;-1.4993076541224;1.87704357748477;2.89173086812215;-0.780375540196514;-0.256007465400885;-2.00773915555451;5.5896468220672;0.959349917933552;2.27574711751779;3.07794579875321;-2.2704092311117;1.78537064793684;-0.609362860654265;1.44442887962747;3.8755114334284;1.17601428418105;1.84626822011365;1.95004814218659
-2.49608957938954;3.11528990208369;-4.39749981783108;-2.23216658458317;2.02362712385512;0.974623471765797;5.08711332881888;4.33426476104745;-0.486798143965312;1.8382894988793;2.40042804741648;2.22061434679394;2.39788690015432;1.43024604405357;3.64498873021804;-1.75641316436931;3.26446438749235;2.00185962519466;-2.49515263727936;-2.32355732378622;1.04631886332233;-3.21970776449523;1.61921112660188;0.990383223217081;1.90202458332514;-1.25246195228866;1.34086629581543;-0.796876255884979;-1.61710775217213;1.40022546827928;1.19683060210893;-1.43704959056106;-1.70625816761234;-2.43633274370469;2.72656936594878;-0.691301769234536;3.7078464210385;2.2163541786222;-1.42470311705537;1.50997484600275;-1.43141394689042;2.42247918150295;3.85034507048372;1.74376178814415;3.08789654137274;0.772769663743142
0.660356952908308;-0.4149285213193;0.570640898291834;-2.60197852261803;0.689090608350231;2.58655757685142;-0.82859672478337;2.40753074943506;-2.54709022559498;1.1756997895862;-0.644098983169285;3.299690441726;-1.67879414905188;1.62940663764528;0.206787690805576;-2.35417963535297;0.25999798233176;-0.921087923943336;-1.25324953680462;-4.46754177482937;1.88135471395822;0.466668840646497;2.66867728738424;3.06885055968701;2.22961201609441;-0.0221072652550865;-1.33790313509604;0.606791867305837;0.186116942750088;0.261157657179811;0.567545628381917;-2.84704245105899;-1.94075173319344;-0.696546277792295;1.79238133262317;1.78562874249588;-0.767368970247356;1.51259880259006;-0.41074495113569;1.50050479100171;-3.40325713706021;0.458108966587111;-1.07547471630245;4.60258437312645;-1.07274554351362;2.38810602645044
-2.40671646018145;3.96498162436542;-3.19187092902906;-1.60118517205229;2.86496560089828;1.81494033395473;2.99230909434806;3.09963307597414;-2.12950782997883;-0.757946848365833;1.64857102228569;1.69234119918509;2.19993710902246;0.945640075195119;3.01439637097954;-2.13196434879083;3.23669826003293;3.0327713544044;-1.22625571836402;-2.76941965826692;0.987290115009834;-2.57420147792162;0.771755145916845;-0.260123499241698;1.52685225077037;0.396449099071695;2.41074574185124;1.87833232252639;-2.68040003497593;-1.04818222730738;-0.706748248880837;-1.67732047185235;-1.25529603273367;-2.9995570064202;0.532104316722902;-0.38600572362361;1.82243503304631;-0.41939543420021;0.450081030723402;0.543568791794602;-2.55962735493505;3.26743836275923;4.15150276526322;2.94581042950956;2.47335081920316;1.24508525465164
-2.66216701836271;3.93375991381709;-3.30138603403391;1.02287956618769;1.65150114014318;0.827306742736063;3.5455387186197;1.8263354384938;-0.603538942420423;0.643467363475013;2.42207898216918;1.249662117273;1.78255806065882;0.993126634090659;0.603353255804843;-0.0488430362134122;2.46615968183154;1.91403303771654;0.0225974222081468;-1.62661821196706;1.1503229382925;-2.64535212960315;4.13369072400685;3.46434354850575;3.74098698482815;-0.56233671174312;1.25428873209738;-1.12931544571252;-1.55814159582504;0.414427572549161;0.322848145436122;0.578403656637791;0.0142030625987491;-1.13999546941556;0.220925946813137;0.999626999560298;3.23737190378021;0.490320256495364;-0.406924059223434;1.05605981972898;-1.43868320494291;1.02762918087829;4.53694248692023;0.0178896998770699;2.53340940568358;-0.143862188246357
-1.76709367079851;1.22378165025842;-1.96280532002425;-1.86554290750303;0.768075983931699;0.329221644422114;2.40735497173023;3.09262266700224;-0.386492531639127;2.17246781019531;1.14558974203433;0.480773524586069;1.13303290749241;-0.312892478767561;1.26670841087676;-0.32569039242253;1.02747561752658;0.963154342220469;-2.24564318279119;-2.5767182951242;-2.34123669767804;-1.61304110447205;0.691623689248685;-0.329660537647503;0.558249897545734;-1.9030853749605;0.589310527814009;-1.31032233889384;-2.75263050250579;1.67929877767858;2.36147179466495;0.0833735984598421;0.0533244974677463;-1.33513097099049;3.09267961772498;-1.54470729563534;0.811087579032081;2.73828362008876;-2.2571549496879;-0.779992412669999;-1.70826918241595;1.58523231834231;1.67993648633563;-1.11405902938621;1.2488578946226;2.28554400354531
-2.30380991057126;4.32507649487781;-3.10438919133585;-0.476385592925452;2.0841857005654;2.09668156688365;2.55102046316086;0.38227470832762;-1.21535761488996;2.0031314673016;1.6402804065036;0.0745240923287532;1.63425713520333;0.605770141003304;0.498960145908327;-1.47910796939014;2.03355402958415;1.24852726154455;0.291639032365103;-2.65340469896994;-0.0966371666441556;-2.48872796141141;1.87671302474101;0.984987530548598;1.65088486630215;-1.59898886260038;0.579168810505009;-0.577336819959683;-1.17660052670112;1.40506494729533;1.82072875446224;0.246559302250329;0.24859238074178;-1.31790336775849;2.89478045400417;0.122307004556937;2.40644453072914;2.83248277789501;-1.51201272526537;0.235300306037728;-2.15288608536124;1.05774804093706;4.77348419156237;-0.97280475420104;2.02042176616364;2.79711463948458
1.81751449528398;-0.926006256047129;0.306735570571377;-2.32597912800412;-0.0730009429716298;2.96605105911572;0.324090023559765;-0.0794476295960017;-2.05328437187062;1.79565531422071;-0.852137306215531;2.29263321954166;-1.06173212058167;2.44350402789642;1.04934250237321;-2.03301946299195;-1.27149015041706;-0.0347820352419035;-0.65778623816803;-3.78323270741389;3.16287325390441;1.66107283092474;-0.637387628084102;-0.380093672412034;-0.75458821592761;-1.87734855321293;-1.00827932949362;-0.37897780221363;-3.29884746134556;1.58060209318666;2.75070337160503;-2.48391376831827;-2.40083198796117;-1.1540858722307;2.40189082837094;2.05254803993743;-1.26615015339912;2.5437394417785;-1.80663084612702;2.38443643815758;-3.43240073505711;2.04505458740819;-1.64438759078669;2.09407266318496;-1.27341516803849;1.66923103399127
-0.465517486992617;1.35536649159696;-1.79912331638838;-3.10147534246142;1.04960465440525;2.86238413532004;1.36243735185198;2.28435110803138;0.0843543792203272;1.93544161575734;0.346024890803962;2.07121942090734;1.07692615854643;1.39843331108217;0.951899267470871;-1.18752278840098;0.992015827745903;1.78496564107732;-2.64139137802303;-2.39211649244972;1.29252230853142;-0.540406759287686;1.26467417924736;1.14927552782016;1.42237903809753;-1.39964325112938;1.73822058124003;0.0127558071480401;-0.711709967282348;0.600634648181726;1.62161500190815;-2.2206817190153;-2.30113890816849;-1.39486581836312;2.98612673859158;1.25282164822668;-0.0233951636802416;1.76232194097921;-1.33852832666375;1.65834390237882;-1.50810301853756;1.51392439847891;0.939257694301818;2.81715578265392;0.658558382731901;0.532665725933386
-0.0319528063465243;0.237899033292738;-0.969648035408495;-3.13749425388356;0.887487327508129;3.93690440328943;2.17291599014104;2.2106032683827;0.707823273156658;0.681610654818246;0.783350960553966;2.29591241013426;-0.677323117598099;2.08025175628509;2.14182131137096;-3.03636986092817;1.17098603559628;-0.726987007266624;-1.54748633035034;0.250647951020323;4.11878405191344;-0.797035444363458;2.47974191859325;3.0108241099293;2.12560851341927;-0.698984562887432;-0.709754822480847;0.667711050662692;0.337593920604141;0.443861056165195;0.671198883120154;-3.23333846185004;-2.56068884125316;-2.51154346614054;0.917151568823328;2.41660324660513;0.843980219871648;0.045353902054433;-0.259749649964093;2.9020397110481;0.26291564924771;2.29408470973905;0.444396591899454;1.82827578983503;0.696102901664043;2.89081355310017
-0.544264464177779;0.641916592748767;-1.97815541962358;-2.52494849909287;0.74394817541152;1.98223168160889;3.05914313536101;2.0010272172934;2.37322527368024;0.976198209862544;1.89373595536699;2.274891813014;0.791244088370195;0.905555735412966;0.485607037019375;-1.02142996491808;1.64983177000444;0.91046852244126;-1.25534175609733;0.532176740060567;-0.279161890900174;-0.561761228533585;-1.81407505241993;-1.66612573509476;-1.83171935010107;-0.575368501005457;0.317196537916509;0.90015685061235;-2.76653134924894;0.448723904427695;-0.216077895748073;-2.14158278792098;-2.45636421918633;-0.901163624627325;1.91974624914654;0.669633638217498;2.60494291750967;0.571704986133884;-0.10354424923347;1.50190201890706;1.23437498908045;1.15925025415385;0.594732723950454;1.85333748787335;1.28213704115252;1.58418426438331
-1.96188150170924;3.08090156241813;-1.97336515117936;-1.80113335381191;1.59406836353144;1.83587986177994;2.23106041550002;2.03394355566229;-1.40990080952085;3.14926663213442;0.839072525277153;1.34340884045616;0.982722624117766;0.413282681824671;2.31249145281922;-1.6061520298145;1.82335369260922;0.184453817110953;-0.450461342498041;-2.53788644946566;-0.172439885999111;-2.30089929735731;3.16905702910344;2.00090803374777;5.15218404750437;-1.80962972804546;-0.388559197443058;-0.347950407800357;-0.547007191011589;2.32970904509057;2.2860336262184;0.149531465400821;-0.0244180179779659;-2.23258092874301;6.98019247406615;-0.420968185004131;0.290102106321752;3.46514281281867;-2.15921199483126;0.130857639733714;-2.29568188375614;3.33205169290658;2.71681179267701;0.704978003149949;1.71320865221734;2.76495950159645
-2.54391241544668;3.35256061115536;-3.14500032929045;-0.548562430222748;1.92489313164732;2.85530858612527;4.00715051051624;2.71309670284886;-0.344216745371872;2.43820355663824;2.16976213580298;2.17918751910196;2.70739160581317;1.15390838033182;2.33968668517092;-0.832667338063603;2.5781033799843;2.21142689052418;-0.964439282825814;-1.7561164617839;1.66418410712306;-2.56352363568866;2.28613954175045;1.33453781940789;2.65267051930984;-2.09469515655082;2.18928117612608;-0.60954399484352;-0.193771404520043;2.01553293025177;2.04337936049496;-1.64370385999246;-1.99551811079649;-2.44631625089109;3.448923061488;0.799362723144762;2.14509955289537;2.61405828179552;-2.1598301599814;0.421137454275982;-1.02764010143581;2.80342665879526;3.79911208254263;2.27169288240726;2.06307738526778;1.29599282830893
1.36091916592387;-0.132851256919719;-0.779479266007589;-3.34057980560974;0.21390433199255;1.65390719489825;0.981933297019587;-0.922683767725709;-2.2993571962357;1.00228522937715;-0.851757576378944;-0.701079536776753;-0.732111325227158;0.169662056919539;-1.59802521855313;-2.07285452437907;0.522201369503181;0.854439127964645;-1.06168143424738;-2.88473004695506;0.290225263347433;0.859521364543567;1.57104711322682;1.36059647973799;1.66029063930639;-0.505526800244885;0.022104205085103;0.369196443492364;0.267688917508208;0.383288876308765;0.375540402945442;-0.970922575582137;-0.159879760189408;-0.354665922600275;2.54190410117621;1.15405849177459;-0.798624937634539;0.513549598980307;-0.246804928821319;1.4353407576354;-2.6845132554993;0.541001093765565;-0.282736379427094;1.34800810166001;-0.315154600879012;1.59988259979336
-2.47385653629448;3.1364946576579;-3.91444113190863;-1.27404178874308;0.992065105376287;1.60170188074299;3.91543222248145;1.41072133909406;0.391085573321113;3.38712225713774;2.71975358976197;-1.28923135829978;1.53417072323196;0.901442254843175;1.58849861028355;-0.795208137730063;2.1851999148744;1.49426970803555;-1.27781908791755;-2.33839766926199;0.910461698749782;-2.38180230916294;3.14242294949141;1.84964040758102;3.41246768054988;-2.868225135208;1.25963964027195;-1.17054857045854;-1.44104967061516;2.2755438846997;2.63549156568406;0.103788400621793;0.267006623614411;-0.727860729185964;4.92580972540495;0.0471183150003149;2.88643523303361;2.62456219499017;-2.72228798539564;1.07378681310289;-1.23018641540628;2.87115693875794;3.14547281991692;-0.0701585058597518;2.45948338266976;3.20914952512333
-0.292598379494057;0.734453858581447;0.0163283276217896;-1.54556754978052;0.682805767473608;2.95840303752514;1.32188234120344;2.59031319627563;0.406140100006478;0.131128076840902;0.88729243724153;0.969283036182125;0.165444659746476;1.10958166241583;1.04082206271814;-0.529556715171539;0.529663099333288;0.447101091576549;-1.80544334811843;-1.66720488195588;2.315131785715;-0.683598462522223;0.269663240403409;0.424055350804306;0.165229222666062;-1.56277726076676;-0.624366601125153;-0.0586154360195353;-2.38514000091467;0.43705016920118;-0.235637973053473;-1.43920401689479;-1.14720143214615;-1.17692413567357;1.13781836334587;1.28348306961347;0.566500810223848;-0.286420195403703;-0.492292550050427;1.42052014524129;-0.719170042407146;1.86975720856418;0.40266385518545;1.37964508827933;-0.116702386112336;0.131103706906681
-4.2665403271709;5.3990581070311;-4.13178981012881;0.012664826594291;2.33155782350033;1.73025799737182;5.06138957866991;3.14253804187718;-0.0870562176174654;0.715014559428088;2.71277531522639;-0.297693141045969;3.99181609497015;-0.607981770229741;3.80070960350618;0.278285711698676;3.87792900974944;3.87652752497311;0.242838030345123;-2.38541643642022;-2.19195096555919;-3.95857399942092;2.49263215287854;0.949994917094645;3.34396467085441;-1.0094693284911;3.86191213889198;-0.95556199795092;-1.26077657633923;0.36266367942606;0.142390029869384;1.11327545212734;-0.0162672714609555;-2.36128247523608;0.0715661583363016;-1.81540763832399;3.46876838105941;0.731435867379185;-0.596988132785941;-1.55346805717834;-1.83656737992479;4.30410012789632;6.12012547763801;-1.51798111479501;3.80775024014527;1.48156529758281
-1.24205929481752;0.881170643417132;-0.29799539929006;-1.91135384873428;0.624593492421368;-0.011887806217501;-0.292494527847406;2.25422723002494;-0.60881438544027;1.02088677216982;-1.41537633484106;2.65684357173391;-1.74388790353392;0.54888653235095;1.83362501052702;-2.06235720236856;0.258086038649699;-0.132401617260164;-2.21488504201949;-1.54297115308344;1.03312026634415;-1.51435862542304;-0.0326111250209102;-0.248549053451366;-0.682799860591298;-1.46796382906721;-1.00713535285134;-0.104250147402991;-3.16418798615416;0.582477203184541;0.371615120140134;-0.998244794194931;-0.78850398352175;-1.28016265763383;1.08574617441531;0.126252475555535;-1.25054887038533;0.888951573173455;-1.09966714956653;0.636682914386296;-1.32853542723528;1.50192913042752;1.15357729203102;-0.0618032660993842;-0.817796540041782;0.784615069046986
-2.87430671234516;4.00634580740803;-3.18552716789444;-1.09798928056378;1.79979571339058;1.91483995391;3.10463743791864;2.50708204088962;-0.20701416901924;2.27744516780791;1.17650058889226;0.679253397204715;1.11634451855753;-0.324527717508573;3.33001254261426;-0.895936980476505;1.14501025144279;1.50927440607421;-2.47890040719342;-1.18741942559021;-1.44576964490072;-3.16542938159036;3.09336057331207;1.83428107692609;3.11069200099484;-2.2186178201223;0.701117685799869;-2.0688827177738;-0.626865472768859;1.41871324075587;2.43862013132514;-0.146132962763283;-0.81233756716731;-2.25187254863084;4.19717693631339;-1.28374219337132;0.727759343715561;2.99060794069828;-1.98201657667376;-0.346517321963792;-0.588714749562436;3.96375624032899;4.08825509288352;0.348862710559384;1.40586790108586;2.411835555338
-2.0639439182067;3.29582582514129;-2.50411388148926;-1.73086340752179;1.87911845183514;1.8361304025904;2.92454645083018;2.15635980700967;0.569077108024753;0.111368560890479;2.4997548623341;0.0992644008492203;2.74457698527143;1.04993447025665;1.45177395960243;0.00406611344635055;2.74329639830978;4.34846350079692;-1.05376786529189;-0.808376317882855;1.13411743950388;-2.57122255031826;-1.22417926998229;-1.89915588459437;-1.21769952842075;-0.575617303519193;3.16046755383615;0.603296210291607;-5.25872933072143;0.540624650016017;-0.121532077443531;-0.938878517216155;-0.540190964354581;-2.11092987467912;1.49420421723361;0.887028644280072;2.91338467623756;1.13962934286041;-0.495991885476046;1.14624939191906;-0.0432390622995975;2.93646821064284;3.26619669374562;0.429686765648128;2.4029027058276;1.49369751894894
-3.36992203979665;4.58709855651791;-5.06247174129346;-1.97907391719147;2.29766458651639;3.16381148252891;5.64631099836064;2.95608703890974;0.479577330779622;3.3841943602811;3.22403316144509;0.985133833997991;3.8306352978308;1.92917526745315;2.24496115441887;-0.920212769614579;3.82212401592361;3.05808560493676;-0.601312748940805;-0.951983483498139;2.34922641919411;-3.38957126066995;-0.151554325525189;-1.52671912661171;0.84142674932627;-2.24038276292363;3.04496479271605;-1.88478514951541;-2.62383311684082;2.29180342959455;2.43205133955558;-1.41138613588733;-1.79377746370584;-2.67290372446713;5.70177813454614;1.17303516835938;4.520849124699;2.69960790614879;-2.25173799884123;2.28231291701677;-0.224913058260497;2.7340651269698;4.8943094059673;1.84601488162914;4.06137084119126;1.22824231297751
-1.05933102344759;2.67410172693794;-2.74373518647595;-0.853791766501439;1.44975743980448;-0.0170249653783836;3.39083523575649;1.51367246246849;-1.15056695064672;1.46946200565725;1.56693082084153;3.72399388382587;2.17320697594153;0.182462596329256;1.3727493665972;-1.13187716910855;2.17053723278898;2.55087714485316;-2.51848881256541;-2.32951679740283;0.528392069275121;-1.71406339396363;0.537263287136974;-0.344140516903648;0.477693620634017;-1.45198578827405;2.39861925327809;-0.19207423804564;-2.09582983025924;1.06108573512057;-0.0302143049282972;-1.92393660215962;-0.042034423912517;-1.91739988004748;2.84528781640199;-0.493338620931543;2.71167670099016;1.35480922922155;-1.35068816675448;0.122888705795709;-1.69510678364805;2.3334983530095;3.09104567424436;1.98957330486845;2.03776581238742;0.873943826570443
-1.05572596375556;0.734497731695286;-1.48793487898445;-1.17568598919134;0.00132593789079438;2.55405578295152;2.68946052086873;0.876374905331017;-0.745233808484888;0.523457502216853;1.291136641251;1.12679919210111;0.410171549387327;1.20036255554157;0.575621195349511;-0.66461880018756;1.20035238850437;0.826692676435154;-1.16405074131383;-3.99171624615849;2.32602242509737;-1.29186485154621;1.78260681829772;1.95301968207346;1.37308419931266;0.302073888676675;0.84607266011487;-0.0644765309604582;0.186091062003453;-0.0577620498583728;-0.492743690868323;-1.07722933421911;0.102946805116348;-0.531342652582608;2.0950764150072;1.27359186167962;0.692113418444623;0.772277859751242;0.181733033291111;0.0477869091250097;-2.82026937866574;0.567015353438259;0.304382973334036;2.19283205242495;1.05200482382628;4.57205192091294
-1.49513596059797;1.09355833482968;-1.32644810115353;-1.35721620304195;0.760047709995541;0.212669530621878;1.90011342126977;0.666262306166792;0.687415979578848;1.1523569735125;0.48944131826532;1.91320591042032;1.1466260943437;2.6916903306701;0.574348960708149;-1.80526936979982;0.672373875261075;1.60266530387692;-2.80212043794643;-1.34067675716668;4.21519875747759;-1.9454914817442;3.36859793074439;3.40919438275317;3.38428607797197;-0.526681835072834;1.28972643593234;-0.809901998249653;-2.02411102351724;0.595772869857524;0.0158916038105353;-1.9483293892873;-2.05105460449408;-1.22651495405194;1.34783582189024;2.95452011634561;0.469686759713945;1.192402712539;-0.434812015821361;1.97637537015155;-0.675340651645296;2.18306181155548;1.23766751199115;2.36444910477413;0.466792086543893;-0.298958765475651
-1.79924337413915;2.9990352871455;-3.11522444343528;-1.49356414678982;2.16828800213916;1.43675966860741;3.72537600193118;2.29256234165353;-0.283794953515394;0.801219892291856;3.02445001835241;2.02038618059581;2.67342646592787;2.28745248205501;2.09181952110443;-2.80452891394363;2.98186020702669;2.71669892809289;-0.203138389317555;-2.61039483750326;2.96552655271218;-2.25536179689625;-0.00532958601808786;-0.0155796622875887;0.558217282812951;0.252593455930706;2.5135942928545;-0.173432842346647;-3.50613876955874;-0.500246172611089;-0.203128313027196;-2.18742792282695;-3.53923697270759;-1.70048770992324;2.78398225405816;2.18607919969245;3.92881272615917;1.12587551019805;0.386060828438914;1.38869813107351;-1.42594791917102;2.68319953001379;3.18872495419905;1.9044739036846;3.16773047423093;-0.69093171178585
-2.38734892987307;1.96963467854435;-2.38011047714997;-2.47012796690756;1.25584122661636;1.18416570772598;3.64235007492222;2.1016265403638;-0.528916301286198;1.49924139633047;3.01541558996471;2.34349823862424;2.07467469093783;2.32535387537788;2.03002977705733;-0.8586731476726;1.5556707556146;2.00352045877812;-2.53000085170526;-1.77959762503775;3.25669269067658;-2.36614689490231;-0.630066596197179;-0.565937303865436;-1.0848358517059;-1.1698333934587;1.67534256173197;-0.415329192577862;-2.83657013184199;0.565322384928517;0.847883822720344;-3.07704389098362;-2.65901247850384;-1.7861949176938;2.99896413456958;2.05901378869885;3.06815440160712;1.63869757612206;-1.2606370472054;2.05037121419307;-1.18851475724316;3.45092501756746;1.88263293231742;1.89280986106832;2.1262012067516;3.48045310043901
-3.16214171116984;4.01735089143814;-4.3082496842565;-1.44615255837269;2.70485050075576;0.958563181553401;5.37268774352889;2.91026478004393;0.892842194402908;2.05650040931475;3.46885969915807;0.618543369552262;3.62821980177365;0.968637915663509;3.91312864557628;-1.26868355280303;3.2018000649272;2.83311507983381;-2.06014777062166;-1.04432590930791;0.672754271056258;-3.62184961510239;3.0018594499687;1.95122950831623;2.82290421160405;-1.28535251765204;2.77295325578657;-1.44554192461178;-0.568810059150977;0.315701231916607;0.860891812358529;-0.755734423928564;-1.28246146701219;-3.03307548363095;3.36015723169105;-0.357157717180021;3.97319238542809;1.76283694383844;-1.09498492035144;0.733618634467544;-0.124249999176784;3.0497666706453;4.64473690830531;0.115885438172905;3.34435522695814;4.33861703601848
-3.01308651098152;2.98524638785594;-2.88022165650767;-1.43796287104599;1.80590190483126;3.68975412002397;2.09913817232458;1.51575646998197;0.0959986817316077;3.42717201662047;1.32984354783332;0.0486684237362713;0.76391714277464;2.14101181576543;1.93676992982322;-1.34898232511231;1.4781080141759;0.385210098680607;-0.697067607401179;-2.88269246749447;3.83883052226234;-2.79852768294474;3.64868870107557;2.95996047244463;3.89735203323956;-2.2962279670482;-0.218294518973153;-2.84312488173046;-2.12256957240099;3.26264533945038;3.20450975110505;-1.413775577244;-2.18989519005911;-1.60748111928187;7.44614492464223;2.12906839233046;1.88697685954011;2.820164476336;-2.71002073996019;2.45958451430134;-1.99126860873457;1.32479671181513;3.27327794257447;1.25641243617836;1.47526826031579;1.72003047597505
-2.82508353800855;3.64033560846245;-3.16236389365627;-1.71019068964259;2.83408842513719;1.66388889516765;2.66239423540937;1.77340186275472;1.68413985199442;2.7842353309693;1.13754085943211;1.22538928940555;1.53753956419223;1.24098857136606;1.89363059121257;-1.28333565825345;2.35448272656779;1.56849654176161;-1.61784877376122;-1.19856211090279;2.06116662188714;-3.21955420583763;3.10772210869035;2.08816774507834;4.10953792439484;-0.973874389417496;1.01306745941793;-1.76213103246304;-0.912220234182672;1.79862718907949;1.64283190435608;-0.89362701510663;-0.359708112235791;-2.68741699007926;5.95350383849224;0.542694706483538;1.57077809294272;2.24998094603283;-1.74487005074236;-0.0545272282942461;-0.0961363707971294;2.70279457245909;4.21860095424295;-0.135641200521888;1.66554946660459;0.00424345062527423
-3.19890768048979;3.66294369333604;-3.54049438718861;-2.39476526715174;2.07680662236068;0.286999715897942;4.67009624756658;2.55542727862179;0.619706703199423;-0.87130860589168;3.25711138024456;1.32353295217054;2.96172755379434;1.68798218130063;1.09628461514704;-1.9101824015358;3.5050692684128;3.8932038753123;-1.68292351974499;-0.710981907757145;0.940112535732953;-3.24651983448844;2.72549670568864;2.70321135165032;2.97500404444705;0.382494438108714;3.85272790797795;1.0233716092943;-0.706797585227107;-1.58958543888156;-1.47663009182536;-1.81681453224473;-2.04403955633265;-1.90820492019861;-0.713029253899792;1.51801733308547;4.41328076046518;-0.122399913694107;0.648247871884362;1.54588487496817;-0.532091101489261;2.8662527874541;4.09388540119315;2.56987684799156;3.57772627201643;3.40246822670689
-1.2800135621175;3.17748529882043;-3.15413596632046;-2.8373716837743;1.55328128460433;-1.03585631847318;2.52255303784162;3.50121508582358;-1.38423874558067;0.573312319669823;1.73860940486427;1.22147683612628;3.13879134852795;1.1033487573495;3.16524978591359;-2.30251929602378;1.98547413274094;2.90491417625344;-2.16518284745802;-3.65291595238324;2.79293754260663;-1.47598386132797;0.347811994330587;0.0815471099791923;-0.120025554792858;0.349662982969098;2.81401030614765;-0.531388803294946;-2.03944316655886;0.331451084630415;-0.332862723916747;-1.77049977971386;-2.71856399340547;-2.37091022799801;1.41530861049258;0.130135149589326;1.61429597850591;1.03348867853242;-0.29479838851269;0.694636039877257;-2.34003856365138;3.49204905232023;3.13085608050083;0.52683460063004;2.11010455506944;1.86046634492472
-1.62027384731464;1.83944189143017;-2.54531432675437;-1.6866229310635;2.0384018946668;3.06776016189586;3.5196276677401;0.712573977787273;-0.298733023645696;1.16606969896304;3.09290013549181;2.5995952462895;2.46451828847433;0.932292612691721;1.55720136516117;-2.72362753889984;2.10092028839668;2.44794079186324;-1.27427093821348;-2.46519331264322;0.679934386125711;-1.86933366130228;4.52222573204348;4.17625047119697;5.45093084418492;-0.134836504785218;1.83473145005087;0.981778426440601;0.633172698148915;0.206389572423049;0.0859337439024935;-1.92216305047471;-1.82321996145245;-2.14808352140234;2.4458625366141;1.03609603979582;3.32051714514978;0.804249621232215;-0.121818086603308;1.40018824473021;-1.50563034076265;2.84414340208258;2.41265618457213;2.3754193701302;2.54412700669933;-0.894188717178052
-0.324046649862147;0.594538837781781;-1.61149722541842;-3.66738537384216;1.57345823002159;3.48696957839665;1.36324588817507;2.69466969968951;1.67136809267081;2.46906259125045;-0.603143992774329;3.63108125036994;0.872544055092704;3.7622709939112;1.36303265998581;-3.68799355216492;0.285698360536234;1.45957888826587;-1.85813128136144;-0.122043496950088;4.91480779197166;-0.4221260191024;1.9880681754863;2.6116996043764;2.86015598176308;-2.20082340469647;0.692147680847144;-1.16164487114531;-0.240630986307713;1.69199064023658;2.48635250074743;-5.01074646235462;-4.10949001529715;-2.25348824750426;5.87121274711139;3.17117789707886;-0.614996662470256;1.77531801485051;-2.45182621716739;3.89463649157403;0.162322786806729;2.19568085775021;0.0122085240494947;4.48907409288594;0.2214019872284;2.05520177200971
-0.507463069195544;1.40502753853795;-1.515920327319;-1.46228415564324;0.290758219077442;1.35308805657755;2.64357861726164;2.4682626038403;-0.104020800998536;1.30521374141903;1.33319418686904;2.45959886482724;0.30968727048017;1.09377937176995;0.749736089007272;-2.48728111244553;1.43335349048449;0.470193444413612;-0.838714145718898;-2.0820370624298;1.94642621013581;-0.576881561801494;2.42831613738831;2.38993131882027;3.2232973357412;-2.270731831764;-0.509253297504445;-1.3424066157976;-1.73026323875125;1.45075500261865;2.06381379671556;-1.43391584091326;-1.44906496772842;-1.04467900178601;3.33059928617267;0.505024213230518;2.17359533154177;1.02512122345673;-1.73197167080714;0.701779286589583;-1.41638633620068;2.40256369553994;1.3754051122168;-0.297772786631875;0.971045879120887;1.83591196820931
-0.203478381262132;0.90910630493477;-0.260405377844536;-2.03087554540315;0.423194734919752;2.4389764408916;-0.292682223289307;1.91712663501442;-1.18108378709652;2.30269623191972;-0.288362608502274;0.167440921540837;0.149904978210126;1.11673760015566;1.24831231928766;-0.40017296886394;0.165456027245217;-1.27619400287086;-2.24477154604643;-2.32314250458436;2.41452616717282;-0.360838418669029;-1.46314044575978;-2.07530561719176;-0.417367248593225;-1.17704208573742;-1.07595339576616;-1.83510909797331;-2.71144501214184;2.10865473300882;2.81528461964458;-1.19593826597176;-1.08844852570237;-0.658523972100139;5.72208567913616;0.197913283122095;-0.490071285661409;1.71283706744609;-1.73249454883993;0.458903145767379;-2.56554329750914;2.12829625129419;0.375483650168514;0.716179034726856;-0.426409170143685;2.50038066398125
-4.02985886178846;3.76078240380872;-2.16729578782452;0.0439564064963858;1.73524437656932;2.97905285299798;3.08312226964653;2.40551979902546;0.94460159880137;2.91729886933569;0.811262495241766;-0.78148474855377;0.77984168085149;-0.245176956133331;2.87353504073471;-0.473704744285009;1.2425831555024;1.60373354161272;-1.88214487035455;-1.17232490067413;-0.798418249017948;-3.49422325744105;0.929305464490963;-0.494472451086097;2.13566411193762;-2.7723128572101;0.713187067242721;-1.58053680070787;-1.75058751636897;2.96784682201185;2.2415664906451;0.106572350927982;0.155052737184196;-2.16105907713103;4.71719027627541;-2.37623059184189;0.433130673498518;3.66561797010619;-2.51219391455346;-0.986109188753313;-0.497428824057456;3.14749341370691;4.46827266751142;0.337440903611012;0.644968071258431;4.02980045414331
-0.827501293808064;0.159069838896832;0.653636314841532;-1.68101550250462;0.00709509798370167;1.95383247678487;-0.714280180862362;-0.224623333932991;0.480841145008008;2.54921809732394;-1.05827296450385;1.29397165757111;-2.8380585098079;0.934003130833196;-0.713610875985431;-0.621846425644771;-1.31256095071269;-1.68184912262508;-2.44253143203732;-0.00842172254577295;0.592000492850848;-0.347939634909668;1.7891736483924;1.58906967259785;2.64335335661132;-3.13953780149757;-2.28184187182034;-2.05353359841528;-1.67069909956724;2.58478582557929;3.22041877122689;-0.737046387493257;-1.16226488156441;-0.0982507795600771;4.20252271362136;1.36075260227172;-1.75786079219564;2.60130663645694;-2.89445344375991;0.245978945812034;0.169888725743231;0.408691209435585;-0.56021342597341;0.363060364967759;-2.09784283072127;0.385465543776057
-2.2448171979724;3.39011864745625;-2.49625369240713;-1.79599229211847;2.5003973045546;1.10872760813674;3.10030049539578;2.22588375806653;1.33453455580648;3.30248118849107;1.21128270997347;0.753829078349147;1.56925578936057;2.1291453229864;1.86524272112901;-0.775634239005358;1.26984348469298;2.34035411857211;-3.03738133978176;-1.14699626632884;2.77891241845051;-2.10337875202574;3.3284387616713;2.70979490567524;3.07558129155794;-2.86216874715018;1.553386559235;-1.5239522422726;-0.520546067101916;1.71813923016922;2.86855581045794;-1.94218678835641;-3.29514499536712;-2.89536584786294;5.49210711374656;1.59524373512544;0.869890964544135;3.32756962276128;-2.34106182825263;2.27204221387295;-0.438309974794907;3.44929100816286;3.64269779190892;0.785425716086275;1.39289724053036;0.742471637516184
-4.4277754276965;3.87354177271818;-3.78984661994786;-2.50261846593476;2.0816652303174;0.292420493650353;4.92300087457855;1.35687530037379;-1.34109778261396;1.25840335352618;2.23761998193836;0.258071243811085;3.49087644128659;2.04255137393649;2.17422177570444;-2.57434796730749;3.60770946134271;3.73849561712856;-3.11625154056583;-3.29063406133843;1.6386173435716;-3.9475846180793;-2.40222860210404;-3.42002563414827;-1.5916153164116;-1.64343217450118;2.97173582882264;-0.99863334895898;-3.99428635263843;1.84387033079367;0.575442701734384;-1.23278125282805;-0.996465684044438;-2.07148948373795;3.34783628394429;1.36639344520243;3.37959280164411;1.27431491210319;-0.88493722501265;2.05099596226089;-2.6878629098801;5.60717319048652;4.46774688911026;1.25327577302549;3.1470660980362;1.45556263166587
-2.69397950496579;3.78902046842014;-3.90848284396905;-1.50916407527613;1.70102845239092;2.12382918914486;4.76817879280843;2.53568529145589;-0.249821784479232;3.20306156596629;2.70421320976067;0.118738516193417;3.81530251582334;0.948251617651544;3.01642320920609;-0.978295107974827;3.23020728676502;3.30471252315908;0.760484339227772;-2.10130072007457;1.55972123668307;-2.56420239513004;1.8758231547003;0.115200744145806;2.76385944946475;-1.27074583011724;2.43034484508851;-1.49589988501657;-2.01060994623374;1.11461714734297;1.39278601996441;-0.88022820773233;-0.512704811176259;-2.48863698178685;5.81175589629112;0.0124439060145374;3.25564085798943;3.41201976436247;-1.43311391986293;0.369289083594562;-1.32683688223265;2.85548584645272;4.23448825578003;0.105881390119428;3.19960226958651;0.821859258832862
-1.01409593095064;0.436338603403429;-0.403231925173486;-2.8039062129164;0.665362161518956;0.999649455325228;0.664334975534809;3.38649229078128;0.490850323195269;3.40495470154133;-0.487592893622442;2.50440823522089;-0.127161918372281;2.10377545453064;1.509158108758;-1.799544788046;0.85998906230458;-0.268542035788548;-2.32390040700486;-2.46673913484354;1.61785309425569;-0.76059952454792;0.239953751817522;0.352568443426967;-0.00062882792273608;-0.906272974639789;-0.397711388101903;-0.948867480019775;-2.42887899165878;1.7597234593299;1.38563752948556;-2.15979510765741;-3.1551629515281;-1.36871565422446;4.86576326326795;1.70511362564827;0.660548067186736;3.06665022278026;-1.26779744530515;1.94426845223701;-1.47885686248004;1.60300703828381;0.525876818371095;1.33932544616789;-0.0275858079034071;3.28005951987231
-2.93252227569958;3.24683531757113;-2.1652416788905;-0.957714000877884;0.810888547211238;1.89999074994517;2.77248822542577;2.97478150269631;1.20622075677886;2.11138267740525;1.58815850037003;0.952947084289811;0.942482825703436;0.892992502523418;1.53425897242279;-1.00694589615809;2.00473921528144;2.55953964367566;-0.487413258959564;-1.02853903712026;0.877371810173911;-2.60671426050228;0.0457649420207709;-0.861598610553643;0.363072728473774;-2.00286588515743;1.5434268837248;-1.85477729185281;-2.93871826064146;1.4322549657716;2.02513809761914;0.0381010287384799;0.658007648170851;-1.41121230518286;3.91525070346765;0.12749934603316;2.10109694452291;2.91575024140191;-1.40541521127976;1.10054592436062;-0.0253044558703062;1.46965481750036;3.24458044828691;0.0226650020281848;1.83040552419115;2.70067350792486
-1.98282597094959;2.29664044097424;-2.59284834278011;-1.59587315549026;1.65706103876416;2.55035325388251;3.35114396232634;0.440117953420037;1.49038440475956;2.01567406962824;1.15875677416592;1.40507130237491;1.19142087717806;1.67494491033166;2.01222972339975;-1.57544189625022;1.61899948524613;1.83784891264371;-2.49400495061037;-0.530895026265305;1.1245536552424;-2.0819530178616;0.171788123209532;-0.426040829017329;0.159485199287636;-1.30256286283357;1.13230998879967;-0.968035442937453;-1.9645034259982;1.70784018434981;2.43896650965743;-1.91491384117017;-2.10303027820941;-1.52578766197339;3.88006253589277;1.73783932335701;0.81460230613507;1.23456152618895;-1.43379563935229;1.66399320823934;0.13255394205398;2.42487777496274;2.36137548135123;1.48160458191317;1.38311451260941;0.361775237813946
-0.0941117380615966;1.20240004561388;-0.761048870296227;-1.20200224048764;1.06362240568883;0.608537519378663;0.876743579946296;3.60607598066394;-2.19983970708505;3.74003630302055;-0.471831754487809;0.602582532678061;-1.29058334460424;0.949729332099016;1.78747461969331;-0.713010821386126;0.140968658991443;-0.7547742455489;-0.588677438571112;-4.40211157650863;1.67066174295979;-0.195414308148801;1.56832851441609;0.558644685909964;1.73689379193931;-2.17560283590736;-0.521196014515769;-2.11758457503322;-3.18477362761026;2.70699253550088;3.62357571424641;-0.722008557222548;-2.5190942780656;-1.64045545430917;6.44043237328255;0.486968897277723;-0.714034311191554;3.37983643172062;-2.47920803045042;0.65301118606191;-3.42002185700716;1.17329756896776;0.467470496729809;0.136350546426389;-0.330418272115841;1.09046366135056
-1.59759839492204;1.06669354795542;-1.07713221692884;-1.47441083844478;0.962160909006351;2.96121157124493;1.07240289731045;1.56336328622914;0.154551052582975;3.49075316562169;0.247047496516294;1.59287345988188;0.774042478220114;0.876278959489183;1.45268374143056;-1.80393223432416;1.00378004044526;2.4407234673047;-1.64152551977881;-0.77415267201785;0.50788429671449;-1.39398787861386;0.791017646269994;-0.221370895815983;1.00464382979049;-2.06377000375607;1.66329172615756;-1.09283594402026;-0.502679345452886;2.29165015653213;2.02706200722568;-1.65348781356503;-2.09282220579814;-1.23284428667389;5.78286978946592;1.04806320472333;0.58149302899287;2.30793970888474;-2.07693354446267;0.608765443682406;-0.376020625314722;2.80389254276546;0.810151072476596;1.15917286498862;0.446291240062443;2.11162087344161
-2.59821087484601;4.26599466549272;-4.68622349139452;-2.58623101421603;2.59219548531026;3.00049520230373;6.17018855865301;3.67184185127441;1.91142986105112;2.01294751721054;3.3482563203546;2.27844949807797;3.40790030097747;0.326843058997446;3.0131131600914;-2.23862641160366;3.3872761590945;2.81043938640074;-1.60203430235074;-1.02820406060657;0.00251879873526119;-1.99976961004923;1.92317865043624;1.19929217863814;2.63734087214071;-1.05185893861125;2.46612345281373;0.186552215881207;-2.61072502048088;1.25734790492809;2.37837938027443;-1.13723752036684;-1.32504109914131;-2.94517076115053;3.47237885709376;-0.591633572962637;4.56960165774644;2.57848934598059;-1.19802397223552;0.982499694480814;-0.375183654803512;3.34445085674688;4.67057352622422;2.70142926761017;3.88624742430259;2.03313762179268
1.26485395551053;-0.132029191447317;-0.297026253702184;-2.10915412101677;-0.120624790793742;2.38456202980534;-0.363246309808095;0.00473228223564259;-0.338233073863232;3.27175340425581;0.225900757849487;-0.686183939345714;-1.86616422139067;0.462613194539257;-2.16530259633608;-1.65149823655851;-0.220563831642924;-0.472926896505393;0.153833046023795;-1.94462661276255;0.0294345826294609;1.20096967355486;0.721905917784655;0.506146955272155;1.1165557016679;-2.21976544210732;-1.4218914885241;-1.20771822879475;-2.2016796582006;2.17739781893893;3.1379951604208;-0.134658147587241;-1.17697184899569;0.152654137251803;5.49619770318217;0.466898585383056;0.251632039323112;3.1136533893808;-2.13469238067921;0.52279301346458;-1.47544138507777;0.271532928866765;-0.207474588095174;0.65774093453421;-1.22676845252653;2.26183383441244
-3.92851873311729;3.35325319233333;-3.71990004435571;-2.01411644630594;1.95836412021898;2.10045600192126;4.94701349237765;1.21515894076291;-2.08741876749039;0.568668981101607;2.55013579256073;-0.0926993496283038;2.84540389697299;1.02258124402695;1.1239713151711;-0.857600678658708;3.13566040325672;3.58447465966448;-0.54116970086882;-3.29883526387345;1.97755843852794;-3.68577166193855;3.99265760819387;4.02929291714317;3.19221029805967;-1.03979727429211;3.21244084944695;-1.15226061864374;1.61941167367019;1.51019620298093;1.10689421392398;-0.701416696727797;-1.0445204526262;-2.22597894682676;0.242938249812775;0.419579040563035;4.00329661974837;0.793218208272261;-1.08257334757146;1.52463787961797;-2.62426673309862;2.73988585236781;4.40933946349251;0.703329654703079;2.98597154015381;2.01666441287274
-0.427572985279475;0.679771391669118;-0.666098599883778;-1.43439979822722;0.736915518799191;-0.51282091701789;1.97976740334579;2.17886645399896;4.35177258717252;1.70045398267827;-1.30323795558756;0.280431239473335;0.507652794012379;1.0164980060073;2.94441519926048;-1.34571021826443;0.00354480578479795;0.703419939907246;-1.88696871394478;1.4011120249139;0.908700392136755;-0.260078477182768;-2.10755991701214;-2.64515312935352;-1.50762908777971;-1.21479431846718;0.0218607949423797;0.278207462196477;-2.37514009349953;-0.0962054295323196;0.481790869094718;-1.96965210565037;-2.03890690510343;-1.57084882605868;3.9307037749687;0.0127371115976682;-1.74989777465026;1.44224303457559;-0.38839161800992;1.10809452946865;2.1383776034829;2.6578100518162;0.123202014209112;2.73034835903222;0.0351527332432725;-2.33898505403148
-2.54318210574075;3.77737397943373;-4.47612918930612;-2.16432308637157;2.74092127259654;2.33598022036441;5.02917552678126;2.72781349950202;-1.32548445717385;1.43054065665508;3.65368370558294;1.7426010233059;2.75535906521904;1.41226052897507;1.50889674503063;-1.58891169717509;2.89505410827387;3.55193339891709;-0.989944795922574;-3.24409035749743;0.234281344994789;-2.40835357228975;0.135052059400311;-0.0273699386609113;-0.208539671410396;-1.35950013330415;3.45819642185633;-0.995474677762607;-1.83122632316508;1.50254112594987;1.53261173252027;-1.93118345958532;-1.85739490361509;-2.78176349692003;1.75758655786219;0.295586277863219;4.78144889057606;1.18686887609207;-1.53259812215259;1.4065873722234;-2.60941667727242;2.37658087959827;4.32597805744805;1.25226725542598;3.38514603101099;2.23807592600337
0.821503184883022;0.834005000111391;-0.620647188727174;-0.685170084895731;-0.4081581418321;2.6587574733795;0.821343163555124;1.71374701067021;-0.77754275629697;2.9222463630526;0.210602985317266;-1.32957366293188;-1.0119406178535;1.50133108085938;1.35515084647618;-1.3930457915982;-0.227644826384796;0.358439974871228;-2.10315099926945;-4.23618321199338;2.05859986540051;0.54682546648827;0.0817919861274038;0.125213979382926;1.03705082860792;-1.30593311743061;-0.211236117189916;-1.09547449845113;-2.37268049210382;1.41196775235382;2.14759048585901;-0.0798808388763765;-1.61222511004075;-0.631382656238994;4.73841291672734;0.392848142077934;-0.103267787008116;2.43581279079639;-1.496996750007;0.375073395235273;-3.02146164528381;2.09553632318612;0.31453653214782;-0.75745086488131;-0.463796631585069;2.37595187848818
1.30085977798762;0.443171852174219;1.02133643876956;-0.897592854200139;0.436542243701953;1.68488674924542;-1.27689512907048;1.14775451524202;-0.728985466156944;1.20254483007187;-1.37893531963375;1.8738704890269;-2.34505842929791;1.45270787847702;-1.49221350563227;-0.894601471891489;-1.25425757204793;-1.87638316710252;-0.612965707828543;-1.83862940427699;2.60710894725377;0.724837824128349;4.07996053770431;4.75577616690414;3.67799740186781;-1.61118066715586;-2.22804423818401;0.135768522759853;-0.00336989962432455;0.810067579293273;1.33133099026327;-1.64543497735788;-1.53566343942081;-0.500096937393387;1.1459552966855;2.06861167187653;-1.6557620934982;0.555216631344191;-1.26463769854696;1.65891636929937;-1.22014903215617;-0.174705641475275;-0.204229697721704;1.88714144303014;-2.10864361145248;1.08914240723622
-2.95712768945989;5.25618850225032;-5.81413504829212;-1.01291968388412;2.57500456907052;1.72411446603185;6.26255280919405;2.18580794927441;-0.698871694235541;2.16171004277603;5.2838044470344;0.48778989711787;5.78568493835971;0.311699345179489;2.51605043663976;-1.19754062524137;4.93231185127235;5.78831018706052;-0.592791740355445;-0.547638239662295;-0.634356102827051;-3.14717108053782;0.351111352231576;-1.12806631352284;1.421167042391;-2.13219888681981;5.80024207639178;-1.39274595277303;-2.15730181406644;1.60901856877918;2.97601150239868;-0.30473143197843;-1.27942560548729;-2.5790599423316;4.38616737452804;-1.05528360493074;6.910646254266;2.13866439833581;-2.1948488724523;-0.518981994143604;-0.487938812786263;2.59038298338075;5.31997025390172;0.360332763747668;5.45743310624896;1.64551343224688
-1.26654886232043;1.20015623777344;-1.02020754416582;-1.71635081183935;0.644675696629827;2.82834708289541;1.07762160777717;0.707435993218861;-1.03742217922758;2.00219659498016;1.0099855614233;2.52931464288547;0.920869441002589;1.48690717173588;-0.203586644227824;-2.29154066048547;1.7465645773769;1.19113021826693;-1.78733377545857;-2.28214748022847;1.98268419048382;-1.09374454461634;0.769153145567123;0.720743785388875;1.65698928694106;-1.34061039183936;0.623585241514388;-1.05428631809497;-1.11417533779082;1.84867079616177;1.36287466098237;-1.72390589061865;-1.63518254068574;-0.777694482587439;3.82025354880647;1.49579248997412;0.97386538123904;1.91755710967795;-1.75452089287787;1.76440681854083;-1.77721345157276;1.47454582424714;1.08501085807594;2.38311514719279;0.744600603134342;2.96825575846542
0.112114723329113;0.812847238231505;-1.48097025918458;-0.377623092162711;0.194454558884846;0.382816568343908;2.66286613446348;0.79656589773585;1.27524938075351;2.41447868792829;0.99274020323412;0.630917335551363;0.943068385338656;0.447934475164637;0.188893364055709;0.480052177189451;0.874353837642729;1.58892963509348;-0.30841186969526;0.193872161148422;-0.0485460194377677;-0.649530784787963;3.42724876472298;2.38477488465841;4.47674365107631;-2.37554433781272;0.253433352339975;-1.35975451166327;-1.24785456006006;1.57276152174423;1.72614061951089;0.214871117813698;-0.355172025340408;-0.0259043136401293;4.48249125200643;-0.0124759884221095;1.39966156086516;1.72688702380196;-1.62167199859682;0.957144833141786;0.51947619696044;0.850805420320762;0.630217844529995;-0.316794990046455;0.418129486571252;2.60791721081026
-0.117804454753751;0.874837139356041;-1.09336008870667;-2.10167455358081;1.17769592363282;-0.62746470116703;1.08707855912321;-0.314794267141245;-0.0173231784084865;1.78421193575252;-0.273038972469891;1.96948164850528;0.177930234746075;1.95908212019468;0.450727708402676;-2.05856986296396;0.752741184172192;0.314195336056416;-0.963900044697954;-1.14004043748571;3.45789681631556;-0.4451220467584;0.307109070538192;-0.00771139283113625;0.558489005269485;-1.57266069261085;-0.532378943877796;-1.14610486944805;-1.94555227226543;1.93811277428247;0.749294177590416;-2.6102552250913;-2.93374269855582;-1.42318142591445;3.28102373162595;1.35882690396089;-0.364221486705858;1.94179753188446;-1.70670089039575;1.90212999631602;-0.760124718735398;0.488577317969688;0.39215465805229;1.43575474640284;-0.00966566523739099;2.23986721816851
-3.54351152073381;4.70596130642794;-3.67141539413674;-2.57937779384731;3.1391619097546;1.60677231141962;5.50017037032899;1.67728259785879;-0.556932842247148;1.89471811399912;2.18432933254302;0.573112169205328;3.63461942018057;0.201592577155055;2.5565928546593;-1.67703204975619;2.87384844216168;3.20221884238339;-0.457622041942077;-4.01284340446264;-0.691408350292618;-3.75496966198478;0.826126518232272;-0.821148935817895;1.15893204333514;-1.02458637944023;2.42774000895462;-0.473659653603716;-4.44857052674358;1.21667535171312;1.43649858368498;-1.38815513044956;-1.22030426796296;-3.07582349719805;3.53855580206498;-0.543826341701561;2.28855985127103;1.50443260083173;-1.28684126320525;0.649750067040026;-2.50274486263964;3.24271075481942;5.46632948630746;1.23787370672751;3.08480645906388;0.253924481441801
1.13715636251783;-0.384353085220154;0.328259410158951;-2.57236160496525;-0.224842350301755;0.41394544502279;0.638896074764965;1.95222212138141;1.35170245588045;0.474384405855052;-0.54764262025983;2.07852732050206;-1.26933047081483;2.01822518515588;-0.298527453276041;-0.985683126977721;0.239917516604753;-1.14846564733927;-1.99155847129156;-0.717044932007376;2.83261884306533;0.640647760581835;0.995794286963612;1.33201238045774;1.79269991098204;-0.523899678957728;-2.43561261431108;0.722971336838878;-0.245186790890919;-0.240451229386112;0.154216593768729;-2.20889194982079;-1.2232987191626;-0.354876581185568;3.22447420574537;2.09049429257734;-1.30526893255769;0.317897485704541;-0.501879288381292;1.91380044290784;-0.284319461042454;1.47261369827182;-0.920937403792439;1.2712671547716;-0.398462190099663;2.1289929649996
-1.35176972477436;1.75421687283132;-2.40315426705922;-2.07110819608293;1.24860022256127;2.90337417746081;0.829251678480423;1.88461132972394;0.357947833280273;2.67134591621095;-0.0310764683605318;0.398519967874797;0.652168165037737;1.7355597852671;0.841347731974282;-1.27840259048101;0.712723203974777;1.43525437771636;-0.690673937079738;-1.81727385294259;1.79652483922261;-1.74074508933682;0.0567310220202499;-0.0241434384871812;0.0510929019918516;-2.92643203563089;0.809308317213619;-2.72801401372016;-1.03537770166195;2.56721055549078;2.4128504075433;-1.84723878193776;-1.67237566304132;-1.64329521161568;4.34837582107819;1.69031181306669;-0.0235780476769049;1.6264494961864;-2.48150975017224;1.70336930110396;-1.06215400531161;2.14632136894234;2.13474182483612;0.924991457157782;0.167122881595045;0.137983655265328
0.121530421939922;0.572419874820339;-2.42423621821677;-3.33078883140782;1.20681000946887;2.04088094952889;3.73380373506123;2.45610013637817;1.24949859050154;1.48004765028737;1.64190059615914;2.03235962575405;2.84906465232045;2.4191895227723;2.13151960600807;-2.12196829056176;2.41082696711774;2.55659580506974;-2.27998184458652;-0.476676804298449;3.64939021697838;-0.47363709618239;-0.745485187496117;-0.365687929087567;-0.517564672629242;-1.14655163089548;1.82917857031843;0.237155812850745;-1.23297879009616;0.181727828251416;1.08458332463408;-2.34053657730855;-1.15903763847097;-1.65393690953367;2.99953379669312;2.37708912908104;1.79330526544691;1.29390172842217;-0.644760853014197;1.80558862031489;-0.293260297252442;4.00947856496551;0.899945695402352;0.0368704615107613;2.37521301030161;0.814122524549896
-1.64057559333453;2.2823393366327;-1.55583376797717;-1.71344192622081;1.61153672808868;1.44119904004792;3.40391027016803;2.42272287814736;1.88489864491393;-0.116206200039846;2.11036507697587;1.23480542102998;1.53766797303922;2.12522079562548;3.83907392267273;-0.611557183740726;2.00792481412101;1.95591997399405;-1.56860000863714;1.1288322711079;2.87274016625291;-1.52026703077426;2.54387616355458;2.62463951918624;3.44712653404846;0.528856417032371;1.25286537588359;0.679480645277742;-0.923119094567485;-0.0489123214736023;-1.43954379318275;-1.23555732801199;-2.45421726249352;-1.77415606678277;0.496094871701879;1.18560185215617;1.45584111356234;-0.150908811840986;-0.177009666365366;1.58826018119698;1.17757592011216;3.3047469299134;2.51960097799426;0.632363694606219;1.66651015444236;-0.695947843239084
-1.9555544410026;2.025755429185;-2.6443137734137;-1.0777536917585;1.33807098977057;0.71428497512262;2.51207949231331;2.93346169290828;1.35228385586276;2.0576783780063;1.76890585013004;2.08250267899139;1.49341542947465;1.70042274410128;1.15948017793387;-2.47685065723511;1.83232297096862;2.55709293958249;-1.40078979187497;-0.804000017911572;2.1514903409036;-1.99459697209722;-0.912801300560206;-1.15323171922486;-0.351430398568683;-1.35747584861516;1.95121078491308;-0.405936094747838;-1.88755329411253;0.812334551678865;1.50827649400415;-1.89509583163748;-0.701561147157948;-1.89124048271362;3.55095742621157;1.72359726300527;2.36405713163852;1.46581487905696;-1.35065016967535;1.88994595583851;-0.37889311814029;1.66255448835342;2.24787812198231;0.825863450279098;1.68300999708466;1.73446773276983
-2.41339459097999;3.2134330434107;-1.69956200635812;0.327165625760182;1.55499437825126;2.87428317702329;3.21844562891846;3.52046750434815;0.166024143807345;3.9715126537623;2.20036155750039;0.156226690964675;1.39254289000735;0.278479769796447;1.43543679576971;0.144304652895659;1.69327753427685;1.14328927929778;-0.697717587891481;-2.74984216267239;0.394699618224135;-2.49753625458502;3.41460294069584;2.08423335088618;4.84258426372022;-1.38483706021494;1.07375821020407;-1.1925602626822;-1.35305720453617;2.35820924878218;2.1650996486459;0.832080856949241;-0.576288078057528;-1.59340993142221;8.40838742607353;0.12462079013284;2.15437982248052;3.23597691926302;-1.71940931671987;-0.871951919492098;-1.7811602177499;1.56377573874504;3.15043517727302;0.363259595106033;1.53933041288271;-1.82114555622625
-1.05416634745197;1.37054956591803;-0.565912190180884;-1.27592868076795;1.12756153825149;1.52462510744654;0.809657347355058;3.32801516485459;-1.09199075687057;2.22085920065288;-0.770584386555439;2.49882970587274;-0.0744776796771497;1.02785587176148;2.53187890907359;-2.80114583656625;0.847553994899987;0.944315419587579;-2.05093008356211;-3.93230200396804;1.0131609088613;-1.06710167131879;1.24818891221986;0.915328661234832;1.61892824871904;-0.745619394383459;0.80915402679413;0.191264215123136;-0.729480810722304;0.980674328867193;1.41079013628267;-1.8313066520952;-1.80368265322574;-1.8697454684393;3.59631013261703;-0.0550323562071876;-0.742039175147266;1.73922576489535;-1.30355297356823;1.2312488363514;-2.86199651354552;2.68321379317771;1.13377917673434;1.62636861888127;-0.244429871148141;2.2369080098381
0.831362196171383;0.848519184460948;-1.35870168028914;-2.25117831552343;0.200343745948019;0.802470406216958;0.919310511022704;-0.353178375264658;-1.19037573620261;2.86373655472272;0.40977843171078;0.768268336406326;-0.0400488913189583;0.824563272324113;-0.594366535719288;-1.50403460139686;0.628057187615537;-0.27161522718138;-3.0105103409638;-1.97448685963158;1.2134215844036;0.754479323517631;3.12031518573394;2.61622907335737;3.23322711734289;-3.19170302053374;-1.55901812784895;-1.15170922465647;1.39040489490059;2.4937380126288;2.58544282980999;-2.05754414236407;-2.00249786661209;-0.224161408738836;6.07056923579411;0.773432631090051;0.423717851312547;1.87206251295533;-2.41108175220312;1.14457447609851;-1.99167869802662;2.30463535932802;-0.0811865491793775;2.2106657504939;0.00489554086645272;3.1746590631709
-3.15858692874094;2.9216020313766;-3.25366465001;-2.51419042103566;2.26477949641172;2.11119717406397;3.51094732584425;3.51174129821797;-1.34375012097003;2.07535814280943;2.96339108436427;1.79670840662561;2.04926783908248;1.90909253471397;3.47153903212186;-1.88347197133354;3.00496073711967;1.36304048196881;-2.27787885032954;-2.84274280100113;3.18098157605679;-2.85117314084056;0.625323865290792;-0.390498038505957;2.00742872096249;-1.42358250871156;0.692231880411165;-1.28490890271366;-2.16250221452352;1.11988602347945;1.93176218077004;-2.46203091468201;-2.41841568070341;-3.05473950798409;4.13291119007724;1.11707486499039;2.07901243063898;1.84226146054239;-1.64353051813286;1.96187979490149;-2.15470811046236;3.45407254907611;3.45103184466084;3.2837017375211;2.54927008541155;1.3281691300618
-0.28330971945505;0.553995881155197;-1.1554535919808;-1.43217209979759;0.272322193831429;2.90924723858322;1.85003443208448;1.22811924935027;-0.535232377287985;-0.180623003032532;1.58287272293218;1.45256921189199;1.71952695439161;0.272245096533077;-0.0739024472334593;-1.69335817795047;2.11144206999362;1.50803299518749;-2.06887812348059;-3.21042726008622;0.151198701839732;-0.589288735755063;1.32614699299819;1.20192794116072;0.862630368375099;-0.68743979634702;1.18776396354814;1.25877602846796;-0.831707703518294;-0.21924922656898;0.423665937136317;-0.718427076337058;-1.8001268526598;-0.822364037527042;1.48887127420691;0.0194603850208854;2.12651761864785;0.704689350844374;-0.0733291194334322;0.256294778729014;-2.0086970759338;0.57534024558785;0.50282091474933;1.82503169439109;1.36304392774074;2.73094261375769
-3.81883394415074;3.75177224249441;-3.90054620524486;-2.45663976450954;2.95661300202313;2.80533286322944;4.11246412054797;3.10371452483049;-0.449879897439709;2.80628709974527;3.41156689636493;3.8744698875054;3.55311518954521;2.01342530271062;4.51779837445046;-3.27856659795573;3.3826355616302;4.56790008996739;-1.26420194803739;-2.76444584289343;3.30980944919624;-3.54777964005377;3.96547744869114;3.45204088955539;3.89362150055127;-1.98338448906781;3.76155672185976;-0.619782186397684;0.547308627886395;1.43270527112279;2.0064071859421;-3.34340359118595;-3.68957156591304;-3.63958111998176;5.03771365857648;0.71481221745899;3.68148737197942;2.27769942417937;-1.43878511026186;1.88165374255598;-1.97756269287143;4.4696021053636;3.91768615164971;1.82993393739549;3.4831534646966;-1.79473649856686
-3.97421076838189;5.15789093828982;-4.58932918456995;-0.284095511568211;2.8720241506494;2.14037729207447;4.47943935954934;4.23821867920855;-0.424342402210718;1.12419444499136;1.7975373517119;0.49987917056136;3.90933433938112;2.53190094221466;4.15347096833597;-1.47303861716325;4.14259207019854;3.78712762405672;-1.38770263007876;-2.30963557460842;2.34689680010364;-3.79349670357201;1.93476477691059;1.79390798915086;1.73041826994323;-0.189898456609436;3.47158116674224;-1.0344623144658;-1.73442392972036;0.794351972047746;-1.03938444608593;-0.460588041740521;-1.83407015745008;-2.92054642312274;1.37317946291246;1.82822174405255;2.8447853754435;1.61062582460164;-0.517464522343754;2.06801779870406;-1.66398163897193;3.33704525569144;5.75001527049811;0.835868641289406;3.9706258279702;0.717546428165921
-2.0193375742499;2.5818608966635;-1.15634743678011;-0.312210239883545;1.70267241438591;1.43883431436073;0.449519494011199;3.2621471076005;1.57756576809085;2.94663664246476;0.204160909636253;2.0318383461368;1.19047017923513;0.135280273501245;1.60973088981989;-1.03605330570718;1.2407141668956;2.21442706106596;-0.464306755878885;-0.640589808016638;-0.63493312166472;-1.95034740935671;4.61081511402932;3.52182204879885;4.91795264180333;-1.14316095928948;2.12975052552212;-0.107681851870086;0.177381930834666;1.59720731915182;1.4394553002546;-0.856811602417441;-1.07716723705117;-1.91193391441264;5.28368095476542;-0.60140286087251;-0.176025488913565;2.13451370199188;-1.1641738462858;0.716814136186471;-0.0249855507860144;2.0091231364867;2.93124484132445;0.597954380164543;0.422466478873293;0.857313032688984
-0.143226220643687;0.59555124277098;-0.748145413211136;-0.97931203782543;0.367553395900048;1.96614560291572;0.418603296733582;1.49844238690611;0.0907026238678534;3.23857477341324;0.229310721917424;0.644233419932574;0.820406168744581;0.243225159350578;-0.906377771956743;-0.857847489539103;0.0501358166860542;1.21298443736211;-0.483986243304301;-1.81192622942938;-1.15118306741754;-0.689113597145589;3.07572605226456;2.37479090599284;2.73201200150654;-2.34620207118891;0.566111053799133;-0.867675198977996;0.196418550603946;1.82320635288754;2.89587679981591;-0.796430254140256;-1.97055772109446;-0.582180536027776;3.98489648685884;0.179203488802429;0.136703913520765;3.25817216575093;-2.0286426321263;0.926462309566861;-0.743479674679349;0.38691793699364;0.141729089264805;0.468923256705141;0.0522395227460261;-1.06034302735147
-2.83493239232588;3.20605667287826;-2.81942829309025;-0.0791561352917554;1.26437112793437;3.07849763542577;3.77804048826893;1.95303053972183;1.25621424626071;1.66806665124348;2.39052850471515;-0.957144606958375;1.6875260543744;0.576482087613255;2.84131729358587;-0.926559199638618;1.90019990143189;2.54287724499556;0.0335406024932993;-1.59718159311082;0.0532649447840376;-2.82411510913568;0.196551270875719;-0.45745489921815;0.548821634190655;0.00436513515690107;2.10898474063285;-0.604270656852301;-0.964878134120988;1.14863661151668;1.1551562692727;-0.0694490022367081;-0.383454846838166;-2.02671126212276;2.40027648486667;-0.231591837333333;2.47786887101227;1.63303726889351;-0.978697437374114;0.242999417016159;-0.636132268522095;2.89248964720605;3.31276957391579;1.12211764437235;1.87544828828905;2.46372182589722
-3.3068508479794;4.40744672671937;-5.04668589951589;-2.7716172828127;2.91533598731504;1.89053320221631;5.08408562312658;2.99115650921639;-1.98256779935076;2.18584980483997;3.26503454973917;2.76343707131511;4.24630489767952;1.47639429084918;2.25678970153665;-3.8313171036148;3.20745142560418;3.07101011105594;-1.5016719532343;-2.27139719266985;0.693910950575417;-3.7066291251738;4.47590302522823;3.60606211337862;5.39321944101336;-1.38867226242475;3.05585417392259;-0.305000597420775;0.152126538892279;0.515089778576407;2.16350918834023;-2.82724746976616;-2.42538657421089;-3.16771812063867;4.95301129515281;0.432558492312083;4.15256506986539;2.59714644880302;-1.66913564047861;0.704128461864512;-1.74604810857118;3.56130672537936;5.03110861121276;3.41453705663253;3.48064592541307;1.28651696303907
-3.33638703354222;3.28276383055466;-4.24801698661037;-2.3876112579288;2.56567952342558;3.56187810358713;3.72933408330733;1.2487550562265;-0.611640620632716;2.19056496244127;2.49621735491828;1.99554919132963;2.50546383810739;0.846992473116762;1.46495436491431;-0.858774542739952;2.25950173480647;2.99934575520179;-1.82665644904524;-3.58678951922427;1.51769769820448;-3.19091259922767;2.93555901591748;2.21607931831546;2.19318296223066;-3.55801984760886;2.25238815730418;-1.69906433163582;-0.492562877612494;2.80780192081828;3.76821880487691;-1.35776468959946;-1.88220825308853;-2.17670773674495;3.65106309653455;0.187587232988185;3.43777930863105;1.78837040636484;-2.89263934821843;0.927261799789722;-2.01696211423022;0.575633391122176;3.88349464578305;1.96446778447795;2.57976696375198;-0.239399668221007
-2.35852789161033;1.88711505082937;-0.620105355595407;-1.94312023857479;1.02408349100604;1.59788791284526;0.506461670180536;1.68288956677313;1.14383246582295;2.41195477866958;0.248062549332623;2.39039820866397;-0.697803612669778;0.676538811706503;1.32086100956407;-1.28986307354015;-0.258858130718578;-0.462840653856732;0.199204815455649;-1.70378284925671;0.35213080304399;-1.50241139437681;4.69774252843184;4.62821549444247;4.21459255203723;-2.08294822103223;-1.55314448048305;-1.76374034503594;-0.223436284495895;1.86410688466215;1.96950274877165;-1.34077765060786;-1.31933997409198;-1.58161039400745;3.73561052577926;0.925853027060793;-0.457855985178823;1.67820735884922;-1.68598777821529;1.39847432176886;-0.353402263778641;1.95530822759436;1.88428426822886;0.839345289001668;-0.421971798603614;1.12210487270219
-1.72496087261078;1.67029152493622;-0.581940557911164;-1.54430717472467;0.350794663136066;1.62183042998382;-0.645509816436906;1.76267245999345;-1.82488732921076;1.86661984410943;-0.130377744488938;0.750722791567954;-1.63082697057791;1.20225975478086;1.57800008324482;-1.33759157955484;0.944877306985129;-0.809090526569682;-2.4733604478619;-3.30678538520594;1.66122877364714;-1.70352131184048;5.54790624019428;5.50668869593165;4.87621111995944;-0.688761907577422;-1.94893964028918;-0.77189197143776;1.19806191899659;0.671018718347686;0.536817721667537;-1.08620313010835;-2.60213138923692;-0.73695953183684;1.70839703014426;2.18995249135121;-0.592261592798154;1.56417474848177;-0.709122680615187;1.26516018005389;-2.81151926038322;3.50852253716694;1.24204674664764;1.05802966299601;-0.330876743200896;2.15999242653351
-1.66823101868593;0.805853938264459;-0.253856573512559;-3.94920992452725;0.638989545148223;1.0998414257247;-1.80761883037323;0.66107944433674;0.780407349333397;3.41867664569149;-1.7118606222326;1.42790399635103;-2.86636335517666;1.75047948318289;1.83226007657482;-2.5501102110793;-0.742362337389145;-1.35150127381587;-2.44326555361525;-0.904739959048729;3.49118815716228;-1.46880809296259;1.1244445185881;0.491207553712266;0.854575812183224;-2.61715189701255;-2.46941076500266;-0.964641290775226;-0.817890013998289;2.23146002115378;2.71012118760827;-2.97772618656439;-2.80333974952574;-1.63945455763839;6.20075302745229;0.751136250974148;-2.54400048576626;2.979049211433;-2.91759774664383;1.21417874091109;-0.595045829995566;3.57187917165838;0.340208992907834;2.03961997289614;-1.60106250907418;1.28321955855209
-2.62328230750928;2.93736164142681;-3.93366885376673;-3.02625393551123;2.06063866117082;2.55921593717041;4.20719976500705;0.906817424636825;2.88056727312179;1.79079251515296;2.38090763883477;2.53081429011602;2.72258256646357;3.11107279918389;0.767425381496297;-1.72070395455698;3.05593131930061;3.61239353681027;-1.6443587627309;0.619358678746286;3.54100511148741;-2.44924910875374;-2.35486342999965;-2.2470057950123;-1.33615216014522;-1.49623418433666;2.74903981806916;0.497714726631309;-3.89424642839403;-0.27345332519733;1.10517347492462;-2.90088217017786;-0.915201548678933;-2.5580923376887;3.20206882204577;2.85556383230104;3.18528765366313;1.36351191668541;-0.702150406704116;2.89517835557877;1.43812368511387;1.55483659708873;3.28558326830535;2.79750505236043;3.18998491513257;0.944358662133353
-2.39595845578869;1.45135916138627;-1.1662000413516;-0.8615754704397;1.25002782790155;0.803166348850884;0.489470373082175;2.73897372007776;2.43207091969308;3.32613804712826;0.475193746053663;1.60518670223407;-0.888664785747706;1.18125792249957;1.42835450333518;-1.36654741532226;0.236670665343355;-0.947189076734305;-1.01029169150433;0.223462858099972;1.24895541746643;-2.26119194197065;2.90087725739651;2.25609875084883;3.14873122090676;-3.05613840821051;-1.21549271179948;-1.72572009031731;0.113420600440498;2.93779391398747;3.14128762696948;-1.76599778333312;-2.07806090248268;-1.74403282223764;6.12786151117362;0.430161582819141;-0.565976311820927;2.70228868248314;-3.16848594717633;2.20557759469795;0.398586774276094;2.08932699407133;1.26988312255528;2.43319780510799;-0.17417080997827;3.81136181243972
-1.58486883767561;2.19988630917628;-2.15347028547114;-3.26713441496263;1.79173625938758;0.906438646286815;3.41433363625038;2.56868068399855;-1.3424234466078;0.805613506784367;0.510616857305854;1.84128420420285;0.758940373455554;1.69573084031545;3.32389002710849;-0.780171683616871;1.6645360685148;1.65226783521528;-2.93287714332592;-3.88804288252672;1.62145026554316;-1.26133108585669;2.59854186415261;2.53835896207481;2.01894130705401;-1.34094986502635;0.767105493631632;-1.31405655295829;0.215589479314199;1.82755003865132;1.61981607049629;-2.81957677906725;-2.61888056543697;-2.23713948255353;0.334469924121074;0.270268114572251;0.947779370151149;1.18771595053488;-1.33377577252387;1.46541231110213;-2.35221807910541;3.79356125227537;2.1554700844219;2.08230915212373;1.51434730768087;2.70192965802443
-0.483086701069597;0.295200751303533;-0.394011789600183;-1.73904239776085;0.703611840156598;3.27503543317115;0.308180445403269;3.80396970836157;1.14658836453215;2.05498293246107;-0.78120595977259;1.63865392414921;-1.49381752663607;2.40250811640445;3.29022687228457;-1.50240719377501;-0.288119259338594;0.255184376064163;-1.87760717663358;-0.565479896487541;3.23069693902318;-0.903907512727912;0.555796922180615;1.04628382867116;0.790490807229171;-2.17451351050527;-0.639571690692488;-1.16777591325903;-2.38791486981884;2.31221521122375;3.28485932138922;-1.43162787142228;-1.54398509252654;-1.51019849231145;4.58134374293359;1.69185098627288;-1.83817609034483;1.35174608407874;-2.55634108138788;2.49944448579204;0.606333778295843;3.31393408906299;-0.0343428946305111;1.47508539985261;-0.546821588392715;2.62940735016785
-4.01845295752029;2.40162037256737;-3.13530941906035;-2.16472950741721;1.54045063335928;1.10754920867737;3.15771150927858;5.44711361675273;2.14859946121895;2.84755912105334;1.29007299848728;2.83965941359297;2.19438675767311;1.99410976893851;3.69807864886694;-2.13063556874879;1.51625944284796;2.54690478481846;-2.65550574012027;0.0935842804612261;3.55689499502394;-3.32135440814161;0.918917183290689;0.310767269279878;0.983428386557177;-1.06891400523326;1.62286507522921;-0.94829508987778;-1.39286306708509;1.11387412235649;1.8160234261091;-2.41049735242015;-1.73869887674352;-2.39661692819725;5.58967540728015;1.08259751190903;1.08275011727628;2.75794395621614;-1.26774208639884;1.39230987811507;0.976217680931051;3.21653060744828;2.38179531747445;2.58978341676442;2.05077375886236;1.44753861387921
-3.52648052598713;4.57488394368276;-2.86469997263943;-1.03760338122944;1.99062280025591;2.79766989042236;3.04283354315221;2.64834569521431;0.960161815395473;1.26258307593967;1.41236885010986;0.183572341911545;1.54737292315001;0.291868855292845;2.15917911406957;0.769002143458698;1.93856754006676;1.23710261526354;-1.00650240238208;-2.23419161833945;-0.376665232779552;-3.15979710766753;1.9445752057122;0.956824191345232;2.70316552594267;-1.61243469202065;0.790720188689854;-0.63329632219902;-0.919076689173898;1.73662534496614;2.03541729116969;-0.798745414655986;-3.03015673888075;-2.61829493921582;2.4673927768223;-1.13766475809983;1.40512577146996;1.39474581273164;-1.74503165547693;0.11926348927771;-1.12329868833262;1.20457636768919;4.85665289990718;0.952657860679588;1.47905212498983;4.59698270095452
0.51246720715338;0.878229390724313;0.0260462686449976;-1.48012037745506;0.549759202853709;2.13020066812071;0.484940895055247;1.41976813325227;-2.27418945898708;1.96153937123523;0.0584204786044921;-0.0648430209841134;-0.87739509895283;1.44707790701375;-0.177686433219617;-0.718404413301239;0.417953625632205;0.0201799711160734;-2.4738182201741;-3.46621143738362;2.31868441899774;-0.0830083723915469;3.67868853192367;3.39518768013561;3.87198924770932;-1.48749538289053;-0.381851267291867;-0.51156107635275;0.668641485969565;1.29165717532835;1.50015630476443;-0.597012577132326;-0.804592348063868;-0.611995901884846;4.97555837343579;2.23294963856794;-0.218705609212936;1.16825894899455;-1.42777644374938;0.525168772457843;-2.67931072066815;1.64570157406146;0.645558574965064;1.73643881592836;-0.27795483373083;2.72495592071011
-0.799412397559988;1.12699266037026;-2.52066559836363;-3.13567942518031;1.18584489843864;1.57395352285554;2.82628331896744;3.1747086874499;-1.28508111841062;0.970167223716353;1.96155618755763;1.69955813415931;1.39514819529379;1.21651936428003;1.66979346445433;-2.46995191614833;1.59999426321009;1.19764642776907;-1.91298127918227;-3.53728998247851;1.7838612609065;-0.557805552048083;3.60069935270764;3.86844549773981;3.48342583359736;-0.932756890944077;0.512073387427013;-0.343294286384947;-0.307033947117761;0.222778516776839;0.605930431166795;-2.83894190155428;-2.24100943225839;-1.89767293567773;0.923280652154087;-0.0157002600310219;1.88186548711447;1.18303156414538;-0.63980831171378;1.61169279519177;-2.73850883574249;3.53443786988075;1.16577514350449;2.34721190620263;1.51396631463734;0.524219468185298
0.715834422957304;1.98336913243974;-2.95937477469957;-1.34007638093698;0.817093517673668;2.9508570228662;3.3683131679302;1.86407455376219;0.0271130637279278;2.05194960185617;2.99499674457128;1.07221061898338;3.09528419205618;1.65408273002302;0.649678770123549;-2.08815447814894;2.91666023414269;3.95313089510259;-1.26930859793855;-1.83563852542203;3.31983230718066;-0.114829186174669;0.964506636819889;0.365460803964438;2.07502867311992;-0.924483325386199;3.53544660795361;-0.321868823515034;-2.39560683357267;1.27842800161633;2.22127786659226;-2.18571223719148;-1.83259753759997;-1.18170782379588;4.62771611222914;1.58284460399249;3.64687847143255;1.16182781457137;-1.44331678568748;1.53477513648368;-1.3572586656031;1.23073981605883;1.73358050697891;3.01815460874566;2.68576037302959;-0.0123800219423539
0.438282296745188;0.312454070976591;-0.052547426163572;-1.31829513818351;0.0472915530913849;2.2293543098304;1.1761638423055;1.4852528102631;-0.997005338714349;0.236292842198216;-0.413737560823326;1.53933682653333;1.31996764831552;0.216978678699073;-0.707201227937971;0.69149458212173;0.642645926792502;1.4864608491319;-1.02314354770374;-2.28697789875985;-0.264797477845676;0.551309467785162;1.3619078764304;1.13460176742326;1.48143548102192;-0.0198859113560403;1.7147421580995;0.652401141427724;-1.67054119668985;-0.614143086903393;0.0263910158281798;-0.463464815489166;0.221004402014039;-0.440443983040074;1.54066785709558;1.2019473298281;-0.0851069217519439;0.695441264467681;0.256982205031293;0.811665254959205;-1.64726850178024;1.87290424015672;-0.124690503678859;-0.740408327629834;-0.0639100324253707;-0.609568492160687
-1.61077717925935;0.697175810871478;-0.521279196323172;-1.42648640920242;0.644730959446704;1.08410938139117;0.788135584265145;2.14940570900567;-1.35390772458323;1.54439139757566;0.198673994645458;-0.547785526084211;0.0710425341371687;0.352085899952681;1.6440770580716;-0.961800057951261;0.675030993205179;0.109084058673913;-0.881805977378636;-2.9548147659879;0.756172785064097;-1.42554984199603;0.680557609180212;0.565692100424823;1.777460201224;-1.57558421295823;-0.238937708100962;-0.987264807778819;-1.31678778850641;0.722270888087112;0.12263089960721;-0.567508849396243;-0.798728981715604;-0.953046356704386;3.67254781314525;-0.11024358863297;-0.647512635722292;0.837166698198856;-1.05893023964244;0.817975505256122;-1.96524094210893;2.29384970570068;0.351199471022725;-0.18961717228658;-0.0475112249641998;0.351727640268877
-2.03065126735557;2.96171615121796;-3.02595734113074;-1.09425485846291;1.4123137615896;0.966061549654428;2.08330515439063;1.20224970456273;0.681237523193063;2.63202041258636;1.17057662781274;-1.83541884020968;1.66247630359114;0.387718007662348;1.76789557845909;-1.48867075674752;1.26887545908808;3.54167891854419;-1.25596619870949;-0.740713385083097;0.23525583254685;-1.91566050094228;0.795180895254689;-0.556586705237382;1.3343995832708;-1.35585010371147;2.28615134936975;-0.65190067028285;-2.99006123235431;1.62275206681;2.11819509372902;1.34389344160184;1.6780651072381;-2.27054106429608;5.44504342727489;0.353199867053352;1.14539851266987;2.3745028083622;-1.08353066278088;0.325497950148024;-0.312380077582512;1.80698813164955;2.90672035226209;-0.502990506808298;1.97641002544572;0.742634600021174
-0.405581185327846;0.224235616723088;-0.960622595663171;-1.4860869825015;1.17822434357657;3.04757029356331;0.800089659019364;1.82123355532398;0.975209788874661;3.55963476568727;-1.18800854999292;2.06812657726845;-0.689884430417186;1.78087556024075;1.48309910434532;-2.66244687039938;0.0139954889810462;-0.689834440317986;-1.72699107365843;-0.585345088739019;2.84572054798415;-0.741451585524253;-2.44927051839022;-3.41300929550014;-1.60117056448602;-3.25867009100126;-0.844139586718555;-2.66628955459888;-3.01425014315884;3.1534817447376;4.80130944858991;-2.6005845736998;-1.94642432861468;-1.57645045165404;5.36208762810234;1.30587603876895;-1.62149179430896;3.34455315483065;-4.0448936799439;1.84131935133261;-0.451454211033173;1.66595389135934;0.331415647621517;3.27759254187007;-0.826855134079147;2.00024545122397
-1.85381402759916;2.29339686321709;-2.07626776138014;-2.27136273365365;0.239592042883271;2.31613283601802;2.68829435751282;0.873423656910812;0.363639548624463;1.79532937237183;1.82360071895492;-0.561994208618909;1.87736781435123;0.892184290409003;0.381404392051601;-1.52352566764901;2.18834285291226;2.18815280729014;-1.118767055275;-2.0733078548185;1.32859293953118;-2.17921152099887;0.516471535408532;-0.458518397584915;1.12285104050806;-0.805007753195969;1.20939001761979;0.0790068289864493;-2.17435302021976;0.763812383883718;2.08468023701826;-0.141337422886138;-0.0481274311678511;-0.371693887144059;2.75942961544378;0.620912301675962;2.25090418192207;1.34554803487285;-0.966717780943236;1.10386826473052;-1.26317862969304;2.26439535764691;2.12206240213762;-1.22563840280386;1.69805824897435;1.64055545483551
-2.07603635500909;2.81713625485349;-2.22692558506122;-1.50972641225685;1.56202781905031;0.723576996849118;2.65233963880278;3.10188957183945;-0.507647349447897;2.59800682669056;2.0590107161633;1.69178990155935;1.56148263909447;0.0493794964999104;2.40150848030857;-1.25719673363922;2.23897328689579;2.88551242935213;-0.276692909900571;-2.07914623406717;-0.777999645824229;-2.18117171112663;4.23509977508449;2.80185550427875;5.51953881958497;-0.758487256139419;2.25697533009738;-1.79086501036544;0.437741574699178;0.653079658773645;1.07144975511469;-0.694968016128274;-1.43426130321811;-2.31306897283952;3.28586531508431;-0.498170567461248;2.82913060275477;1.93329973652513;-0.89641631654095;0.323686130817976;-1.27709543141568;2.59256519442945;3.01767130717811;1.63408779096796;1.64092321081817;2.20428099279719
-2.62991031048591;2.7183760931762;-2.39574314204266;-1.57967600703147;1.26439818169258;0.803785373058194;1.58632854533309;1.18230143220745;-1.51597708233143;2.66660447843706;1.12476668014701;2.42042526305418;1.53828635133106;1.44584990844845;0.876031232248274;-1.33427644243498;1.03565811229883;2.23684997969449;-1.15542383929625;-3.62282393096686;1.5891975558202;-2.54539501104007;2.25311051968908;1.89079684367948;1.46389698272314;-2.45402306790547;1.37536149306485;-2.2060936717944;-1.24770069567188;2.22205674113848;3.2560075963338;-0.593472230133181;-0.117330515143581;-1.09557103579056;3.81550957856032;1.30755839807039;2.1838394730153;1.52337570085632;-2.48728768582836;1.1050059857061;-2.40167982021012;1.51820706541775;2.7423761771779;0.0602578779089489;1.30881882069623;1.73594222417858
-2.68350990902381;2.18541555077997;-2.97916544333267;-1.43705460636237;1.80362256764915;1.51385368519834;4.63195422899567;1.88244468041808;0.202167919746478;1.01732941455334;2.9372524222583;1.89430175912173;1.90941712879305;0.615208022866562;0.984024691738809;-2.92628086656057;2.91884377735046;1.58573240044638;-0.611586138080177;-1.27661411209996;1.31638028327417;-2.56566008070926;-0.502187518080085;-0.844961588364862;0.646109319718473;-0.554524302180971;1.39164110334337;0.0146128171695727;-0.520913317335823;0.242413370526705;0.34081665968691;-1.5982156873491;-1.66192462350048;-2.54200574435806;3.74717114836288;-0.212419761500719;3.4139016270862;1.87691891965919;-0.230383193311743;1.25123780453794;-1.01089989345377;1.21216586258079;2.15811107966026;1.0043216173117;2.67413891373417;3.31642214707009
-2.8594154637601;3.53372736686022;-3.60617758198961;-1.22950613735606;2.3606266849764;2.81005375601895;5.35213004669138;3.25429206339684;-1.91564272855455;0.861393426553713;3.10042127673588;0.741472282919677;3.79818770822422;1.61301561763013;3.85382029061511;-1.07658810485998;3.25618749986741;3.85244889752027;-1.53574305199341;-4.51488899542066;2.12189311515245;-2.96989631420552;-0.794591689055477;-1.40944994842864;-0.864369733038056;-0.896923383275199;3.81955324080307;0.792317230586582;-3.20728071708407;-0.216114600419369;0.437877799964962;-1.58798945663284;-2.03885563756411;-2.92770505759987;1.73833400640183;0.226274363329287;3.42710580362511;1.5377487643529;-0.403035885480454;1.44055592898032;-3.06987534957372;4.3581977330587;3.99333809381021;0.130779398146958;3.5424392820812;1.17013177460757
-3.46313076827619;5.85233715838899;-5.27081838328949;-2.07983773090714;3.25442239695205;0.931579896093812;5.99503695450227;2.78645734968798;1.35714355470524;2.83987130056693;2.9537465940084;0.745481705839305;4.07542840212818;1.77232224646272;2.58623638043362;-1.47788490366305;3.73441675876915;4.28075824422215;-0.922191389033565;-0.243526816103762;2.16049158215428;-3.43772624508417;1.99666578042824;1.15728261170685;2.85263896960252;-1.80472313052104;3.79556506206057;-1.6496639206383;0.173659526947133;1.73275490277544;3.51825651877803;-0.497056453169195;-1.1969344513092;-2.87144407645272;4.21304043200208;1.06916474151059;4.08461477124452;1.84786354754895;-2.43620075020381;0.871129986834349;-0.298077140988499;2.45087231397056;6.61088606672113;1.19213143348824;3.95466174876153;0.627434076050022
-0.811001647136132;2.30379585061869;-2.38531706558352;-2.07181913686876;1.16288800574898;2.39973740342652;2.93993771054815;2.50044618162971;-0.583056899681886;1.31025763802519;1.90956665263256;1.12379531925894;1.50659914600592;1.02938344877142;1.04350052489206;-2.29889039711719;2.49309974752118;1.30444747026678;-1.00666511960404;-2.79059098059096;1.26165435238355;-0.802141584232677;0.465410101714479;-0.0847890985188878;1.07431617748409;0.376829836322144;1.08938751258757;-0.485270355501555;-2.86288518928528;0.847610159256513;0.405394429629395;-1.13345158149085;-1.91849933197843;-1.53719092317457;1.49019535831083;1.22617483177065;2.53512185288692;0.961260857693404;-0.342080033897438;1.77621455906119;-1.89458932535733;2.03022092519946;2.11726646599029;1.79011419756157;1.81131081382121;-0.146568247199069
0.168014934564602;0.35584921033993;-0.508673046053255;-1.61267004287236;0.351602937397305;1.06929697831686;0.959323020232247;1.11247682273257;1.0631748458352;2.71450865572206;-0.738661403727856;2.18665241773404;0.31056967106195;1.00774190721177;0.530761848091125;-2.35642048263707;0.362379659131765;0.353070895434082;-1.2125851545861;-1.53280681733006;2.46083079528487;-0.360106975794442;1.16491765689332;0.898298638697783;2.03328038430515;-2.10792542491938;-0.217022880384088;-1.47372708002444;-2.37304876465162;2.04264547095034;2.79737588524146;-1.29340328789639;-1.52739587309772;-0.371830824221036;5.74066825165588;0.586452940962218;-0.566048216231118;2.31456569299504;-2.14140298682995;0.765096093002931;-0.603733582797344;0.919395776300952;0.220357159279964;0.393024884607369;-0.803124766973129;2.26861909540799
-1.59719818086236;2.66093686905275;-1.63702282888957;-0.110685805006537;1.08356363743214;1.1768005467273;2.86047975508083;1.77049101667128;0.3122378405616;2.25612465425226;1.60467296338371;1.35043337168997;0.605170790127084;0.352104865030828;1.98080596805272;-0.729352827788259;1.2415717993838;0.471689876781612;-1.48867915639622;-1.56610546237241;0.0221322587990067;-1.94570044844304;-1.10787761532977;-2.23585007351197;0.679410211095829;-0.853847713743415;0.257718021674372;-1.64003168926745;-2.87468167146488;1.16046774406498;1.53338978891213;-0.459330903694563;-0.801497975131946;-1.38242650848578;4.60419540103125;-0.0656718548397766;1.44194256699666;1.74453350702218;-1.37157982136113;0.650604212588232;-0.777422665825385;1.72096030698616;2.44992279519407;-0.431939757543504;1.11782890041213;2.64112216534565
-3.21824349265879;2.74012615612678;-4.4438779133427;-3.7067229094932;2.69006432394905;1.32406128227966;5.21702036154768;3.46944547767422;-1.21119319903732;1.29535650148691;2.97319094359371;2.46790210994684;3.40490150812385;1.92736956990491;3.5795894612313;-2.3179599166759;3.7619720636407;3.97732691401633;-3.58788867426995;-2.96180644293078;1.38431276370183;-3.3124578539038;1.21976179355317;0.949963994879133;1.16224385658667;-1.88013134458797;3.18588596640579;-0.864019550294813;-0.669310710231473;1.51261140896607;1.25057315058797;-3.95501466579154;-3.27365393577773;-3.75473148154182;1.92467715139808;0.978854260140751;3.60644039015029;1.29357757359883;-1.60241360116945;2.73375983195999;-2.32082709949521;4.62922131728695;3.30575002974371;2.808277169893;3.41637622418833;1.58381996134877
0.0941171803966922;1.28192984633182;-1.93928539393873;-1.17941380944375;0.857545244005931;1.47862840644216;1.14791397040855;1.71329771132215;-1.54621314342719;1.13040575745655;1.09848059975168;-0.257295971829726;0.0467728151627278;1.13521343730582;-0.0839603878321393;-1.17149212813556;1.17660760230748;1.3689352375287;-1.5957760999087;-1.77517417722985;2.11048023940186;-0.215111132021307;-0.417658554474009;-0.706835473201088;0.101796703115674;-1.44615058178512;-0.285276703427425;-0.844315221602758;-3.2713575099935;0.514247028489558;0.54856144435529;-1.09631871896881;-2.73023573444415;-0.767118438355457;3.6028922208232;1.68189481393128;0.802649812147921;0.988619743143099;-0.820600538112978;1.36921095242934;-1.69457503860748;0.656821091339491;1.32626321933975;1.2700284735536;0.933286915118306;1.64283895351436
-3.4508373041664;3.74804215548685;-2.25400032035567;-0.613213871863854;1.86247441241463;2.04551845042803;2.29230490612132;4.11327908767145;0.423972025492953;2.10201864120418;1.11237692316895;1.05713470709501;1.97015247303596;0.321211984024772;3.71908849369844;-1.33133284706464;2.10318642371204;1.26934837369125;-1.02626294802023;-0.832234397236762;-0.445148691633547;-3.41184504520377;2.23401646136607;0.852149641906974;1.61845154426234;-1.10715275118467;1.00636320301854;0.199479525352317;-1.52087543638613;0.494378197092675;1.05406216582965;-1.02462773093875;-0.352457298680956;-2.69661517464986;1.58601237285147;-0.494084088322153;0.44972564506274;1.26010082834194;-0.776765327081713;-0.337843842495765;-0.994969366213796;3.78230028361703;4.39872872704328;1.41327546066638;1.69770367144995;1.79659682855099
-2.88880608949491;2.10431833937116;-2.40438557260287;-2.03966803793553;1.90010328715886;1.90322182223095;3.59300570272171;3.16885797365287;-1.65400829977676;1.83747048175075;1.54467809522315;0.891389783078393;1.65046539628633;1.40691704293053;2.56401780314633;-1.4679209198382;2.49423992929687;1.79368660099811;-3.55546153701285;-2.86242379214588;2.33229245015359;-2.68985607091816;0.622603882707161;0.062025296937305;1.57832562586087;-0.992553046662586;1.07840357513787;-1.1412413227314;-2.82848596627425;0.640225334084114;0.51521954035526;-1.60083338207185;-2.52509131157549;-2.76099068254287;3.83940121195999;0.729017037547239;1.60372775386882;1.8685535945137;-0.395636218598051;0.766161518308302;-2.09942893705898;2.6104927375977;2.56482692272069;0.958940638407579;2.18158357909838;3.66112030393564
-0.681494179546141;0.228783233855531;-0.106722112816769;-2.64533944370325;0.847676938231558;1.13914547259661;0.617951159840016;3.2367265684233;-0.207397431216032;3.48787607130703;-0.525938571363587;1.43308104801066;-0.782724504791321;2.17969526652299;2.02555231731943;-2.65957570346617;-0.191592869917442;-0.041119669663562;-1.61368005050105;-1.3330154761348;3.2882529955715;-0.374678613019836;-0.192223436614875;-0.0593450791094918;-0.0609955420329138;-2.63747159985833;-1.00797634260731;-0.820102629519336;-3.6087834542307;2.31184583901662;3.31297388920236;-2.47745345516655;-2.73569475058525;-2.52463527095677;6.28414553868875;1.41204055750915;-0.359593013447397;2.54572650478587;-2.83381644702374;1.35456858436068;-0.726290015696083;2.49216199619733;0.139854847329704;2.76024446736852;-1.03138066502641;3.95949230567128
-1.54710616907861;3.100174288388;-1.72326245883509;0.333284179854156;1.0161023136279;0.957519778432563;1.94084639712314;3.30016532324752;-1.52275459716662;1.97646556607325;0.268329466683512;0.466341033799153;1.09284437515187;0.678615523936126;2.35856956108746;0.0310956409601036;1.0759820469828;1.40238745687703;-0.970610619930499;-2.88719126120925;1.53543941112744;-1.90904060340867;2.31493331521428;1.30420885496829;3.51520755061315;-2.79086856729343;0.421435098885641;-1.62194912095505;-1.419840989398;1.29218663663481;1.67130479082098;0.790163480582193;0.474645346096489;-1.71752278809327;4.3538556741505;-0.719393421574083;-0.0936778985950386;1.51704455073375;-1.73404428873547;-0.162020719549703;-2.19430285832618;3.2396292394112;2.91867913537337;-0.0314429667602626;0.729069602931885;-0.0794773480300445
-3.61908364211848;3.65464531239805;-3.20497266994163;-1.67698732629984;2.49655805014396;2.188405382191;4.13979081617446;1.01537751783573;-2.28889737935725;0.78618476782246;2.71639848906456;0.704891070112837;3.54008879781398;0.578803357275685;2.33370278980909;-1.11121752300551;3.39084302003373;3.1702723331408;-0.816629772990186;-3.89966170945097;-0.070459683949056;-3.9624239705686;1.72566614872407;1.03011344874586;2.20974732559057;0.450781902792349;2.7915694057956;0.370258152637725;-1.13647797837216;-0.689433281403606;-0.855179395708908;-0.918499868736539;-0.924088312514146;-2.74651267508842;3.22545488587003;-0.390177944957352;3.69764787442572;1.64306629396826;0.571788645873684;0.0154191579303297;-3.40705948680578;4.39261918766883;4.63943352089363;2.25450099934027;3.14898656216029;0.702968863468551
0.793712912410836;0.273298301745575;-0.774395781744404;-4.15355337465619;0.524510351941422;2.03934081805072;0.555492462104481;1.66013628312168;-0.175496502760502;1.61443829595022;-1.15738741643741;3.09710709645843;-0.955866847453232;1.29183193558333;0.749837964695118;-2.83916534085806;0.395971629113107;-1.04841745733061;-2.7122440844007;-1.88290453264937;1.49296104460459;0.720063759832031;1.93956285446979;1.44684263868477;2.94865774830315;-1.6423238398919;-1.02522068444162;-1.86955733687999;-0.175589052180068;1.63682729470765;1.80124421881539;-3.80704019705312;-3.73915064462175;-1.53935309644479;3.90358698273586;0.575842925795786;-1.10715224036111;1.37965795460743;-1.96027721864894;1.43114073195136;-1.92004461284564;1.8846145877271;-0.660189173793008;2.70873384740513;-0.921180185712777;3.01275407254769
0.207878498916196;1.14703059828743;-0.239586839124484;-1.50392285830415;0.371854115248209;2.90390107239185;0.00520581615878116;1.97887107675548;1.28464888732008;4.04916782237322;-0.531466864690574;1.64583367562422;-0.189656986937889;1.26144565406696;1.30091714798974;-2.07243272804836;0.53979985291937;0.508683877895204;-3.17821027178625;-1.50812789693095;0.764334148425942;0.119255969706738;0.837128404342084;0.212797730281852;2.12271814328949;-2.95336329809936;-0.669350636556841;-2.45690066010981;-0.879880848925058;3.14883273786026;4.47831052299444;-1.64761130347222;-1.44299495521603;-1.2486503739709;5.46333416959107;1.07180688161553;0.0719714493931333;4.04312343680591;-2.31488488129653;0.8643512908172;-0.464989803314225;1.82347927614185;0.577844063976584;1.51231071155647;-0.202220314692701;-0.378944722087114
-3.40535782215057;4.39478548949985;-3.80769280777752;-1.23419709734558;2.66529283411235;1.68416219788132;4.22275928801037;3.36565919937884;0.633630943282998;2.41194255763493;2.54278914417886;-0.500170832066058;2.48083502458009;0.195375585133192;2.50616673179844;-0.153859859406249;2.85410647111426;3.40938508947525;-0.692214471213855;-1.6224941084977;-0.0843954599062165;-3.07859183965199;2.81087827667523;1.44668375169595;3.18620914477545;-1.10718536586373;2.27591053018628;-0.304054627073006;-0.150699270834044;0.339499785262059;2.2522733605842;-0.381007124543259;-0.822829352320691;-2.7227363478561;4.31044663503867;-1.33132666567654;3.33658276464217;1.44411112926473;-1.14748008521783;0.561115185341252;-0.600880993355067;2.42121659418223;5.28843161962854;0.359524226624879;3.00334734253811;2.64859339342082
-0.299319423240409;0.982145796993416;-1.2100725675213;-2.48641368939546;0.813684504678946;2.70986192089509;1.91779939249814;1.76034261772825;1.30533538802055;2.31773394582398;1.37595131742115;1.13875917603488;1.32568001792064;1.97674097371939;0.306440352881681;-1.64244036102767;1.17795366567446;0.409182747625793;-2.35908008805532;-1.51477003982831;3.09471978444667;-0.1864212173044;0.430186735252697;0.423827721589375;0.904628464389645;-2.00646144305244;-0.0644716783726551;-0.728604572401283;-1.84700411844526;2.1514086870931;1.94603855595173;-2.81874408079364;-3.36702962120665;-0.714301643650642;5.41557201955314;1.95800591710206;1.5402427851828;1.93507303525728;-1.88529044869726;1.97699327445727;-0.622131880546;1.45084693507461;0.929682342911418;2.61868122412439;0.955467924545176;0.488800765388603
-2.04417461255897;2.27169443687837;-2.55787134292791;-1.38802697956333;1.59937574947594;3.08370579896924;1.07293225299821;2.02018684245993;0.476940894623925;2.33521622871289;0.901256898508148;2.69332092574236;0.802288036384348;1.96854294836086;-0.0554378819010395;-2.91457708137637;1.10639035875902;1.44293254386932;-2.32997681849687;0.311759738119577;2.90469151962046;-2.14763134428845;4.51928901044804;4.59021922446071;4.05048692680885;-2.67845432426693;1.16606481903873;-1.75909210721495;-0.201688344019045;1.40932169488834;2.25398531836063;-2.5525248987393;-2.70889414691149;-2.16209324185144;3.75677220586862;2.16423809323179;1.39340584875853;1.88742480064596;-2.16695647662343;2.09210899112678;0.323258483076397;2.48019315793723;2.44886061991627;2.17815349012201;1.00421753154697;0.51058722347565
-0.689571799650615;0.158933675442967;-0.801248889963171;-3.73620148474673;0.918082278528666;1.43411939684694;1.75019697149191;0.893351629006775;-0.518502286536734;3.26153253321243;0.196485045187139;0.888852215255047;0.0963060611861579;2.53673676794259;0.9738971035369;-2.85981864285569;0.280718968624943;-0.541203815068062;-1.68610478480792;-2.06402809264796;2.93363323923961;-0.786716140457919;1.41652100944421;1.47885358343881;0.670638291100794;-2.21197913749821;-1.12895075670683;-1.5734976259193;-0.500278282176412;2.65585827800166;2.85777463023331;-3.65590404826045;-4.02726554949598;-2.06176708147134;3.25162065273433;3.38573761310969;-0.467259280351034;3.20349032797086;-2.2568579619394;3.30167607666021;-1.72309364950791;3.23206066280645;0.284967113381085;3.46468154147759;-0.200714511544454;0.481645411982543
-1.12861488894723;0.949902966734326;-0.0109492887193555;-0.284994147872055;0.413025839011246;2.98649763421521;0.991771416145494;-0.414227079181781;0.585343098967837;1.39188442188085;0.0625114564255841;0.416004570569031;-0.404846298033145;0.0542273776003703;-0.485899279165033;-0.0189903794596795;0.068979064414242;0.384319079060378;-0.0555009984716304;-0.998948442976041;0.279082212976356;-0.755291578511963;0.492447446969205;0.109795777447049;1.33661460326851;-0.093680542136512;-0.483883124430505;-0.852264856948748;-3.91299769543385;1.24842538610643;0.0257737193931066;-0.630629028895648;-1.56878277170027;-0.054392822722876;2.79601900710101;-0.37533886135655;-0.462600724915837;1.00498448016074;-0.338217439118852;0.217927006948261;-0.626487322450028;0.439843915381947;1.14560540665962;-0.0341344160397836;-0.324463009872597;2.48558363700003
-0.811384964178476;1.4245300822348;-2.60474153203716;-1.73081304939241;1.75042076477827;1.87934535898601;2.15971338290625;0.10293880771151;0.749438104782123;3.30662227345883;1.83294394278892;2.46178500364754;1.42247510602022;2.66656431573658;-0.0216531991754805;-2.23889284364505;1.85056401982286;2.01971785834247;-0.524373121022276;-1.15822573012545;4.06661302177227;-0.753655652298985;0.831045919323788;0.870041306214971;0.152748906892271;-1.64079262688728;1.33620963198599;-1.081633834617;-2.07881776315692;1.83702240324543;2.49891749651522;-2.51515435181275;-1.45091720730528;-1.71173792031994;3.44537441379951;2.8467431442573;2.03897001217984;2.06073924370371;-1.86133143325355;2.6348648878191;-0.892716945692065;-0.689894895809211;1.75299811096926;2.16624014770243;1.24604940425139;-1.01537812329708
1.33626698962445;-1.99720778348162;1.23492351856847;-2.97990674668577;-0.12302661686114;1.51691718236603;-1.78189274114081;2.97264388932463;0.567851155414125;3.95816356289528;-3.69044875099923;1.82865170198195;-2.01979398856746;1.56503375997358;1.50841192546224;-2.57681801386637;-1.07264162865428;-0.850259004100102;-1.59385389494909;-1.77577919639341;3.15828991134599;0.656636444167105;-0.206954501176069;-0.0742982903129739;1.3041720280741;-2.88206408915022;-1.73411908443517;-1.82912032334827;-0.725391892366706;2.52348999724339;3.03475833531733;-3.03891084424196;-3.79017268820158;-1.28392564635872;8.53848883898745;1.45994041302699;-3.93808800019367;2.66433373857453;-2.36748196234981;2.4141695998269;-1.04530982035706;0.364305027404488;-2.31843047938603;1.91762753967575;-2.44044328888659;0.550321153762484
1.93139313113559;-0.53404109425913;0.467312744381474;-2.31211749239227;0.0144217151689281;2.11767174404646;-0.830120711504098;1.88677780179352;-0.818933909266565;2.95585844572065;-0.835769543014452;2.61988561175845;-1.53549717190684;1.26620328211619;1.21766222884912;-1.45172238776557;-0.247570778560828;-1.06141874171313;-1.61252416216453;-2.31600185973517;1.98168123533895;1.66471005559998;3.01925964993397;2.80132128322453;2.95604059542297;-2.1310735823652;-1.34792442358974;-0.992731869663523;-0.62815501217098;2.1030115695179;2.54843642972522;-2.38240413345372;-3.67764174511079;-1.45638413044447;6.05250556965884;0.447566221207213;-1.4871836493148;2.68698901661149;-1.84610286985238;0.542014549383496;-1.68037906560302;3.15270731483741;-1.60870789711387;2.64555587544048;-1.11418934825247;0.763170038945339
-3.31162844738811;4.69200507817496;-3.66278598928626;-1.18235812461593;2.35417835359888;0.364432713924906;4.01434406976422;2.18416330490362;-0.874850315292099;2.25917488703629;2.55530172492652;1.50350642878595;2.84527316474824;0.331877077223335;1.4880834326565;0.904390326220419;1.97274909179499;2.73302435178061;-1.49776898616722;-2.09699876087892;0.0754865541124238;-3.41518971024067;1.9844439194819;0.24946936585921;2.82436167534496;-2.00658152330904;2.05356609139422;-1.44547304789928;-1.38732555734135;1.32392641199578;1.75369712148565;-0.264351012212312;-1.28177195411094;-2.33267610924642;3.79772066520431;-1.48358918550039;3.05127293248968;2.27445241921966;-1.62286308991975;0.39381131372318;-1.63481413388168;3.30720102893158;4.97187636503162;-0.74150274830369;2.72441320299568;1.03798372078474
-1.16559951877341;0.797054639853042;-0.293079090670258;-2.27148834501675;0.906567338751376;4.1566658217194;0.290041782395756;-0.956032856747976;-0.465032012284277;1.96448862774018;-0.316219609110569;1.84422582927243;-0.338921762098837;2.78708394057468;-1.6766467416357;-2.33483404131794;0.443956236969229;0.387787208316402;-2.23404707181305;-3.08906376054628;4.23266515905576;-1.06837490318713;1.25814189489457;1.67213152755065;0.947906025227547;-1.98891284350531;-0.1304163398533;-0.406953402424481;-1.92424114241002;1.6238034814773;2.45373326675766;-2.99348739052776;-1.70065302787705;-0.539631867385445;3.05268894750706;3.5661371856788;-0.189740389120153;1.8809954269932;-2.13294675359472;3.30457287288085;-1.98235484137192;0.838130375606473;0.37595429180304;1.87799666769102;-0.398991088761101;2.09593656540596
-0.389827000242717;0.145940320233701;-0.629194477268849;-3.10050721513954;0.750731062882449;1.41919330795254;1.14708272272893;1.88454381679962;0.116127661282556;1.99640530683461;0.497287196649138;1.96246217619022;0.483933666654183;2.32937361024592;-0.450546184362741;-2.55031411365925;0.66796835699307;-0.260639567524415;-1.6861489043147;-1.04965565808347;3.56129928345744;-0.00881403585136375;0.0904452700216475;0.530801912022322;0.204545573407588;-1.33952881512754;-0.917905616605829;-2.11483072894081;-3.63911897148761;1.62464515985873;1.37615284670501;-3.33688908900786;-3.65276462965557;-1.18942331550754;2.16141164999343;2.83155413510655;1.2473307519957;2.3053881186404;-1.70471041687804;2.46965084596804;-0.662974465592516;-0.813457731989041;0.000177681626206905;1.92333837384791;-0.0520993453648567;0.166612459134814
-1.62316552818934;3.08755341066949;-3.42264680067487;-2.12459245319511;1.91512964910196;3.15469671450052;3.09765240054282;2.25673694177829;-0.846849320970925;2.81556150515129;2.23818967061425;1.99510719715707;1.32711837838618;1.33838418595436;1.32439605804752;-1.41268505208819;2.78697368939093;1.5536912437653;-1.3613734421331;-3.48181837419659;1.51437560415028;-1.97615247284621;3.38613020978597;2.39608381528681;2.91050785646761;-2.01689997070133;0.622446248094301;-0.291401695148388;-1.04071342725249;1.75248357426242;2.07307610245448;-1.45382390966359;-0.282484030117128;-2.10370656848707;5.08036629479491;2.04526336637545;1.92867097893384;3.99827659732037;-2.16199953043732;2.1440436369584;-2.64807658267757;2.9397629030459;2.8792512947216;1.63567575215468;1.9564317751157;1.25066945413595
-0.344436075004739;2.34020468419482;-2.0899259756274;-1.37139997698783;1.49462888227947;1.69907404690187;2.54544436881041;2.55503896064651;-0.41547096472856;2.09958722335494;0.795872257786912;0.362132543507012;1.2371004821864;1.32125694996519;0.87457292873406;-1.14098650177954;1.19200459945733;2.11953892447139;-1.57674993036432;-2.53795894418613;0.623920474974862;-0.496174814905499;-0.234851350195815;-0.743636788520567;0.00584024136912414;-1.86830530564385;1.82737602778132;-1.78015836595058;-4.60052527770691;1.42829327891367;2.76306726157022;-1.07047239574613;-1.40117670553436;-1.12905148108009;2.18541974400966;0.391975162313971;0.640950523231877;1.3350136871091;-2.11526395058499;0.791446524792577;-1.58183699229634;2.79935829884242;1.95970632316223;1.22277268889334;1.33494792937554;0.489867764102353
-1.44084362574583;2.40928953337702;-2.68232412984184;-1.96622064319832;1.66713411846166;2.75868182015888;2.43017989597945;1.54339978649047;0.44879028576626;3.44410597021364;0.181766346359251;1.10689523313608;-0.571613402763528;1.60699778811966;1.29051691529008;-1.7545370303019;1.38985810305369;0.359739023083833;-1.15602638172242;-1.88865268115511;2.4021657988152;-1.7461659588181;1.29491405376571;0.537835135237975;1.06159270130577;-1.76105040823021;-0.934990640824752;-0.759253515694268;-2.13439660814429;2.19967225318284;2.96201022633247;-1.8178648272121;-2.40588783905924;-1.75701604298297;4.73648067922153;0.889070477279484;1.18605715534337;1.95439032216059;-1.98078274087709;1.11442698718362;-1.20514988558609;2.41512183593496;2.07506724426974;2.07249648867798;0.716880678040746;1.95877303660666
-1.72703492964548;1.83544857093077;-0.742877532104823;-1.16157962320879;1.05479965960948;3.71384834178073;1.61095518197645;3.34330919712156;1.50182477993543;2.26720520280522;-0.293450293791293;0.053662966466393;-0.736658392607564;1.6242019051504;3.22297946307675;-0.23974891262988;-0.229475247449507;0.0397082113794921;-0.383613819786025;0.286018971655168;1.77101475957644;-1.54281170207378;1.61819470377359;1.56540449974034;3.32370999408234;-1.64452871268723;-0.619901648328651;-1.01259051684579;-1.01957676371544;1.86294178083795;2.38262249498853;-0.829406542902691;-1.13480760149646;-1.63223395291296;5.39472971905995;0.287186370960892;-1.30663153556515;1.72188597772461;-1.88135234057064;1.06398859339512;0.496266530389837;4.2891522454155;1.83244567377249;1.8147974119683;-0.306476822018164;1.23477882227022
-1.04691457227382;1.66081511966621;-2.25526480913285;-2.14638218381465;1.31015163948959;1.74814605174169;2.98437274803954;0.398046854329653;-2.09746962756936;1.94550189453128;1.74173082665998;2.08880713151603;-0.287388231992429;1.90550814202241;-0.908183755064612;-1.22327947084286;1.35925702766428;0.183029622827182;-1.98141914397267;-3.20275091202867;2.90777363266159;-1.19524464823341;-0.258532352648058;-0.0454180341583127;0.00972090504182167;-2.0815336524825;-0.831064023230842;-0.395407774245571;-2.58835920181187;1.51110558860912;2.71941082515009;-2.75623917569365;-3.07526078241482;-0.62462564305348;4.06737631745926;2.07855105676524;2.39017755086936;2.42856328737992;-1.63507347864918;2.44169892498835;-2.49234968070131;-0.331366767758219;1.71452698775903;3.61452457183012;1.03865454031813;-0.853148527824509
-0.311745774416855;-0.114597120498409;-0.195672375589923;-2.28574784435858;0.631986245605159;4.12789735289182;0.311668259865292;2.3612687072331;1.16477002765689;3.36046218463572;-0.837778763513608;0.740493267793605;0.11549887400562;2.62113815225051;1.71168661431744;-1.76607497592309;0.411757686510019;0.762275011742077;-1.05314163852436;0.346922857592647;5.09140319666252;-0.941072812521644;3.43956194352408;3.68844692985618;3.79201998863561;-2.65187136245445;-0.759558508086187;-1.26160195435857;-0.838281927375443;1.67998713157448;3.22890477062134;-2.29153655936218;-2.72720881403769;-1.32412255582728;5.00862922201863;2.28491806904326;-1.97219838338295;2.68303721121528;-2.26713285701791;1.5582481361827;0.463699791874734;3.59025288422895;-0.0206460769304089;1.19760497421245;-0.636182844654671;-0.305218068150832
-2.81993623728159;3.76020452219247;-1.94484534974035;-0.122915303160141;1.73085515565331;3.26163598066714;1.36319955611404;2.57678904993297;-0.403034439143582;4.3411828164768;-0.732253960444186;1.52646708061107;-0.389945539356873;1.41700079074919;2.596511669388;-1.63315367090401;0.67091817541175;0.770864144168694;-1.0610122110127;-3.60936175824878;3.00124186075822;-3.19894447938216;3.91060954232132;2.96753307440168;4.20991575583349;-3.17011452869534;-0.101477482014543;-3.19365765962168;-1.44253768080711;3.74883873383374;3.38359180332229;-1.35273015054478;-1.24313577310635;-2.36579627784258;7.27777028242033;0.703621177249966;-0.695103858826247;2.97374688380914;-3.44401460499181;1.10388525886559;-2.36765717644992;3.48835588004527;4.04853081407187;1.87699872834071;0.32156382208093;3.36260025210916
-1.37270968985948;1.15516403031999;-2.64613292899165;-2.63009939119612;1.48583953174084;1.01097523970886;2.54850962134505;1.96109527566283;1.4769434761161;1.71015449465965;1.53020737076058;3.48953993772218;2.85758297843829;2.11184703857549;3.09702197789064;-1.6190397033607;2.54986084184153;3.2403308582278;-3.21530320316408;0.239382393786653;3.69897260938097;-1.70156105244546;2.20767474526044;1.96574878135618;1.37835205461572;-1.00309539379966;2.12214856917222;-1.52732058270351;-1.44529735573457;1.93256082742742;2.57426760266034;-2.71659712768316;-1.85158265920244;-2.14839719760674;3.33679492608898;1.09587979368269;1.70527530201295;1.81157994301829;-1.39517560789257;1.43477957367504;0.0108801684875091;2.66024899106438;1.64840667194431;3.23342420465524;2.04958305557052;0.669838203052675
-3.29735267219158;4.20080389275267;-3.01413506315938;-0.50775169729576;2.11574991185287;2.42840879626261;4.24144523753439;0.246083243279592;1.21046300973721;3.73444716165227;2.25974798699163;-0.673557281009892;2.04043144407602;0.00977979453191158;0.337034281653904;0.285191533855492;2.5745050446951;2.414777832189;-0.768262354174261;-0.353862422881561;0.322925500877913;-3.19063047306687;6.36561202049455;4.83617315717785;5.59509335201775;-2.41726933978133;1.04327988934294;-1.83607979937859;-1.33822257556135;2.2068589719797;2.19968632417606;0.761768366409522;0.392444376525029;-1.77751983355234;4.50854662232357;0.0881107228438242;2.95896890897474;3.46386021164268;-2.16296196047856;0.628092674160699;-0.280435030142597;1.3277316015879;4.41154125232301;-1.12989259895321;2.61168822929564;1.48572728856679
-0.867100490669479;3.04768251164309;-3.54859629202555;-1.59591757510575;2.02789655827269;3.03057701231651;3.56112040653795;3.4169609908479;-1.84117496968633;1.65950179432575;1.95396324552499;-1.12567125213527;2.92736777592176;0.965899142408352;2.68696355709816;-1.23969373295597;3.19401666632675;2.55986737495113;-0.883980021856653;-3.69395945505118;0.779383481723867;-1.80767872605729;4.53077015561458;3.85264773736726;5.10770732096772;-1.48686283413791;2.29554122344401;0.0397287743356157;0.193140444131911;0.793667002485882;1.44241384281839;-1.07334488144539;-1.4254723464735;-2.58680040591899;3.65589669726089;0.962516126983675;2.67682539784198;1.6188340714269;-1.27642526740268;0.365817070585565;-2.98785373863288;2.43443484590099;3.42210675981331;0.645683625509151;2.63962342931181;0.696728615694106
-0.946568208236887;1.66397621301494;-1.13364534065426;-1.6572392608973;0.660031075563308;3.67187864718493;1.2291478934288;1.71187267631244;1.24726538542307;2.94558562741731;-0.346040204971413;2.39873868520345;-1.59036175879509;1.74656206660661;1.35382738059292;-2.44071509882241;0.40726565257284;-0.731538614571215;-3.56828156543662;1.10833045665827;2.20253936122891;-1.04920004789919;1.81461564745452;1.5235442973979;2.08829289575579;-2.92801591287634;-1.97454788535734;-0.88246586526723;-2.80087592237242;2.04603484497318;2.84453660142602;-2.04506708019027;0.0391233485688744;-1.24868188567025;3.47294747504937;0.375914523352894;-0.437977290258855;2.46291111101913;-2.69025500490609;0.481297507388357;1.20176569212398;2.31873042255115;1.38960917500682;1.96395001284753;-0.197927662981679;4.0618590142889
-1.85830868698668;3.08247177943161;-3.91158521197559;-1.17251695580235;1.12703325092398;3.12605557311973;4.19776621809936;2.15955342706243;-1.76906910198938;1.2892154567283;3.42721448367556;-0.349876068942136;2.89606776862586;-0.781349405820577;2.30142977031499;-0.0371254298781232;3.4368876631347;5.11520878127818;-0.369651275530393;-1.90928567798152;-2.42103668514437;-2.0903643559464;1.42984004134105;0.0792635021969113;0.856383064803724;-0.741499715450664;4.63084436433781;-0.0800452849806939;-3.47657836055805;-0.409696341925244;0.385149046883292;0.0886692897646231;-0.112822715525639;-1.55340236797414;2.98911272849533;-2.33446208745137;4.05162694677491;1.98621093265834;-0.0971472427645352;-0.28542640489645;-1.62629905258299;1.55868785534586;3.368035770339;0.0834590720657604;3.36123247470855;2.14775393575142
-1.94266903657883;2.23786568650092;-2.17911372461641;-2.32235394599259;1.47760049770447;-0.675308328979567;1.05613752924453;2.55322867852101;-0.371630567222157;1.13241539977918;0.122831218355771;1.55171682838071;0.555873010274412;1.6781379220617;3.16498027670781;-2.38614267534028;0.887786121102725;0.825137056161657;-0.628995971340326;-3.15494137996202;2.04473559543908;-1.99929944630865;2.95036713908915;2.86681571911724;3.00676638826281;-0.508863852968225;0.743822843466238;0.0617760766005821;-0.934493900005257;0.334554273598004;0.215636591424172;-1.20426485526062;-2.41518974655616;-2.10667160774879;0.19582791809971;1.1693706982042;0.673396838244072;1.08992162577444;-0.703507728182187;1.62024687203557;-2.13963401282515;2.3206609259032;2.41784677362761;1.90105688459149;0.610960672127972;-1.28608623278417
-1.05561176471996;1.27757535866412;-0.466777008666607;-0.54961234572556;0.195880296379207;-0.0882006919639818;-0.495861081466662;0.770248077153923;0.386272805635349;2.13723372143199;-0.410861634196049;-1.50495001619549;-0.071094330832318;0.307064047506184;-0.43985135866336;-0.309001838767726;0.311168515532927;0.115658657349837;1.30164125533234;-0.492730496337236;1.04340740699432;-0.821522395365977;0.0294191815104884;-0.505575460650783;0.679741454549856;-2.26359465585185;-1.2061884412018;-1.73340113287362;-2.50527338410751;2.51813833028179;2.74896530007763;0.106728178975946;-0.360201450591912;-0.45454727910413;5.22617130521103;0.790909516116709;0.560204082369678;1.4162325220715;-1.9096932637149;0.958338347469231;-0.489166568022124;0.942607532192718;1.06192212983902;0.10649590858556;-0.174552164209532;0.797917074965986
-2.2679980942614;1.73310234663313;-1.49641670065584;-2.74571995618101;0.852822395555511;1.48365125336766;1.38620507832671;0.847645440357237;-0.692139420713308;0.454666023086008;1.63513140799823;1.02980008235809;0.63413083799243;-0.0926835882939958;0.302811850849294;-0.702352763391792;0.771765704820227;1.33126217820957;-1.22381729495314;-1.65092388913573;-0.753442445333311;-2.21773185589279;3.02878446966293;2.25165114406742;3.63694150121738;-0.702105487354999;0.779734507123375;-1.32134307778463;-0.700803772970262;0.289757188631957;0.424073300790362;-0.919026924791894;-1.09984254795427;-0.784128739436455;1.3049197506487;-1.0259347026957;1.47359085289618;0.189624380283787;-0.853847479380767;-0.236165484197162;-1.31049669504176;0.0162543174895994;1.84920343939665;1.18715622435753;1.09077187725581;2.5055211645498
-1.72882910411928;2.32705160282886;-2.16625608317652;-0.884284326982965;1.18425778829421;0.897895566107484;2.17076958341517;2.07734130802435;-2.57400984908658;2.06838059702097;2.21771652226762;-0.236686358419776;1.59668362869498;0.899791501022975;1.56710630860835;-1.09872903026823;1.7245043810799;1.74002884516353;-0.0813974830871576;-5.27168570211821;1.97240280576674;-1.61543522787708;1.18109430850736;0.353441345967768;1.95606170336864;-1.64847377141585;1.81428629579566;-1.23462812216511;-3.09498317848316;1.37100822057979;0.870492487802391;-0.690739746989895;-1.10488448497733;-1.67803524618411;4.12954674252755;0.148806265168104;1.79465036281742;1.75071303583588;-1.34024655797658;0.108677089382205;-4.02581787032708;2.36203954129909;2.52089865374352;1.52613363961042;1.72239399166372;2.50377686341852
-3.54311407056469;3.41769709117258;-3.45060539134061;-1.40327582378233;1.86038931638169;0.234422328497467;4.31554192267556;1.08668715908432;-0.81031340305639;1.98623725386516;2.04512296074559;1.59034765102116;1.75387802087444;0.315980753110403;2.34459478594367;-0.708413835012099;2.7572523390892;2.31385493478786;-1.22535992919948;-3.27077122719983;0.695337571848023;-3.6026911295651;3.80650239698185;2.40248879664135;4.20208464958748;-1.74379152714046;1.49284537770255;-0.799382420546865;-0.995632539915507;1.331836430266;0.986101103441228;-0.830844722329853;-0.384945903708347;-2.05916074415603;4.80460692122502;-0.711162841234703;2.56447518685908;3.35456189473834;-1.31335471104908;0.671369861541063;-2.37870398066953;2.56428767666362;4.08973671045565;0.502765749170571;2.55963978792353;0.340354901332807
-2.52147377183642;3.18521895176836;-2.35239413298091;-0.676721734633132;1.23606012315415;-0.0312606234036102;2.60208359183039;0.552354247008832;0.151695249454397;0.925984942192364;1.53704952932215;-0.372720478014229;2.5788018773295;0.381857375144561;0.984700170680973;-0.0584690017776067;2.20121492854793;3.13383648818018;-0.323349393742725;-2.07225370144133;0.0401068063593518;-2.52804387835375;3.54787969801954;3.35612640141862;2.8810682345187;-0.419401025977544;2.72837209195567;0.196200132684475;-1.65969770046931;0.571149740890068;0.483614098627403;0.467727242575472;-0.257040490020524;-1.55224503538804;1.98111565328071;0.0942617709845783;1.75529710294261;1.51626117538708;-0.47293349864072;0.0548556129152413;-0.94138796375133;-0.117622314978354;3.13780376422379;0.542513501978596;1.90776428209298;2.70110720177195
-5.29793261736305;5.47766427368277;-6.39796406150732;-2.10834427692783;3.4115452021677;1.28811115667716;6.90951065445701;3.92305640686152;2.31724262673567;2.58918167682895;4.26851276515766;1.73484696287438;5.33557238942555;0.974511615420958;4.94130882719682;-0.619158172862815;5.03103306367988;5.26568129754966;-1.42821124275602;0.0861523472927381;0.771846723077513;-5.07981624366172;3.35904377326608;2.22219611112707;3.9584697461915;-2.45864808937093;4.17233022770985;-0.825151509341294;-0.592517780800115;2.45975512412943;2.57595027301559;-1.18611267703195;-1.35426094265418;-3.73555055092726;3.42189041269195;-0.582600941023791;5.50876575530257;2.56951104087247;-2.54411289270833;0.29316187259304;0.768344054294696;3.33995973084776;6.97449396363286;1.19097970663615;5.54076449576899;-0.884215581411381
0.200834435728054;-0.761070133087592;1.48690700901138;-0.562014260463519;-0.68851572406153;0.092193796138765;-1.37085118433903;1.2501182109156;1.47366121570059;3.42898067599594;-2.40393164732286;1.38553414511515;-3.69617339618968;1.35701228139769;0.692386378648167;-0.747784740753901;-1.73964551511232;-3.33570338760623;-0.0848105375866663;-0.340205265504417;0.224485322591847;0.0584406926975796;-2.19434284256538;-2.70934484551211;-2.51244730453567;-2.64641308827619;-3.97072885051053;-0.182137118901535;-2.95653983112278;1.85634733811056;2.98834502461878;-1.4790257745577;-1.0920623535685;-0.591782823599359;4.542903356045;1.12956955805907;-3.58436353166277;3.26528483982772;-2.239607045638;1.70747657753221;0.360671767726271;1.3677505233045;-1.17677424405426;3.14030148346549;-2.80381059984345;3.98295131267988
-3.93056639462299;4.86756927697042;-2.58537048639745;-2.56029844676668;3.21156104888815;3.50218813484154;3.62557727297709;3.90648243858329;2.32056139455075;1.66504456357603;0.695470166591995;-0.00264786888017554;1.92040972201349;1.57268249071275;5.05696102570975;-1.20298391494557;1.72521302364867;2.63264365009976;-2.23720476023217;0.687296488410666;2.58190205167155;-3.58773893769883;3.19959252383974;2.18292201291525;2.35198357873433;-1.82796778983083;1.81985365510944;-1.11574278184137;-2.2639098193456;1.4849915589697;1.27674954191828;-1.06076801150245;-2.17298612934288;-3.89362017418331;3.1241743312318;-0.775275561271893;1.19187479733269;1.31671931289773;-1.7002401744;0.0642587737685253;0.619678946647019;5.43385408628794;5.61762879312189;0.517698687921143;1.9888960859157;0.394706472192281
-2.23775352999706;1.84139157228014;-0.776579475109471;-0.683970842949747;1.13593656015171;2.41147243861048;2.26043381499568;-0.588277052131672;-0.467085131524331;2.50166414850228;0.16603779784531;-0.0167188187213796;1.76930650396453;0.201593048183174;-0.458691885131057;-0.786685575493641;0.626001574596737;2.3358999701963;-0.0125049393013978;-1.51381797836033;-0.286351358175534;-2.35047929422349;1.06389478552615;0.235728399657194;1.76997401079954;-1.43246684825332;2.57731547613284;-0.574569352036517;-2.70358390054606;1.42761486752305;2.00754845570428;0.284969771783768;-0.566281285007266;-0.689303747246712;4.61170439180705;0.600798625077987;0.40833002877879;2.28941430509596;-1.40888699813741;0.460832063402121;-1.22219145886392;0.365402407250072;2.42550198912157;-0.089936359447157;0.407068649257666;0.246390285610019
-0.0774929989742437;1.23536832237078;-1.06064182546842;-0.514034047015301;0.635385946609749;2.62298361336967;1.78514984362305;0.380243108106375;-1.17817866000829;2.93399590830717;0.329235725398891;0.476482090233945;-1.08842645348023;0.472971149865011;0.517339921018156;-1.00459807114843;0.371480956989132;-0.675447924937086;-2.95592633455185;-2.90443409715454;0.550373121669558;-0.520695175090204;1.24800013216073;0.652426918941053;1.57800961739941;-1.12195600001226;-1.50933920028264;-1.18317757258939;-2.59896036213588;1.71648436735048;0.861941541955424;-0.929197829981094;-1.24442366061262;-1.07274032662487;4.01029332517727;0.734443539648112;-0.449443933399023;2.58442768698772;-1.18770789033382;1.01497917182956;-2.22862433039824;1.77134436414941;1.2481105883861;1.1293933151609;0.174233819164952;1.72682472567701
-1.67268804958281;1.75779935094324;-1.25884756090327;-0.741635660524447;0.71487140491707;1.32247056864992;2.58246076029075;2.89738925869068;-0.102487150330428;1.65335844743447;0.200345571268404;-1.46379827000574;1.80060810666619;-0.690497757338032;0.928832676385804;0.314544237093971;0.789542950850725;1.65975040851154;-1.79762644076962;-1.7754688784258;-2.31917562023393;-1.69819910501545;2.03339514794929;1.13575207639719;1.94931528325656;-0.385333092018975;1.14926417385151;0.381932976457949;-0.805283275984764;0.456334749734501;1.0850501895812;0.806238992214086;0.389218187569532;-0.966547630770092;2.23538282837612;-0.612529202626182;0.545588285496483;1.98577566108692;-0.590545777918794;-0.364419265294461;-1.73927809957002;2.58903539218388;2.06622499973158;-0.554947578714438;0.890385993962617;0.0904675374462737
1.07256787391723;0.177682883988978;0.805591433329669;-1.1998310920302;0.0611470962892733;2.89989676177513;-0.146443569889704;0.40089793064785;1.60600332837929;2.88492212960092;-0.0318713757782106;0.81444950619252;-2.47539551048234;1.47345710230139;-2.85247122575664;-0.245759425020573;-1.19538836622416;-0.651742265306215;-2.04828714861647;0.728618709254982;1.23575841959976;1.05508581897957;-0.0780429879907801;-0.21119578011397;-0.192840982616961;-1.78720651350983;-2.02774587643655;-1.12684821015777;-2.73377120666737;1.71087549626542;1.55944798543853;-1.0249753017894;-2.59036382217147;0.288836737315217;3.9740156748551;2.11923962230062;-0.41902718622367;3.1367891893746;-1.62789523599247;1.34266399703702;0.849551392453918;0.483858850953478;-0.421721647166479;1.09215579532178;-2.01839791788466;-0.682573151278172
-3.00258069359088;3.59918444742498;-4.20988200121233;0.00719386751532562;1.77092826192508;1.18981840674559;4.72650049921018;1.32508298251846;0.544812687651714;1.45826844065905;3.1843850441505;-1.92303076390897;3.98634053822958;1.09194868717688;0.781927973950855;-0.123817140683382;3.17253531337512;4.49543277924617;-1.66349126810177;-0.304719498757086;0.681105358195131;-2.76230891175373;-2.25726527360955;-3.05596878986446;-1.57733625091099;-0.407872755463787;4.30381710324367;0.700980284067587;-5.3718885251141;0.37508871159766;0.810398554642121;0.0740894402021235;-0.542024589726937;-1.75138607575268;2.33276284483659;0.530724109607213;4.17038089308875;1.21066693745924;-0.115451267049232;1.57868315512798;-0.352887592252857;1.74512446967569;4.06444005548455;-0.799605565555421;3.56173849876144;1.43534200895688
-2.34527955506916;2.93297101185021;-2.62036818742361;-1.05667883263757;1.49551274049525;0.321213580927095;2.48572752033657;3.66477925246821;0.210611842175813;1.34715170957454;2.22764251349627;1.29619255998232;0.724459181651693;0.781623820866811;2.88950991695147;-0.872913167772284;2.17609615425581;1.13588702934314;-2.15798432946933;-1.61628300395052;0.141143919179543;-2.32131530583209;1.09675167415555;0.418213731908652;1.62125036837063;-1.62510756989577;0.918668216241359;-0.957200247339782;-1.86639652997332;1.34606205174593;1.42627663599903;-0.732473778843374;-0.848526313597844;-1.94609047395034;2.86388939747966;-0.450012047618386;1.42643098994567;1.56980536539036;-1.29903674971448;0.764727948071026;-1.41100018576033;4.05790622713912;3.59814292649345;-0.0441810203472873;1.8660775805851;1.862303623522
-1.12587325595007;3.32412532726269;-3.38639737463145;0.126310638927622;1.59098372818726;1.57515274453751;2.46943569210748;2.42325886776719;1.30267597020355;4.07385217359216;1.11396291313278;-1.40712460047069;0.0341702745962775;0.0308696880651218;-0.00565165361922815;0.731730373300823;1.03945318096855;-0.692316066347843;-0.292613648422738;-1.00405474333555;-0.29106687810357;-1.05237275009214;2.27703700479017;0.623038224756356;2.61913911691618;-3.49140744768587;-1.06953924171178;-1.98540849358956;-1.6271502873883;3.02688565881713;4.77319395974832;0.657841390372831;-1.86196346659306;-1.18407305643105;7.25919440994887;0.159257369451958;1.63117354144476;2.94574401545941;-3.59141610935116;-1.06341953415286;-0.505087603170425;0.828546807860407;3.62647033157899;-0.164601373470819;1.20604418413698;3.16482691923188
-2.66722647493484;3.49970505416046;-3.59097893342866;-2.69647007821086;1.97393624268654;-0.0131621135615075;3.00990557142982;2.28632516088068;1.77250524058039;2.88950817618456;2.57902409648152;2.23890740328167;3.01143303259547;1.7856340854371;3.42330231574782;-2.59408652047581;2.58097728220041;3.17226584105777;-1.48481336011088;0.840171382891029;3.21475977341713;-2.41451340048252;2.63569033731117;2.09581102935837;2.93805729346855;-1.55299443061962;3.36248302518471;-0.605731256238301;-0.364886883673429;1.38706442704495;2.45147420265153;-1.68058608124472;-2.14380896886146;-2.94711005421417;5.21436077882032;0.829284970677822;1.98215276058193;2.26941311280067;-1.46100556112651;1.98142428437966;0.999326177207546;4.86286680917822;4.04349466749134;0.839830328592101;2.73026079873465;2.07197750445513
-0.0717137441491367;0.472705389794611;-1.97387558925206;-4.04389020759606;1.11624195535829;1.82261252253857;2.14105956436072;1.51633720710211;1.86700436392;2.66064736360624;0.0484214008823315;0.909345843054769;1.52695884593063;2.49691024906013;-0.247702590051728;-1.59310007323404;1.40849103722747;2.48521363824936;-1.73780396029967;-0.00061123500577176;3.30566483877312;-0.200111314169564;1.46530047766798;1.78184603322357;1.40009867945996;-1.60275850232396;1.93537332853723;-1.32736146111229;-0.227494534959124;1.70199384472424;1.76268150119324;-2.70059179362769;-2.23863487950604;-1.17174468591133;4.01276824462743;3.2202949495391;0.963005477921835;2.661333771059;-1.57867585694166;2.83995658816751;0.662679735672953;1.6816319957851;1.19113291823571;2.19188830740955;0.975155922767045;0.0498489353050756
-3.09412261027169;3.54280773535467;-3.77460016044688;-0.0692142955939134;1.90689883146225;2.01644608351105;4.573615080163;1.52937367478488;1.11239909337949;2.18755020161115;1.83367062439204;-0.168282358935036;2.21810380486131;0.416541705598332;0.913655462943422;-0.11522478335041;2.47124240635774;2.40986807647625;-2.44441836303004;0.283768337159013;-0.0924817111280859;-3.3987202458033;1.63731732190419;0.57098538119398;2.06716394780716;-2.31786307993298;1.52339009394368;-0.32903193844513;-1.44252046622207;0.844220931293909;1.83190127232301;-0.589885771930412;-0.669072725780203;-1.77454031442463;4.24442615356865;0.116057450877381;3.0110809323995;2.22643046182578;-1.12952857123266;0.775600002670228;0.039504637118225;1.86645480437809;3.94248016044412;0.722088436325981;2.74260347912168;0.980340958990897
-1.99043372470533;3.14167277286437;-1.74419968931169;-0.664190363075169;1.54141833774028;0.682148008843688;1.68335801357603;2.92299112752537;0.456681338210859;2.90568201242644;0.698537824192424;0.435698972330093;1.04123647777242;0.598621167682607;2.34513495047167;-1.83559158369065;0.934909031787541;1.7044310300225;-0.467705480694865;-1.38957186686932;0.430520745772904;-1.66417892307169;4.90141478410652;4.0006718243161;4.06329609840443;-1.99680358175758;1.120079195448;-1.75792208120242;-1.46627123215369;1.88336980581392;1.69960837839856;-0.307180296186054;-0.882194997718774;-2.27716723126495;4.6243054440729;0.161357627738279;0.0202479329837595;2.76567499745354;-1.8575952469255;0.443710894255125;-1.12564106335658;2.26242410986444;3.44554832753017;1.40314099554123;1.07175664088351;0.544810387113466
-3.06296546595535;2.15645394351559;-1.83818911246136;-2.1526805496941;1.42897618950885;3.61815453423729;2.95194280165364;3.51019584401606;-0.230059452853126;1.19916679091643;0.45912008757947;2.8167048329463;0.0183485594720835;1.49137449597006;1.550319161116;-1.21075922926566;1.06079225590465;0.193590926025458;-3.20568539431047;-3.38465711091574;0.24743189385029;-2.67563098204302;4.42280868876238;4.84079627507607;5.1777737607895;-1.30702533301071;-0.243019163492973;-1.35669547480937;-0.670229238293675;1.56421657042549;1.48380989533134;-1.99128707967626;-2.46931266417477;-1.42610736494576;2.25706187597871;1.4734461695705;0.743853593891002;1.38333939019014;-1.14972571990457;0.805985814885391;-2.20776985548718;3.42152366270521;2.33720603054795;0.492658110501734;0.812718259536962;1.30640331273899
0.182266036271242;-0.468178258016659;-0.524272695450267;-2.48251557686327;0.32722398089425;2.22756450054291;0.52369633401156;1.03014692889581;0.86773498646706;2.83847826535138;-0.319514445556749;3.41029668471551;-1.03978668182051;2.48537621908132;0.599054594387877;-1.6260691999821;0.0156454227091154;0.876934341305361;-1.21051659637198;-1.31570224431513;3.67992096329718;-0.0933024730871794;-0.21985724480943;0.163268917394365;0.471414125326165;-2.24431866553602;-0.00128305264396479;-1.11520874534;-3.17672034439596;1.97600338643955;2.05802292857355;-2.70038698374876;-2.47508852148601;-0.827532913907325;7.28990728811566;2.82994073348005;-0.283175069010858;2.64875432876084;-1.9527632254046;2.47607606927503;-0.589996185198318;0.64874734850896;-0.852933569640389;3.83701627011607;-0.40410350300443;-0.0745516998454842
-2.58549001314877;3.61298592583089;-4.09030481362684;-2.42424178881959;2.59316465055742;2.01819850097742;4.86876271603026;2.42737625509254;-0.335744051296952;0.960108760114125;3.55155090171579;2.06285471816124;4.03100703407534;1.49619110400433;2.39769657922248;-1.84421532970163;4.28081707518868;3.46374911401571;0.235785382898059;-2.20163083130149;1.23922629538022;-2.52316004525147;1.15613931776391;0.535555343210005;1.51095774550047;-0.844956126907336;2.83376816211484;0.101488405916305;-0.87496905740959;0.445901120333455;0.214319625478582;-2.09447573225065;-2.49591767181438;-2.33089620668581;2.89884273477526;1.00655426120708;4.72314583783353;0.845416968385027;-1.16602632477791;1.17123749503756;-1.57294613777699;3.59362750718234;4.02841422985928;1.34868752881747;3.97774528309794;-0.780975531109022
-0.502280285301438;0.593930638539919;-1.28667596627057;-0.498191651973553;0.623606431607514;1.05323644488004;2.71815613913863;2.10020399668408;3.39913114298883;2.78949251138344;0.777918944448497;0.793596677736798;-0.304489005365545;1.25710957910499;2.66191292118276;-0.903988748989024;0.727952407444528;-0.0272690971209738;-1.38451960542938;0.659315743947156;1.46326410459696;-0.867442523009838;2.66301981927556;2.54482537994496;1.21370711166143;-1.41977938529989;-0.724820932200091;-1.50868647548215;-0.554497045212381;2.03455894795638;1.99705562040112;-0.553052914939333;-1.2506993988128;-1.77196810890347;4.24437953872443;0.194830548125001;0.140801235347409;1.81128973354705;-1.96816007048982;1.30051046622105;1.32813145712543;3.18419544999022;0.509014942115579;0.155396992067691;0.390387657277968;0.620411155517179
-1.24692217615056;2.53562684423308;-1.2364888561505;-1.69179666863201;0.508541415179312;2.2550025683608;0.986715463360294;-0.253588792571496;-0.371260947057378;1.86016762359176;0.987620698258416;-0.10105409331988;0.859408941344776;0.922758749172332;0.0793046721814655;-0.363423101252216;1.67405912162579;1.08612684590289;-1.17139036462759;-1.44998630119451;0.251878671415107;-1.34229785180973;-0.471980270605854;-1.58637692291519;0.940802568328503;-1.23340448665492;0.654559203174734;-1.42716144138799;-2.27993733744051;0.403177124752004;0.983606599864165;-0.107664857580778;0.814175088857994;-0.27189053092728;2.70757187572143;0.947221910129103;0.770462493830446;1.3715334212256;-0.771736140431388;0.779307112176462;-1.10664245728229;1.3367403397658;2.23275852002801;1.40269341793545;0.662349946612998;1.64975574450596
-1.31220934299556;0.578454521214735;-1.02609944984163;-1.43119388214202;1.20636618314962;2.75271958964232;2.54862798638176;2.23528743636446;1.22118549254959;2.67275828086867;-0.821455992225813;-0.276058059862758;0.702520897223435;2.88927127813646;1.86450549947694;-2.13838898438802;1.20028510771105;0.61356772282112;-2.04986668648145;-0.965224706765782;4.60974648429159;-1.66538238888481;5.10497176314106;5.79771302636616;4.43359640107066;-2.25793703367322;0.279039269077788;-2.03168127677721;0.421495879367791;2.76627532371451;2.82179863354466;-2.51894130113768;-1.04276879663741;-1.78383450336793;4.35509769004037;3.29266894769161;-0.948119331714654;2.23423176006272;-1.98917420489556;3.52391071624842;-0.0929341923954179;2.04872115955494;0.704821393953565;3.06641007093734;0.416438004245076;1.68092159618556
-2.76712803006878;3.58964823027272;-2.77389047652439;-1.24873190726787;2.01069051144136;1.00460655203445;3.94863710987405;1.18434004123992;-2.73635874211757;2.47253317580155;1.82118719315568;1.67877001963553;2.1549361173221;0.997597329322167;2.17023497401189;-2.05205114317854;2.52030302378767;2.51905885744215;-0.378759480123099;-4.08115367582504;0.764504147357184;-2.81574868525145;1.14072078887921;-0.069068328537055;1.61478711777147;-1.21509359665628;1.85481426921524;-0.541941808760439;0.205861231953347;1.42497362677232;1.25127898044786;-1.49466268963473;-1.07982054357174;-2.41705948897343;3.56056754331754;0.0365620083085244;2.60998259047602;1.49822192524611;-0.99749639505939;0.431317543859456;-3.73579724820802;2.36808986786872;3.93333674930994;0.912193708050244;2.29733085817244;2.63191015373344
-3.27782790295067;4.88403013612918;-5.40199733341189;-2.62126006310424;3.85340097395392;2.71314825281823;5.02481479870226;2.39221509523289;1.85083667088643;1.71327938679076;3.72499720260185;1.73008597228037;3.77157946180491;2.30464497822955;2.8596902250351;-1.98598410943215;3.96811130429723;3.20361803812612;-3.27633652191701;-0.931606668844867;2.54856762970813;-3.47794587494992;0.724439448684999;-0.20611891179349;2.16915866957647;-1.86334988626669;3.0542466518816;-1.42081189614052;-0.545052508966284;1.58942769659944;1.64590457954461;-2.71729416872739;-1.44131558446377;-3.78663593439634;3.44257674844219;1.64583541946095;4.80304391523641;1.97800309574913;-1.71753395305705;1.75800847021416;0.104373233361419;3.45772962038967;5.5749599929325;1.50560016401309;4.29081736740738;-0.397751892229384
0.376860278638679;-0.258167227982451;-0.41003619479904;-3.96863306391582;0.809065853247596;1.89385316542445;-0.738682465636111;2.10491294917922;0.573277470607341;2.14324373577992;-1.011411727076;1.39845902118289;-1.46525097124742;2.40162683665072;2.39863082110256;-1.75138110448506;-0.0706049666827898;-0.704411902565925;-2.13855663887127;-1.14008047345645;3.99805354074365;0.161015376607287;4.40371335960437;4.89352741115806;3.59210043839711;-2.10576487092473;-1.63230122226239;-1.13862949478858;-0.252802888553768;1.94481388093413;2.63253182505125;-3.16414703312216;-2.29931925197358;-2.15292279860756;3.46130775184215;1.895452299746;-1.27332396349484;1.61865734197758;-2.12459114217483;2.57047893495478;-0.569230757206976;3.37855266444539;-1.13208446455597;2.53402133382955;-0.808838451740127;1.04239307952
0.79782371180522;-0.441822390604186;1.30027621077189;-3.14150547378759;-0.36060187729421;2.41813376264198;-0.838009449747011;1.5192825742527;0.540294770073212;2.08724864434669;-1.40364422894232;1.21968613985606;-2.97725493312185;1.60139477104158;0.473077576546978;-1.90473144819354;-0.808022447049526;-2.26553720396307;-0.778592445707276;-1.71565807712543;2.36788286556916;0.903005743760409;2.32796106007686;2.39464336603051;1.96838566583059;-1.98033693082005;-2.63648527731703;-1.08713799741303;-1.99299613583588;1.71668969774499;1.3415828675912;-1.36938620672726;-2.61878444467399;0.118784679781598;2.97932045478975;0.995076970121377;-2.13235275032291;1.64784391892681;-1.68556586242484;0.923861909381752;-0.850813634166658;2.68699299709211;-1.10793205657036;1.92998767658007;-2.09835411002629;3.24688804608919
-3.03241193058542;3.85689935675539;-3.06582976404288;-1.58617736850896;2.39884673603602;1.32754662078277;3.0582289456487;2.66435521201735;-0.0214638039360924;3.28146105095507;1.34493758465485;0.251157547485241;1.54645259918718;1.68530281988093;2.67233514687659;-0.898951065175841;1.34098000825395;2.82373341463334;-1.05064808376887;-0.817561002123883;2.58262940992181;-2.80797949265166;2.93158360806468;1.85971493641649;3.81529466924428;-1.49460118252154;2.02234237749322;-1.58266667165074;-2.05157258809806;2.00609653064908;3.00710694826597;0.114632545433191;-1.2543705369736;-3.12567093157021;4.63724675843535;1.34901137969918;1.68992442205751;2.83581283670938;-1.71860852934555;0.743819520307847;-0.704032821747704;3.36386043308784;4.77038718062073;1.06237042327107;1.84265457127687;1.24152754871703
-2.72635369862446;3.67479760488302;-2.63774291856278;-1.43969163927627;1.77460704211537;2.04923847703241;2.62021053069106;2.04374145321514;1.23001533551966;2.47481924553386;2.60333784058393;-0.107910861301322;1.66963303189604;-0.834929748600318;1.34614032535722;0.0823261345347091;1.79499626720256;1.61217943241785;-0.0453906660138595;0.32631309003154;-1.39595343180123;-2.87011170874984;2.91339035262453;0.95328098972643;4.54911043360095;-2.56688886401752;0.586805394794893;-1.13038506724527;-0.805926937740237;2.47870578119066;2.87582751461286;0.69456763945822;1.764489873967;-1.50803022264014;5.03551231531205;-1.53728533943555;2.36182962586223;0.792032916693409;-2.46810177636825;-0.107926622762296;0.576446380034295;3.18909719525263;4.48549526003891;-0.215403616026426;1.87245793676459;1.80635855318108
-1.9222062753336;3.21710650615148;-2.29292084486125;-1.17779769500481;2.00253276760268;2.03379366844958;1.93720199427823;2.25493301505869;1.48104996399464;1.27882177381868;0.185051193033376;0.646351721260882;1.07629194456028;0.976803052872303;2.13897434853993;0.609704146248903;1.51642355539297;0.739682164048804;-0.98591238677948;-0.418568552913738;0.103866648244104;-2.1422800188943;2.85853773971598;1.78357896150172;3.14709995127477;-1.48562688588021;0.748829504014437;0.368440259726625;-2.89107741408329;-0.391552078902206;0.24708566871458;-0.173085806400539;-0.61494537416153;-1.60493283637082;3.13110411283359;0.663964747676822;0.858953299806991;0.865295662278041;-0.878785519372994;0.948576027100928;0.357194084082986;2.33285920455249;3.54518608742157;0.104724395783504;1.64786223383653;3.60452568757402
-1.15497213869555;2.79144886526921;-1.02841071940698;-2.86933883914168;1.43366301835262;2.27883341503068;2.53528177940531;1.65807726073252;-1.11685848386806;0.659903784163081;0.564840964447289;0.900152939292712;0.718478031626684;0.482190683876372;1.5974622801802;-1.10910155931381;1.36642205547941;1.14064592542649;-0.761929302153374;-3.12897172787083;1.28644578046908;-1.76159003183054;0.711736944776903;0.307615249629437;1.20536675531302;-0.541748603127866;0.498857151335171;-0.164314498937238;-1.51714048974545;1.23651460585514;0.183826493881161;-0.909178276950024;-1.64629485743802;-1.37902240013448;1.58650050069235;0.408565277261659;1.14255157541413;0.262092364723113;-0.20727768289313;0.114545333820962;-2.08268125508807;4.32835438560833;2.69315035956502;0.946204246106375;1.19361525652175;-0.158184706912255
0.931305342774716;-0.0996824416536803;-0.786452747449386;-3.2198370445139;0.949746266456357;2.27364316496621;1.75601291896487;0.579608670830813;1.57762256352733;3.29454153472736;0.168863860132768;2.0363180287861;-0.336553645857218;2.36005358360761;-0.628638124673383;-1.80397889967786;0.26704010232529;0.697380260767969;-2.00273071392853;0.664318795788041;2.81435601189534;0.874289447760124;2.66700332115588;2.7857900003315;2.66787979615075;-2.51417077673367;0.397368153221496;-1.6972347465523;-1.19947996196942;2.58673298765823;3.20579253967063;-3.11601850433379;-2.65023197134952;-1.240314870914;5.15381611386321;2.13471239929323;0.642239361814352;3.00618495432696;-2.8307007726357;1.79322027266082;0.764591686741423;0.983381477944328;-0.407464678430149;0.866011084619489;0.0398196689433208;2.05469304223233
-1.21210948988909;2.18928641723067;-3.0171918840386;-1.91113173881343;1.91498178211738;2.57709224924441;4.05587470040324;1.48839906351367;-1.19473835594418;-0.0661826379218255;2.41185515577065;0.45269001574325;1.77516461682963;1.21337724196395;2.09614880017238;-2.77890015074435;2.69938367895135;2.01801039136688;-1.35815995456043;-1.8321471679168;0.0399364792430289;-1.23816198618074;0.832592257864831;0.715636703120386;0.723259704816212;-0.365714738613499;1.76557759023199;0.743186055731952;-1.65205513495256;-0.265080102412032;-0.173151109015041;-1.93037439637059;-1.87310391952868;-2.22609471282125;-2.10033519921678;0.347842777197605;3.36350723319592;-0.0433086859859271;-0.338693781922188;0.921357299497436;-1.28878889140522;2.76943275296906;2.47104268030927;2.37025826511363;2.42197781994367;0.0600379947213594
-1.41989900970082;2.41871965313046;-2.56847224075863;0.970417415648809;1.17053137488238;1.31974468542471;1.33222704753847;1.06894150656223;-0.408558712526998;1.90827177205583;1.44230759064293;-0.929018944313038;1.19199844348093;0.595700907627209;0.698148144801404;-0.247948680520419;1.6410263284984;1.73027744720514;-0.362386334934641;-1.79417965286423;1.47382633318961;-1.61167505935161;-1.00907401230575;-2.16853373231168;-0.76575625318909;-2.69432840000888;0.480995506112092;-2.0823388325947;-3.84181832636671;2.06936046745051;2.31455835459482;0.313952729726811;-0.0381043242955904;-1.69437785316232;3.59414108483593;0.65770026474423;1.26621760384853;1.58827019613869;-1.85246478752299;0.0330565518126164;-1.67557307785402;3.56194387569074;3.1249871841081;0.224897041984393;1.06811289710881;1.00216779764021
0.429400745784865;-1.15108948225688;0.813356307891627;-1.57986773308981;-0.139287016495384;2.89409045761329;-0.402834403207513;2.12310081110388;1.98875431236432;0.983317904884345;-1.48920055677979;2.53835025926907;-2.080946758724;1.86834527988422;2.23904758573003;-1.36755449992232;-0.450065133040111;-1.42932401658385;-3.00616940585103;1.37269704985732;1.75769410384695;0.413227049565614;2.39351107102131;3.38571815606484;2.7028083899337;-0.252353342630874;-2.61431230778853;0.443225724389906;0.860049618156209;-0.547216031033615;-1.03072530735893;-2.28225017169466;-1.77651892482285;-1.15758693974829;2.8751355594001;0.920764078975186;-2.74237728606072;0.830563354399639;-0.079499976574842;1.80944231525117;1.49277262821041;3.25542303413729;-2.05146902775941;1.6399534830796;-1.42444185439412;2.43899797666606
-3.5908811516528;3.8111070332156;-4.17933898053279;-0.268429689246343;1.77580816968435;2.25405239095012;4.82487450648174;2.12780491828822;-1.98968688195219;1.46060955552522;2.65596084700293;-1.33536472928829;3.64037647386382;0.337187120101014;2.66356065556484;-1.05530297309158;2.98731637333273;3.7549990144643;0.111755567895848;-4.21969785633222;0.921690836889829;-3.66050150239247;2.93684253627176;1.83260910904322;3.64994953415142;-1.73888333711834;3.65670379047661;-0.77087633562359;0.457121691511782;1.89939398941352;1.87487441446294;1.27640635503571;-0.372765247589511;-2.06877608782746;3.13786124282809;-0.535676292851548;3.41306799272289;1.04215919578678;-1.66556178028701;-0.751489131546493;-3.19276264860878;2.80376328687687;4.56882681474546;-0.246980388233179;3.28480795336335;1.91391159019837
-1.76976573606139;2.95000287765595;-2.81417977059307;-1.05418594144077;1.34887054393794;5.54354611771023;4.24250523956981;1.58670731151825;-0.161645125194928;1.58377703471147;2.42047838514203;0.750229799682264;1.85503726244206;1.07511327943504;0.710897860177053;-1.47189861871623;2.00695923332442;1.64135408672619;-1.73269781894984;-1.71641003864543;1.44510926219093;-2.28328748854333;1.25520535602996;0.417968979304285;1.10187523093585;0.11346648217399;1.36912165391151;-0.553423000220049;-1.00349524850027;0.188780782379868;1.13179405187034;-0.744224197479745;-0.0526620480409187;-1.30241897481959;3.7799685591437;0.987072689342699;2.80996748140215;1.78039868918903;-0.689262864985268;0.616062095710595;-1.16817506261297;2.2641470941167;2.96461094017436;1.2981379643664;2.53265942927883;2.35403868935693
-2.10201877198264;1.99194134242384;-2.20754661677699;-1.29960377678605;1.05322699909477;0.00812055087271407;2.60087570839003;3.58841645934464;1.82594597901485;2.1223076901741;1.54532725973866;-1.11372716234961;1.69204810451228;-0.716192905713568;1.89759159280889;-0.776816406617254;1.59283066976909;2.19122445968743;-2.18240219069733;0.958971705411063;-0.860001876540946;-2.29980300608749;1.3795003041085;0.217509032406351;1.8739061725569;-1.65636559178849;2.03737887948598;-0.626136095683202;-1.10493055591351;1.52716786156374;2.57149471776367;0.05124614624091;0.116556442249485;-1.11585807369448;3.35056928016214;-1.59580465129232;1.01738017527298;2.10496035335641;-1.69895533569417;0.298172564180822;1.35951004671998;2.09704673112876;1.89322963480464;1.07962817311099;1.46669944416381;2.69620490427182
0.374622996103894;-0.0217133199034819;-1.93071354935257;-3.08516435994028;0.407966056237973;1.27208595405458;2.94533621889399;-0.407825018294988;0.724594387294165;1.51029148234474;1.94584347191436;1.87936386187691;1.52202490821127;0.952321534739573;-0.386168797463528;-1.71915740913057;1.6159017604405;1.68992847159709;-1.48342546057861;-0.161946289315307;0.206901681567232;0.259667516143752;-0.193776195081993;-0.420304263318121;0.410108068269154;-1.06304948178522;1.59251948383928;-1.44871583833198;-1.92202565707039;0.947079770364924;0.496144333969601;-1.56469680396457;-1.61055134910052;-0.963405958840571;2.84208349719208;1.53986514094883;2.45127846657654;1.70565941604015;-1.1813756611932;1.43355398664942;-0.130190204168589;0.889109472256672;-0.319678185977237;0.684500833329194;1.53533715507447;0.277120338749176
-0.432882837051618;1.41292776613686;-0.173247848658901;-2.95765386938231;1.26463633907228;3.46560886685325;-0.252299829472618;3.38260617965869;0.548135245463026;1.23758046371649;-0.690604350762821;2.73116699814305;-0.62929476559441;2.95568760984752;1.76600792069353;-3.0857460932682;0.14640817365682;0.28884595917902;-1.52952164670267;-2.03294620656198;4.65218178202416;-0.975378758805003;0.606013961058085;1.27250069709347;0.0152590770859788;-0.533730739839687;-0.0409861014331766;-0.744006887572918;-0.969602260397585;0.489326504568689;0.0902668763527965;-2.35382926135901;-3.78661008772095;-1.25433532228561;2.20856882618126;2.2099669194755;-0.973735059344458;0.679062025707407;-0.463368718944471;1.92404985735255;-1.04932353070988;3.94678078128507;0.89376064973486;2.88094055737453;-0.236402867023822;2.7333716160423
-3.09104844506291;4.31089205880213;-3.35540091237296;-1.65640738076025;2.14619208569054;2.70504763974963;4.03000561268247;2.89065808085926;1.43794244900492;1.39681089259217;3.00710056630356;2.48443594994169;2.57920781775532;1.38690122081724;1.81287755407303;-1.85855137880617;3.19231137413784;2.85134758843059;-1.83540022623276;-1.22833867094131;1.95345186897924;-2.94578523759777;1.77247277170497;1.25692122422076;1.24279825470027;-1.1243975528581;2.57150990752838;-1.06578348462646;-1.73723881568242;1.00032336842827;1.02748019295666;-1.65741962340643;-2.75371505246631;-2.68931075825516;2.66147418836017;1.17622951000929;3.24691383747147;0.477809956711476;-1.3353094646994;1.40846415515312;-0.448234748271186;1.21548243864509;4.26897186532604;1.14965428207551;3.17077462839047;1.66939539439075
-0.538896030515686;0.288382678098358;-0.446315257597006;-2.36123086234084;0.0478004956444718;-0.130051193438493;1.45145887891247;-1.18075207280042;-3.307393064105;0.1846127619947;1.21999369147167;1.33842281500164;0.915940571512345;1.5720094972874;-0.312992024962107;-1.64838716943568;1.06986951485441;0.421289133318875;-2.70285202600745;-4.88784475341497;2.91934565792716;-0.168506099961799;0.554732000254654;0.521304227744531;0.26601521832056;-1.41226976780999;-0.0147188996257596;0.249289954300817;-2.83166716143486;0.652519043599064;0.860745488013178;-2.58427251218169;-2.17537009307473;-1.12866035227057;0.449268700807796;1.74994437311334;0.701224377649686;0.579972993834296;-0.711422248479788;1.84856955473815;-3.89932865484596;0.301668309195936;-0.263005696546775;2.69153449527088;1.02297073209988;1.37600530174104
-0.471378212448858;1.12487487875949;-0.908845143884452;-2.64385065663992;1.62648392573169;2.24969134467433;0.285726563578687;0.75813210455702;-0.973146940816655;2.22419654986409;0.581973777721194;3.60512403577533;-0.840361496904018;3.35122723767952;-0.0747135687789453;-1.9098244347054;0.926383481144368;0.237886622059437;0.210889876667999;-1.45216031176453;4.20769877832552;-0.397879751033114;-0.528936005160013;0.0273257859521596;-0.817355024558928;-2.14589361108369;-0.350749731550873;-1.88441232861155;-1.58485167917449;2.32239277314423;3.13697737612051;-3.23569255892828;-2.64625190600211;-1.45935484750196;3.83553827047843;3.87243738439834;0.438046977081238;1.39430991324316;-2.61213685351265;3.29006385896219;-1.21245026631424;1.90485596143089;0.791117922074639;2.35163509220614;-0.113680167916703;1.44160796335723
-0.327242251265854;1.60063724290346;-0.461359922255544;-2.60069471032071;0.837545328540379;1.24371142321636;0.786110954069558;3.53259593565973;-1.68991124584485;1.52056102351078;-0.0199190388453644;0.294278176661097;-0.695361614442248;0.412877882106466;3.10723400358184;-0.629462962168001;0.471834933268841;0.302019355238806;-0.397477133204916;-2.25570121507269;0.718576993333129;-0.655350743251168;3.72397906951769;3.41399726866841;3.01202477446511;-1.35994936950579;-0.805160478854317;0.0284857501719817;-0.497937004587524;1.12891392618218;1.50094446774158;-0.0907056874022085;-1.42585035226408;-1.1309456028457;3.56751398548635;-0.656433333252739;-0.754274854595376;0.685170998113026;-1.25905181601504;0.184161755871218;-1.81288980550097;2.57133352797096;1.45643969105024;1.27679867367275;-0.239143121358446;3.07529815679433
0.102263484856438;0.270905209340802;-1.06554566273863;-1.45635321501881;0.969258427988221;3.32460270810419;1.70735770108435;3.02633477996061;-2.24794614983935;0.18515139230761;0.569168699611046;2.96744365617546;0.501630290030877;2.93536745715413;3.27806701985765;-3.83051157899056;0.576653805950645;0.775410761475405;-2.71531894182536;-5.06506628347617;5.32199463326552;-0.528530373747073;1.94097770365331;3.04394443966152;0.866383506517659;-0.06032837909607;-0.109838682952879;0.827036931717921;-0.57520764657337;-0.410512337306262;-0.50481737052261;-3.19292035810154;-2.74029149726096;-1.53105203472075;-0.0415008729754311;2.53514047232111;0.561313533880787;0.549476114903965;-0.174152216757236;2.6027495438857;-4.11349453003341;4.12817529961388;0.0543402550362639;2.62089053661801;0.384321086009137;3.04079584320076
-0.280634578743935;0.490719362848349;-0.864412179860571;-1.12349243345549;-0.180562545177271;1.03155431791059;0.313683335198186;0.649987916227495;-0.0362058024020368;0.450972868723264;1.33416872705744;0.40698291422242;1.48050603175815;-0.236967869901317;-0.424325816436535;-0.46041219879529;1.81087698834237;1.87353590357799;-0.613122385572844;-0.172012274872757;-0.431766159728211;-0.39943086395047;0.240384068118112;0.00183588797207312;-0.198971807897754;-0.699044266416061;1.47976362908322;-0.931530664115378;-1.28602773835999;0.845858071436089;0.63507184714032;-0.0570650621382769;-0.821774549503544;-0.0180822155059185;2.1612350716657;0.645301529970544;1.80721370528969;0.604315131574309;-0.489507909142295;-0.0665661157284992;-0.283218625782148;0.859889894793911;-0.180944144490962;0.996657441416625;0.491319125103343;0.347633593225162
-2.56535233894953;2.4913780767037;-2.68770939521613;-1.13829841760177;1.34321086229703;1.5096400859878;3.2793582337256;1.15032085410667;0.969158603836726;1.86559952228922;2.17990934808735;1.50732843483476;2.02836027243596;0.848468400489002;0.181298977185533;-0.984680895989226;2.02912057302682;2.21629708238105;0.80697123232089;-1.53251365022621;1.44662331721394;-2.58572637393074;-1.15248989805182;-1.95979904994784;-1.43723963169671;-1.53899270844595;1.88183068786007;-0.584855708913814;-3.33603126668169;1.18812195428143;2.42655622400246;-0.686291060672529;-2.10303520699287;-1.64650185302885;1.55886995938005;0.496043028107601;2.45587409429234;2.77831814556645;-1.84329096738957;0.69489723567766;-0.303654280864385;1.10927804347681;2.95543082025751;1.05914344267266;2.00998335205417;1.86133450169464
-2.7819090988503;3.74030628090755;-2.58962973042831;-0.729242994363993;1.31931320992396;0.478554145738618;3.3702820837734;3.86051973954621;0.129948219070365;1.71951574898165;0.928844335342776;-0.0861110881553124;1.05694498151027;-0.168361468815837;4.16946192030161;0.893864893277506;2.25699500426061;1.41512995485869;-0.337804507436242;-2.20463659976577;-0.717266118391577;-2.56236305496536;2.77843942682572;1.82358590178221;2.76276590793736;-0.894503807049261;0.090644448701011;0.153240072439407;-0.135590151111319;1.11172610162691e-05;0.712384793467713;1.53825068167734;-0.595414218805072;-2.38219470899325;2.32197650935992;-0.440361047550349;1.36444504990478;2.12480758368949;-0.61874849460462;0.166840823340332;-1.57294727818008;4.45804491593015;4.30162200676331;-1.02987103421912;1.63265975700387;2.93486021009169
-2.08886180884477;3.20739864635896;-3.09253047354371;-1.33754495270548;2.22844271618888;1.51053379356677;3.73609769728579;1.72944362479961;0.766090620835925;2.4673742685417;1.51369486583699;1.47041807941051;2.98802613279332;1.52810202124329;2.64002284109505;-1.06598308885006;3.27331890020377;3.00182547148112;-2.07639929469967;-0.756376691188178;2.11795442971235;-2.68204036631813;2.00340553664105;1.56289732092627;4.27178327688341;-2.38455383282874;2.63146038451472;-1.61660872206442;-1.88181434988278;2.34593316618881;2.45469906580669;-0.921258775648805;-1.0685080858158;-2.22079333247894;5.81967925744463;0.88741396606874;2.71977384686289;2.14505471860743;-2.5194274450198;1.48739327931196;-0.272272758893984;2.50379173916991;3.78868312253061;1.51075700883258;2.6458296750696;-1.86660181782775
-0.877845512761416;1.52851772185376;-1.90387087316115;-2.65199108336234;1.11023180951618;2.79887424681763;1.07417781916313;2.80926384829075;1.99758809222578;3.27759295354591;-0.977161713896323;1.36971067159126;-0.278950692970486;1.60467974867398;2.44599414941639;-0.839035096648788;-0.0372243481606477;0.251891235503781;-1.2085394506062;0.0552418254773279;1.9988238389951;-1.11531282735702;0.574968610693447;0.0741271462886077;1.05019739932659;-2.66808371625667;-0.690924492725042;-2.16183061120526;-2.79761194876279;2.99289222715131;3.50893533364883;-1.75177846263284;-2.84270336476068;-1.7317525662257;5.77057114316886;1.21995088735986;-1.35249402459554;2.48238149072011;-2.63275074384252;1.94816562789485;0.231929258564597;3.65833174008845;1.54931788543192;1.74963694559907;-0.39773049841476;1.9107865052387
0.35434505407445;0.622349572054831;-1.2858690289511;-2.44607045888717;0.647854933292151;2.90085136054264;2.65240286153686;1.18759772528596;-0.115556024597432;0.57472121368026;1.40093365816431;2.38455290438124;1.32238695352623;0.784767156461306;0.157483855489666;-1.12149180664495;1.88256773389586;2.80941883165531;-2.24157801322437;-1.54364649544399;-0.16869443478886;-0.168062295335265;-1.79193027962881;-1.69862691793375;-1.05446000767207;-1.47135596438963;1.96824712473226;-0.478546734950572;-2.2991606824396;0.434711572126424;0.309590179092746;-2.04843614144676;-1.92212183971555;-1.4526318514598;2.70967845201062;0.667768108639925;2.19111271791991;0.588905531744328;-0.611051735621966;1.37649431083893;-1.07018279302813;1.00076411191697;0.597767751307033;0.88905420886247;1.28257805248109;0.815853805016379
-0.743791970485126;1.29858281425632;-2.53968400430511;-1.43156002337723;0.626580084006904;4.44350317752311;2.8249035256356;3.50165915707188;0.730834334249631;1.78004418045828;1.76454675270381;1.10792263959434;1.44351036704584;0.812519717517219;1.0706443178238;-0.861095507934365;2.47427386043824;1.33549349627881;0.146186242414981;-0.83515362918944;0.569746286859006;-0.669360254142398;2.64542144072076;2.51208043557372;2.93548473711668;-1.72325812991408;1.58030072185599;-0.653692820553772;1.31779509992566;0.910382432912577;1.45235988323201;-1.47414357939135;0.0364203180381655;-1.23329826170158;2.18825300607118;0.760869103202795;1.98691215701206;1.54448741426393;-1.47109011199865;0.985266769017293;-0.281364272513671;1.33705255421106;1.01152036465911;1.43811891413089;2.1015546081693;1.22268777935436
-0.537589432789481;2.21429672602632;-2.3400709991631;-0.288541000491615;0.826444136696099;0.466696215890704;3.27156394687665;-0.0180586537619064;1.46760274518617;1.1881037464758;3.0451590808174;1.79725063945038;2.31673358904876;0.188437019891263;-0.966477250002848;-1.49292312715089;2.37530801362256;3.45303389219947;-1.37772094529194;-1.88055273210303;-0.683465373741443;-0.542859612768106;1.49357962089652;0.560738137145969;1.15246835327935;-0.562942780239231;2.96141640964482;-0.986908851562266;-1.67603766837609;1.27646514350284;1.23466043314909;-0.434475670266887;-1.14822471671105;-0.907557905807201;3.24774937187209;0.915906564043621;3.78014497869536;0.765386294390124;-0.786935306813736;1.04553118397767;-0.410575245766483;-0.0167801203347642;1.82008360754983;1.17613499035554;2.46745242791913;1.92602342978922
-0.560465701710417;1.33321800321591;-2.72561169648067;-2.32155293604769;1.38171841847838;2.92163912620704;3.34397047893063;1.72526423263398;0.865657104205299;1.4095070525956;1.6026601603933;2.9575683887193;1.85423717748483;2.24810927933462;0.995273893958275;-2.67493953692859;1.90740057741931;2.36762446184271;-3.95128704857719;0.396045172573289;2.67116196237288;-0.305009803927538;1.63597276796843;1.9356213858667;2.04974615010999;-0.438624618044578;1.68225768633898;-0.328191040415212;-1.59813694193971;-0.0220981644446714;0.801521745858545;-3.21759083058961;-3.78244613675462;-1.86317366813613;2.59073853402991;1.93185271531099;1.93461269528814;1.51382432992044;-0.623784574888773;2.64502947033996;0.667525606685499;2.06449411114754;0.877047245613475;1.97116069387276;2.27302844627934;4.61562986646564
-1.44586272387339;1.75756422224074;-0.404073356802534;-1.76457887994577;0.496852032890012;1.85169607504688;0.715404339900525;2.73542672361853;-0.552328188427559;0.746339126895363;0.0870082678307992;-0.582486641131488;-0.743579237827798;0.28572495106424;1.77860851432804;-2.35331210692235;-0.0573991467525262;0.410204510272479;-0.36913646906517;-3.03180722152489;-0.522840849640068;-1.66702872783729;1.69298045145949;0.858528437287071;2.20770928118378;-1.14114237563125;-0.835916670162891;1.04611782076305;-1.01088398989235;0.94931345677306;0.633194838149355;-0.437426294282048;-2.39993853924294;-0.950082159463697;3.1018641319744;-0.111595567876657;-0.122852384888337;1.08415544133798;-0.96519646663761;0.443828876473857;-1.6055886832533;1.8382903958059;1.77519523230854;0.330685398317737;-0.287763566088067;1.49882653436561
-1.36649434819818;1.01399005279392;-1.06108095928031;-2.56005512788538;0.890707155360672;2.47790061783478;1.26864718717873;2.10626746245298;0.576599298394056;2.35051921097987;-0.506781695980546;0.400894012260926;-0.92175939459653;1.32122978491884;0.936835832754815;-1.21345286945932;0.543515546173023;0.127257659690054;-1.56705540063348;-2.62837494623221;2.93809270390807;-1.36074665233604;1.93184508168376;1.6597665017216;2.08872122189406;-1.8022006747068;-0.941556309779541;-1.11186832545817;-2.19309288255338;1.09158917810495;1.69890941291767;-0.9604899777078;-1.73441521129664;-1.46175565793899;4.03952138315733;1.38492655246346;-0.784155247984019;2.66626552984879;-1.36010245838411;1.79760546466515;-1.07761549733138;0.99941560225338;1.33361307932442;0.0886306684621855;-0.0710944538095322;0.431337763509844
-1.47324406130562;2.75051384552754;-2.42936306299339;-0.974262363779235;2.1646611630394;1.31143690728101;2.35356794013148;4.17154592914943;-0.983145737878198;0.732571040104918;2.32751312613823;-0.0347858872824405;3.12782718497018;0.359164690532386;3.16314022557185;-0.691434350676624;2.70495014774434;2.54832193926494;-2.45898305020985;-3.84098611269875;-0.285296126151724;-1.99291383654275;-0.908426015250959;-1.30053572502006;0.0982435103862508;-1.14078102191713;1.67111114007883;-0.208938917056598;-1.92815045785941;0.273997892631664;-0.098829893192573;-0.423097132824125;-0.258042193537683;-2.80481656106586;3.62431948222286;-0.609293483117975;2.95006856817613;1.43888893633527;-0.2545853594857;0.619587218927423;-2.70041835488565;4.16871549392041;3.59661106013272;-0.0504996892054442;2.53105336613295;-0.075558053276088
-1.05696498510794;2.08435816587657;-1.32346592265341;-1.73891470205626;1.45581573894954;-0.331715235593644;1.88262360742749;1.9893703298113;0.798305011645743;1.35382972219285;0.577986728028825;0.675075628504941;0.562674296230552;1.30796079632832;0.918144687489689;-0.692460945340245;1.81625489400195;0.366592250048945;-1.25040399750858;-0.695611367010229;0.898271541052308;-0.945462978899307;4.09152433909361;3.62388972879981;4.51327164758898;-0.148370010660464;-0.173389969609394;0.76478950649351;-1.81771156559376;-0.0851972880959663;1.19351875172914;-1.25208057349602;-2.09114596724937;-1.6921774347445;1.85127607832165;1.1478126007314;1.21915933947581;1.25315674131471;-0.301574892869267;1.42670407158831;-0.223106507421957;3.62325031303552;1.8487699016415;0.0962812316065248;1.1785856638496;1.64167569316599
0.312812638707724;1.05908458074242;-0.308376493520102;-1.82900384693978;0.0786206557320175;0.366947997429385;1.5099344416263;2.07710091965063;-2.33154846581782;-0.895029502170609;0.453203447533274;0.349762883412558;-0.437898843527431;0.946408772098959;0.380608676718614;-0.636545846318148;0.0494637346542242;1.21271081577206;-0.848067804725598;-5.15736606841407;0.334144615327753;0.136897395918494;-1.80661119990025;-1.57650207028494;-1.62284191140359;-0.351942726987478;0.0777170706039564;-0.218330408312989;-2.86102626628248;-0.780502228781596;-1.18123655158592;-1.00649591144994;-0.32004614402738;-0.887684450671283;-0.893030450191873;0.589720785750424;0.676003856555079;-0.293160810213631;-0.00773284393417795;1.06946656744108;-3.61509774955334;0.658797842706289;0.580677053438606;2.35211210787178;-0.101453730700899;2.01066865019727
-2.61926393967166;3.84801498564093;-2.95753591663506;-1.71160798378412;1.83556873892565;0.394873238703807;4.4114461953177;3.07413344888127;-0.727234579984062;1.36279378023904;2.68829515271203;-0.767569576552266;3.17342435040644;0.784935444588989;2.45812522338937;0.214345539471289;2.37794582342981;3.86486920501622;0.264331166234632;-1.20120401906061;1.27053025647864;-2.75685375267306;3.00670754869057;1.61273417608935;3.98980213642496;-1.02387203854729;2.42173684152207;-0.259434419959622;-1.50564019138851;-0.303245289346715;-0.0462918392775065;-0.00448667942794667;-0.496512905667456;-2.05451736997753;2.42403777745647;-0.199459657075315;3.14638617125807;1.53098392482728;-0.291629017534411;0.264084734788944;-0.879989820565383;4.84060433534557;4.1749359770283;1.00594257366053;2.81036699545647;2.14628791905409
0.30639416212931;-0.110310274898642;-0.775562063390859;-0.532597994651144;0.951164194807132;1.30472609193583;1.60040752522671;2.89152773430341;2.71920310482864;3.60152858744914;-1.20059520395541;1.02129954632347;-1.03586819285901;0.91165547595253;2.83737653911239;-2.3198163908433;0.0191885967808517;-1.02088085300462;-1.7449147606103;1.2632347944172;1.72960256955948;0.427227200097165;-0.671613834831832;-1.32515968619898;-0.265103414802671;-3.23244049879599;-1.17463246960668;-2.18050475314421;-1.14404952737304;3.1485039294886;3.49007454078501;-1.276858572942;-2.07339842589735;-2.02406758113772;4.72765718556983;-0.224048340768066;-1.18049258943018;3.00633125222887;-2.90737123734153;0.861369887704629;1.7598860597777;3.7455871403417;-0.0664568571898067;1.63698749669862;-0.497701025333229;1.8676838829168
-1.51211973091635;1.3253955912133;-2.20614258411607;-1.19131911654817;1.21979714127557;0.952794412593899;2.81785859767539;1.7915163882693;0.608872325805076;-0.274527385259724;1.47085974520961;-1.15918009666778;1.92561257971085;1.56636130275413;2.18869759138566;-0.909099762710709;2.73610549890882;2.45845978956205;-1.20430632456659;-1.92379279259021;1.2251813398026;-1.0552007400448;0.377744290963282;0.534729267942115;0.0815627605053606;0.128554233749278;1.98531535599512;1.56623743759865;-1.90333945007452;-1.39459432864096;-1.23705343555872;-1.24865043904432;-0.326052920869094;-1.31997227111383;0.378815725543649;0.766028717505093;2.5588646057981;-0.806644116268521;0.722498130446739;1.44779354691762;-0.952233952947396;2.98197145563835;1.06447831522393;0.0326460451144633;2.09016811088875;2.97182433912689
-1.37941158543354;2.38603104851965;-1.24939233923396;-2.39652187266305;0.976339074899432;2.57045481148541;-0.344053803608747;2.06939878359099;0.248679591227257;3.04897366323347;-0.942634179045643;0.698551687349657;-0.685451685812298;0.910202960475595;1.9473821476914;-2.7642009622345;1.22760280875898;-0.161778782670224;-0.638999522880464;-2.46173944296498;0.869164289355248;-1.65889010132006;1.74517778391903;1.16871413312218;1.26788211076076;-2.49433418361116;-0.231836336329326;-1.01089456686223;-2.66485329947001;2.04555972977074;2.87350647534157;-1.60826760723079;-2.84916462022859;-1.52501727961134;3.34400003584007;0.571777223474221;-0.771298627047342;2.07392856257425;-2.17297875874374;0.496785187906576;-1.89135430123566;1.35338156460066;2.17210711701563;1.37929168367261;0.129011240505123;4.11582422429986
-0.7005794563483;0.674097181468149;-1.47368182627626;-0.200911443915606;0.897102523349163;2.47994589926442;1.70909932213593;-0.0948589989977534;-0.165893726324927;2.41607788147667;-0.1773299999293;2.32497823611922;-0.293129505611518;0.974028307084545;-1.3037403662055;-1.3228350860632;0.993352767630571;-0.422970713905409;-1.86505237114895;-1.91503356278514;0.399766485133025;-1.11264487954013;1.78481067387776;1.62157753708749;1.3517396280664;-1.59460559321071;-1.34539411626661;-1.23299556435004;-1.68732190974236;2.16852963546546;1.66737313988306;-1.73830049999106;-2.24487619510362;-0.656652484049807;4.5506533167958;1.19861638415083;0.243453225179102;1.46982792535992;-2.19082156765356;1.56067764266965;-0.97998558312887;0.233589267205722;0.3213935854225;1.1537395876727;0.491039479504992;2.05853626557571
-3.57220125670005;5.48045733978972;-3.74679656499933;-1.00323276191108;3.08254288478508;3.05407492241208;2.95685516449113;2.28351436317195;-0.454213706470029;0.72717620812009;2.37687067888462;1.48290966436506;3.57859092211615;2.32220331265905;3.28141050381498;-2.17666247934275;3.74484045569871;3.50630002454878;-1.41365081214328;-2.03901410081032;3.35760511255467;-3.26970527874378;1.79581823033493;1.05830008070729;2.6081506878372;-0.352588988225955;2.61916298487;0.212975506879244;-2.30814696313463;0.921024338621721;1.01160858066515;-1.84934604640293;-2.83362251409149;-3.70793826085225;2.80178047944295;1.77523662328715;3.53161846574016;0.908118911248556;-0.556764890311965;1.80583316427927;-1.63572877680636;2.86672028319706;5.57895279339161;2.33259679467997;2.93130538795262;1.04123550372529
-2.95261662436298;1.78017090461889;-1.45928974205542;-3.0542142105736;1.59168287736802;3.53805631040178;2.26096627505403;0.335703036710933;2.69043512253049;1.98957817817735;0.0401332658989871;2.37194239766272;-1.29314527272392;1.81747399432139;-0.242302044689924;-3.07049245343671;0.165833422723775;-1.07906009921268;-1.7081111795148;1.42324730312378;2.08364878824358;-2.45676819705683;3.11641337547261;3.34874148016068;3.34104551707294;-2.12730779605244;-1.79128505657612;-2.17991942932654;-1.07813133785659;2.24581053817515;2.06570777601819;-2.59586664501395;-1.03563664096735;-1.58617883158667;4.50460154300535;2.08184232456793;-0.0690936350141203;1.45478896312066;-2.07025080867176;1.93811306915103;1.82927638187173;0.970313892698943;2.325587515278;2.39188803708378;-0.166988057064769;-0.264753142548792
-1.81235694776414;3.70345295282256;-3.30396272756784;-0.86631666631453;1.57962529170437;2.86298795659135;4.37397298873559;3.00199834338793;1.04237645709966;3.09676903781682;3.37288210561115;0.282018606207566;3.02558705636695;0.0114717972090892;1.57139949876572;-0.182019470054475;3.39158516147135;2.39051132283621;-0.323512470542731;-1.04530019413386;-1.32018812434371;-1.87927833642417;4.82403630928649;3.53568969972252;5.28059237684976;-1.78660486250654;2.27955858576294;-1.80343636839392;0.502142285380405;1.88720533441768;2.23829020428417;0.43258098647393;-0.32147160186464;-1.79466591034701;5.18311112246062;-1.15135883213296;4.0722302014461;2.49816183138669;-1.77658814341005;-0.914654501883962;0.192564406796911;1.0879701981191;3.96241856672197;0.460138130673624;3.12618514142871;0.553621671933744
-0.728538387738091;0.483578891467067;-0.546951712200774;-2.1635526467745;0.789565580119518;1.18418053248426;1.94339391474763;1.72675862442116;1.70412738896701;0.739974571128127;0.327800563629033;3.04168387443599;0.700041466939808;2.42115446955674;1.69093203617162;-2.50343183811576;1.02799001040287;0.964429837284177;-1.95292051566139;-1.78714744701652;2.63569759654534;-0.850182564236141;3.05876499193711;3.42395826699843;2.97297817190608;-1.50364107180178;0.646948673079495;-0.354401119606351;0.0274627052580125;0.74565930540556;0.882840211766458;-2.34661081752681;-2.79864020343142;-1.60646937932702;1.02072145759983;2.70748960193731;0.643176733151604;0.680350627455077;-1.0582751270286;2.73715066735067;-0.906989862376373;3.6250016983536;0.376464031172943;2.41844254535628;0.463939137443298;1.14735251364543
0.547228510267349;0.578902212068297;0.763802039812696;-2.11059092640191;0.43214449927154;1.87833631372985;0.279013132256272;1.80878566303167;-0.271702598588783;0.515761261864412;-0.0305286375820071;-0.123994843158455;-1.19551372010018;1.95334345182108;2.08516670461372;-1.2078229810853;-0.993811199367929;0.672724381710833;-3.05701843001741;-2.57624489878391;2.9104157268324;0.151849522272428;-1.80598491059686;-1.45225861908859;-1.84978000390858;0.418186921273313;-0.143719882669347;1.35500186239943;-2.12195975884428;-0.266181182737972;-0.343436521367687;-1.59272203580204;-0.585604409091398;-1.54788672022911;-0.495960579447298;1.39385134731138;-0.848888057964846;1.29860483634083;0.208083604139883;2.49102160687698;-1.76328544847103;2.78112039905668;-0.116604758298895;1.81135832861108;-0.961968760363573;1.88871936616013
-2.35737493072961;2.95636586530177;-2.93338871777896;-0.58011658654384;2.01217072029636;0.866037406056225;3.89229288866228;1.87319865150512;-2.90003088030497;-0.127143027855707;1.84376819131604;1.47552032708959;2.40803310481891;0.837999167408461;2.31150399062106;-1.83292860127513;1.7631051563608;3.57885175738342;-1.47723640109462;-3.79938150001315;1.22667881006086;-2.51329852256374;-1.38400112900367;-1.71525203534731;-1.33955491686618;-0.232247978815844;2.70028946916533;0.112939268106705;-2.74874341460734;0.42192577941386;0.111846209937121;-0.990329587386025;-1.62003386626808;-2.47466072942322;-0.831392553513073;-0.156783937272625;2.27322585794497;0.555840263982029;-0.186410724400959;0.887756173036148;-3.28790257519553;2.96685594201338;3.16605406466853;0.962949003609193;2.11998829482744;2.44437097723063
-0.0982289395638095;1.45706660203818;-0.986634828217891;-2.46176961348141;1.03638165602343;2.00835265043254;1.99256684866035;3.53816219052861;0.245096050371597;1.76392923791744;0.426243054261555;2.2639843338153;0.0802100197696045;1.23493735021776;3.11748182449125;-1.61519065032378;1.00927032675575;-0.0227161276042342;-1.14273440837119;-1.08399876075776;0.652488525589661;-0.10926690574439;2.37894711621154;2.25449042975718;1.68961274097058;-0.0937771177955214;-0.473663468130662;-0.820474812814972;-1.00997576462266;1.08030258118234;1.47883282522014;-1.73611710858586;-1.92983828474976;-1.76083570480606;2.70575539455172;0.441069731853066;1.60432403365738;2.08786938835147;-0.604529870155885;0.298486365639149;-0.767676063259295;3.27583592103163;1.3152217480815;1.67111550663245;0.985802223060094;1.6442100905874
-0.394913758696879;1.6922689181881;-1.05048402430431;-1.49714541159615;0.488022387149928;2.98792612944851;0.965778916796629;0.992799979866139;-0.141614074787572;2.12813291661449;-0.764508332657252;-0.627870215112277;-0.54795646546506;0.540172570908689;1.26986712434916;-0.769772496124696;0.0515579582481866;0.262031389024211;-0.131022083424002;-0.708336476660906;-0.318527335329244;-0.707780401821768;-0.135528118128075;-0.841705604948456;1.10892101755604;-2.16416209909888;0.270969991430234;-1.05668033874154;-1.14964307181682;1.77005157404661;1.96584223004343;0.0222027476117973;-1.71004347497485;-0.865342767135486;4.4212990675287;0.583833743023499;-0.400956197616111;1.98693039240456;-1.95813210024576;0.535988426981145;-0.357135271251196;2.03934307160778;1.59299370657625;0.400514909979268;-0.388827846115197;1.53922961164435
-1.90881751608477;3.4322700676598;-3.44597607982981;-2.66284668733712;2.22155969180002;1.60223635700628;3.6104334685798;2.62932683058919;-0.0356437089763164;3.53924601834486;1.52667752714382;2.72617925818377;1.7889569781462;1.99714122950162;2.08043926428966;-2.62720423140783;2.22236532389816;1.19489951302262;-2.31767057492325;-1.10242132852013;3.71270916148658;-1.90478482655915;3.79404569486078;2.60047665608444;3.9365233057884;-2.34414767430441;1.09550361596177;-2.28073056607011;0.452683903362537;2.60345587850957;2.84004007912619;-2.44424417547447;-2.54085814469687;-2.45076834626201;7.16425517560948;1.0465054916306;0.895174200322417;3.62711281776994;-2.47550210051756;1.05418095511012;-0.479650169662855;2.57605958591487;3.44284114351504;2.75323029251201;2.21064375268309;4.19119598423118
0.746250497086131;0.520627147088111;-0.234959544256713;-1.3057431217513;0.125248031955296;1.13033886602832;1.51730652553651;0.503850975570389;4.25539802655389;1.50944223978114;0.00620519093668462;1.93516182246721;-0.824069762043331;1.23933458963526;-0.585770725328653;-0.88229162398927;0.260657931597959;0.646570195738793;-0.672702063416386;3.45372053747955;2.01454350520048;0.605204223812875;1.95531705546818;2.02328705211642;1.38577828350322;-0.455341560677427;-0.220218023726841;-0.896177471932897;-1.2825005855768;0.613532941787694;0.642078509189211;-1.02658117171932;-1.11147244717928;-0.527706218265561;1.32764727774962;1.8033871010616;0.323749590401215;1.1100126421575;-0.342762009154887;1.08119269203156;3.62663166163995;1.74114957520471;0.0671342827820638;1.51582511013386;-0.208502453092123;3.07957597797578
-2.81954781223725;3.35946477810821;-1.57816762671201;-0.0241258001155294;1.9839872754906;1.72852887583189;2.52878769424436;1.07012656673145;0.733345015790694;2.6040884920482;-0.12023695797494;0.586886849550641;0.00851128004791241;0.324274712345877;2.45101672224506;-0.848750342351765;1.04659169677429;0.271192471046156;-1.17016538747672;-0.63996858126463;0.730234324249199;-3.08129024748258;0.048059190712809;-1.05019392999609;1.23016178953161;-2.69248762450348;0.401671002845041;-0.373868838510614;-1.67951340943833;1.4052849128935;2.81819107979172;0.091375157137848;0.28635757782385;-1.9397877520203;5.86664283069396;0.0556916352287425;0.491700577138972;2.47060990729124;-2.02323596088842;-0.115199833284085;-0.155844749433137;3.46423081769427;3.80452264650496;0.480036181725628;0.433378630319847;1.87121174494536
-1.19082841763207;1.31957399680664;-1.92084369984686;-2.58765220797516;1.74858711552513;1.25779349699144;2.34532429855449;-0.56915505279551;-0.896023425128945;3.71387349040164;1.20210205006865;2.28851937345242;1.4820164290095;2.30799041067045;1.2203066008824;-2.36881775531486;1.93444487470626;1.91985264065178;-1.62012993111055;-2.11324128198421;3.73605351983275;-1.02937148886102;0.903006784960745;0.464761428900516;0.874883998252666;-2.79097827394681;1.01294302333111;-1.58943063428682;0.00373152313342989;2.53714305927542;3.3039347620849;-2.75445301912301;-2.48492278331002;-2.16328461232963;4.23887004131956;2.35105588554857;1.80576607429294;3.80080429498261;-2.91331981493148;2.28984434887906;-1.98842280036909;1.85004440045473;1.87919030432137;1.92755709541555;1.47153203451528;1.28121898585731
-1.54812213448926;2.57172706182047;-1.99787457118802;-0.911006446806101;1.21740137820004;-0.0440970432365652;2.5805099795849;2.58938949244993;2.61148131966722;1.80315998890663;1.78041721858019;1.2352951924349;0.22076953192142;1.11336077856085;1.8471348807022;-1.06856573435316;1.85173910973191;0.638172930506006;-0.907133536879567;0.714182929821868;0.930957346614369;-1.77232419470583;3.53093795134419;3.46116432871657;3.12671555181507;-1.75650610356571;0.127798442934059;-0.197418336539777;-0.958313161177105;1.78629765076674;1.12408735622729;-1.52316720822899;-1.19606789006267;-2.22798712546578;3.99061352720945;0.36649052524414;1.74866081130791;1.9411942809408;-1.32881064202103;0.283027925196678;0.90286556058622;1.99891440633352;2.51561115279559;1.51992169942378;1.36093559214799;1.03205338330344
0.261331831104903;-0.395060520749565;0.790458928849034;-1.08977627524172;0.302046396886982;0.257033203826725;-1.64314202363982;2.57004067728645;0.893665794034515;4.05852387205207;-1.78090991437178;2.6375460727401;-2.64612529506549;1.71796890116658;1.6847853061349;-2.19579230767022;-1.27729639430424;-1.6406975568649;-2.96260391588857;-1.39499945835259;1.74260207333065;0.28221932992807;0.809578501649811;0.490709995302637;0.0510406959029434;-2.78949576040626;-2.71010056352941;-3.27163820136372;-2.64583415299594;3.3967580947226;4.45507704999246;-2.57958316003854;-2.98562418356642;-1.34051585244548;7.16105981429751;0.7798826492061;-3.30310134809588;3.20657452048012;-3.13901816405232;1.3020186681106;-0.845864736281592;2.72089290798186;-0.903855473264143;1.79891418352024;-2.15142996548273;1.03607186919806
-1.16924767741149;1.49278110886375;-1.04892706881494;-1.80805356076875;1.11703394496399;1.57379064232623;1.53283562070033;1.41975620800485;0.678879255843457;2.64435895512385;0.222278708542632;1.28624917594936;-0.106554792118104;1.12715621167109;2.19014581456371;-1.64520919824277;0.604360148535585;1.8311807833167;-1.60767255349298;-0.328528900867163;1.38955887111175;-1.39349882772936;2.20638270728004;1.2699709777145;2.57902112111683;-0.991309981794114;0.437764361620518;-1.60430196641396;-1.44639127562225;1.56071995741039;2.78081938535651;-1.86435601129937;-2.16582170031057;-2.18188923464752;3.99202234994848;1.63193158361298;-0.0485892825887512;3.33963213012217;-1.42612866930265;1.26955925081916;-0.157035409845307;2.21437845526479;1.44718769220928;1.36449623479178;0.132795053433145;1.48354916532613
-1.61749441997084;0.94101937057142;-2.10592615025577;-2.34109817545414;1.12185050171623;-0.506105955477738;2.3199542631599;2.36986485199414;-0.299264020782771;0.898313474410411;1.46839661411268;1.44012737768572;0.362743116096571;0.52850628056106;0.10415419682434;-1.92218939767473;1.06306299497447;1.02159237744625;-0.403467337200619;-1.61332876673466;-0.608336640647954;-1.50183021427518;1.56418198703076;1.1388761973022;2.30911582315354;-0.44248933191791;0.254016084998756;-0.868496783262502;-1.88777147395743;0.447786258201177;0.267205126300858;-2.07162730048767;-2.12854081768558;-1.70931471023555;2.5817021178697;-0.0222397493922225;1.41807743807129;1.24529943667596;-0.720038334869347;1.14971532159979;-1.12457686001392;-0.315526151903347;0.969124655516612;1.94878031483543;1.22425613456886;1.08013394875379
-1.57544886674515;2.12730253975279;-2.55008553014781;-0.880393111186029;1.59392411209013;0.148519463962378;2.85234707133837;1.38391875572887;-1.60364995379086;1.68880205941419;1.71689983324916;1.22456186584031;0.956281515967941;0.595323371194198;1.14312664502741;-0.670811324656825;1.64166472752322;1.33090205360292;-0.105479423276876;-3.41616964521821;1.04711750205854;-1.54930619695486;0.345106880703745;-0.408546061642802;0.561813613740545;-0.903630307584633;1.15720790406335;-1.15121020226455;-3.12933440873617;0.694822439066363;1.35756012602771;0.0664197017941333;0.518993658934929;-1.85835125799767;4.70601063770692;0.0130249646885341;2.34856605302918;2.16483512013113;-1.09402991691517;0.691378950044686;-2.9935784707847;2.9364905719032;2.53225958508339;-0.0822805627189578;1.61506039372847;-0.527589921821902
0.518663876396315;0.416481634159313;0.0600117667147152;-2.74492611833431;1.09662130107707;1.4589689289095;-0.554678588888897;1.98928845951075;1.33754646777058;3.48523981432139;-1.69110138963789;1.5381065896864;-2.56207864034924;2.62615992701892;1.88851246500292;-2.18939203717035;-0.141510397116256;-1.20961107308713;-1.39344731048006;-0.627014941427973;3.08232264251426;0.497596359325917;1.08627831349114;1.20793593508404;0.515748085099982;-2.53078333689687;-2.54082790022818;-2.29861302818899;-0.506883920196601;2.60616602932874;3.90786309622638;-3.04495713462277;-3.40102858837728;-2.26420347086772;3.10523529216403;2.24430900169148;-2.02113712078376;2.29483719650816;-3.05046578302383;2.03873621887983;0.288920316426266;3.5510419498881;0.0456487275725768;2.36422932366241;-1.56320674697074;1.67646622219291
-0.478449427314757;0.0819709204133947;-0.76092900424264;-2.01182929677455;0.256326813941375;1.51585544671522;-0.593452896000913;0.149073818699167;0.193497479077972;2.11390835429017;0.308610404505544;0.379191902576834;-1.46119412980064;2.19049115064933;-1.70388748818646;-2.18685658346129;0.429978503349378;-0.434788050909847;-0.464990617154079;-1.4372961449;4.41422102636415;-0.276943380352678;1.74722640391344;1.65546740320597;3.5336190556867;-1.92167838387269;-1.62749636312789;-1.37609655036506;-2.46881788533877;1.7334523855712;1.72906861896066;-1.28419690427381;-1.07003110641923;0.0374506481529773;3.99048030350521;2.46368135812806;0.149742880937049;1.44560394173976;-2.12451784792666;1.49905724901439;-1.01131658152269;-1.06154926231098;-0.488814984550677;1.22803098618003;-0.533806526323553;2.41493779565711
-1.68213498105917;1.80464173959604;-1.93102187047012;-1.18459792321564;1.11628602307148;2.61532473966331;3.7814754927718;0.300130918114115;-1.04235373767545;1.22222540186681;2.32841124627328;1.61813133701898;1.0765691410897;0.529631012882416;1.56383670980201;-1.60866660293289;2.33395378166825;1.10704130267122;-0.548202404787654;-1.98133822098535;0.262233552140837;-1.93341239438257;1.98220707240538;1.69959570491256;1.8725485958763;-0.918982690945748;0.408795159215868;-0.819235177199256;-2.31060306078188;1.13172075135209;2.09633910442688;-0.845929056855301;-0.755486393382327;-1.40682431923702;1.71204326376824;0.303698435834287;2.69770397846724;1.00474012741768;-0.557590469305213;0.690048082573311;-1.83489762040312;1.41460097819124;2.16190242452473;-0.642471611666909;1.9490844774145;1.35597411694455
-1.3203460678731;0.365910189891559;-1.39168439188881;-0.621237681511066;0.514026390291145;2.16353905170766;1.0211544615046;0.703573517709587;0.844641170556724;2.13449258256682;1.07270914684877;1.03084850701873;1.64983486020348;1.88761801918807;0.426094364798664;-1.0680537941268;1.48452140313902;1.83349051814494;-1.85079988207833;0.802926719528477;2.72454157143064;-1.50410675353786;0.981558311523595;1.31477847044573;0.787085109659445;-1.37017457397009;0.755029342621945;-0.292940198605449;-1.15957425751299;1.75850566369963;0.777663492940126;-1.7149609519719;-1.50949627689267;-0.639498684285378;3.64780065827144;2.63837888386807;1.42030249875696;2.73458083341871;-1.29905941677048;2.35298848497571;1.02632191987646;4.11993547057785;0.123862703740628;1.77498263800419;1.07172074310291;3.43092681874351
-5.85400205602635;4.64151732419848;-3.82810960767173;-2.24620006694863;3.34802228148167;0.154440551723341;4.03179771789948;3.49538439576287;1.52692510631952;3.19763357264035;2.8844532164582;1.27748208276638;2.37552408312779;1.57704469364848;3.68037212834516;-2.30814747511256;2.92655737219004;3.04890474176664;-1.24322771924825;-1.0367176580797;0.957339544387318;-4.92130704137017;3.38512702592076;2.62478715314399;3.32082402307129;-1.97552834625591;2.13779359068727;-1.17338776793062;-0.128250592063933;2.54943205615863;4.05573700810788;-2.12036712911531;-1.08764001184987;-3.64426639003747;4.40663428569186;0.859111015313025;3.80168395582292;3.87156980998778;-2.35205816285305;0.88207643162232;0.0659037421366055;3.83112695800922;5.84559172330966;1.41540952912889;2.79305525237791;1.28783691626156
-2.14241346352969;2.86664993993911;-2.02257985327438;0.391218177163527;1.82015277643844;3.71788796379295;2.74263406514465;3.53141408072509;-0.422312359939302;2.404970629015;0.738356554235214;-0.292118886033519;1.18042220197606;-0.279067369707807;4.89557868668185;-0.0786580389270639;1.69791900616747;1.75154241675283;-0.362794195135941;-2.20893137441255;-0.739510167619815;-1.94612857958061;0.573956826083716;-1.07015137927345;1.00410548330717;-1.78064109770184;1.05649504203061;-1.26170743708586;-2.93370584620285;1.49217453511537;2.58801503273654;1.25724369963246;-0.793306296577676;-3.11752312606164;4.87322913262575;-1.45623489853131;1.18194635058263;2.58325500847639;-1.7723301004856;-0.268166286369832;-1.77515879249946;4.13431475146492;3.14816782108513;0.495747914981895;1.58043624927557;-0.687206438353581
-0.481187860057552;1.31533251299958;-0.562674950647879;-1.7513741149626;1.4157374435981;0.119958910242173;0.860155486605086;1.71685701914928;-0.0320995387468385;0.812002203116545;-0.509871716897524;1.71521346879243;-0.459253617783407;2.13419624545999;1.94278871698249;-3.18983632340285;1.26619363682604;0.781874047849694;-2.86195286949278;-1.26782983117681;3.58954401906309;-0.67779737804808;1.05506497948803;1.04028257281134;1.06455460616604;-0.649421266566268;0.026726843650592;-1.63767089754593;-1.62442253830907;0.397915316436906;0.106342194965294;-2.95022252813934;-2.18509135596541;-1.96666832164508;1.86710579600364;1.30750439523929;-0.918444730832718;1.42053955429016;-0.36032667447684;2.55374648855314;-0.737412327251356;4.06018671826994;1.29606524784495;3.33474344006964;0.356802399665157;1.76231358468254
-1.6309080682803;2.4790595508595;-2.26030675397532;-1.21414822202385;0.821769154630812;3.53707268359322;2.71915712172105;2.18048440285624;-0.0260365954680943;3.50734835119881;1.84751908734812;1.05639216531652;1.84508327822004;0.814109261999054;1.26261101495787;-1.55354570754241;1.26426693624578;1.40053192915146;-0.1646399491756;-1.94636731228222;-0.649068138686009;-1.72762803917447;2.74227861945132;1.29874813949341;2.9067619743814;-2.29709424900688;0.84776872067477;-2.32990433733391;-0.198570024819298;2.57516460924418;3.16743135630046;-1.11688573629611;-1.36883530521308;-1.43297827194396;6.26492577348121;0.70741577996985;2.20670368885728;2.67681259428984;-2.33359660944139;0.916352910545869;-1.19138379893026;2.49282902474822;2.72371808597044;0.948944065264536;1.29197320836251;1.37042231793608
-0.00787220449260977;1.81784651382686;-1.54960474470481;-1.35930002609598;1.01662900935903;2.94083513568978;0.0978054707857271;1.55054244428007;1.25983632244124;3.11579209923907;0.400923274867327;-0.0679465936253171;-0.188621854213892;1.59901963782051;0.0116443830789486;0.331608152324187;0.367388054004293;0.16198640459614;-0.798774054197736;0.271342262780591;3.03617377577769;0.112255706417018;3.62672520790547;3.22786429015084;4.99960663892777;-2.42526134119036;-0.631568948951957;-1.86325519327375;-1.42254193557319;1.88756358564134;2.76015821631876;-0.915862192346723;-1.17257944153136;-0.293224901192655;6.7439688314063;1.87082687254321;0.733410893012315;2.01483770357223;-2.57904993616951;-0.287683771268676;0.343436376516079;1.33383871489167;1.53476685235054;1.04610048951646;-0.158134311514668;-0.159166281044613
-2.44209180210999;3.79941282897665;-2.52676836161208;-0.211500970617586;1.57411185258105;2.27629916926073;2.73422548546086;3.01074034106583;1.9256449986657;2.06141924304923;1.91024327354497;-0.648957857045108;0.783376576208347;-0.707363581555837;0.97201721415926;0.866217589492804;1.13696135429479;1.16306282039768;0.231809003434895;-1.26262928773903;-2.53680557496418;-2.77034595773609;1.38786100730804;-0.579439959293063;2.46113520115046;-1.93545100330511;1.21762880772474;-0.834743236017459;-1.64821305984593;0.964118902685744;2.35922783806852;1.75183019357786;1.75815115793316;-1.45124126168284;4.06389475079294;-0.92118193221514;1.63880206787434;2.57139113754603;-1.41614741880021;-0.324466406677727;-0.0522899460268107;1.79741058871533;4.14682107717065;-1.18294435241353;1.36704348257096;2.33011505832633
-1.86174371231206;2.60659118598161;-2.09944665997229;-1.28754478837804;1.27424565456211;-0.0639759930223266;3.32984536063184;2.44378899893847;0.234288518778944;3.34950897683802;0.698939671380198;1.18126946503282;0.526141634948378;0.943013718019499;2.60663895484261;-0.819596227017323;1.07940547571989;1.77592590713891;-1.44383973683712;-4.04980096553595;0.390590026816418;-2.07284869868746;3.04068994247396;2.46863293656616;2.81995779557052;-2.50874167691196;1.10123604795957;-1.39063195346448;-0.607068527936338;2.2079491883996;3.01285931942002;-0.742400522282574;-1.1097041104087;-1.99294123239503;5.50862597281678;0.334865440038731;0.410894882918729;3.22635640339221;-2.29264787543626;0.918243129963087;-2.89551101564793;3.05054424880789;2.8178862549616;1.24990516030388;0.862493448513934;1.20638752408651
-2.00966879858707;3.08360226437396;-2.32214540502649;-3.21889903213893;2.38049911381249;2.30115068774877;4.23671963220392;1.89123464806127;-0.654320090665661;1.64112410931686;2.69378974895209;2.62895317972657;2.08898083430829;1.7150641540289;1.23628614730602;-2.38543678342146;1.75065316792004;2.22910897813225;-1.63282849627284;-2.21555629540908;0.98295240091442;-2.19625491309071;-0.849450089259797;-0.780018417302701;0.603575813930781;-1.26603365074918;1.87390903377912;-1.01529372461965;-1.91566974884488;1.67737307738427;3.06247917360546;-2.912345387778;-1.90525409317905;-2.49119642153267;4.65813714622092;1.55049385953272;2.75366613017653;0.853581640088185;-1.70133832556566;1.75131689424486;-1.77450041527154;1.97367091694377;2.96046611564967;3.51335427221038;1.99395318538849;2.69242730174416
-1.62856591615634;1.84778270775917;-2.6415597922;-4.99382276908049;2.16728958068024;2.06361426879087;2.43402989776796;2.33718896636285;0.566349833846478;2.27493873673929;1.69777359461726;4.34853332336968;2.41798078180196;2.72290534437351;1.99457818785351;-3.22317121845496;2.20748174918698;2.27859232916178;-2.24086432606766;-0.959303814270789;4.29860441499377;-1.60216239630666;-0.428066944691355;-0.669729601412265;-0.760444879191604;-0.716700299386155;1.92844415634886;-1.03658866687634;-3.03998873183975;1.80154938146322;1.86492854229228;-4.50742625032785;-3.25268365079095;-2.05373916013421;3.38611154933753;2.244555462216;1.92739566896885;1.57651461782384;-1.34189078021487;3.48085854770987;-0.378391887900237;1.91842542735981;2.0235054592257;4.42045084675854;1.96928559521067;2.11549996452388
0.559163150529412;0.582257776031349;-0.206847642393519;-2.91908137815584;0.833957781326153;0.613268457287482;-0.602927061970637;2.64879081747662;1.17543044162098;0.0850539934248555;-0.799372772882469;3.19192232355965;-2.10158050255396;1.62569859534467;2.27909350075715;-1.31178262843399;-0.0776608669280687;-0.600954957032521;-2.53849444531271;-0.94742073380471;1.6015921264664;-0.306337253516367;2.84376370616934;2.8602888385721;2.70499847478753;-0.505124142906218;-1.25152039835378;-0.208998135535504;-2.15432525239364;0.330697265318051;0.10256141801278;-3.02448325742741;-3.38055505890583;-2.32052601399585;-0.0600546146202949;1.16635049319498;-1.33145940663321;0.391833108915277;-0.81341450651739;2.5992739937753;-0.359378787882311;2.64620121582211;0.0794145655590226;3.55468899857807;-0.518724057350647;1.33784036403799
-0.0286651796695923;0.124842689817132;-0.28771221708509;-2.68268684012703;0.493947789065279;0.248503352368956;-0.418330765319381;0.375188616208751;-0.774237415771994;2.07824796148275;-0.357099483896882;1.74791743190324;-0.528555960595138;1.7812227638929;2.0125146811605;-2.19403421021571;-0.242398751553945;0.901454903616813;-1.72332565346682;-2.211960732093;2.30382518289106;-0.339559521471932;0.392881800444312;0.125913947360943;1.20509553860754;-2.05688246050759;-0.231645715948661;-1.35391074225349;-1.53862818730999;2.0827720377482;1.70669666314894;-1.92039183003948;-0.735497156581749;-1.47941795263102;2.51510321725552;1.00878652903318;-0.91528263612817;1.24765918455067;-2.05427928306595;1.47496625670068;-1.62160433390733;2.24198169065418;-0.318155051191614;1.94082154763931;-0.596104418300967;3.44413591792983
-0.73756637141897;0.919277110721912;-1.22478072504542;-2.84315110914778;1.00977731757639;3.00066256245242;1.02123413786079;1.351079717728;-0.703158867937428;2.57169525644764;0.540720908633627;2.18939749321819;0.0142355703253126;1.19192444184596;0.752753389293343;-1.12576594216998;1.37224906129433;1.29401921961019;-1.17936437913109;-2.74552694842011;2.68695775763674;-0.87130498827869;2.61908851928725;2.54481132996262;2.57354585433709;-1.47307704097163;0.620954925945777;-0.0191728249441152;-0.788877234678915;1.34174412654814;1.95233307344176;-1.11022188048778;-0.647162043933595;-1.17307491943516;3.42518060062259;0.395731535351775;0.503827910793879;2.33685463431994;-1.74967334933644;1.42404732061633;-1.8763238449413;2.47395075544039;0.840424300616359;2.70406925533345;0.421854374273156;1.14510972396001
-1.59783778344433;3.75306586056064;-3.57583847320032;-2.34706336681237;1.50434941867319;1.41166797394373;3.88571395424283;1.00883371605496;1.53711539179029;2.09468880603526;2.78415794523619;1.36138241467292;2.3833453812865;-0.404447933845241;-0.2463555552016;-0.141999169156082;2.71282585752248;1.57287608843593;-1.53399628819934;0.507893152079903;-1.17312389583234;-2.14269551726496;2.3468824448437;0.638675064950703;3.83039824286896;-1.3814875230655;1.76132097331744;0.156215200186736;-1.39486699712948;0.665208633863735;1.12013044556526;-0.846084967156254;-2.04008193614616;-1.42100430136924;4.81426050965079;-0.782741479410553;3.81999384416859;2.36498166811171;-1.17222762613959;0.304998132746008;1.00382362378908;1.51226429066859;3.95366030673938;1.22512764904048;2.83403342948996;1.66430129455284
1.18652380933913;-0.252385191818152;1.62668956755281;-1.01068498480249;-0.575062176738414;1.3085189035465;-2.75268828765521;1.38657984072906;-0.945793715844354;2.75110916274436;-2.21248274216539;-0.386256838544957;-2.0521480070868;-0.236662160453091;-0.394308341989653;0.122565416254603;-1.07883107298248;-0.784159899030211;-0.284317598574382;-2.99979011739026;-0.213181142847842;1.03281602574727;-1.19432701573957;-2.04031840467934;-1.0392488291391;-1.68995567162579;-1.85771658281054;-1.94853718268797;-2.59359274775404;2.30923734867014;2.55203438169927;0.739558165015086;-0.429421812476624;0.161114590779754;5.19566630991417;-0.537246103509854;-2.54553476283242;2.93810565472034;-2.02217836426183;0.0839134320020733;-2.56567324114593;0.850543082842509;-0.879055582822104;0.105143830926112;-1.99407706348293;1.65331180283177
-1.7110043119265;1.58950033558262;-1.95107167936855;-2.46800226710569;0.834279693344059;2.91805131852154;2.82467208256472;0.128843116192531;1.31288823668906;0.873161061022166;1.6010424449612;1.54888805675691;0.437676081527411;1.12670822729447;-0.408743059277785;-2.67611727716582;1.50068664380485;-0.319657414051586;-1.41779201556145;-0.661986773526975;0.415955290748144;-1.60042045391543;3.87682330394095;4.08453158045578;4.23363431567604;-1.45649870754919;-0.328212059122496;-1.57415621262427;0.676205027610739;1.22510441689321;1.20921333252157;-2.23116997839158;-2.03259637455104;-1.50464614118588;2.85429474692815;1.68583591955425;1.94894798425187;1.82441793969404;-1.34314699676782;1.84078648651049;-0.034116982880612;0.360423128030841;1.58778877929676;-0.194766169344333;1.55612700813293;2.76798606164535
-2.86282083363558;3.12900296513355;-3.3720486092774;-1.21989232303462;1.82239434627718;1.90399911156324;2.94265558272994;2.85861615690223;-0.415725529245614;3.06355804401256;2.77504469161629;-0.682471019166364;2.06640249103056;0.60900668262735;1.26685940890622;-0.384903287457212;2.75308643069217;1.99129229644786;-1.85424296042907;-2.18359139082409;0.183665852908087;-2.72420293902465;2.2764091314705;1.15800467248147;2.70359565839924;-2.52828106973957;1.70246646851647;-1.30942257110787;-1.34458859792651;2.46157478973753;2.73062511638593;-0.751576207014418;-1.13717160154691;-1.62703211911279;5.66877549415368;-0.111851309372596;3.557819737421;2.96752799339835;-2.45003296715899;0.63149129388941;-1.42936252145419;2.31533501264928;3.40309285856533;-1.22401365960558;2.6536465411796;1.30004593050293
-2.8881922957398;3.90721200530047;-1.27256648627148;-0.220185853010644;0.591561658227895;1.89018290561868;1.60043633542759;1.08283164099832;0.597874304189097;3.61625920041925;1.11181362313462;-1.99445314632437;0.361020084434551;-0.570675052092481;1.8282358192678;0.737857576336168;2.08760329042644;0.184288202182534;0.465153029616971;-1.40589576528836;-1.43485483037233;-2.94323353426862;5.94004022429623;4.06500187228715;6.37414810814324;-1.25364103037093;-0.293892609786714;-1.56689742333509;1.12146867581766;2.25567151960557;2.32017037778698;2.38166418687562;-0.301251019024424;-1.16769420890539;5.79162029644508;-0.822695007107059;1.41252100473671;3.06724746888575;-1.34445771137464;-1.08423047055537;-0.581393252148925;1.84585943189156;3.98411999579307;-1.36393022473173;1.08683275321752;1.77569145279539
-1.31953355122477;3.07318851675963;-2.71293484497127;-1.5636042763639;1.31193763635065;1.92775850514341;2.84823658964768;1.57851491158087;-1.96931274536799;1.82325600968153;1.79220667273543;0.0324252164414054;1.09064628086991;-0.0907821559388002;0.47567273461781;-2.00706490935164;1.94877042314681;0.395006767954052;-1.4668247386709;-4.88802103148355;-1.04198553788932;-1.29289740265427;3.21773651688248;2.33675331260785;2.40739041798196;-2.18887260817167;0.0597450341802797;-0.525110655186252;-1.94838647026309;0.753871958228803;1.34205026707588;-0.487459774630166;-1.86101513907039;-1.19076395373355;3.37597977050531;-0.537934709067647;2.61615314039565;1.95702554793925;-1.66615812439857;0.257813346123004;-3.34152746656609;1.33728961953794;3.08295749551944;0.368245524104826;1.71139880522009;4.59979784192427
-3.26475035394827;2.89314650198371;-1.58622005525255;-2.29476100977201;1.73685353486466;2.85886966727226;2.63139493288536;3.11506734256894;0.351667056302517;3.50668261027943;-0.104925952286589;1.9029163958956;0.619505180521137;1.46277498239015;1.62544976289847;-0.586395463655109;0.84774116055422;1.66928975390837;0.315556505320055;-0.993726203085919;1.42283391046271;-3.02076780755135;3.84368571956783;2.7983967319051;4.46653975682612;-2.01265987094173;1.32276054977225;-1.66581966859329;-2.26521132259222;2.39023979851194;2.68620575905398;-0.763754828129174;-1.03174254272843;-1.46083966841301;5.3862019784007;1.25877584686298;-0.354711814457204;3.09975695158967;-2.38517629355134;1.35103789487707;-0.293333953209877;4.63029367527342;3.66688443387349;0.994430533746982;0.507616914104757;0.890906432344949
0.50187221072373;0.0185870624557088;0.583402843020087;-1.13312763811205;-0.0829362268979392;-0.226040082561499;0.19237687103708;1.04987748644381;0.443211496601272;-0.323577668968641;-0.490344780780543;1.35373649589786;-1.23268052488238;1.10952628163615;-0.758926309826736;-0.833084235707451;-0.565608671232831;0.0883078591734651;-1.79934752345565;-1.17445904187385;2.51375195235781;0.220587985966331;0.878494961550295;1.05367329834062;-0.401524081100084;0.295654011536182;-0.621344991290173;-0.335873895298839;-0.0571380639569584;-0.111557406646311;-0.236772671795795;-0.374086279248281;-0.651889633833028;-0.546447944319535;-1.2181078130118;0.518355396306175;-0.926931574683233;0.206889501977888;0.0734437947823526;1.24179790647011;-0.307991024737937;1.20031546102665;-0.00687463680967004;1.94379273546206;-0.466326580532247;2.37679895556586
0.480789294436212;0.275354652538065;0.592700271697623;-1.3961124360146;0.49577800185294;1.48391400135759;0.0468069502954584;0.209394592262042;0.326286506850486;2.83044121662458;-0.570797142148088;1.20612067848365;-2.14035814158754;0.811868407440014;0.55875005333415;-1.70059091547994;-0.388838263730572;-1.10017959225963;-1.62387472494136;0.0344206591638119;0.602848353580951;0.487301896232322;2.19277936615438;2.06689904276404;2.65961863237379;-1.89522035552526;-1.99357361969097;-0.785325307226772;-1.27167388159881;1.59565838823858;2.12422582046992;-1.92334940887194;-0.656133254237825;-0.820150352211532;4.62765992495687;0.686876151162083;-1.52157830469047;2.82697657242507;-1.88076775605622;1.18496319388402;0.528457875751335;0.372375169188357;-0.433474123929319;1.96203405859703;-1.23880077948289;2.1630226003703
-2.1341332503751;2.01142368935075;-2.44465956927236;-2.02643725383269;1.66242084637226;2.16130883022167;2.48332347574172;2.20759503001211;-2.28391962579054;2.35455772291908;1.3747262012241;1.22249693007283;1.62928886672085;1.45608646747139;1.03789983036855;-2.74242553649131;2.49740305367672;0.802828949789881;-2.97827666856604;-3.7345415573709;1.37556174252534;-1.99041897158883;2.32725060446076;2.40996168861067;3.55431533158638;-1.17798721260226;0.317614452041556;-0.156511604322018;-0.304760165496974;1.05949522362433;1.09341885746643;-1.9659488748421;-2.5619265984825;-1.79963148566185;4.23619662189729;1.71531424015613;1.99266068670754;2.10839382579695;-1.28765525710948;1.95093204813428;-3.56693735988576;0.802747703489584;1.44636303292117;2.59288339718471;1.52707109393915;0.291540512229033
-1.04653987382426;1.32343162144063;-0.674525233820125;-1.49702765020027;0.948258367874783;4.14482185573261;0.032439712411361;1.9041465175946;1.10771406552395;3.27652470000548;-0.540948465536904;1.03032828196;-0.793450953268392;2.22113435020388;0.848134720018526;-1.2453056159152;-0.869844720548206;0.717439386884603;-0.369262231976959;-0.745723597158943;2.93058512310261;-1.1290842031144;-0.846403547490141;-1.25122594587518;0.712192991873759;-2.01917076870448;-0.394519940456669;-2.73985069931596;-1.91090835272183;2.73286786080685;2.62334069301544;-1.51700212579722;-2.6184747493616;-1.08906688460494;4.95512870177378;3.06876913982957;-0.618860701145684;2.6170609468342;-2.13745600830057;1.549064911985;-0.268430590093107;2.82370721303083;1.19026625734247;0.947480259551805;-0.692127060904986;2.05674736726697
-0.970216258153927;0.780077282538189;-1.19191425465188;-3.10984399182524;0.93247768758161;1.93289848726728;1.33968501176953;1.98624401490806;-0.335181745018265;1.45111327209215;0.553264824920846;1.77133196382797;1.0237316752763;1.35196455364828;3.18576194445152;-2.4107398091926;1.02932309975776;2.31327004880684;-2.50288571795483;-2.62276236080046;0.90176256400654;-0.785771217464914;0.0198998984400567;-0.000804023042757052;-0.320855703786625;-1.32007425506681;1.93628347685898;-0.733904832227336;-0.329442310053389;0.445700519701119;0.0639015781278667;-3.16418157612739;-3.0947873214256;-2.30289458344394;2.04801009092881;-0.0195473317724724;-0.239626735924031;1.20873804546264;-1.1198174652133;1.03938292768289;-1.72650344619619;2.33165672544562;0.624852524042321;3.74178896721345;0.668585108976493;3.13029872634861
-2.18119792807031;3.67781336991953;-2.76139384457645;-0.0974677806566278;1.88935271283561;1.03515516207446;1.98611372420671;3.24663019688932;0.513267035633454;4.03255775207827;0.856783181885679;0.0785287216350112;0.674292209134226;0.232257812893819;2.22877930699129;-0.329936527084934;1.183640727089;0.925735705417971;-3.08736948162868;-3.48857495352504;0.259415232095213;-2.00742843024279;2.87722940093187;1.24031261684991;3.14740326383466;-2.60424253765311;0.23366141932615;-3.40104278561305;-3.08626211188321;2.43077901863608;2.52137210852161;-0.389637569805472;-0.882241653984434;-1.76488199399014;6.7862291936705;-0.922599086271209;0.812859470215641;3.93937003269909;-2.34754094641628;0.25270994993992;-2.10052859849514;2.13909421611303;3.36261606209597;-0.755511557597383;0.898184270157223;4.52600075242073
0.280493562167487;0.728096108839984;-0.678989249552305;-1.62857781614668;0.81167641610303;2.56855254037406;0.921014445397555;0.951781245953831;-0.191923847535656;2.71417086774918;-0.535761263794041;2.2537350591503;-1.57975827913404;0.925684874184714;0.53440639847777;-1.79348558122338;-0.431780697177482;-0.240041100532302;-1.69666298512699;-2.49241762754594;0.471222634065344;-0.210149506138423;1.25432939623626;0.451149314535574;1.29093541217065;-1.52504170368613;-0.942920727690965;-2.20949732902188;-3.41343177364202;1.76632039410615;2.19939863321653;-1.98589858463475;-2.08159013940096;-1.73204171589969;3.85168454788069;1.62607903127745;-0.0432816634386384;2.32351905395907;-1.95399751915996;1.42994514999517;-1.36847337871012;1.6071150800064;0.133086206283304;2.68923495531728;-0.435179259027087;1.57289295629176
0.178419150101568;1.03867366104186;-0.864687769764735;-2.26109999935469;0.326156829426731;1.49018335111442;2.49614264975775;3.97116135051802;-1.2942925269894;-0.379014403025086;0.312279599296707;1.6009796794126;0.850148022139432;1.30108281188015;3.2224162513089;-1.3356565628603;0.872136670069194;1.39036242297484;-2.09750468046068;-2.65295360775166;0.875470528530861;-0.270521443898479;1.85399260236127;2.30615995053906;1.22132107904263;0.472309003609608;1.19265895111711;-0.0252173850713782;-1.9548603809054;-0.52951036753337;-0.0556862701622884;-2.08392549650291;-1.65063854456359;-2.04025091550423;-0.852565435943582;-0.726089999605757;-0.410514234760317;0.665062240406729;0.226524622774481;1.58078898073915;-2.08637365945253;3.36424515393689;0.103852897515078;1.5185421255725;0.868911489653895;0.959768691622655
-1.06000964892366;0.591153523874425;-2.41663587945267;-1.8607075524083;1.01413330563849;2.69808625163719;1.72581054408623;-0.963035235688261;0.552007751359251;3.24481619250707;1.72852437069305;1.17939232291586;1.87606805828041;1.38622113049011;0.121949180185649;-1.78744356404397;1.57429547401733;1.61123617264394;-1.10628352821536;-0.199830863923871;1.18415126424474;-0.962073299681557;0.147782156940733;0.0128002444750762;-0.390566163149469;-2.4766909281042;1.08226424273763;-1.31601820513135;-3.99128763036736;1.90273149710741;2.55934487823838;-2.88254907997225;-1.84284393555969;-1.32038104016461;5.20064953233182;1.46953444423541;1.87317345962243;2.86364766541988;-2.27888372237023;1.77528184583973;0.0827802430751057;1.42003435945393;0.583905426540979;3.01017726085103;1.21808014855789;1.15667800342838
0.878989429399246;2.03973386827845;-0.668592184303807;-1.04908249421211;1.1137966486506;2.66957485154006;1.37098742549106;0.33513928727614;-1.55244375429092;0.940732355174638;0.686218253270305;1.16384382029164;-0.134919767085746;1.15124854573185;-1.15082145417876;-2.42358413770581;0.141438604046788;0.318886639893141;-1.07172252166594;-3.75649706495578;1.03112473978235;0.803401851071843;1.16841397762898;0.215727191476085;2.18777058990561;-1.86896480610628;-0.318833672369423;0.0496870189174989;-1.64982009695664;0.585714714252298;0.744441440851901;-2.02310813622249;-2.87723942003224;-1.24542165557664;3.05599253356272;1.31562490321161;0.575903200139778;0.453926821625865;-1.4173435145945;0.843571904023128;-2.99638648245563;1.94160118461301;1.53805822610453;0.170456885704356;-0.0797869024067861;0.894173490361765
-1.90812507428372;2.06341264920618;-1.10774687728456;-2.13620290828342;0.734323979709762;2.73063884782737;1.00416737830473;3.36261461906237;-0.615967000699348;2.73261735715423;0.793750381102777;1.41657197286311;-0.588137851926704;0.51797624699275;2.8885187484471;-1.86621949964341;0.397334428029012;0.240843637401907;-1.54624962227832;-2.25472764060273;0.280139110551338;-1.47083247983615;2.03145905676211;1.15558778932996;2.99462321719451;-1.78213429506072;-0.728314819294009;-1.64007033079263;0.752829265210318;2.01210014852028;1.20730577415785;-1.09955566048443;-0.549936090541029;-1.2523797950665;5.28180330934862;-0.479090605287605;0.229741534710901;2.87993949084964;-1.51226538515905;-0.403541508729185;-1.68644011088674;3.62937881082132;2.2306358670641;1.77026380553231;0.00872162352577555;1.53614493955585
-3.7532711408339;3.48596712041936;-2.48155783099798;-2.03722400183859;2.17235140949005;0.635884892098602;2.1622127789823;1.84077920397473;-0.40947517484691;3.09291320049836;0.124480801836966;0.411919786005221;1.73681208682452;1.23665391798475;2.24868841363686;-0.653080689571573;1.15032767134648;2.2290482678188;-0.04377941111926;-1.8383474282275;1.89131467429335;-3.3668615328009;0.154593624579157;-1.4190886389398;1.51044499247386;-1.32050720258161;1.83988610563955;-1.84557523584435;-3.58257216932807;1.94377269735303;2.13992838715007;-0.584155894426816;-1.96395077520526;-2.5444219411022;5.29279035073718;0.454701053810634;0.870301215937448;3.55937340117889;-1.54735772606814;1.12809086474826;-1.30354963174491;3.32321231276283;4.36696769852897;0.217470352591584;1.48147451683097;2.53694298211602
-2.2597492070239;3.11666347801864;-2.23419051043935;-1.41526446435041;1.89286660019998;1.99573968669861;3.48938423480876;2.8662029106734;0.826475193818723;1.53252180322226;1.49115616622028;0.661297688407705;0.674514192340669;1.35206790386439;2.62734427240476;-0.805810264107097;1.78627065853418;1.7152186634237;-0.938712788000494;-1.89800829913807;0.329601290156161;-1.96259065499804;2.96373607441113;2.76228353973826;3.13067042725738;0.042761719961127;1.93174503898669;-1.38431634170387;-1.20901741659732;0.203887158277967;1.69752464170829;-1.27625752074841;-1.73348239625599;-2.44974236244527;2.46804131339752;0.579890928969994;1.50713746733993;2.11445643022428;-0.732170943524979;1.19494468809109;-1.04041025045976;2.07324712885628;3.3802473420756;2.56401548657706;1.96312750663923;2.65895590544569
-1.17979400114943;0.252618560544241;-1.49700166251992;-2.50776319778956;1.39159555462986;3.19594719249465;0.552610484246819;1.89627017018051;0.641075226478678;2.96146632093968;0.335202987799396;0.456717894555533;0.510614492696549;1.83664510960187;0.785255232167857;-0.467941497676929;1.39794512952941;1.08487755500454;-1.16840933084091;-2.48285631390798;2.46140487336696;-0.947469192477494;1.76744920507546;1.78240096655298;1.88627492719313;-2.03553414538863;-0.33022751385385;-1.29359176602174;-1.83697504038116;1.58144949760802;2.15956019949502;-1.77761579718465;-2.2621609066021;-1.70690398523677;5.90450917286137;1.11479174522928;-0.337471279042107;2.23405902709114;-1.60096680306257;1.36981842273785;-1.45498117576954;2.60702605858494;0.637029412661064;0.0729475811034863;0.454613013525074;3.76482761962668
-1.60243661850768;1.70421679529092;-2.08882783239324;-1.1061617921595;0.654986713505264;2.33457241891723;2.27549667707371;1.68387370726376;-0.288628243177993;0.669657197553118;0.912131807968496;0.425003750336547;0.203499733474393;0.261184342253486;1.04456348147124;-1.33749502825832;0.774029494987353;1.46893881768514;0.380985146493626;-1.60264375667427;-0.185625792012697;-1.20676256863557;1.8744776786779;1.04084508850947;1.72611543176975;-1.587506173851;0.725421699208336;-1.03783506361852;-0.893140199875453;1.38773895565908;1.73150241361249;-0.130847702524098;-0.430341215066549;-0.431449922596913;-0.588416415567986;0.701850550307149;1.19916232311686;0.716442405873159;-1.98508020529914;0.427489766412077;-1.6648417611512;3.80997939730832;1.96885276094366;0.486651246399387;0.623869662698564;1.28374107531553
-1.08625982471623;3.26941483709761;-3.55313281251307;-0.462724034067678;1.95244356380994;1.46441888339947;2.77427730429195;4.05161658336674;-0.98410338376307;2.0464159367328;2.78772074727667;0.777643123647122;1.3293937068392;0.959261858805152;2.54807684357256;-0.889396782160608;2.67449362786378;2.35812233050556;-0.130725269199878;-1.96690689294822;1.96992043674868;-1.52976515220998;2.00668104136381;0.823385167666498;2.90296201378883;-1.28769819205504;1.09909296642913;-1.70793426344864;-1.40671498118854;1.42714784261404;1.97812201812525;-0.753374812843192;-1.36516469664753;-2.06069641643288;3.92830285711332;0.424803509423754;2.83464750360294;2.05348117779412;-2.03489430733588;0.584515914474228;-1.98820366550211;2.98331898915377;3.36163254047124;-0.225179298406884;2.23541938743192;3.328885241008
-1.78049214125784;2.64458958917913;-1.55762456390322;-1.50284930668014;1.90441941647265;2.37367387556635;2.91851413785944;0.250251761597615;-0.467337938549187;1.96832132518514;1.08110834883024;2.42420725891541;1.30557301308003;1.70491128334414;-0.181559413289953;-2.27090426315825;0.834009799223372;1.73875992754945;-1.84733840966303;-2.74581871346234;2.45118991048211;-1.54788008885947;3.21775206248743;2.67426771085519;2.54062759931687;-1.32656664021086;0.692085290948252;0.155274150358615;-0.876813447227287;0.473327912887348;1.31562178524282;-2.05301512306741;-2.61431543025489;-1.19974584720555;3.30114803236043;2.49085693712105;1.03813677498009;3.23314378999836;-1.13547717340008;1.6265487680119;-2.13997109828953;1.67976659111068;2.15693600935561;2.69839147812047;0.647172812980882;-0.530438889689011
-1.71383808202587;1.63365149034506;-2.19016131450773;-2.4725227638923;1.66902444895824;0.826016161285399;1.6212922870523;3.00534418823743;0.346104960115483;2.94932838089832;0.764645023038735;2.00474430742545;0.987158666262175;1.15780422664309;2.94047978063579;-3.44434577691685;1.33451322817168;2.05398317215685;-1.32390587013989;-1.86401261378871;0.329786119002057;-1.64625685232845;1.55068483308519;1.06387772595451;2.68079704420741;-0.446588628455721;0.543666029954635;-2.22540520643887;-2.49022134580992;1.03802830599349;0.383150232403807;-2.03589249210373;-1.57479782588971;-2.06900651752428;5.68411477205543;0.0776088999362432;0.846984655875045;2.23994233938619;-1.14182766541094;0.83926305052842;-0.988804245036282;3.83343898369613;1.76143538174496;1.73302985434442;1.08302442949331;-1.21227066886343
0.541612538272676;-1.10313886140739;-0.728575032492616;-2.99949083362658;-0.281265774411746;1.62097741338111;1.32546558385716;-1.07478555833562;1.75162815548788;0.101856086289122;1.37975759911664;1.33387865708764;0.581492589731451;2.36466215004004;-2.7459429771767;-1.84115842026074;0.788192487741855;2.00164435904699;-1.13076599228181;0.101474871782961;4.63488320655488;1.05386023411046;-0.360967342855238;0.414538418981627;-0.948048890898965;-0.375392428938676;1.19870928147591;-0.523459159515867;-2.10041391820417;0.485201883899472;-0.47006397628585;-3.05493910653085;-2.17093036542359;0.00183270585848266;-1.26571281350013;2.49158781897498;1.71579431014304;0.579287460860617;-0.069338584678702;2.13124508056484;0.540155427619097;0.572395173906698;-1.51786339602631;1.73660145992566;0.513566666466021;-0.608391476758029
-2.24921780230341;3.40010108182333;-1.68276862782734;-1.05004475494822;1.28194818645244;2.45667174331548;2.15013564929813;2.6853091579356;0.532086698889168;2.74680422397179;2.15279630565377;0.542333424029604;0.392131363200295;-0.484779642639186;1.74914695281563;-1.11252380010998;0.902742473021554;0.903141485110487;-1.02110080041328;-2.17142476783357;-1.27414624288858;-2.24673347339905;1.64517276136192;-0.0431418837063939;2.28441080543122;-1.47522539360986;0.736210695653279;-1.25183826612993;-2.13172770684633;1.0285151801113;1.46783210092472;0.0847016643883356;-0.545623522932297;-1.55385765963932;4.41093110823831;-1.2690543130955;2.30925294058569;2.0337569237243;-1.38891613430339;-0.0279221935598831;-0.924703002227896;1.86429018861153;3.44666659380485;0.814712596820041;1.32982377443253;1.45011651674989
-0.900671858406446;-0.637375006837804;-0.330771527781161;-1.93022834192626;0.195100815509308;2.77924435921189;0.873800032631713;0.735306717654497;1.21360407962425;3.52123316726789;-0.52280824376491;2.28642530124983;-1.44002812492025;1.59483356487426;0.705026499022752;-2.26846119720119;-0.489529944945437;-0.168984340410488;-1.07226653225762;-0.419892637484959;3.27154177381494;-0.715810819227644;-1.20530063111819;-1.33541606991262;-1.75567895694623;-3.32743389570904;-0.939096465610427;-1.51282706943202;-2.47947956807591;3.22582433622307;3.43987946850736;-1.904095844192;-2.15757822797097;-0.590469283051505;5.37410691180021;1.28368625051954;-0.839061937564466;3.47854070396695;-2.72624739711852;1.91044314115476;-0.168815441608288;1.53549199161547;-1.03150240680851;1.21816745510981;-0.815655990787911;2.41261387173773
-0.141383775757554;1.51609454246739;0.139928371810051;-1.85151164123685;0.640989344211099;2.02817019616025;-0.0893611212414874;3.07133514083826;0.925780276650308;2.02650737192516;-1.31971031859789;-0.92816514174822;0.38351033941296;0.918516444421173;1.83539353677188;-0.578178975974482;0.0749682518662574;-0.0298848706628669;0.154179236795111;-2.03895403308667;1.39895481979313;-0.564375984353879;-0.202902368201374;-1.00256627037886;0.977435191890758;-1.76973844555139;-0.245202454276968;-1.38230102220114;-2.42044948234928;0.942803074105433;1.13886053433732;0.240055909317553;0.0883136179665673;-1.6895498021733;3.23479353678983;0.44506177601514;-2.1112311709499;1.5266705258103;-1.37990517670308;0.625093244181277;-1.09999416072274;2.03505046153793;1.3394059795627;1.33192287517527;-0.896133756734434;-1.39325052067456
-1.40088938124211;1.49730483822059;-2.28162894911381;-3.19484911041174;1.56131538600893;2.00917559359355;2.60294082498098;1.59205008266794;0.697197024166103;2.65146957460343;1.57912135120965;3.27733850706204;0.797804507316582;2.78775911376946;2.21187574744153;-2.98970628629904;2.13903722577158;0.957354656513579;-1.51282264870638;-1.08911484170986;3.49694906179879;-1.49217500801485;1.4913453064346;1.177636968306;1.12284083323531;-1.82449649867598;0.970887028075134;-1.06875259484461;-2.56561944679693;1.59789700352102;2.60025909195316;-2.95236592342698;-2.93889195616766;-1.87730979946309;2.69613153722896;1.43470397878499;0.98607064172488;2.68210966341769;-1.34469059698251;1.99336069943547;-0.248735936546963;2.63198233570388;1.32722582958469;3.15006306318545;1.53296090804871;1.29896587845173
-2.35805147272007;2.20278157293258;-2.37351320133373;-1.38428416112161;2.12166094191142;0.30324218619184;0.68947943894862;2.40890377520067;1.3362242869434;3.10121993536626;0.306438112045143;0.369853065839499;0.385413172240127;1.28907867489195;2.34925967774319;-2.16347508114936;1.03856632133409;0.742694101673742;-2.08317103736516;-1.39844301491042;3.0403522713706;-2.36586698665961;-0.848758758739486;-1.88937261643815;-0.503709668362292;-1.79505917449448;0.569565014015613;-1.8991727169131;-2.81316663351437;1.92097753489424;2.66550021703129;-2.31267849726654;-1.65500082549507;-2.19536713144408;4.72620594126384;0.715529821903986;0.3418267043229;2.77193158386867;-2.36727586524498;0.749736438739375;-0.549796593279371;0.693425275894154;2.6624039377091;1.29431360601158;0.9306501729366;0.339711481638389
-0.56171119829962;1.33078789929327;-0.623131274201452;-3.46025266020229;0.3965512425168;1.53915834648787;1.66308976484354;3.49580867852067;-1.140023387798;2.40074222223756;1.02493105298063;1.86893947130184;0.107485194136553;1.25793131659741;3.04128686313754;-1.67150075317892;1.87885722682412;2.08174393421961;-2.66288371831332;-5.09297760376711;0.854024369179405;-0.577664618710936;4.46732232693922;4.71797489829753;4.0422917651481;-2.37152549484183;0.824720286354543;-1.07186208027401;-0.346516685011008;1.65151421408508;2.50954267181904;-2.2637801817518;-2.58658937184174;-1.61994946828115;2.47914884801585;0.516309787745962;0.875595671769791;2.25382297279487;-1.72475774039685;1.68229259163913;-3.72731004262426;3.83601867288645;0.624982388968688;1.24232626617334;0.45854830666753;1.83346502739154
-3.48605051373488;4.15414527231894;-3.41759991243218;-1.24830726580291;2.58978042576025;1.2838172553886;3.58599226194432;3.82331487098748;-0.514701445693421;1.97784876019451;2.76599425839209;1.24654185703861;2.72769097011325;1.44535961129216;2.61932420632164;-1.65137586983038;2.6716745426445;1.86848797715804;1.27414295631713;-2.90933232285332;0.570768118211782;-3.29751437399706;2.58334575799627;1.78328587707679;2.05811509918364;-1.51853619190422;2.22732763562483;-0.105320332078001;-0.781026578699345;0.189717526901602;1.92789181990674;-0.899600826071376;-0.765463959013375;-2.53517530207258;1.058321397256;0.442247581174885;3.61138649232578;1.33404762723156;-0.697798811036965;1.35878005145802;-1.65291489592451;4.67546820742222;4.83931429375843;0.801836668184578;3.06928752372966;3.19492906105906
-0.675176846061168;1.31104966411043;-2.04671123185223;-2.00639080423124;0.636091696304623;2.20087901082976;3.21219311309381;0.138079412760329;1.21649474584796;2.37664747899391;1.78119065724317;1.80218023507726;1.44315762895287;1.90467444340768;-0.99110084326065;-1.87089789240596;1.74962426492842;2.4677831653095;-2.96482731780134;-1.11020331452852;2.27951686490353;-0.822725580082038;0.330816987060143;0.157265971785169;0.482871633947925;-1.94440998212658;1.74173924376967;-0.439077868342701;-1.8086850171292;2.11337950594687;2.09901377780627;-2.16958101185129;-2.33816256365152;-0.738210235625965;3.36173994548089;3.23071910750437;2.20459634996957;1.91299944928463;-1.53243406517173;2.59691480267609;-0.071749210433881;0.405755469041728;1.64341252124134;1.54674739084283;1.15090695159828;1.2891838751327
-3.12975413499481;2.74110374095186;-3.1558148390716;-2.69636294943983;2.11518088664481;0.470165009785613;2.17805950453636;4.76292469714674;-0.0109351845978681;2.54709680839933;1.51447941762951;2.0356124742239;0.784988613024732;2.57575746408405;3.66245870611627;-0.811581315171967;1.90993670216717;1.71969109495362;-0.131882571299646;0.530832718809446;3.61108802709432;-2.87580442980472;-0.437196701927723;-0.715265480241578;0.760793273595785;-1.41014720678216;0.806387036655968;-1.61829643535921;-1.91523479519133;1.46288320258171;1.55691866651767;-1.94095856183986;-1.91230556007617;-2.40184613645263;5.9619327790089;1.63548419743097;1.32632498169291;2.36065187645502;-1.55089274557563;1.90439844671348;0.00514214344445528;3.03446094983432;3.13256704973346;1.80028937266298;1.77170481220976;0.00454630390819788
-1.99893908227164;2.39093819167213;-1.76454681829638;-2.41430005755579;1.53966904005883;1.33368031235443;1.58861890673711;3.29788759522466;-0.645884322921551;0.679022990621314;0.849999032999976;1.01063169831899;1.17814043672414;1.21369557534056;0.584900151606439;-0.964265452426755;1.6854317368871;0.935119627551789;-1.64254108251363;-2.47741846158434;1.22700087928854;-1.6223231227748;1.52074416698314;0.992006544071205;1.91217766756569;-0.627710466943804;0.534450316591354;-0.0344614734141064;-1.49636818326829;0.949569244120973;0.497811196975345;-1.39536753556217;-1.72266239401175;-1.28815132523219;1.18648092376561;1.61364120712339;1.06854390444898;0.540229069541883;-1.03980847764444;1.37083442018399;-1.87157329656486;0.202221877484826;2.63781442416009;1.47301407221053;1.02179118815095;1.68510885915841
-3.91027473748125;3.29819938546319;-4.01539108887515;-1.22731612895405;3.02747814388804;2.79841445073579;3.48275618528165;3.49648692172861;0.956216788575809;3.27387919390507;2.37251049235459;1.50950864064315;3.38954923524301;1.47170909547812;3.77161131505883;-2.72851177262708;2.59507736554302;3.04477078030549;-0.528632952411056;-0.0359241609701714;1.37506702796852;-3.75161300454315;5.0730295336082;4.20330682155106;5.7271256334962;-1.34926232036093;2.90964327655745;-1.65256583434769;-1.1934342285377;2.6278159929933;2.7766668765;-2.47023137978622;-2.88595895896968;-2.98199680076399;6.60484949037832;0.333473145256002;3.18170098388513;4.02905642415618;-1.83325973312313;1.96627138018749;0.324729213922866;2.97859103957549;4.44831073091309;3.04893554681692;2.9225641808808;3.74430200750837
-2.59256388814118;2.41512551274206;-3.61281544831651;-1.15372479704559;1.47802762928974;1.87889186122959;3.62272783940696;1.16747244503068;1.39764740609284;0.773869176158288;2.54326452796489;1.00196355749343;3.14951262314214;1.13578619057706;0.547247613351984;-0.948161940155808;3.53385772319959;3.95097017617756;-1.23168281306157;1.33761394307213;2.09308821591553;-2.39330657656029;3.25285474526405;2.97960116752976;3.26953599702683;-1.06890103612128;3.10441611147927;0.325341098572116;-0.982401188171579;0.657915764784318;0.891032070152723;-0.409922020571304;-0.40159436128154;-0.96499122903162;1.93848469820702;0.717917450232645;3.02140069382595;2.02566939306174;-0.775698805413386;1.55262863278261;1.15881765118614;2.40361464225291;3.17631594466168;0.0615400950157272;3.09595337356105;0.777938353368624
1.1954800923797;-0.793894513842384;1.01174744787799;-2.67629367330493;-0.27588904288803;1.72595840554667;-1.65312565459772;1.68247597201943;1.90569907998623;2.53104088546696;-1.58811245548766;0.559430780234846;-1.63865089219565;1.86425809937858;0.59709871573879;-2.06097788928569;-1.08347902176481;-0.322702824783883;-4.02086674510123;1.21545554133431;1.97632824281417;1.11746393153529;-0.22456788547848;-0.344142330895478;0.583862676468713;-2.07590389695433;-1.05556826677813;-2.71670831870123;-2.27696100412956;2.11392441559529;3.31845694630468;-1.14254018023837;-1.85637209010617;-0.0222851953047907;5.42336224568303;2.37679078507309;-1.95037708492734;2.81504608427632;-2.0311709122668;1.1674595693128;1.15812234341499;0.366865993348696;-1.59545024602046;1.44248485928589;-1.91602264174792;0.959500341480706
-1.5330765467095;2.0198058607703;-2.54293059553734;-1.58095115321729;1.54665314525371;4.23661116131464;3.20709281556341;2.45496368977042;0.244160517884022;3.61547459582455;1.85493142666872;0.61281626881202;1.48753908497412;1.11351379896043;2.95354166767257;-0.675889950999851;2.15745421828487;1.33775907514318;-1.95502582191159;-1.69357890953527;1.90340838475152;-1.11785937738054;3.55803356751294;3.11503336626696;3.30729551988849;-2.59573897679988;1.64859788814436;-2.08511900349751;-1.73748416014292;2.70631450992813;3.84312090017664;-1.44564266844177;-1.03013263394867;-2.09527554852595;5.06111833876748;0.276377562196377;2.24746869867572;3.01150781128872;-2.58051916951657;0.6253958951893;-1.14362230067152;2.0757642925369;2.13722778062902;1.44759788749569;1.9259047508864;1.78397390290797
-1.11821762208234;1.82708643117197;-1.13665231530964;-1.13267893519772;1.08798749064847;1.92496331967125;1.15704667155356;1.00753491062798;0.784168828563019;2.83349734681658;0.0365986482313456;1.88360222594124;0.428708720653646;0.566053140439014;0.980656810930046;-1.22719203677764;0.617477890543787;0.931106301805671;-1.39510529221639;-0.723080208002942;0.821946710293442;-1.68446765197489;3.20466947604865;2.69633842234804;3.88053400125462;-1.42343529424371;0.359283541689692;-1.23001470465567;-1.6507789448889;1.79659412919509;1.76658930128983;-1.00363010184841;-2.98746956589817;-1.15839382636214;4.50793307601162;0.0900550416117313;0.543993910124606;2.38417131076318;-1.41038075928837;0.594257888710203;-0.234859210083036;2.10686587979156;1.53766724574586;0.388112685062789;0.448586025020024;0.65211490314283
-0.268213384595139;1.08803628056411;-0.854458692992956;-2.36370844959547;0.586082788488263;1.58897493457962;2.38167247483363;0.385329771776113;-0.0456948458254883;2.59625612243395;1.10426230075013;2.5047103377852;1.18668790231161;1.98680919979055;-0.600505782920451;-1.17199875083151;1.89709674891941;0.775982142515643;-1.18977650055963;-2.54356237863012;3.41043500282987;-0.826401815803644;4.54084670978065;4.64315756908421;3.85701009514158;-0.9855126119274;0.423174508326811;-0.0683106849055126;-0.767411152284722;0.818963915867448;1.79133273245979;-1.60257768882233;-2.19474454981293;-0.505362894899483;3.33081421393213;1.86886373217947;1.31188505634536;2.56536637525349;-1.1645381386632;2.10113303717998;-1.49986494674454;-0.42415906078196;0.8283039498223;1.44636316378665;0.811356079323113;1.83091979598719
-3.69308659360697;3.33952585231512;-2.7824281500668;-0.912423446586517;1.63748959163255;2.30037807235794;2.94249332731353;1.38597633379053;3.12798536871237;2.10719633636461;1.66203211240897;1.08259197944369;1.78593765445143;1.09326655148315;0.445609906058374;-0.296214665412144;1.58920072523119;1.89385647162894;-1.77471592899654;1.10152072229326;1.19707579271359;-3.58591738015093;3.43810861896016;2.73807049165057;3.07149462961068;-2.14744405918983;2.01049435329869;-1.13118280945909;-2.03841020291899;1.93867548257615;2.04987687674832;-0.514246626911265;-0.942792765316154;-1.36725688447584;2.32673256012363;1.19978949060443;1.46288877992357;2.59376709379439;-2.01352445768358;1.52516326813571;1.42043311537553;2.12084402451229;3.93379274194568;0.940047193303296;1.72252799890217;3.73250786718622
-0.345543902404047;1.54148151613273;-1.63785063623269;-2.32575305739506;0.701222799051188;2.26369002734795;2.46493403684631;1.33407167678299;-2.43754224473835;0.0776153252880192;0.52631096633647;2.50178904327635;-0.214122264536592;1.66945592933658;1.52907800037364;-1.769128799304;1.56895751850543;1.12526773697831;-2.06417439579781;-4.18587434565835;1.45547421541801;-0.641822094177776;-0.317332934085873;0.147562822968915;0.400268349862993;-1.39870082726366;0.575716677198057;-0.00733999800266028;-2.24252624679007;1.14097598064934;0.387858244825793;-2.38075816325426;-3.08826460205002;-1.31327980526397;1.72412942898274;1.45456542607812;0.780340985320476;0.28562906501048;-1.24603831502489;2.14132765219432;-3.60585519578792;2.90528354450807;1.06488356540003;1.83126302183527;0.905218522509436;2.39122168987007
-3.24113466103795;3.11577426368829;-1.65933538842282;-0.765671691098313;1.11659520278991;2.17339518598789;3.20670543158481;0.448161964172149;-1.37351384761663;0.588111644652366;1.41815130137273;-0.563185364797349;1.0947336339172;1.23107173192536;2.01312508965339;-0.270596974034493;2.06694699735176;2.40531158370529;0.303782093352099;-2.89441710808445;2.21955881292105;-3.02326567315052;2.66817730749514;2.29094733139082;2.57883078158299;-2.05833420706826;2.1739574141863;-0.153240998581067;-0.971185710424559;0.655079261542654;1.08694662268585;0.915950253955337;-0.0308198791250187;-1.88947709198905;-0.248691823751871;0.339475108754361;1.04099850475256;1.09401924574253;-1.53036108998333;0.222774762522535;-2.22305310383107;2.43096728683187;3.45388947730275;-0.0834945102515654;1.18669669429775;1.8934259406008
-1.08217618805922;0.864124772014034;-1.74397017696562;-2.57401175981824;1.00362399481095;2.57810191833039;1.10366573424977;3.03378812037542;-1.04752382159855;0.921553912279637;0.333180650830529;2.21786246767267;1.66724201069545;2.33718412798121;2.32320145639869;-1.09153439389839;1.54118715355776;2.29609586104699;-1.93493313556511;-1.63281935331154;4.13290167595375;-0.932960067567248;-0.512203451337204;-0.0104828259692773;-0.675185050655743;-1.0535153613911;1.64953408609683;-0.24200677312127;-2.67523589170483;0.635092696036461;1.83227836872257;-2.30292647541125;-1.44942412909689;-2.31988226315934;1.31113743856507;1.39506266879718;-0.022290272915936;1.33653973960448;-1.35962814768588;1.89678568800546;-1.28620887933836;2.06794674949996;0.904340487804785;2.32298595472751;1.20629780407949;0.872010046579932
-2.01875855841813;2.39384390008133;-1.12822118477946;-1.32414440261403;1.24069866980716;0.993535936506904;1.38392795093591;1.47241672039863;1.96111426570819;2.43371760607394;0.45265881017997;-0.104670863775358;0.191007114139335;-0.210098544298184;1.71617996489329;-1.0481260819047;1.6134557095929;0.300627269735956;-0.8837731523345;-0.416164463770573;-1.39051126554994;-1.91594537488742;1.97914111423944;0.932627991677696;2.85339319852407;-1.57593020238319;-0.748670556714034;-1.55552606525328;-1.63385307264879;1.34996537709029;2.55287848552904;-0.310669596906017;-1.91174077439769;-0.969173209593848;3.95627347292436;-0.232907331639513;1.0352861359916;2.6592471921219;-1.84233947782564;-0.357049621118214;0.409161982627264;2.90450132844103;2.77747097195776;1.21434279350422;0.364018440886058;3.24039456208382
-2.95531694771143;4.05569935466994;-2.28463089088221;-1.21524292364011;2.74859702859982;1.62236599013694;3.2922391579619;2.09430085735052;-2.54580531528515;-0.237352216551563;1.72695068648703;0.91111008150777;1.61311804359294;1.51614890130051;0.190524835355493;-1.52062111470795;2.31789481403971;2.64299603588627;-1.71652367553954;-2.61664768076362;2.89736470168294;-2.61726250637721;1.56826443103726;0.870572093430083;2.20128147734872;0.627028299408208;1.85858099844701;0.535243725649544;-0.405254673548611;0.27135258625891;0.23885632051778;-1.63947186870565;-1.87144490127244;-1.78246731224057;-0.241027948227756;1.10319814491628;2.53143788860448;0.0763077054055595;-0.00697309235127147;1.69520714284576;-2.6004655005819;0.137429412992056;4.51471958313555;0.622028937091189;2.27812613864196;2.75702302649016
-3.15320484383895;2.78369367656384;-4.0250319186409;-2.67321663457281;2.30743286249129;0.577698794208267;3.99516860966448;2.13487026627747;0.169875466921206;3.86574348976283;2.74834083290341;3.13649741051177;2.70521521135495;2.69143949627735;1.04849784148395;-2.94922698899173;2.19602022992574;2.76321747741329;-0.898878123630279;-2.26931739062291;3.96920140403406;-3.04560538008478;4.68277017138291;4.28887650000869;5.26082197529344;-2.78907845614926;1.93999721220543;-0.409881841040221;1.35300142554678;2.49816609737275;3.10300141718105;-2.76977269678766;-2.8437167326188;-1.44886469984408;5.72387062752846;2.49926331439876;3.26899419656541;3.49825892372688;-2.58365373663659;2.27313590705297;-1.12190964094502;3.60870814388085;3.26821970812855;2.63992855559135;2.83139592442192;1.02860627408754
-0.371428316839779;1.07564066938929;-1.38069113749554;-1.86747278002846;1.01331544281128;2.64627768989669;1.38086060703191;2.73436694178668;-0.418967353908521;3.13442672631415;0.0237363729425957;1.48141089978288;0.4799015719713;1.83016461680967;1.75710272749302;-2.07213017294289;0.524893871502477;0.653297523359323;-2.55453705067314;-3.40533645550537;2.33506583572424;-0.664920544287959;0.136493013724318;0.0236991278437166;1.09647162936375;-2.33409931547744;0.44465123800017;-1.49662965672606;-1.97381711230043;1.96579396839995;3.43447019621124;-2.13083136497318;-2.62035035910289;-1.4743886195419;6.20864357428161;1.83619969488507;0.99376260421186;3.3946813978655;-2.34173513765887;2.36258818081241;-2.27110545168678;1.95222181446371;0.799532906100858;1.71658556582611;0.20915330686868;0.477611969924256
-0.651236342577969;1.78831387769671;-1.580753865987;-1.96566738857379;1.28519729745923;0.993953754023568;2.7222942477752;2.18771126545228;0.295812678192419;1.79151992384345;0.00428819214229176;2.13590576347175;0.940865860236505;1.28558326435408;3.06624228984856;-1.13003149183827;1.51247252571711;0.730208826529496;-2.12324618457549;-0.312595102659328;1.69335445501338;-1.00881214769059;0.644092837169302;0.453940502701808;0.871294340929199;-1.08206103866976;0.895448616617629;-0.578483770322251;-2.86886331283594;0.904854186564903;0.138752312009887;-1.4289186286258;-1.37341838014774;-1.72765158588217;2.64142174759608;-0.0960092036483271;0.159243078082801;1.79057927229861;-0.776344753531871;1.2344201481531;-0.390367295966332;1.73594704431339;1.77305787391434;-1.1958370659868;1.26548423951063;-0.499489029464135
-4.11783142318705;3.88819910642251;-3.0546547441773;-0.824845467941243;2.34886936392482;1.85472995757163;4.16374734967916;3.74334798217467;-0.826917862141697;1.75336025531287;1.92644462529361;0.0889620991755516;3.08871468862502;0.0320521840550121;3.03395791807733;-0.769116011229578;2.06055837099963;2.72397288033823;-0.418959264478177;-3.1436253870676;-1.0011152338732;-3.95440835459901;-0.232197371279695;-1.02353815040149;1.36146810215349;-1.55101797730988;2.5216828332046;-0.556546865761741;-3.81427495964304;1.29177076142409;1.74130435079773;0.000474227852960751;-0.956989611678514;-2.68079947406462;3.69749197347909;-0.623949795428911;2.41870833119799;1.08010977586781;-1.37001895306536;-0.180258819788033;-2.19860055407895;3.30712105393842;4.66560669048387;0.59308072081374;2.57104005099986;2.41005454550687
-2.1761312867534;2.49937343661644;-3.70203849807768;-1.68272194269695;1.37341242652696;2.66552073233589;3.59588659071641;0.997064256213164;2.15479603002214;3.05848982454521;2.48224884811675;1.57569668930233;1.87862642660489;0.335969249800166;-0.405057825153077;-1.68660799478139;2.38370080352015;1.69802924935218;-0.555804677816606;0.838743543809428;0.0831227667891274;-2.00838652040216;1.98390263734466;0.598462207769177;2.48969643324091;-2.22139009979756;1.58309787420729;-0.385676390216691;-0.89449095511655;2.12560998708835;3.31048416370811;-0.58673881120164;-0.458174292941763;-1.61252951193849;4.41160710072207;0.719923347425064;3.67987842380834;3.17794959702864;-2.09368012746715;0.732356676794335;1.19286078190754;2.72291410559014;3.07290534417457;0.632237949916172;2.61901299855833;0.363308734165177
-2.65519449273907;3.19158824611536;-1.58556505242696;1.13210274644979;1.05588813176578;1.26787495675686;1.41109714929603;1.82255604744966;0.534565623689868;1.61783287039658;1.59270604183802;0.252459730807454;0.885613444362924;0.855375436420374;0.872034145747837;0.28753304471918;1.70611096612416;1.67370618531325;0.0672328502981979;-2.10636496599248;0.380581105297236;-2.73388462360926;2.65968027203006;1.73885100346835;3.52736770566088;-1.11421846606642;0.876886372471964;-2.11696095318689;0.105293764090436;2.34686743803129;1.4089686615377;1.37442213287684;0.372911174324562;-0.557850455346791;4.06237054546491;0.478327622229981;1.69735646824275;1.61246453434743;-1.98174221599379;1.16084576902346;-1.07182447840906;1.98088340054927;3.33238392716262;-1.53107081537241;0.880816964851195;0.676638955882793
-2.40305690709057;2.82986907471216;-3.39992343662143;-0.802270188703198;1.7481471914177;2.94019961003524;2.2652673466965;1.95632917790863;-1.33812743254921;2.70914190151297;0.845514498890584;-0.399923149882884;1.49320010910707;0.192005945980553;1.29710957850549;-1.32334940392292;2.50114994835582;1.51208035765431;-1.05286207905836;-2.9810432092866;1.53660426661959;-2.59870590115265;5.52202480791263;4.27642753705257;5.16071391377353;-2.40320111523837;1.2233974991126;-0.0337403837412784;-0.301908560266561;1.65724889430585;1.70656933364145;-0.713195639883552;-1.06777848867571;-1.86046542798985;2.77590345770862;0.252155565330252;2.1157484666122;2.0596396750465;-1.70490573019337;0.568049002416994;-2.43068691405973;1.66927855525039;3.2872889343844;0.906862994807353;1.93048194300397;0.542081074979714
-0.854328580538708;0.59425478940622;-0.345667500139254;-2.70223156813243;0.275613877388991;1.65563963217035;0.5779891120029;2.13164134627515;2.63606123269901;3.19350114934469;0.0228410777692908;-0.757942151270474;-0.25939193150423;0.958482334526545;1.09643683526456;-0.542233207177834;0.340573264184174;0.30380108099884;-2.01756074618826;1.33411874892542;2.08436459511834;-0.129724682260811;1.99545550660339;1.05024368128503;1.87095443744359;-2.13891117715499;-0.0855867808928135;-1.46137379534364;-1.36383408662047;2.52177326919763;3.13680817941242;-1.08081308939039;-0.280165615417202;-0.892235583073738;3.20313467812837;1.53258481055492;-0.0266875536898989;2.63325937107876;-2.44435833694735;1.6488679759237;1.52797127477656;0.935737192425649;0.00650112511395828;0.776026331396941;-0.0915180297686543;3.73502675133292
2.30034046271754;-1.06753836382857;0.876424141002837;-2.42202878074912;0.466592552637769;2.77348143357112;-0.466151994544194;0.719115419286504;-1.11282859038312;1.72768283630491;-2.03583681139896;2.3014087517087;-1.51038055429326;2.19744500570978;0.0426019672678503;-2.43020969434032;-0.897070583576159;-0.216264079645144;-3.1367780564155;-1.95202203584142;2.83221196480364;1.62792452870652;2.73034700950961;3.17314141147763;1.96536736418624;-2.14843997543617;-0.553170203096991;0.283026019568432;-2.80496091541469;1.10731502463307;1.68679447211221;-3.90550896471603;-4.09899852518931;-1.23075408778747;2.57930370358623;1.83298167857675;-2.9646630296557;1.57339561137376;-1.49691532487502;1.84378754553718;-1.6951927587996;1.65204664450629;-1.73619226615462;3.11645069555894;-1.73097212139786;4.9492064535982
-0.944509876075715;1.7330006704275;-1.92893789769999;-1.25940029117807;1.42096309741148;3.20936362922611;2.84617323299067;2.96436796351905;-0.397611335901105;0.0848613451113713;2.3123259163239;1.02637885647324;2.42844855441862;1.5740368070705;1.87447278620044;-0.334186384067706;2.59895077954427;2.2235890355204;-1.15092500592148;-2.69552505661822;2.68527828352779;-0.961479878212678;0.0925481149724669;0.28387197704323;-0.329135013119389;0.393724644566145;2.02831026254282;-0.0756705940485995;-2.63717704442431;-0.641659124963927;0.766208502312167;-1.92517122261457;-2.22157503512635;-2.42644078354461;0.259713370147744;1.55677724434783;3.03463173812487;0.308115381798526;0.402934278288449;1.29884265075647;-1.92336043221652;2.83619699326963;1.88402455186129;1.98163723537391;1.94322846346233;2.40057050032418
-3.27188544630214;4.09207224787516;-2.15901713169138;-0.240230347645664;1.58955031345087;2.65259112967398;4.43790722949141;2.30749904205522;-2.00503893393366;0.747075328324502;2.46637765387312;-0.48154316177351;2.45685043571296;0.397041316646909;1.34602305596048;-1.02595015423408;2.84059566131468;2.16829775857396;0.445298966113768;-2.94233425055266;0.210520507221296;-3.16933282651468;3.20392219011429;2.61306261158656;3.54533148887448;-0.27906387383439;1.60563098705183;-1.09317778837385;-1.4014073795168;0.95854258282919;-0.0508682251953929;0.602682728373405;-0.729659702132537;-1.49620158494388;1.12365590580599;0.216300523629292;2.41802609456453;1.07023426870722;-0.768814020714954;0.349682830555957;-2.32896981223436;2.7337881202504;4.49134963733546;-0.503731070130577;2.61730557017505;2.37301248427006
-1.80209990248224;3.082901113374;-2.88212856443082;-2.55309373536237;1.4136616027371;1.74484331618169;2.66058656114768;3.0646766334662;0.72578381258118;4.10868184248033;2.02318208450295;0.838740846164357;1.00206258229755;1.03748818639474;1.36829299529168;-1.34504023794325;1.96509092412468;2.08866423308901;0.282440674176489;-0.38830894813581;2.49943219223419;-1.96351000203921;-0.0119707571590668;-1.47370283226154;0.291683305661553;-3.32863052571816;1.4057673360307;-1.26408852504461;-3.82198112388861;2.14349917409025;4.14365316641862;-0.858579291645231;-1.42208993310777;-2.17161778275039;6.30695804481413;1.12141352504075;2.70686592013889;3.68895427047315;-2.48827360350667;1.24244389251268;-0.171821157024516;1.28019337049046;2.97140137020981;1.48137051601851;1.92452314198144;1.83997325656589
-0.305246703438773;1.00561985293245;-0.967314456771387;-2.17650468136133;1.31769933784178;2.4451614624058;1.84495117525065;1.99178824618469;-1.01393432641743;2.31878706520397;1.26805615611385;2.78801087647854;-0.00839944762754774;2.7185531456375;1.02461840681087;-2.26969268679147;0.677839555129706;0.601374715988575;-2.38659005822273;-1.53276411538112;2.77895084058343;-0.843400388456008;3.35480230357858;3.49096877730131;3.61662612457183;-1.21984831618512;-0.106087229362842;-1.51170814754428;-1.48062071569869;1.11076763263103;1.48296083291943;-2.1986368273646;-2.36608661542872;-2.23367598355722;3.87259191512148;2.49018793490737;1.33555385047825;2.34535371184142;-1.01476303460217;2.86237440822243;-0.82967143486968;2.39825566329816;0.77510911812826;1.76614010839878;0.725318999226903;0.540548840073899
-2.67121882934878;2.31535626220916;-1.77518468887605;-1.66549616383785;1.42544351757939;1.47534132570979;1.98188585591126;3.73401681857539;-0.94654364526841;3.33162018957055;1.26298001537705;1.11501635689895;-0.167419770129538;1.44640492772981;2.23374800201434;-0.787893363579243;1.21281982324798;0.976377682342408;-1.66990645425836;-1.86776146450592;1.10240788476599;-2.3076837358809;1.43809311320954;0.961008730748364;2.11239134492228;-2.31920457789355;-0.013958242733291;-1.56435048358262;-1.38185990629723;2.39528953622492;2.9194577048864;-1.65568475550564;-1.51217452342822;-2.02631608507909;7.11359462109767;0.468886189143269;0.725568529314195;2.92211553509577;-2.30179795261638;1.38989032391099;-1.60522598530851;1.81999451821214;2.48738950326142;2.60152317225326;0.710579645535585;1.03576415930535
-3.10767459103682;3.74912412825201;-3.51567573696342;-1.49874171401392;0.755421291537095;1.47440606090333;3.57327114032109;0.179881576219812;-1.22590819306385;3.79799169881668;2.0984497070395;-0.675419772229641;1.65986484329309;0.456407071019336;-0.196516737793755;-0.146091854865917;2.38437495642601;2.683300548734;0.629508160498652;-1.32118713347071;1.02597371515589;-3.07425020963023;0.0064834175850671;-1.7256503357168;1.26442271850141;-2.95533691719364;1.97077227581922;-2.12735192726778;-3.58528481652171;2.81623266196883;3.88799701159045;0.0191816005899792;-0.0489891770804373;-1.06142922528751;6.19730842719139;0.775842311073298;2.04996658415342;3.5011299092356;-2.81311570615587;0.905131065604954;-1.43719947767489;1.65902359801996;3.85244747113134;0.0287303559903867;1.54915240812348;2.23742979537449
-3.1578907833971;4.54361384912269;-4.15705138084271;-2.72704588968486;2.75496825086133;1.31416239517536;3.37114453425661;1.6857972859329;0.914287355312939;1.66090380033451;2.98198176461531;1.53256968023813;3.8729258819285;-0.0405596961283723;3.50587978593552;-2.25909074037005;3.29658784471634;4.21123070519731;-1.06446786795906;-0.518139552703169;-1.00638376006729;-3.03958065714925;2.69346978619706;1.42778641889852;2.35693636188357;-1.28064738318453;3.89567142332891;-1.03189635374;-0.330396193136537;1.05911234345325;1.51369363782748;-1.878076554516;-2.34994598706238;-2.76237657012586;1.93215619963591;-0.58582926706001;3.77111706097815;1.51557091699792;-1.265416687754;0.454519894240379;-0.210388405188952;4.54381760670809;4.51688736188367;2.39638495812704;3.51092883842468;1.41277346952992
-2.88465524311579;3.41250364343979;-3.30689268784534;-0.266224262076882;1.74302072084454;-0.287166377668579;3.03746306243245;2.86278960873373;0.227517411158654;3.51725186094263;1.14514474139626;0.380319923730163;2.37807397002726;0.791135911444068;2.99297146078041;-0.769948225583184;2.52621878578492;3.37497835625926;0.279681442898499;-1.54769033513471;0.263998603585354;-2.69416864999525;0.93882080311433;-0.423875077793835;1.96576486124945;-2.21356412069575;2.4976376374487;-2.3760636232531;-1.76887521141775;2.80958101426766;4.45607279993633;-0.258674887587356;-0.69877487445537;-2.0057306003027;7.78941779465139;-0.0791926243100909;1.96143044029294;2.40419041593558;-2.85304094099963;0.235728548637366;-0.611755255288901;4.15823525297004;3.48937919025649;-0.343737479693464;1.97471331873785;1.26147722719807
-0.174112139274518;0.830976078016053;-0.952238273386106;-2.87341273538171;0.990084266635169;1.31888006327471;-0.0098747335858389;0.621113525882384;-1.00174535097666;1.38989443529651;-0.289814267067558;1.27525704056136;-1.90445082477029;1.67253434945683;-0.56932237410167;-1.3857993799675;-0.48398836081343;-0.980533671828036;-1.83055009252332;-1.49009358718589;1.98449359538004;-0.055013197453249;0.346317503478148;-0.0954590188601353;0.702852512767477;-0.943956508900805;-1.96357404833248;1.07718494063602;-2.50958878937111;0.298633349163971;0.736900187460144;-2.21816722745535;-1.03533866217858;-0.952895986346509;2.99932468919414;2.17192513202477;0.0355987729580263;0.854731539949565;-0.752501673444173;1.97618809405006;-0.948035538167428;2.3437816455988;0.604415434407336;2.5939463756894;-0.729737302885476;-0.419496729873351
0.0749138520692955;1.48781545528757;-1.58823831786511;-1.56537737729044;0.718646295815879;1.27265657045676;2.09347095055464;0.134071156141984;0.339275022694397;2.51305501197667;1.50752358659591;-0.132869028601026;0.904283683482148;0.958079628675375;-0.649356451052036;-1.60884729538335;1.19849705804813;0.652453313520194;0.576197697408667;-1.12658611494281;1.56873479543212;-0.0257022983371671;0.393329085557877;-0.257565228214501;1.04633006239199;-1.7550736511116;-0.0596051780476951;-2.19649882011708;-2.8561131128618;2.74693371113623;1.55011078330988;-1.36616123902279;-0.874531435720162;-0.58663716299819;5.06140200233533;1.15041267680233;2.06055016961069;1.48650446016912;-1.98693491287815;1.24010793479401;-0.630384357781786;1.29693603349761;1.2589636041999;1.22994123525954;1.25812061649312;1.4801530191418
-1.24799120993261;0.860400695029663;-0.8178905790916;-2.09203735185796;1.08822917373771;1.44094557618171;2.21758376378142;2.67105704395291;1.82405158910574;2.27134629902243;0.767693120401844;2.55451621254407;0.475402574694452;1.69496688139355;2.40314716237534;-2.396938561089;0.982442499520943;0.668544437517488;-1.44977681117199;-1.16891558768866;1.02644502059196;-0.520100954169041;-0.58520354067229;-0.62790682374762;0.424362522258179;-1.41877923845467;0.115983214630107;-0.301111794238032;-3.33143336093106;0.725332786369821;1.34517337428109;-2.53747662457525;-1.41530821876253;-2.61861661983202;4.91821305731717;1.03180653056712;0.273923219827759;1.7003124548481;-0.870795797863209;1.16010414089659;-0.550766968900936;2.76792201385324;0.832357242327165;1.26401414727497;0.822535873409373;0.66021756543015
-1.5316038157953;2.98881841362982;-3.58845579129825;-2.50139116508678;2.66520516770385;1.92869420840587;2.99918650537973;4.22876803745717;0.927348206458151;1.84926923455086;1.93451897407014;3.16430298636085;2.21915942745794;1.37308377437881;2.96169331699319;-1.66582063246601;2.18657364042463;0.964588529801027;-3.12527728398709;-0.781985061017426;1.39765427613985;-2.06559794568794;4.16062211665161;3.40026636123247;5.19582955643472;-1.90103432492962;1.19664160341717;-0.623117871027898;0.352129983187369;0.854336710048442;1.13091774200565;-2.55898099547386;-2.13839500318641;-3.02689074610277;3.78527999648178;0.574073311854254;3.36372858025191;2.14260980604135;-1.68984326760521;1.0283136033241;-0.379635435415896;2.42118849542954;3.36583918512477;2.22215860475308;2.68922379937249;1.59225580616335
-0.995405222011345;3.39969395659687;-3.64275038804441;-2.56670106931544;1.9730276130179;3.29810657431451;3.96244967406583;2.52479843594835;-2.02747724538359;1.02425756802662;1.85715384312764;0.322129070971333;3.52762984155855;1.44254972065105;2.42606218989688;-0.77970073475333;3.3317895397447;3.08765959416254;-0.825318192130701;-4.00068314803751;2.71141721668748;-1.20876367470268;2.87954966567274;2.1971406652772;2.03549159074331;-0.791762624278543;2.72485641223431;-0.886008031603881;-1.14066427521735;0.144474099820874;1.70167168145102;-1.92445991513301;-1.24331661451276;-2.35590563691026;1.08101231273485;0.605528477994794;2.02868519959335;1.50375724082043;-0.927018110003524;1.25902907362898;-3.17604186375206;2.38635341597098;3.78719894620126;2.46521344398916;2.95661829928861;0.2066424554299
0.4197355000463;-0.807467237098467;-1.10408536922327;-2.22435367381806;0.101821057926492;2.27599578920145;1.43723262860771;1.47382315277195;1.09795684741196;1.19520263837944;2.30178944069702;3.84645269944496;0.729659020119956;2.32490431316413;1.18085197529008;-1.94435815406689;1.2016305572405;1.10033339494619;-2.90629745870796;-0.86791470414506;3.94480304309237;0.568405680499583;0.0122194648390149;0.545780208320179;-0.40175255670689;-0.609522616545991;0.648492167026609;-0.356548639756239;-1.09760846280346;0.871461949388853;1.10052051295359;-3.39812122105531;-3.22971192519332;-1.26091141203597;2.52691686544571;2.33433297129976;1.94209177106094;1.621614753309;-0.0187409352046357;1.58895429761649;-0.418493255643267;2.39852449591855;-1.4075362998397;1.93275632097715;1.37661494741714;4.75426379912705
-3.86869985158363;3.76464141040754;-4.63736388016416;-0.664811573953438;2.11152344315402;2.58127643090136;5.30860046482076;2.8581011175587;0.616563561288935;1.34248812230713;4.18303483082358;0.89620321168809;4.73387126552944;0.971762519768139;2.14430750928278;-1.55929543505067;4.56579555509499;3.80331473450624;-3.02121928723901;-2.57325501957769;1.90712278647253;-3.70183627688407;0.188491382408181;-0.491024925200709;0.0310972197067366;-1.09047635873065;3.56635244800542;-0.345191514026106;-1.93232033081739;1.04346693705893;0.263050249645587;-1.01209297661304;0.565112868315441;-2.82460434022702;2.5358701259126;0.426672291022535;6.0341072907992;2.05905679535774;-0.965798737548252;1.30381385439679;-1.64643355655295;2.30583329988005;4.09072941821437;1.0090750627882;4.46807916311431;-0.00189600454765529
0.464972820936738;1.043457046312;-2.23235651003892;-2.85297843834173;0.0532770294589844;0.224456199995859;2.37166974431602;0.619530587839507;-1.24725144292756;2.05832532373856;0.611438963911763;3.13311799229388;2.31826985114477;2.61816359533846;-0.213447542055684;-1.57540581708757;2.16208405943386;2.94692079411052;-2.65882467145284;-1.84126621294584;4.41091469103712;0.448048529346584;2.55997343127611;2.56477085489838;1.53231196848778;-1.00524048998568;1.98768503577899;-1.52241456616084;-0.508783456205252;1.93288690542778;2.59941059102994;-2.2880742283779;-1.89096236450634;-0.467638988639143;2.72037264073652;3.26814470281037;1.35706421161541;1.47023856934596;-1.35356366300722;1.75402047321337;-1.424741382708;2.07531065220945;0.590328936700425;0.994402920793628;1.28630004592313;2.34018950503518
-1.21155964974605;2.21549034227885;-1.06442327673884;-1.98205138040731;0.358183180379994;1.28116367286979;1.6036936480755;1.2063069974427;-1.55856175881144;1.90504028250309;-0.431005832808906;0.498989763747753;-0.626787845172214;1.80955852455577;0.406800715776125;-1.54700014636961;0.560419197551628;0.658939428851589;-1.16393128628355;-2.92255124803725;3.83763016759221;-1.21108285478801;0.556986922621399;0.329053213209356;1.09963098224738;-1.17599840440501;-0.379268494716265;-1.03525159545653;-2.55377706053151;1.07162781016062;2.33032744501816;-0.91669829800108;-0.543496236688692;-1.14718145374124;3.85999825821614;1.69172966454099;-0.338162031301226;1.57476715896259;-1.82409758503392;1.24346495058039;-3.05801055824224;1.33638689751524;2.07408685129323;1.4489850384792;0.174308206073884;2.3631728963339
-2.37916466103733;1.44929810811474;-1.60924030772454;-2.25036472052567;1.55176949087295;1.97151152184314;2.26293199564984;2.24337509654177;-1.45075780307186;0.885374716944075;0.737397484710097;2.67819008278897;2.0144252299746;1.71651972472102;2.26851037362488;-1.44817607548603;1.96984475600648;1.64188808904392;-1.16409974695315;-1.89107210533418;1.82431160461108;-2.20612874052442;1.74043755922786;1.97599870627466;2.40894416083375;-0.0903655342653941;1.05306488076633;-0.428310006880226;-2.50819991305163;0.00973225332315159;0.367345552352272;-2.39712658073431;-2.8418373391113;-1.82633088430154;4.73796544262739;0.916287481238165;1.16488285566399;0.909519350215271;-0.425471023490073;1.75001806326228;-1.82100420756035;3.33697643077401;1.78353351117767;2.57475758262513;1.23618851609721;-0.271630332118695
-0.374204246662438;2.19873897814332;-2.07258839189979;-2.71849352541788;1.38608376318328;2.72733548964644;2.37289246403966;0.414165958132509;-0.0956234986994947;2.22813626324934;0.676437495311922;-0.241195194169561;1.5580674214928;0.556421482848749;1.85211568890999;-1.37748273777211;1.65884499802327;2.37081989548087;-0.678840586831582;-2.46264219593978;-0.575434954347031;-1.1495416805427;1.81661192837346;1.11658312475316;1.10006364112136;-1.2957244866497;1.46106267521052;-0.843726061889002;-0.976664088800382;0.593060200850726;1.32539969733567;-1.19923620234953;-0.893977936769511;-1.89560715221435;2.01323906329096;-0.36209977803624;0.529659420769096;1.7320350570971;-0.788917494622552;0.528553738232896;-1.17990562086306;3.6407916797049;1.90739451676542;1.25459274161766;1.37811849595517;1.34390920053398
-2.97607823117931;3.16192479756115;-3.71067440840806;-1.77305582655843;1.26106374623213;3.43415750048867;5.12747461242003;3.58869857100834;0.596419934149848;2.55571532162706;2.3643570281262;0.171659617520742;3.39607589639979;0.545119503710014;3.3420556003135;-1.58580914109206;2.75339825182975;3.88461973263992;-1.96524998032692;-2.53501084798558;0.194016533701112;-2.64037595329306;2.07795154769016;1.24960384020099;2.51112282437544;-2.62980661725685;3.40321108902383;-2.05541475226542;-1.87990109650186;2.61152478442196;2.46226251852305;-0.903225301300031;-0.222995098963159;-2.04562695614548;3.07331391241632;-0.197733851052174;2.82253785085588;2.046122859812;-2.36260496270258;0.616386738306729;-1.68337897986631;4.34216763645992;3.22992236219094;1.35199988968873;3.03009479242037;0.961909749585454
-1.02179136927696;1.34288186295407;-1.56650048996273;-1.56522194083652;0.742830234153587;2.25607692099635;2.29317350595536;2.68360602002214;-0.922917893883694;2.98270318455709;1.55897179679766;1.25478971493015;0.881463401694283;0.992343661058689;1.47934790112254;-1.53506858482269;1.62431594987465;2.28903273739084;-0.227469953362833;-3.46757706429295;-0.162994565816067;-0.863535376977008;0.844140104187544;0.187414615517791;1.1541692944756;-2.06599727807718;1.4836414078147;-1.9916672891497;-2.02318926711953;1.92187355602062;2.95576670867104;-2.14620265669331;-1.64980174636242;-1.06462070824571;4.64244250079056;0.336105448465353;1.29363788542331;2.11958330210236;-1.98803305223704;1.41532676780843;-2.7927208017898;2.19730716416108;0.737553745548758;1.53768884973057;1.01039960958616;2.7697866555613
-2.57901328654391;1.97941340244988;-2.07106043058258;-0.898421773675207;1.16118606406512;2.39121455765683;3.4899227022715;1.37968322008696;-0.65554358913957;1.3275720852964;2.28470414446799;2.12366012784688;1.19799563116667;0.882166701760704;0.225264118191163;-1.66993857298893;2.25796526643443;0.868926001156209;-2.55240176125301;-4.44514749566246;0.759348180397342;-2.47839914297267;-0.623189704249288;-1.17896806173403;-0.134279833061253;-0.637572177184702;0.686547071698408;-0.0604947587817539;-3.14849902833554;0.836078441675714;0.0205612600350469;-0.82534522068539;-1.41793972876252;-1.1452392973912;2.7852544551664;0.770424505873438;2.35801775961874;1.36226151010384;-0.441282421397174;0.612023227631421;-2.74611921322992;1.35097443506226;2.74880707680839;0.600577241706343;1.5968859052039;-1.48301381285009
-1.93426142654359;2.77900634284079;-2.40553878493603;-2.39811709401159;1.86896393941077;1.20416368142774;3.59460526000748;1.94774356297881;-0.1407114793111;1.40506467488179;1.94845190538614;1.86436811388076;2.29807337317578;2.11111317492369;0.105496569802792;-2.07904011713989;3.24224579122405;2.54969590388788;-1.37481235293391;-1.53201175200941;2.57751971267636;-1.50295371071256;-0.755796775036657;-0.797430184513008;-1.45092969358391;-0.97304600400191;2.21875618954999;-0.126322717682581;-1.89175531849435;1.09975039964059;0.901687512017667;-1.75565837767599;-1.76950988245795;-1.95137166631635;1.62680557659993;2.18105084224174;2.35865009408623;1.43042473844822;-1.32324315440504;2.59428387256827;-0.746470954557153;1.29282950286222;2.5525037553645;0.494769731921082;2.43828033820486;-0.807457282766236
-3.94677225735034;3.04720978851409;-3.07602799445044;-1.90240723250544;3.13505094576121;0.513320990029491;2.45493205711637;4.06603617468432;-3.28085270495949;2.17608556093374;-0.367888397398849;2.79558015289271;1.91551513800229;1.5603929935709;2.96655496372395;-2.83212856694253;1.23144084433305;1.95356343440757;-2.10909461952035;-5.93345595052398;1.88375783377035;-3.62908746129581;2.84007519616396;2.47903415819124;2.24562501942808;-1.70725926682084;1.38250060812829;-0.519174654134837;-0.485321180042315;1.15133371872284;1.27467228291741;-2.591350906605;-2.00834670105591;-3.13528900727828;2.60018507946721;0.528905419236825;0.0466776808575802;2.19312090364652;-1.96057316457021;2.06607954305594;-4.44813606068826;4.38112046593924;4.38327021020807;2.80522232953988;1.14745063231101;2.68099386482009
-1.32251793246531;2.02331453948779;-0.756671655934147;-1.15552796528098;0.428046802708114;1.19539223201243;0.761624998294337;2.78946883694632;0.304683760964974;1.95514575858165;0.710020171048925;1.27683587174194;-0.977279295511219;-0.522735672758919;0.0319548308977475;-0.212828453766871;0.0494936397350977;0.492041861173679;-1.28018177192243;-2.88192122463719;-1.64229769618152;-1.31829075157502;-0.789172232023572;-2.0073458501185;-0.26862178376983;-2.41769624038475;0.208740618737407;-1.31299582742902;-4.6245094741155;1.99902228688137;2.48999409060222;0.668792038877347;0.652741860071054;-1.20788613049899;4.28108481822367;-0.720458023947684;0.199878915984363;2.95022949344966;-2.74083534522311;-0.373356880353676;-1.4658252900044;2.51332335364265;1.98818907640192;0.319657354250818;-0.287984080689675;1.96661068273989
-1.57881901962152;3.13864014541236;-2.71106295234032;0.0669632493150017;1.33575477975963;1.0657673276235;3.81539040674476;2.08161339758445;1.34648845216488;2.04775407012616;1.42003460160115;0.0639162273278541;1.34790961310892;1.23420495575265;1.94490201062457;-0.566475473735051;1.53721065410582;2.06817994616231;-2.52343800526011;-0.674208938056658;0.804310734705723;-1.93328534682419;1.95192804095727;1.68260052001759;2.11796325781236;-1.49081723918666;1.62531787333707;-1.85388581187427;-1.88262797212892;2.44775958729205;3.37654219602499;-0.135850717956139;-0.954481423587216;-2.03890419218783;4.29359768397262;1.09916160033619;1.29013781828687;1.39485085476267;-1.98987492821927;1.21031254133005;-0.0471951979556196;3.46352380329899;3.39506861005947;-0.948920266139758;1.3485320622507;2.81860158474298
-0.269021712825776;-0.731981249395547;-0.363146951734088;-2.08919213246242;0.126349000740974;1.39350851292903;1.04908255900728;0.955478623277561;-0.933242217929882;3.12158524010205;-0.0855648529684417;1.55282052259869;-1.09741628600143;2.162518888749;-0.776343044618283;-2.40556240630058;0.856920026931312;0.0901202405436475;-1.87625581453569;-3.20539703973065;2.28345348972283;-0.201765881360706;-0.177060887939408;0.135010772774007;-0.820744073358789;-2.47662252245227;-0.93347289275681;-1.64962420489298;-2.59056163979406;1.73996902509807;2.78837633251942;-2.07388109498344;-2.07085422052141;-0.573776556967983;6.32263633255969;2.77002367859428;-0.225526687366275;3.67370168056102;-2.13924493773675;1.76058031814133;-2.54339154569232;0.6844061908022;-0.685783087062441;2.5156763257097;-0.287143540228673;4.38298795130295
-3.81855094610172;4.73452193826811;-3.33015433352312;-0.825773459179369;2.23524201438631;1.75931902745809;3.6722474738912;2.75655401491499;-1.0008171409812;2.73962914148792;2.55279566621751;-0.905246522066994;2.88738091225116;-0.240830161647491;1.23786674650492;0.50905005812791;3.62118547414991;3.3803321924216;-0.675088523505923;-1.15952241022485;0.257380899063071;-3.80875614102546;3.14316626016886;1.38560584365042;3.18593417527931;-0.78319506371505;2.88552218437311;-0.544232436196099;-1.87173782892138;0.402417041477152;0.683973087121793;1.30563949428305;0.56700962783184;-1.87769850011836;5.19069105655452;-1.25771944287143;2.60049046921222;2.0941250762709;-0.82669627108781;-0.603359699485043;-0.965920837213619;2.67651186780624;5.43832844298958;-0.651861635225564;2.64343199538501;-1.13340391927977
-3.04695228185664;3.58699302967956;-3.86485804736495;-1.29937489385028;1.67036512093636;0.168550013012235;4.71160066675181;3.11885066901988;1.6252193532373;1.45072835383184;3.31430486895494;0.0107740484931289;3.7512142431595;0.267474549853081;3.38330134940469;-0.218038801830854;3.2722712305998;4.96407402908237;-2.14648216360558;-0.607214277232156;0.228839624716103;-3.05452020505291;-0.114146740092504;-1.48369253065127;0.464332133964365;-1.32440911848051;4.2195064256726;0.246822915798447;-4.73876944845725;0.88637125291085;1.49913078729547;-0.633506211657609;-0.890463007966458;-2.27635280486836;2.01736148947554;-1.24375909177067;3.38216629019281;2.3059070335767;-1.25125164434997;-0.299011196991807;0.0191570667681249;3.85710085376167;4.48031650395947;0.538418881370202;3.40852508523176;1.63830670725548
-3.43474452123225;2.6573248178971;-3.34033748904418;-1.03525347647636;1.49076318936973;1.2789159067239;1.60047330234815;2.82283217987215;-0.380161930440095;3.15670325338733;1.33431177352165;-0.652447485165028;2.66671845827636;0.418731321710375;1.4845942138785;-1.06489417888814;2.24760214210883;3.55518213290415;0.182663380834905;-1.10171514025014;0.250513869467271;-2.88886241719456;0.38125541822832;-0.950594859772173;0.467827594297856;-2.20596587308482;2.62741648147364;-1.44069984651064;-1.32756842561955;1.662036885743;2.95064468544412;0.52338484018995;-0.0164950473473421;-1.50326285565207;4.82306864050249;-0.592336494619323;2.16824889273131;2.6387450164014;-2.12580838161565;0.0687005823758912;-0.850611635379921;2.7589678933111;3.1668833966284;0.760538254352688;1.9864437213124;2.78473148246254
-2.62693588279883;2.37200205321421;-2.23207585344335;-1.48240507764237;1.22787846618599;1.03983516690004;2.69986455382627;3.63984180235945;1.26060532406167;1.70659264171101;1.3529410873328;-0.140129335779994;1.82465980385294;0.694270440125651;3.76692619519152;-0.65907341587961;2.61058693090325;2.96029340595585;-0.553937575865005;-1.38604839595486;1.01568742382566;-2.82001012190151;1.95825323797989;1.45433497670468;1.90134834555703;-1.54575679173352;2.3086213394427;-1.14719231048586;-1.16247413996335;1.86979334736008;2.57201057210894;-0.903091114748237;-2.03095146986463;-2.23147518066146;2.62088992732147;-0.75237397051914;1.55257485856265;2.18936189133706;-1.64555418991938;-0.119655570621916;-0.472173201346392;3.95743797591519;2.62592814672321;0.214631231542466;1.67457139506925;-0.132009670426118
-1.26135060264651;0.524642054383302;-2.07057197571333;-1.72207455275311;0.674161418199501;0.849280184939733;2.73459406879059;2.26922656525171;-0.288398332784883;4.25500001421479;0.749182930616872;3.17036305220632;1.26263614007186;1.96258999255256;2.6966008177882;-2.15745555693622;1.47930941313815;2.78613731703584;-1.565081716516;-1.75347454214494;2.66325515044171;-1.39377597966802;1.07632578552223;1.06434290442419;1.50576774256838;-1.48641081594036;1.76871914131469;-2.41008603329417;-1.64599285905303;2.51267947162929;2.52154836089413;-1.9987451991117;-2.54750390547949;-1.53076952662679;6.73249281757564;0.565505632872999;1.18425817457711;3.62436062923072;-1.52622658660114;1.26009762605463;-0.825883381071401;4.1007928339518;0.659906210534623;2.37909651424884;1.19318978180926;0.74014267825487
-3.54899361907332;4.24974542399074;-4.02286155359931;-1.56218169914312;2.33277069937068;3.11766092266404;4.06297354333577;4.48162263202358;-1.52788468506117;-1.25337496989971;3.11326399739041;1.08515153905386;2.98073382174263;-0.0178871028227618;3.79866937667573;-1.12158772163346;3.73894070222315;4.52550888359302;-0.44737791063112;-3.89188395492831;-0.938063036772288;-3.87858630613974;1.37174442512978;0.692926758975165;1.98531707837231;1.17321342949769;3.76902941089964;1.03534955674704;-2.10706592406204;-0.735426627613316;-0.807544155541633;-0.906239846886751;-1.59109002124362;-2.38801600745493;-1.28126915210666;-1.05145131215502;4.03491819025924;-0.848053485730959;0.87128052042003;0.250377908256884;-2.78836437988942;2.71144563270693;5.11235287444974;1.15893488173195;3.54096390463855;2.23464859761736
-1.0661072370669;1.0850428407406;-0.210933588107029;-2.64353108874716;0.805295699477117;0.492133174716084;0.228335911146531;2.47020661071253;0.475746388028226;2.80958614507189;-1.43710589239375;2.5626502208698;-2.16767019180188;0.854575759702002;1.62484465507833;-1.69013201528667;0.237736632304732;-0.303708220791651;-1.90465182992351;-2.82430502160474;1.1107147726149;-0.506487922410652;3.36299374330992;2.43361716519496;3.82510988276625;-1.79810644671433;-0.795920790053709;-0.377579822971271;-0.620729642106389;1.26156124475187;2.05174633387998;-2.25319609500873;-1.04935449763951;-1.24058058324086;5.33286216134148;0.708709074965217;-1.92915353949559;3.39353092322782;-1.64821359044558;1.9873547557905;-1.51904412498248;1.37673758088638;0.449388809368252;1.59217531879987;-1.05976413862171;-0.304612195493111
-2.85248347881868;2.18330175061593;-2.83477621118926;-1.33765087936164;1.81708828860828;1.48867012130926;3.31618824101588;3.23569585961694;-0.879831790857872;2.18906158691921;1.67670537906095;1.24037815996109;3.12861722481741;0.887847053080769;2.57587268707116;-0.748950038483093;2.46613595924998;2.67178226539216;-2.33600141325253;-2.1039318562236;1.13112159717794;-2.46751228576737;-0.909769033360115;-1.4108160508899;0.78175463099069;-1.0511748231223;2.33583429219622;-0.992475678056925;-3.44719666741773;1.60819390979612;1.50828078897923;-1.03250008181982;-0.938019089885612;-2.19788071543502;7.0150459203249;0.636280968573186;1.31063505227547;2.00362025683973;-0.957584694548996;0.93097885079468;-1.85850211181222;3.04484637700854;2.58179543044313;1.4720201909507;2.08886848241466;0.906630658641724
-3.09169338052673;3.54159085547779;-3.8236642641579;-2.77785393615688;2.49850013192493;1.02724040364376;3.1069365451255;1.7665662753443;2.16112693071595;3.85569751282708;2.40571605488629;2.06775611199837;3.11479325324478;2.46158678705444;0.17516343535421;-2.46312445511146;1.71865874123824;3.70468724326445;-3.28909715794316;-0.0318265476564622;3.55879280140461;-2.97882844492751;0.703518239355457;0.0720773762656779;1.3075817158924;-3.86016552954221;3.3342848168292;-3.70937066305121;-3.2711064144491;3.72412803143625;4.71915187323825;-3.6001096752719;-2.92640111190918;-2.39579885987775;7.20563105616979;1.91978384076312;2.41417741505758;4.00593421533616;-3.55014682912354;2.15641374017446;0.485117224120365;-1.11166326600668;3.23833838795419;3.65834750385182;1.77472708510152;1.09758090716478
-0.743366888559509;0.832075807555996;-1.64153818428062;-1.4920344070204;1.03494784129951;1.78462224366248;1.44535593797929;1.31753901690276;0.345965986510621;0.749411443914636;1.36854771242883;1.93381776742147;0.716749547405684;0.596999330767261;1.83150957043012;-1.66685202365582;0.58864292795388;1.57764809023699;-2.3275284332633;-2.01197383460963;0.76136535218859;-0.947385661479084;0.16414613570639;-0.165844082919781;0.491095637392389;-2.02265541548613;0.511526215425565;-0.984175489788266;-2.65123641874856;1.06960511104979;1.26260849831652;-1.87317864060168;-1.46912290908514;-1.92227507977975;2.22690759279355;0.295555961236972;0.930759498660346;1.3441420828669;-1.48714379170195;1.15617266099716;-0.814265877237334;2.25266694504669;0.469128654385336;2.45393082621131;0.841432076446608;1.42877983941031
-2.13432048753323;2.59158745146535;-2.23939457151625;-1.96323751658184;1.87842823040446;2.14988713357576;1.55218089198001;3.68791853206178;-0.182619512009791;1.20023812992146;0.833179785884172;1.90335617064704;1.15647141214805;1.38216415423425;3.51004434525034;-0.826051809321492;2.19217541952568;1.40745510772871;-1.46201285044054;-1.78132499506563;2.24077345435218;-1.99744251461428;0.829321719720719;0.000131358971288575;1.98202910995625;-0.581606772608671;1.32364009461647;0.303774730200869;-1.95603230549734;0.343036047646571;0.777583772676347;-1.80168170222673;-1.65310445101199;-2.69020135622962;3.72318913037133;0.139835237068709;0.405817761875406;1.52690703927331;-0.573005064609936;0.372701656186517;-1.37060983850418;3.46553472968105;2.30889540873533;1.50131314124678;1.17634147642714;2.70501284910091
-1.79010333940763;3.61877634466703;-3.92428282963377;-1.68474449480222;1.52885193815671;2.7372924189963;3.75370554803823;2.67062325433166;1.15187674304651;2.27584205938027;3.53325608707849;1.60290683626485;2.33324228938103;1.27062722237236;1.73657717001845;-0.555428799040389;2.96853094771274;2.09098077642926;-0.87044206070402;-0.758821861297027;1.99252446185757;-1.75128341438827;4.41959681914307;3.5471132069273;4.99696124721968;-1.23213859241361;1.85359695348201;-2.34311683027871;-0.948023676249945;2.08145334416217;2.070129973835;-0.862576648355915;-1.01024085639185;-1.61770392175653;4.66531915464231;0.955879028849513;4.22740006711232;2.03550806938813;-1.56745239674459;1.08389983152632;-0.20315401971599;3.0027463617795;3.68963522126583;0.361575619162968;2.87222457202607;-0.372724452727912
-2.57376556447262;2.65868879642531;-2.4041834167522;-1.08576133946043;0.887432476951;1.19293868515862;1.60757236443567;0.989288379702407;-0.430541499120883;4.20976895770965;-0.233554520209377;1.05996453529216;-0.205798659952897;0.524038954967274;-0.299397902004947;-0.733937734639074;0.87635913363268;1.8917554398405;-2.28940447378053;-1.03113793841347;-0.301629058281514;-2.21108458110778;4.25961989277813;2.61825054986304;4.693108567988;-3.39683325437121;0.546318892498836;-1.22125780313259;0.501797368176414;2.86487074825505;4.39216002941026;-0.435123925105707;-0.545898293174965;-0.246524519315545;6.82434515426577;0.751344953803144;0.707104236677015;4.30855095658117;-3.36898181974982;0.674671743051557;-1.04451442613339;-0.526520632310552;2.84315479307388;0.574573033224968;0.781453394377821;2.57477853075228
-3.0068072708717;3.01412889090497;-2.2178925804245;-1.18329991582866;1.24657340658314;2.0136923082612;2.68403434163162;3.66364325682308;-1.63368031916151;0.834983133464122;1.87159413299515;0.470659024120325;1.47128113891125;0.558330304874375;2.50731319064773;0.927328984534462;1.81886993050311;0.67359426742533;-1.89477144931145;-3.23755386991068;0.443358654383259;-2.88818489254592;2.44283757243785;1.86645592897742;2.9532111464128;-0.917528701301606;0.338360728740197;0.535413724683887;-0.961015255678804;-0.249366828166597;0.994248451638871;0.733120534441461;0.71350899191559;-2.07703669384667;3.25503394758123;-0.82446140041775;1.63980390287048;1.40662802289299;-0.322082057830355;-0.460562272696198;-2.5180308617931;2.69952999395355;3.34946599783128;-1.95838666736608;1.39186678182641;1.56528005503143
-2.55664817150917;3.48680139024914;-3.3626586486401;-0.854852744401336;1.52814160255695;1.66581598115207;3.38207198235037;2.25291951845413;1.83952177215691;2.21257156061536;2.49253095359833;-0.467707987985693;1.89470731044006;0.0185981297910478;1.96629572998374;-0.426409149954945;2.52964462639274;1.87916642748796;-0.558171768720368;0.359673612371372;-0.0389652941421995;-2.94870872131899;1.78114427095914;0.58203541654534;2.61272018685774;-1.91857443860492;1.48788717944278;-2.17764558965401;-1.50495711790545;1.66895009741881;2.00760623463077;0.28794011134923;-0.312328337842432;-1.93936038495554;3.90795237136417;-0.280267561885309;3.21012422970681;2.26688475653533;-1.68501076395138;0.0867236174956926;0.732986647349693;2.38554329663765;4.25126172257778;-0.660391077058002;2.41573254733145;2.52733858766804
0.566338177579291;-1.16058562618157;0.548417052527421;-2.09247406657845;-0.0914102713833045;2.07684550714769;-0.481529512277684;-0.04886994674298;-2.53227490627301;2.9497988249274;-0.472670598335018;3.28154310424131;-1.80929849349472;1.6863649429916;1.00604198995182;-1.43911758347074;0.0650018993248969;-2.24197412658765;-2.6799581016922;-4.18299716368934;1.35018609872059;0.450213358267663;1.01199767403799;1.34304547787016;1.62008039951125;-2.11608185437649;-1.7193036348323;-1.15307340305905;-1.96543432385131;1.17058026273892;2.39715448305026;-3.21120452478865;-1.72192275065331;-0.85728334080252;5.0989074571161;1.45179487625086;-0.638938980067574;2.62552316099533;-1.58257398121981;1.01136426175648;-3.37881378154111;2.0005734007098;-1.30349286882278;3.23393282848939;-0.883361514395749;2.28234739275123
1.34541049483222;0.213030430738631;0.188605634990703;-1.31707437132611;-0.303086881744511;1.17411626554516;0.233737600078797;-0.985911229173232;0.172095092186758;1.69179052843141;-0.524648201174018;1.74508344334478;-2.15722738658798;2.17084682454966;-1.82164117323086;-1.13263000014423;-0.311151299145587;-1.42358660124164;-1.07748928114544;-3.15342390788484;2.90069950248616;1.27912027663819;-0.318022938527076;-0.283161377609493;-0.174221243104336;-1.6577715052777;-2.24469511172487;-1.49160951560743;-1.4023470572003;2.22752894235774;2.15866330586653;-1.53353658313006;-0.724321008848584;0.0778716546227978;1.64883365556414;3.22560387068809;-1.62955996626943;2.5086403388081;-1.86678968183079;2.31290448080985;-2.29815914343593;-1.63895278059161;-0.776015238031019;1.39599363457931;-1.24730454106344;2.48117730311913
-1.75508780451484;2.40101763231081;-1.70071412430772;-0.941170399277802;1.75757706877436;0.701633400886182;3.02605376752652;4.05452442577269;1.74397917527387;1.40281565538947;0.433232761957757;1.40338429176229;1.1744663053889;1.58065521538951;2.87512494801126;-1.01875742239435;1.34323110364081;1.02803346717182;-0.334192407145956;0.58803698815143;2.24112243657095;-1.76618948209676;2.1647752238132;1.93913338209663;2.92691728167484;-0.845858768591004;0.434410480167118;0.98291787012189;-0.944304976248965;0.337553430873656;0.92481174102714;-0.498423716273465;-1.43995699119356;-1.94257660472787;3.20937812511841;0.141104253364918;0.378041384986268;2.42287426001498;-1.1260332717387;0.034010212336309;0.652896636594357;3.46192913105546;2.23534126364421;1.13669602174912;0.797041950039355;1.56219440726481
-1.62123754277051;1.719567642445;-2.98375919555438;-0.855931368118596;0.92244502586237;1.99062347039735;1.83115945581625;1.55626515480516;0.459290114638521;3.04529728682977;1.26631471560632;0.397530900145826;0.874178684367866;1.5783125582764;1.38300491021567;-1.27675969990653;1.33153483123496;0.315827446742916;-1.22821870373265;-1.00420418313286;2.02536388772418;-2.17211690651002;3.61543918273903;3.5697109070664;4.10052409258927;-1.892512877176;-0.00131593503685903;-1.38745160602926;0.467626247767646;2.26942732814611;3.77480002872784;-0.719416901262356;-1.34726752195868;-1.36283555261025;5.88568934305091;1.35027286767631;1.58745401739079;2.50369826323806;-2.59759294500762;0.92666657142747;-0.237745310184659;0.660543208962138;2.35393440133714;1.34725148644017;1.85696811466446;3.31941958505285
-3.15300716214917;3.55806597056692;-3.95113938676006;-1.52989049359725;2.42472095973871;2.20124528199305;3.49150909210003;5.0081396050471;-0.280578252820476;1.8727576216588;2.11191890271984;1.57613306773831;3.75874754137526;1.67308985305011;3.42412966467897;-1.85786867262583;2.58042079710523;3.47565138571342;-2.0714970299691;-1.6933696557194;1.07930856700317;-2.91225144868301;2.28485765784561;1.41729089954432;2.56440714413242;-1.63114210095761;2.5503165049552;-0.601677484186332;-0.884925489377079;1.03057302760778;1.35186433009286;-2.01253964697699;-1.97822906546735;-2.8134470888782;3.07890893057659;0.893420085172743;2.77237845486622;1.07509492965377;-1.30645330872518;1.10652173251546;-0.95663707575027;3.77189864186943;3.93564833440082;2.14069905178962;3.07129216221675;1.92530238002152
-2.84393342815043;2.70324898687179;-2.31275672353888;-1.63028554251334;2.17009246852669;2.60781089603399;1.39434680294604;4.31762940193438;0.985797751924156;3.67983519566968;0.335959898230418;0.111930364100432;0.459113491209905;0.488051577359476;4.98233072121213;-0.152730180129747;1.19990814249641;-0.130302192520196;-1.39280089870813;0.0618790730702558;0.228085036541189;-2.90941136755843;1.62798700281271;0.242399406604229;3.19025628390622;-2.78250130446391;-0.358786712434341;-1.41069038196698;-1.74496233443296;2.65945712896821;4.3291900633645;-0.596868204858404;-0.235141699245232;-2.9006898820172;6.74603445405045;-1.06086519750426;0.225620530308971;3.5100996271687;-2.93488080013277;-0.0319670902827914;0.649402770514097;3.95336129631707;3.84975775888214;1.39182156753476;0.86328937523707;0.902748482779489
-2.02277789591931;1.02088141458303;-1.13296775710011;-1.64477480022631;0.747595080270374;2.77982355058252;1.87696801197576;1.65951563535641;0.421973172388446;2.00883340787407;0.232898603968234;1.42374228958777;-0.457877550815001;1.63051839478171;0.222957082836138;-1.27418716051339;0.60147037324466;0.577406805455457;-0.215954692601994;-0.684010698534498;3.66436411993542;-1.98272416381172;4.69676574771745;4.68769628416773;4.26034746453704;-1.5445589051488;0.0256570043598711;-1.94968005094284;-0.147556280140481;1.39062383849001;2.09190386662439;-1.360576238109;-0.62800482157702;-1.53540603032732;2.32867450642247;1.33898525540257;0.354039614477396;1.43146465126097;-1.66738454213225;0.416818072044961;-0.425525457085961;1.83245385525931;1.34300501524441;0.964976330377652;0.141440395481392;3.65988876771337
-3.0196174869403;4.80680948743862;-3.25266829463101;-1.28861000949467;2.31001709777146;1.75283125616278;4.03422626861865;2.55286758658236;-0.448821340601403;2.60983007130515;2.06527181606242;1.24565666050406;2.52615547540218;0.452280388504628;2.43190604125257;-0.266287502843601;2.37144126103175;1.94458717483548;-1.00487995861123;-2.85601980341578;0.464561127348916;-3.40539381796781;4.67848201971216;3.45017615565366;5.56528714134994;-1.77920465591599;1.28528591342103;-1.82244497577271;1.01984300688382;1.9165203635138;3.54256816352929;-0.668355526570594;-1.38100026630315;-2.00409554207426;4.9366961727492;-0.598406393209409;2.03762786157439;2.6456843296687;-2.25829867880912;0.270282912902494;-1.76292198326169;2.63439594751379;5.32644891914988;2.04039918581654;2.5672431386949;1.72745905802956
-2.48298143505069;1.47388334678287;-0.645287770932712;-2.31531780383616;1.30322334750369;0.838574827930385;-0.315806227733725;1.08418018086128;1.1889402883617;2.49207569166931;-0.788801706372528;2.18791063799456;-1.76348687846026;2.3786882662243;1.52995604022124;-1.95844006258775;-0.55166560031206;-0.0563123434240002;-2.38960787654718;-1.894215177634;1.4529729925814;-2.33496315463301;1.9164670269877;2.16664959400347;2.24188041748832;-2.36629965002003;-1.08596516512544;-1.92112178993955;-1.89889663899373;1.88817096903542;2.24288844338684;-2.26142589740598;-1.86370556274293;-2.07324030719796;5.22123627975113;2.05351049921864;-1.60812571001343;2.5257432953458;-1.94407225194956;2.1802828925453;-0.687362517356402;2.31822019519883;1.80103141928424;2.75524196362282;-0.96066929311984;0.641305373054612
-1.02640994297276;1.47799987546609;-0.385081644519469;-0.780024881903783;0.361458621008281;2.07960407684982;1.16784104097852;3.1347121547815;0.602569694978437;2.34613796390803;-0.405166541353186;0.147694018624813;0.363866637771697;0.911730245014969;2.04070994367794;0.964414202494565;-0.213455606730519;0.238377569382014;-0.849309088391816;-0.329161952807607;-0.228516016896853;-0.802421199123983;0.875100045096235;0.518073062935299;0.701013829484912;-2.4083836407155;0.0325092945102019;-1.18117202943277;-2.7000342684275;2.33537667302802;2.53447575959681;0.528481322065097;-0.928066644062146;-0.406880877226459;3.11606688112095;0.510463344171797;-1.2540039502224;3.04226549486953;-2.43402816139114;0.870006924910489;-0.448549521838541;1.86840546424112;0.949370721295756;-0.22320384899563;-0.434472618128634;0.326548956797618
-0.368486794695151;1.52214186027495;-1.47087004869098;-2.03951205160091;0.371382908959824;0.863793738122292;2.00135309067457;0.774662844354828;-1.02743003300349;2.14271985603734;1.20779139741964;1.45417453215349;0.525036440374971;1.45886931123277;-0.631418981384404;-2.53208928874896;0.783399963930447;-0.0975953842241855;-1.25787043188649;-2.49362515492972;1.56350896464978;-0.315020389121574;4.39058004163619;4.42515447581547;4.27075042998341;-2.34429143804601;-0.430329897158687;-2.82632620738713;-2.10895203337204;2.3697348479374;3.44329782269329;-1.90646223496193;-1.81259651922545;-0.521314224719557;2.54644039081352;1.75515541011394;0.64701460393235;1.86809667191227;-2.39991319638358;1.37023760562084;-1.78850742851768;0.428501804670606;1.04383053822696;2.75606825419803;0.320983835014031;-0.837232713537383
-1.8591527145983;3.3376508825456;-3.27705060579094;-2.45871131637221;2.56842300630917;1.77683940085477;3.88880486860176;3.42550324970052;-0.330649640831955;1.00748274835486;2.66709351821693;1.4474186672756;3.02397651992843;2.1641389596989;1.90208757927175;-2.6266493991302;2.71647922908586;3.47685567169168;-1.555914305055;-2.45359044575821;3.54948443074648;-2.0425751150299;-1.06960531977151;-1.51980249916324;-1.12410638539547;-1.39286686916749;3.71562925992095;0.112522986505811;-3.65158492810399;0.39829323013701;0.220340699105835;-2.4521313430763;-2.03889801579565;-2.83525492977539;2.1381435757168;1.66165662754201;2.30003589787935;0.439160236946666;-0.796857643923908;1.76517119398114;-1.84785642736229;1.24736370192054;3.5472789451082;2.04851569908166;2.90679592463222;1.66939506351457
-1.57299911508669;0.62068048276651;-0.63078741691037;-2.43660848856153;0.953405486657115;2.12408203271869;0.956889056852863;1.33910275652372;-0.122366920678856;1.79798931188515;-1.21593989205564;3.28493407921087;-1.20825084043829;3.28722915651493;1.17214204355786;-1.78140896818725;-0.351722567183173;-1.92443650321932;-2.32651085773422;-1.63262185951337;3.49009268850262;-1.43601766795306;1.83960171249609;2.59645747713594;1.549407721986;-2.38082309726585;-2.4525020627664;-2.43420053598759;0.0298772946597106;2.68811205406346;3.46866532327317;-3.4385352694498;-3.88089785141605;-1.9786886319461;2.76342951704147;3.02351942321053;-1.45368890503763;2.67277797957382;-2.85942335555217;3.04032942477525;-0.832045212850754;2.78555598639357;0.22067651208246;2.91341763596403;-0.860817946072039;-0.895594954789904
-1.22881556860806;1.84125356585373;-1.53180035236279;-1.41082962590291;1.22817086488784;1.29283414415158;1.32218867338874;3.66691545377831;-0.0433458790055744;1.8742599358747;0.330434362595078;-0.957969655245886;-0.271071512730225;1.96033647193077;2.89626275728582;-0.481363929705879;0.423790825823156;-0.0258447979252198;-0.46293353804696;-1.1977369162474;2.65763807058304;-1.63527696892043;-2.04584904497202;-2.33258612340168;-2.28311069819019;-1.76449597144716;-0.270825897061928;-1.70565753321745;-1.91639233351342;2.14683700788429;2.22415952988596;-0.525765694639173;-1.99049580436579;-2.10699014387855;2.20931042909053;0.813162512171262;-0.37314117071518;1.66958116884759;-1.79475518346466;1.75100279446791;-0.746321788447166;2.81850161131861;2.13445681405687;0.171931445319442;0.199403524228552;0.344584382163997
-0.773193672453068;1.30930152598427;-2.50428473691225;-2.24198129884454;0.209136206419421;1.29725439145963;3.25342523879292;0.616367878104999;0.13868765366074;-0.0225979664521585;1.95047456382088;0.755105488635121;1.68513569629088;1.00454905687365;-0.588940208277119;0.299107205411538;1.85273796590711;1.32811965695659;-0.292440168568787;-1.10486972228436;0.905543847540853;-1.16498290967277;1.1668629059965;1.61511052372846;1.36804268878196;-0.334647303892588;1.02620005305407;0.628747161723545;1.42051979141909;0.134514180384834;-0.279494056444428;-1.48618785672022;-2.37005477689891;-0.295777618559837;0.830198519546918;1.8543796019521;2.80159843750511;0.927813993953564;-0.139416650061678;1.64768960511707;-0.679326123058017;2.05844888593062;0.770161411224067;1.15376430868179;1.56728962040507;0.540143891701177
-0.883667850905065;1.40703504257831;-0.711703765135412;-2.40016046706141;1.55346266399789;2.10430478746555;-0.825735391697492;1.7245774248911;-0.129058089212719;2.50563448504229;-1.05657454323897;3.82921686402642;-1.14642408256157;2.31586888723237;1.37947458935578;-2.25639825836473;-0.160356750621145;-0.603454524218547;-0.614201468761146;-0.888584674224192;2.0660120450591;-0.579485065462501;0.175385065327846;-0.242880413224593;0.227730787782125;-2.16633488017364;-0.691168659460601;-1.94727581681744;-1.15069202299898;2.13094090477352;2.8368692489174;-3.19815269693649;-2.86504350056996;-2.28127495732334;4.53372388169958;1.69091825989582;-1.79586388313909;2.7428211649257;-1.95265691099424;2.17689209577344;-0.675316768457693;1.06015656865266;1.35184843037945;3.23385276773359;-0.633100620434268;-0.387113808740489
0.926935944561284;0.542462686735665;-0.359179428935607;-2.80726247086716;0.161851737739474;1.34397027749965;1.58700407498044;1.04517912828652;-0.469677676937338;1.00937354853035;-0.574027743229354;1.80572667321107;-0.870051108801679;1.95401953017158;-0.472603748979731;-1.46776772617774;0.0509648229530536;-0.510026809619539;-2.47418228456386;-1.15884213154537;3.68499011108569;0.229425967745954;-0.0400505102164815;-0.0331233806448612;-0.291782770240311;-1.51806534651375;-0.759308796946119;-0.980144176491669;-1.9770583451723;0.986013233538298;0.681406812844162;-1.88486053697416;-2.61563045089893;-0.450317096011604;0.841078300219364;1.80906607952062;-0.163867675487223;0.946427769580317;-0.771790331026642;1.55073167304682;-0.907567512974465;2.52763985029743;-0.0740912061769279;2.61968802128343;-0.277609118029573;1.95425617676444
-2.68904746030412;1.54204067489463;-0.754866848849597;-0.0289513967447658;0.490505845533365;2.04494202368252;1.46643476289501;1.87700652381705;-0.105778198606161;1.19849563089668;1.31314401003311;-0.779942852653671;0.326049455006322;0.500235312415848;1.74780890256618;0.364590287633985;1.31384686207759;0.864403174204378;-1.24571611192098;-1.30073085920418;0.200314174023004;-2.60610193890622;3.80936391949737;3.19062311682625;3.89185738761419;-0.767989155986798;-0.0791198124173418;0.327825770990985;-2.26047730207213;0.248260040261921;0.884964282572511;1.17726660148712;-0.113743002796094;-0.730118111001567;0.912292502866094;0.391885467964284;2.04755186942474;1.65737155466508;-0.599316678516513;0.0551551551678796;-0.755842493246939;1.848905712135;1.25790585540687;-0.472976242315426;1.08494493295002;0.906141081513246
-1.21589064068991;1.32705714713945;-1.84899162452726;-2.01738778273633;1.34763328273684;2.91285588505452;2.00367398870932;0.927269553936001;-0.662372753219904;1.92492291106845;1.1737087061864;2.58257581018224;1.36509767599429;3.41780644413447;1.84589529495241;-2.80531772169569;1.2842434878529;1.32953291214771;-1.20432170743235;-1.30912101324178;5.74539598636694;-1.01139842877405;-1.22804589438486;-0.982301629401179;-0.457327586813787;-0.821597095250732;0.877435924416302;-0.884062458287358;-2.64960909274351;1.1111038240803;2.60112568866871;-2.32425071056404;-1.58419224412988;-2.23881453808373;4.00904311617246;3.58632499919522;1.20833695981609;1.37363928337486;-1.49390645040204;2.45217673717127;-1.12527678110906;2.54467374033406;1.35887358048216;3.03335402814217;0.980915884907519;0.692196553301214
-1.36129195684323;1.72253137277274;-1.2944513030167;-1.47300410013656;1.52150867409899;1.57980802461523;2.23393910687077;2.70612852112052;-1.42971075087397;1.34896715462546;0.723487204844024;2.04915276347644;0.623961497087842;1.53948096052835;2.33809117383184;-1.70239250178525;1.64005483265601;0.245202965791196;-2.27919342061999;-2.06083003119315;1.52962014485935;-1.49015745381508;0.19988671721442;-0.179137780763257;-0.518272861476954;-0.198016580304522;-0.262048867112826;0.64439192484746;-3.60805593777959;0.0913618192073986;0.743090917526269;-1.86274849801077;-2.29485867408423;-2.06507790217196;2.5402879550719;0.650910889390079;0.66557928996681;1.36276153940254;-0.255637629577006;1.5351525095742;-1.86354571008142;1.51803618791461;1.99173324904495;2.77386857711246;0.989692270746645;1.31187790082663
-2.77697538685323;3.95262861642622;-5.20791541556592;-1.42898036526823;2.13113599349838;3.36024864163174;4.28088743093274;1.82198990535433;-1.22717344427077;2.03400960870746;3.82384633497613;0.745003974621399;3.96699130141206;0.997286308132704;2.16630225547011;-0.144455877312395;4.00168535752722;3.37704392465423;-2.04641247497522;-3.80355034387264;1.13528608868751;-3.2016444879576;1.79166358342874;0.664729754514177;2.28686816106727;-1.65434795773985;3.12545403003209;-1.29517329915435;-1.26664053197249;1.63728866193992;1.88661386655979;-1.0236510189622;-2.24699482575219;-2.44971570797184;3.049110346819;0.181366599185669;5.30504595179064;1.38026465242415;-1.63002516958166;0.691677681437585;-2.72248209716139;2.77727446155721;4.80167943561779;0.681789489684021;3.87437458733096;-0.274156803383736
-0.233708837789371;0.793095858676987;-2.16717414008342;-2.18002908272956;0.213483844398489;0.441230466111197;2.27250038360923;0.527678760597412;2.20572612773309;0.545390506368466;2.42127807169058;2.37531187688676;1.33490307365826;0.422015658626499;1.24030976249812;-1.63586112226144;2.36588913209485;2.08321856221225;-2.37476570574897;-0.184077279812279;0.481340896496332;-0.490314895846968;-2.94048868179672;-3.28947534917039;-1.62458400861615;-1.37530383292121;2.03052855365121;-1.87425024960601;-3.71771353053904;1.04029385183778;1.32556720594475;-1.82901122194263;-1.04842585875815;-0.799006840706177;2.11328879768649;-1.03962170713208;2.64723804256289;0.630617198689118;-1.16412816226222;0.629877712095051;0.692192444482334;2.33104248184288;0.227858919615181;2.33704398374798;1.80663383172518;2.90256296878557
-0.774904102655509;1.34545015997449;-0.786160418135091;-1.66267638457776;0.775642930541231;1.92778497068389;0.733054947793734;1.93371571083067;-0.360058737288145;2.74125044878105;0.491722061232468;1.80007041823403;0.899674096368211;0.845178317219583;0.266052813944811;-1.44564021436639;0.695164685514416;2.64651877724039;-1.5681457254201;-0.892571440758965;2.00860140927297;-0.531495879114095;0.646508724023582;-0.216747773958401;0.59877890189536;-1.66535350600073;1.35135094729499;-0.388247109876324;-1.41308672309188;1.03485299263523;0.797149965522298;-1.85073635015609;-2.59001980487711;-1.30705576561105;3.64045620954465;0.718653948534301;0.445288029020887;1.60084564952059;-1.352887610465;1.33842737220882;-1.04914274989794;2.76921544889525;1.23804064329649;1.85303635419353;0.610355220254852;1.26677887378623
-1.38852666382731;1.80000226870423;-2.33844275700403;-0.636795978307482;0.854075667087769;2.34855401717131;2.82395047040916;0.342456540848123;0.45996890168947;2.37170295232914;2.05777066674884;-0.286119218304545;2.33532154959076;0.479253273062716;0.889026571260595;-1.04104876147246;2.21639035814703;2.20896703298799;-1.5203656773681;-1.91997678985105;0.354411273816942;-1.3927875647919;3.95344931201138;3.1852058654265;2.79584177335505;-2.76643250988154;1.63816537093767;-2.3279750376058;-0.648119508994388;1.94901978324891;2.13084672578031;-0.0303094102433435;-1.22050175145592;-0.848379826162726;4.40319843481023;0.197325683841396;1.87340829481725;2.32450147155463;-2.15110622065488;0.562436161872095;-1.34558141013469;1.99274379606493;1.33722321055659;-0.15920148885081;1.8802212379736;1.93409514750775
-0.484589812423861;1.50198980850537;-0.712105011446234;-1.73758640741765;0.655480104443997;2.16793195340539;1.09458416116641;0.258619894488938;-0.699561625518106;2.36957054679493;-0.821773010127216;1.45138660096975;-0.332535205690727;0.888533594736849;-0.13553545550556;-1.17466551885433;-0.0782490685964841;-0.362063161432472;-0.371513555128078;-3.31478557830031;-0.107633054039086;-0.679804724376662;1.73077725625267;1.20848138782143;2.5665179840046;-1.32158684933642;-0.94009314195924;-1.3584926128181;-1.97111284258153;1.12298897126796;2.56564762288384;-1.74889291358545;-1.53464485906298;-1.21385703301998;4.97076487299009;1.2824033489771;-1.4600587429983;2.49437083623586;-1.79502669654479;1.84652503252752;-2.07055255929046;-0.376375509191142;1.35967246610053;2.48776960472535;-0.756972420758495;-1.15057560077692
-1.87045148531823;1.46389637281629;-1.58738298166643;-1.01110807077882;1.82225777471806;0.429195285471363;1.83245929636861;2.0676335134628;1.40045411028561;2.48745479995214;-0.0472784717020581;2.30656721882025;0.986894437941751;2.23883049795493;1.71160216194337;-1.94710719547507;0.710982796263357;0.931801563127761;-2.02316847942704;-2.3256809367779;2.76496100584366;-1.82411201397154;0.496612337936439;0.512039781511936;1.26622180049044;-1.95601578330096;0.338320309953253;-1.32387454744039;-2.10528372112445;1.68846137679781;1.9645719666905;-2.38432488894919;-1.23127481264183;-2.36136929914181;3.36318861526488;1.94340541076099;-0.0542023559735351;3.06207193165491;-1.98073457843384;1.90474896171851;-1.33179791650895;3.34867263189851;1.3743913525352;3.57671054610521;0.305377251189368;4.19756501242452
-0.868017864640321;2.55751918350057;-0.615015122684014;-1.5447664708375;1.18492859336762;-0.304453441640072;-0.954886549349629;1.38993528742649;1.21093950726506;4.79223825083755;-1.16764347331971;0.790436566232294;-1.12644559542574;0.027280460012117;1.8379220559423;0.368599792390377;-0.654097562831346;-0.575730886716295;-1.28701446778558;-0.912836360555226;-0.0142711642210366;-1.33378319461008;0.667693704089571;-1.27410817217449;2.85826855471431;-3.68856502382664;-1.51027805228332;-2.88215280342487;-1.8005967017867;3.8121417432417;4.35839662909821;0.824528015222136;-0.018091323417131;-1.39104886081903;9.41115519839009;-0.687697116833119;-2.28755583522665;3.70360975947548;-3.26134262675494;-0.560965725179744;-0.31975879457517;2.25859080454223;2.10761342527094;-0.412326260427787;-1.20136437085324;0.393204423863213
-1.43049107914425;2.15619148988849;-2.06852356873464;-3.39031674648488;1.61282768576972;1.56330527557917;1.92986758108398;1.94837311554603;0.492011198671482;3.290659295016;1.74091757163893;2.94048870473987;1.36783609230532;3.13038006524627;2.48586717406413;-2.34689989776448;1.62461830497856;0.209959197767635;-1.41285270922101;-1.15675604870063;4.94807272373329;-1.18102730278566;-0.434927515803836;-0.875527634039907;0.147547780006671;-2.10439136471296;0.311279595120957;-2.85777094924816;-3.2850358856831;2.86486448248823;4.04011890690562;-3.541671648388;-2.37120781541496;-2.30586052692684;3.42423454165986;2.05026394899751;1.28823420250757;3.72992954741019;-2.77523031930272;2.99418725870542;-0.24260049275288;1.98382978426318;1.87026749528212;3.54591906561079;1.53451016395792;2.95014591268442
1.57903111819858;0.778148218135553;-0.450473274821289;-2.73779096416221;1.33172286332169;1.14527243883226;0.952351083740709;1.69008094241066;3.58218998972062;-0.344587731202355;0.478627720532082;2.25882713696515;-0.424983399405085;1.90909716436299;0.277297202086283;-3.40158431310721;0.39105594508212;0.268380547402572;-2.58649714104454;0.943685905582778;2.92055321547567;1.48394055718194;0.814664606069857;2.07281564075974;-0.502029077262186;0.78139971706415;-0.918623010170287;1.22791240907007;-1.3965563506997;-0.822488958229573;-0.924338511431252;-3.38480411071292;-3.05461821242948;-1.92290533791575;-1.23623102161909;2.40315981962544;0.192579308187945;0.447301124066129;0.607244404276424;2.4230183673309;1.27403494665261;2.09297799929527;0.0564752925136007;3.78412766450559;-0.220195009611544;-1.13110404573753
-0.256404467111061;2.18662081242687;-2.26460201368506;-1.06034534751029;1.37751169560188;3.46261088380627;3.38621005895919;2.03661487506361;0.187313533128579;1.35485022820667;1.30421472591301;2.74178372194812;1.20902734478167;1.90127440286741;3.28256211881321;-1.45977071957184;1.95955274337061;1.20636599238261;-2.0507485999361;-0.396631289188308;3.06655365911005;-0.394393634064861;-0.374321751130068;-0.660392642298646;-0.648825631621304;-1.18274281998194;0.622563242965444;-0.597022199584454;-2.89263285187738;1.03488608213078;1.12215851157274;-1.37860865444799;-1.44724890711676;-2.23219905444602;1.05617002647474;1.22974336085793;0.967771122423316;1.07785762291155;-1.01966581866854;2.01327371698894;-0.44121379072966;1.72742174235334;2.27019880839271;1.40178309771439;1.2418659411455;1.96024233731713
0.136307905014523;0.231652471604257;-0.497591260035981;-1.97197667479682;0.348026874177911;1.75681937444649;1.03267820282716;2.53764078390477;-1.1652492424086;1.700159976858;0.936957297004368;2.2996226438876;0.414464165760379;2.38934778926592;0.914267580060991;-1.06306793034986;1.11518385129029;1.84668465973583;-1.8819005877394;-3.47708352858391;2.60404694755865;0.298287275208397;-0.743395160220047;0.0732513784847025;0.239865392319478;-1.89281159320222;0.707226663652612;0.166175287905511;-2.45724540132615;1.83855580761336;2.71245580917237;-2.15134228734513;-2.37816751185162;-1.30857557085255;3.87643392856328;2.01063699409724;1.07848790178807;1.42471392517042;-1.92818862699804;1.96583170640194;-2.41321921377307;1.36835047936278;-0.414747098636952;1.65039684355791;0.116755845229222;2.57159342125633
-2.98831640287198;4.12464353865557;-3.70369744208314;-1.58602332999796;2.17888880268112;2.38468486139211;4.69817400214918;2.87130054300135;0.917813930539361;2.70228318783936;3.50320032606145;0.771892589907887;4.05936336947401;1.67145827434045;3.23138073869561;-2.03425803426307;3.48876206049343;3.00901047884937;-1.89249594103672;0.832391106545756;2.99617664035804;-2.9334718524051;2.49229299703605;1.71113684557762;3.36385945120865;-1.39025837667839;3.30493249852001;-0.813898801532556;-2.40379750613743;1.19640383493598;1.78046032404407;-1.64184435788069;-1.56359107725056;-2.46409130433202;4.16813157552001;0.770878897546443;4.06800432416189;2.57445723893;-1.27551109703473;1.1810745403157;0.519628564495451;2.79531925249418;4.69426597748244;1.45315020923483;3.13801056379281;1.87946536358411
-2.05818774883786;2.47099411677606;-3.60868866567387;-4.08047499979293;2.12321381312691;1.0532923469398;4.43350748497348;2.89886883688865;0.803072492115063;3.17876476611236;4.13814377968079;3.73441468375425;3.45110353197314;2.55182062326245;2.19801771189191;-2.27524277017336;4.05072440245071;3.08107995475286;-0.15432556380934;-1.68533902636938;4.28066206150246;-1.98228323207426;1.87026950860999;1.55163102188082;2.97987179030979;0.0699004792222829;2.59879908767975;-0.108315839980608;-1.74158605528374;0.437103380850206;1.8191281747444;-4.0340328888354;-2.70755335569832;-2.59348469085633;5.98324897484375;1.80279031195081;5.5504163358349;2.82072520017653;-0.652524529458788;2.58112920016621;-0.992418442060144;2.86888630242968;2.49560844475118;4.9241518787386;3.7682555188321;2.43781734657041
-2.45680669679899;3.06584466950641;-1.91046476902823;-2.22839888223754;2.02769905303211;2.03433429859457;1.08032306033186;3.58484145991674;-0.763973995786896;1.11066101541331;0.27355314948458;1.77748539349327;0.959422208643696;1.37894315536727;2.83016879242239;-2.24059892385486;0.502361977842938;1.670097557286;-2.04200072720839;-2.60498059449225;1.49390322538562;-2.85395590218322;-0.00999056715106506;-0.489030643229442;0.131200185030842;-1.41188405692794;1.31162259319784;-0.0592124212990722;-3.19160895379179;1.13310951097207;2.10142768283289;-1.72178098123748;-0.712064352706064;-2.68240214826151;3.65681940897826;1.03573396026791;-0.0386286171070775;0.999991246438546;-1.59237284183882;1.79312751019586;-2.00562390836462;3.76643275802008;3.43327291988795;1.46610268577522;0.231815410707972;2.69774375443829
-2.64145243175812;2.53036551552541;-2.46428996278104;-3.08499104985678;2.16499450599393;2.13446818231947;2.67740323908866;1.71074872516857;2.1028038987357;2.51217591059264;1.48320749449776;2.13832789279839;2.07815177429198;1.13203355484637;2.6675287131365;-2.20183243612668;2.85331696351865;1.71813370772719;-0.0312563448643586;-0.670139289992358;1.80009682867511;-2.52096620669638;3.15495854680834;2.39893513017999;3.67708721946979;-2.48171839426632;1.34671504894053;-1.68361488699731;0.675697187217148;2.34743375040984;1.63763830304141;-2.09287845344264;-2.97461174281294;-2.90781965043082;3.84720523034718;0.178857549530289;2.48069340153402;2.05055034770564;-1.7210909305059;0.623649682470251;0.679219980622328;3.92404890273915;3.14833878886118;2.56241590966038;2.28594346499613;-0.594525162045468
-2.52831242737;3.15697233251881;-2.35635825214087;-0.434764872230966;1.72753082186736;3.0987874833125;2.91284885110957;2.74616443991414;0.517206047987404;3.46355884861159;0.965320103387395;1.5131273954872;2.71937062353177;0.48037247022636;3.20401747910219;-0.9400649334834;1.38408526385996;2.69018622915381;-1.78920153154479;-1.77339304918203;-0.535572012739973;-2.96436604964459;2.17474904839804;0.83094873027694;4.30535000875792;-2.6397786847338;2.72516782465442;-3.21095374456609;-1.46233501912781;2.85074882591681;4.14142587829507;-0.533872810843985;-1.33600681107858;-2.10925249733701;7.60104025725666;-1.18603541638174;1.78083010479637;3.28534827810043;-2.51805259630089;0.244616305453781;-1.23726807135056;3.59420615673035;3.63827066501784;0.409523147056292;1.34811540936259;1.0833900618081
-3.70247436110974;2.61963561855816;-2.96893684676444;-2.14388102879213;2.11669103449058;0.815905350034095;1.87414417397368;2.28684793550025;-1.05413551621244;4.71770440219027;0.390739623534858;1.82472203688513;1.38245186760304;1.67292783656035;2.66260859428403;-1.16941052994779;1.50839120282285;1.07890666509504;-2.02606082873509;-4.5860875231014;2.55922802488544;-3.10281776367085;4.60834029451703;4.17494946880911;4.89111205343697;-2.77477314656455;0.770101553969565;-1.70016515859514;-0.545017479407403;3.20012901991331;3.7230415351963;-2.00960456725384;-2.83700018831658;-2.73999782107372;7.71701482570851;1.11424802177944;1.06099180919171;4.08788440373672;-2.90205432527729;1.17378685220326;-2.83296461688824;3.28378220760318;3.24809668990481;1.61363235645183;1.23833366564643;-0.427845698677437
-0.754613092961618;1.38141997258812;-0.111568493930568;-2.67166986346693;1.01899987621705;3.46394642808822;1.02641213865795;3.60321729379939;1.14778639644085;2.44090117288881;-0.204343709996694;1.68221645088043;-0.533691504721013;0.993128802599276;2.49872822526533;-1.71739251478561;0.602683857380529;-0.43459817943422;-1.1408251375577;-0.664932305207964;0.247201717285823;-1.32868661296548;0.958705738078992;0.136034474121381;1.62371001024026;-1.18069114816796;-1.3072044523521;-0.943126025784969;-3.24337226108163;1.53370272970711;3.22350828487828;-1.74784093791146;-1.58824611143944;-1.79924589324538;4.24379018863691;0.522493664844273;-0.393611809413908;2.0666871705034;-1.83030151911246;1.3778329954446;0.128106224994303;3.21006275369885;1.51824890277737;1.32574926649255;-0.509858237824959;1.5016980701775
-1.97386673237618;2.1982924178276;-2.79086860914507;-0.952654732963564;1.47617351717309;1.61723216303745;3.59577072237942;2.65379543587667;-0.983224931661289;2.71996396033172;1.06155388435117;-0.666778783518781;0.996652211781354;0.942335650449077;1.62326533463944;-1.04913902597187;1.92257744133953;1.450437175852;-2.10886838430445;-3.45646439058667;0.760688815828574;-2.06318650727014;1.81688735285582;1.45779158461775;2.07040884661239;-1.48387961474191;0.238344039381997;-1.26409041981531;-1.21548506538811;1.43735812520513;1.99482439300214;-0.789420114725852;-2.12890011681423;-1.9102515858133;3.85811927346419;-0.161287439375677;1.26294979263994;2.41788812983205;-1.4268199910969;0.56524928852576;-2.56000636760791;1.66845710417845;2.415418753697;3.1183231974273;1.81179838416647;3.82763513211999
-0.00923566844760887;1.46562823457354;-2.48688727274687;-1.14546630558415;0.721864730782402;4.30660855024418;2.92570467073551;0.135928986677869;-0.404231325763247;2.64286632073114;1.6641048789697;0.386951713392595;1.38008129315411;1.63409117840881;0.785105511406566;-1.61699409522336;1.95386996856308;2.20111885257963;-1.24525872274201;-3.65092365224117;1.7640416998085;-0.317209927954837;2.95375854690648;2.64528683352439;3.05500255087794;-0.49967624676332;1.64653433279282;-0.470986506703233;-1.62639468449987;0.917309775470925;1.10235812188874;-1.8842626416933;-2.95289783970761;-1.06211224432127;2.7504732556135;2.24836825436488;2.24694809255923;2.84823626256162;-0.687849446843523;1.95145246218596;-2.24010927805089;1.05122021731224;1.10781041552221;2.27186691120576;1.50158857227383;1.79393878201556
0.202588479129839;-0.377868398804527;0.554368511138276;-2.18070838676373;0.33819982260792;2.4549896548449;-1.48694178524451;1.97194864858405;0.775815034719284;1.93253097029067;-0.615014175146324;2.17779492520077;-2.29035442115282;1.37198153852184;-1.99616892114953;-3.29614739695039;-0.774061042754669;-1.39368303636077;-2.5932996872005;-2.59204128093515;0.729966562173982;0.421049254708768;-0.945881702217966;-0.757382090291531;-0.464422134555197;-1.86717683561519;-1.7707884228433;-0.667838456984884;-3.14575464664563;1.72561850957353;1.93752434756411;-2.95557602001865;-2.90070682977454;-0.243397936824606;4.00740448591171;2.16662279828587;-0.924796550113973;2.34241825438569;-1.31884287355282;1.17349953753444;-1.48897817169852;1.1553282945806;-1.29442599721227;3.22599887621871;-1.34445386978038;-0.119839254579669
-2.57644400058717;1.50624492645808;-1.23663755873759;-0.119616305862539;0.199601726378928;2.70657950142263;1.58874434051317;1.78636912862718;-0.527664511908296;2.80868893645588;0.0873531997751664;0.536034934879784;-0.105971751421443;-0.510132769261938;0.0109752477398868;1.0451500410339;0.964385462531131;-0.336313075213327;-0.0288309701299891;-2.35504974178966;-1.92322363278859;-2.32295665179412;2.5387066011623;1.29115557131291;3.91742270466619;-2.52071774138816;-0.787309582565987;-0.962189023985649;-1.36375646009315;1.15251033228305;2.3261232408987;1.03582370275659;-1.04928384048879;-0.680710921813898;5.47652224273723;-0.407584006971647;0.395970425898068;1.87997033222143;-1.586135696621;-0.0298782264565262;-1.48806910460836;1.49944922357291;1.12504689059497;-1.42020115894064;0.451731531935133;0.289137562898935
-2.80416396434738;3.29418602361558;-1.62889693656489;-2.21665587535083;2.27481572260565;2.44948952702408;1.18227343383324;3.84085279225119;-0.276862835364141;3.09525882618274;-0.728540407382453;1.21829201134854;-0.706713520661013;0.787477022674521;5.90160285322076;-1.4239266220231;0.448551098402661;-1.53695117537326;-0.681949592403118;-1.38331655354952;0.268671753698078;-2.68935048604982;5.54523859876639;4.47001880980637;6.50981583308219;-1.57383670495726;-1.24692118127787;-1.08307128208664;0.397703296164343;1.43066970616622;1.73888294550179;-1.36111883749286;-1.55328840668227;-2.86904967243936;5.40161364383242;-1.0158554952082;-1.33520802063022;1.48910877335675;-1.72302761360891;0.286831759035581;-1.04220000114081;5.95412450793367;4.04764991170498;1.01015908244051;0.284335129475717;0.432267025479295
-3.69783478195532;4.28668830618186;-2.91258279668653;-1.22458671834112;2.17869865908393;1.87617469108134;3.02326440924936;2.35505114598989;-1.03056974678186;1.49969307318885;2.64182180148963;0.0590008748317996;2.36810910751128;0.603949159926542;1.66722682735852;-1.36531710411275;1.88207968038108;1.88193999152085;-1.51652862634364;-1.45903694630801;1.76322277938849;-3.56593126067039;2.2881387557952;1.06420051660329;3.10087234884189;-0.543673368851237;1.67411688911654;-0.896570831673582;-0.694601622505603;-0.198433838244575;0.0780601188928436;-0.297314633971603;-1.14548282984264;-2.0758205063888;4.0082765063601;-0.452635806174188;2.73157472464088;0.918746714718055;-0.196481649105386;0.348018607962141;-1.40989545209929;1.24750879394463;4.6073116636976;-0.807288156755136;2.32747676241315;0.783502868768891
-0.938208113315563;1.73888187440434;-0.00181137577277157;-1.95396788977121;1.14991056656922;0.201467975321923;0.903881047499008;1.40583281088784;1.99876696182034;2.37839963380759;-0.509620212309103;0.285739302806333;-0.659308092530792;-0.259634248544081;2.55819447149241;-0.657788569720267;0.0203719608378605;0.34284600334707;-1.05478121550853;-0.210039001104354;0.694405772385367;-1.22064705892433;0.523755573275892;-0.7897497644047;2.65273514460822;-1.87716330027324;-1.04566849943795;-1.22606925794146;-3.22197638460313;1.941127839762;2.84652773555871;0.0507681164078985;-0.0407869504777358;-1.03220266208235;3.9420397112066;-0.98996830811637;-0.869437642892778;1.959127791191;-2.17512605458863;-0.159112543075657;0.516969970404706;3.17334333659199;1.90827001941198;1.07220783836655;-0.73617432944908;0.641687529993102
-4.10420443137285;4.15076297028048;-3.61075885045911;-2.28876006190701;2.52402476633955;2.1656005305832;3.25837134080867;2.16379975594124;-0.804735997898395;1.61117380208718;2.23236658297945;1.0942443690121;2.43209577416483;1.3337786371218;1.11531135388052;-1.70584583731769;2.50913645587743;3.09722434688958;-1.45148242770312;-3.34805064531283;1.69413626046842;-3.87877287714821;0.61974757599695;0.651581608609494;0.471473876306067;-1.08804649673067;2.39568408725233;-1.28582563917571;-1.46852945432891;2.03530403669817;1.00129567999597;-1.45653490219511;-1.95251364356689;-1.60774659278355;2.12090553356534;0.789798179556303;2.75178900810974;0.367489929210105;-1.16446674063844;0.705195129382172;-2.52550067879617;1.66395667442259;5.25820375760213;0.99153715261746;2.69896023168792;1.66455898166295
-0.996042718794684;0.753860556032259;-1.2816002862675;-1.99839870008216;1.5625559547889;1.81963883029163;2.11846987471181;-0.103759980139816;-0.756423634088628;2.50730913064689;0.0624436149798751;4.18278754651025;-0.765697922590865;1.76362758634509;0.950700317470994;-1.67000131667737;1.00311246930817;-0.490447718086677;-3.28172721299921;-3.20638319533394;1.0674444518707;-0.91587390458981;-1.43108745536024;-1.86340424737228;-0.446591754086022;-1.75287312998755;-1.21825009493432;-1.53589201156608;-3.62933441395581;1.44944600450881;2.53602271450982;-3.03515042133252;-2.87623932057493;-2.10219013515613;5.28600516958202;1.83165400830988;-0.0593592653822298;2.66916333166093;-1.73932225337964;2.7046863492485;-2.10541924872923;1.45930628551944;0.689489835575144;1.69326378872497;0.609310460437138;2.90820446798311
-1.32045664539054;0.942957026103375;-0.954814308506031;-2.0794081828192;1.9017921710171;2.89654900775494;1.82673551229536;1.64286898084561;1.35153720901749;1.66457098465731;0.539792583148074;1.67029636515821;-0.158526807718908;1.70885642831012;1.16370750826681;-2.14515803115257;0.70449279655702;-0.362745630009243;-1.61461480797047;-1.11422256099872;1.59752009428465;-1.17287785124144;0.890714370121026;0.858636185741209;1.15098928837401;-2.17750128434099;-0.975233557297593;-1.06885502184158;-1.28023700239288;1.23665057515662;2.20230904265581;-3.49091082454148;-2.91274109122525;-2.34234712446989;3.47029630600206;1.55498473628118;0.213581070068469;2.43854770514808;-1.81604282703679;1.890570012107;-0.305264460314378;1.37572325469675;1.09413866096125;3.00822244805421;0.413581290019888;-0.39648884098446
-2.02179885297991;2.40037702887933;-1.24547378004532;-1.03155281842431;1.10114687662715;0.563250993959024;1.11204123789324;0.810577386371104;1.28592150461452;2.95076020390452;0.493193557359573;-2.11877640667514;0.651663133470114;0.693730199039735;1.05692408073564;-0.340213029098235;1.22757043801422;1.28272269921646;-1.62887738033333;0.335936814892614;0.0613943056703956;-2.20883703683163;2.25173573133602;1.90089027945579;2.9808794052305;-2.65035024646691;0.631857288911497;-1.58450804033106;-0.496334122962751;2.3775297009722;2.43382836130313;-0.0830266073740922;0.428878692905238;-1.53272072823534;6.61861887519973;-0.0177820280490718;0.76183703257284;1.95259790239971;-1.89089030715378;0.371566544447542;0.407129712927537;2.80572709336867;2.58675279335133;-0.415455909113043;0.471358264241118;2.72422753425416
0.599001418473711;-0.397203569752781;0.0528986588253454;-3.26474972935119;0.60392398028875;2.81326011680918;0.519988221407205;0.88320314724163;-0.0467764765437583;1.44497371736965;0.0388599678238891;2.86542078455539;-0.781928515031461;2.0220192168862;1.30826152751847;-2.62336155473205;-0.00421590331778066;-0.687757730681425;-2.4286082857341;-0.696451753967332;2.70212799421597;0.426219413819311;2.74756973064537;2.85449902970998;2.95791663864838;-0.638835484930592;-1.02122689775729;-1.11954209427981;0.0733730556649148;1.31764545755868;1.74238180412271;-2.2589691360263;-1.6063888572496;-1.25340896453117;2.40245526437374;2.49467238337421;-0.433153798132645;1.40301735926269;-0.901575860530896;2.07127851836233;-0.418984970827647;1.81263536850598;-0.262189431446937;1.6664163420735;-0.321078933813805;0.936682578357084
-2.39902890848147;1.77820761167162;-3.15704542001283;-2.15346068266289;1.59002126824818;3.89642236272837;3.42978582136293;-0.317371713730892;-0.245447866196327;2.20778169023274;2.3817254280014;1.84376928515556;1.4235296333683;2.78222375289887;0.237758433029068;-2.14113852686445;2.2865249630659;1.90902991653299;-1.88732177067866;-1.8638473109541;4.08394718363109;-2.58532038547818;1.47373272964212;1.78374132119894;1.97873251001775;-1.47191939294854;1.12517759192554;-1.58527247027677;-0.22400561234706;1.12332402471794;1.9084398545429;-2.84662213618276;-2.58738192907283;-1.59863520790823;4.01612598224259;3.97119685644577;2.73843190700936;1.84278474063057;-1.12114216677609;2.67347292935992;-0.838851325427763;0.88617595825662;2.45814862998218;2.85780168630284;2.18162039769191;2.11437131084618
0.381865248594504;0.780288585240227;-0.986810631716977;-1.41482559650886;0.468382574888309;0.70214204220322;1.6741809378965;2.04580673431249;-0.84734335158123;-0.0916688282291993;1.12648564647658;0.186915754491761;0.303186244024044;1.42158351688534;0.943242681217208;-0.725437280177802;1.67716912428223;0.424159687870802;-2.04242868506981;-2.70381606960461;1.86173659937008;0.315923752204401;1.14552978029807;1.85060352810887;1.33556591858394;-1.25075077796688;0.00918804271066437;0.053363154525027;-0.0867285733724654;0.618049102478417;0.622850672665302;-1.028413381327;-1.10970574281061;-1.59000328386152;-0.765850158123402;1.43490361648023;1.13484718892762;-0.347519014362904;-0.784169925301329;1.19116585847986;-1.64896510148162;2.37357260592186;0.150981265724696;0.564289045461484;0.608217037589695;0.0831543914871036
-1.19354156265161;1.83680461337123;-1.25989799334244;-0.866714767096074;0.85507401049464;2.49636066111652;0.286607836719833;1.32625805562923;0.486080130614823;2.71892749204452;0.628969407441386;1.15604514592559;-0.119555838038023;0.615899281290662;0.740073312667042;-1.28193041280687;1.23020397062325;1.00432890162062;-1.49022149418562;-2.28444508180297;0.934333012881498;-1.4203626836523;1.24154814723201;0.261640303386085;1.89477963154298;-1.93830122272187;0.3001374919724;-1.70956299044625;-2.72876987269813;1.9526323744842;1.97428964565535;-0.861638472660899;-1.16393312622634;-0.690756579260746;4.82005577113421;1.44964686045283;0.541225207948707;2.27837797327698;-1.93064244013213;0.8767243706204;-1.24107299569668;-0.0334482692413222;1.7984209895494;-0.0358200685698844;0.136066057357465;1.23760930383149
-2.46983067855144;3.6835611280591;-3.5648597649509;-1.49813420631098;2.64475392492955;2.17526099848139;3.77665888213964;3.48520697398952;-0.824636033959542;2.55389809709809;2.2872503435433;0.204463604800108;2.39558918459677;0.377890620493866;2.85631333003274;-3.10213156852929;2.86668094068654;2.60255298499165;-1.69581274898666;-2.82765500623566;0.614831565448475;-2.61229208042311;1.90257709430836;0.744870614593073;1.78319377798758;-1.40340042718808;2.32905191483962;-2.42072756874848;-1.54584933534406;1.64650389475065;1.55510463529512;-1.19063169263894;-1.0667986354199;-2.45375075984149;2.0679103032203;0.151692148795831;1.8902393531264;2.43441993012336;-1.59617701224777;0.701808012619448;-2.01740366910892;4.34931007702673;3.90387749957069;-0.0929488613863455;2.63590069011674;-1.30344764308018
-0.962992361519956;2.33275629249318;-1.88606923245852;-2.13823380273151;1.17927455105853;0.760503817974876;2.75665258806118;3.18106639900738;-0.447276599029436;2.04308726691107;0.802305015676488;0.479249680822493;0.610697367721089;1.47633279028483;2.13997405175554;-2.78132763249658;1.50639547949402;1.32928279915896;-2.05385909001275;-0.419755104964381;1.5971429582757;-1.52031687709794;3.24435080762782;2.95132753312178;3.93114421221389;-1.50563644505123;0.250136400806445;-1.33034651239708;-0.42672151841226;0.851328226740708;2.13229626493788;-2.4146793225934;-1.99908642074717;-1.6617318013968;3.19638658604594;0.564184220728663;0.84807604842024;2.25152395394918;-1.48909636636725;0.921427501130556;-0.223323678600589;2.73046403457623;2.05463977558707;3.11030192301908;1.17572069995479;2.58471460487202
-2.27119431874941;2.04267733162604;-3.43661542294131;-2.73779005523378;1.92722271076676;1.44394218372299;3.48443868663324;0.789923535167879;0.499314879650968;1.69781086508402;2.94377355899263;1.975197448835;2.8581005052011;1.19180193952545;0.617773899156901;-1.72639216905711;3.26833727303928;2.89127118197365;-0.94549722273363;-2.41903638284764;1.52858919262987;-2.19086624521691;2.60620079127695;2.21608631593541;3.02344409022843;-1.38604905290684;2.85699694736316;-0.861294708769422;-1.27156748998976;0.214786747141558;0.888577816866199;-2.19088320702235;-2.14912753190284;-1.69206877907729;3.3099606367564;0.764790920978036;4.37967085395906;1.5741833281506;-0.757194472566492;0.666642267631871;-1.49605119929133;3.33456904680584;2.09161839147068;2.19892020799965;2.67197979658409;1.71809452590257
-1.34955518362004;1.91150524113697;-2.19109703928439;-0.00286146167271217;0.193500689273208;1.99606372686483;2.08922082689148;1.51179894535096;-0.270986713169733;1.4723608270983;0.50150354432929;-0.335956283034518;1.48290242515326;0.887687441770752;1.46087790077214;-0.498214709963122;1.77286915556855;0.654929978559631;-0.46497074275665;-2.81826832798582;0.783199964376585;-1.36740595174869;2.16155129618695;1.34399968811556;2.68714559876897;-0.766863191934631;0.206947291860517;0.00792375674908141;-2.6966816260972;0.964273712065164;2.04715629320305;0.368721240136799;0.0500202322375267;-1.18083325542788;2.47147115159258;0.209253009556357;1.31397963461228;2.444954023516;-1.01216592959775;0.0562016456584298;-1.90846239361858;1.95104315599384;1.93259847626073;0.214660726096553;1.38096322855886;-0.280151195466628
-1.11534420421229;1.69220433264214;-1.73383257207109;-0.775076182470552;0.796354031662864;1.44560460630604;3.79071348391093;1.31980238216565;1.27276745129383;1.18645689065379;1.37230318735356;0.420706007543631;2.61063194131366;0.723336784305187;2.0262749133746;-1.49614825701958;2.44950356818027;3.73759407624029;-0.939962820729653;0.0549566373577189;-1.11736551755354;-1.10613245760872;2.52085790079945;2.30255951586397;3.11113390571679;-0.947717317924381;2.84533441241061;0.228300753552809;-2.54718728069116;-0.446856869510296;0.574807750498259;0.109611362786151;0.33219563990157;-1.40124908147964;2.79105933111435;-0.264577106564142;2.50078641448556;1.36717352893113;-0.241898317617369;0.462175719416703;0.549148155474303;2.25268216622976;2.11780296797833;1.16682472138163;2.29768760197629;2.35789778603441
-1.55817226222226;2.76382223223914;-3.16789420344697;-2.09370470573346;1.67236674667598;1.18325397490571;2.97016456846239;2.59242466337882;0.443756734012697;3.15037497715115;2.52054836647095;1.06972661482629;3.58536320574086;0.577342104679655;1.2333985358346;-0.806603083640197;2.32336988130101;3.6722946144069;-2.76228163920891;-1.36464810588863;1.12036818922256;-1.68480763261337;4.14352042450074;2.80627589200302;4.15759598191711;-1.09235329992449;2.93713388371586;-2.12524044225532;-0.532402914440459;2.3124866097971;1.97925431021773;-1.10595307016989;-1.82663245040045;-1.89698533089594;3.55466828071128;-0.222293613869317;2.61918702367788;2.28887760496185;-1.9638526285008;0.285153738802191;-0.676841302524901;1.32022607560601;3.0957016164899;-0.701197923260134;2.92320273800689;1.4473752073387
-2.31657403260908;2.94856432379203;-2.9693024626179;-2.45434357029698;1.47254218349912;1.87850805253191;3.74962103052601;1.89473906932278;-1.58723331031565;1.277737347062;2.46696253147712;1.47998102324901;1.77538382866314;0.167664654050016;2.19772785548764;-1.14851543870615;2.47255718738212;2.000951561278;-0.867377522659319;-3.60579156352841;0.343532265141742;-2.40446747662252;3.25893750979141;2.75329797971892;3.25572099805943;-0.806496473074637;0.970426410352839;0.83816450988425;-1.14804379953543;-0.154579130594657;-0.246195428279838;-0.95587510698658;-1.53611322304469;-2.25161895869586;1.88983458540075;-1.16196867886689;2.78667245027701;0.798277085314818;-0.760554224035226;0.363960142217525;-2.6994912923248;3.47614020207515;3.50609547568917;0.96779753387825;2.21369487816705;0.847288694929529
-1.02914870934285;0.140800127461593;-1.532805999645;-1.94755072384497;0.447094758636053;1.03212990348921;1.76482399742661;1.55028114721463;-2.12460820786844;1.74111835250671;1.06711691154527;1.94227515894008;-0.0328136149543604;1.04806927793394;1.93554016895388;0.348699858418439;1.50720978178469;0.611987326583253;0.569504782988639;-3.33970449836982;0.968323258519711;-1.47453635732166;0.521160676174732;0.500105878306293;0.013963478299089;-0.498713578885901;-0.0872690511354516;-0.872756172538386;-1.81276320578178;0.824560345337943;0.50452268049861;-1.29162891855431;-1.57076453836795;-1.61024687353528;3.64713858687867;1.21253901405854;0.864074348627653;1.78672705956997;-0.754934772863763;1.54704314106499;-2.69461682507607;3.03206849252149;0.701981537448435;2.00479401855383;0.835354638097181;0.32788520145778
-1.9614400870586;4.21180722186753;-3.5978109863274;-2.67938867130551;2.60583774280395;2.11082015929645;4.94500925881509;4.1275839096353;1.80980524032973;2.67801808688697;2.25336232211814;2.20084641811425;2.81932700792674;2.00655195648669;5.41388427716287;-2.63082078203856;3.33519714335483;3.09587208215652;-2.42481356460828;0.0044342841121362;2.55835083524891;-1.69977235063637;4.63645975729464;3.94943776314502;4.97980874083487;-0.995155306773763;2.36907594280821;-0.636223638349732;-0.80488628422567;1.1895467202895;1.63278041761152;-2.72954611501453;-3.33131863118026;-3.46992072837238;3.66270476511561;0.460246684411771;2.49303237208531;2.63973265235293;-1.4510166668271;2.19548093872603;0.244329373837532;5.18349826569433;4.12185158717952;2.36801617558703;3.163490131544;-1.19820437858972
-1.88349673366007;1.45652150170148;-1.42571944532028;-2.56371540517645;1.88245969142548;3.00480463508748;0.697814716099519;2.99144511104159;0.50921835344672;3.12714019478269;0.928915054979562;2.22650406121865;0.755838655136506;1.12814963062327;2.14652738916568;-1.34818050167168;1.00308476258711;0.317744817272543;-2.41522797985709;-0.432800888230207;1.06699521916996;-1.90681778746161;2.09406514069913;1.70358375627432;2.53249049651646;-1.02444711463903;-0.195591866489559;0.214387361558759;-1.52781579581459;0.853091323366348;1.22984030582599;-2.57979419683298;-1.64941381935229;-2.54229499616895;4.8061641444119;0.6215800285905;0.99214670020422;3.14080491273846;-1.237428907937;1.89986360253835;-0.157550253846093;3.47217387748708;1.68299083803067;2.48321924503718;0.908898258530816;2.26165915498899
0.761017880621501;0.154573586897946;-0.864227703366615;-1.56052380197752;0.464789400264507;1.48883311509554;0.434109775381834;1.42226977467484;1.21339681142515;1.44449762483997;0.949656362223341;1.52692633656373;-0.149576157492754;0.663241863257609;0.963277921991792;-1.19613303777133;-0.0391761303487021;1.03938692332342;-1.78836201029729;-1.33736413839459;1.6646833703851;0.497919458129689;2.32191222643799;2.6773237266587;2.65629857340765;-0.980979011964227;0.166387836291124;-0.334433660203981;0.0506411500172617;1.00847717108408;1.69655912899589;-2.16617651434939;-2.4841524226824;-0.927364526284294;2.55013786689442;-0.292500617417653;0.563817697419812;2.19090297090867;-1.1618226673115;0.893852692612103;-0.221121163929365;1.99100251765651;-0.793852896545443;0.78475142974143;-0.182182404274382;2.04757030634141
-1.71016090658421;1.87907766094285;-2.4837177739658;-2.82845441162002;1.51993445757906;-0.50512781708348;2.40543095549718;3.42071678745672;-0.882996415791251;0.660881969607202;0.28678307727424;2.22067239029054;1.29414806519128;2.73389021055717;2.57655979320256;-3.10594869326318;0.598320477922521;1.52872961553317;-3.16438348158511;-2.99608689409932;2.74439000116075;-1.32409794174734;0.682383132056278;1.38659023515513;0.556814852692969;-1.25934758392199;0.627246747761301;0.160253476296093;-1.31483488392486;0.684153379879108;0.0102315081786482;-2.53263036662146;-3.18070300942892;-1.88846516401981;1.39266743017466;1.37029043489294;0.900883192825535;1.09486517909841;-1.48754956256533;1.95666447787068;-2.17137579297283;2.75653978743193;2.44494579685042;1.83611982556961;1.04470177741139;1.4903331805282
-0.911045168842721;1.79590399338009;-1.50137049404864;-3.2743349465956;1.40521897434966;0.206874149042675;1.47467176693516;3.26643784006327;1.3851754123136;2.80173459207783;0.00843517931403226;2.96763242720975;0.333282433541076;2.36602547767006;0.497485439332325;-2.26751922190424;0.0948979137095662;0.570628570616726;-0.906316807771625;-0.00272963133311699;3.98493650010044;-1.03006262680602;-2.02738492319853;-2.58753530783064;-1.0925183780773;-2.50460224574211;-0.103488800146235;-2.17792744486371;-3.05129473896302;2.95744037942482;2.48554397781884;-2.568739184627;-2.85530566177172;-2.10357127572156;3.71334624525219;2.24402356383795;0.477676047450054;2.92693389708117;-2.32259294239642;1.96739742094813;0.386538730945779;1.44229842391965;1.52881646988607;0.280635336079286;0.353950560055209;-0.122305109688345
0.2627330136257;1.03011989265016;-1.47068965135518;-1.55630573454942;0.531682107875517;2.24848356678468;1.94696187642095;2.09349144115349;2.05045607515531;3.29826944842619;0.581108661755161;0.81133809801033;1.50847395210347;1.88435379950048;1.56405407402505;-1.28761520214608;0.84026072950684;1.0251869836791;-0.971717068559588;-1.10017903280796;3.84623186539464;0.0625785290614779;5.15548309861417;4.65746786252436;5.54384777323823;-1.034457388398;0.671324878987285;-0.585775929726857;-0.121635113313769;1.7062144031528;1.68242336784594;-1.52909204501621;-0.678175235867652;-1.49345105301913;5.80579567398912;1.79695694791518;1.12749161012174;3.41701992246414;-0.963939492572774;1.73444726141658;-0.343351957049423;2.16277422726449;0.810829388108697;2.10767677626724;0.96741436131999;2.1469244820685
-0.756085116300252;1.80864657566247;-1.56700809966583;-3.19019188964614;1.92113774971784;1.70992748866959;3.31535125365385;2.29433421849728;-2.37422115891424;0.559944188314488;0.638202307916987;3.45636009189354;1.07724642894078;2.25630888875981;0.721280738241426;-1.99272762448716;1.40032417777338;0.265652154235972;-2.64477031054754;-3.86583556508914;2.84639234989705;-0.374611084690167;1.33563896062138;1.08143528858823;2.00688889431987;0.424820485781562;0.144506880089333;0.752742323981119;-0.487760061968875;-0.260880772103156;-0.602202378034155;-3.02177272747579;-1.94618919453552;-1.63490673507988;2.84066132651862;2.21002400552193;-0.150086273898343;1.3901535406395;-0.152896981642509;2.17484850829672;-3.00482825963934;2.94133024999546;1.72863647877746;3.04886969280692;1.0136502050204;3.03059515277093
0.610605933102389;0.0308669069896151;-0.593688509593182;-4.21946643268939;0.996055884391103;1.76289069875193;0.0883342963229075;1.8984180728003;1.05261659942761;2.89006029601649;-0.777529168932099;2.7607073371804;-1.26116244103406;2.63357852420585;2.35671843048546;-3.53764388376999;0.122569626925449;-0.981646380078599;-1.64687505078904;-1.02767214823283;3.2469202363939;0.634817890935671;-0.09104645822139;0.033355583822378;-0.226832496750938;-1.22120318016273;-1.41357612803722;0.301062361653725;-1.80673001396748;0.620979967468809;2.09056298766316;-4.23771120886309;-3.29166796949655;-1.36240973428624;4.93567586275896;2.74071785900388;-1.60655028900969;2.39217800337305;-1.44100668400569;3.05958890618156;-0.522512484597005;3.62765677781558;-0.592961771941062;2.96257166399252;-0.119569952494417;2.8810537815112
-1.06543752287203;1.7245172307956;-2.07463427205912;-3.5549041911435;1.43929238736459;1.99393957504355;3.29634657651941;2.06601853193416;-0.767233258419554;1.54140217654101;1.25196083736091;1.5712493359742;2.19393158400144;2.91154484997597;0.486688278181863;-2.49246176095801;1.6727307970323;1.91718962588171;-1.44007531797971;-0.830026050085028;3.98525919679147;-1.39669046519805;3.53519195922931;4.26429803027571;2.53589543059168;-1.83107984750931;2.24589700914966;-0.82191354183935;-0.854784565656724;0.884774130054922;1.28230051653073;-3.15007006889483;-2.17657523357379;-1.63844567176477;3.54718368132492;2.98572131917783;1.39039578157813;1.25444319534724;-1.22195663011228;3.47846014204108;-0.939268848695688;2.54753373689369;1.48166478159324;1.92181686749132;1.68770899508448;3.12064079056067
-1.61800926070554;1.67296118735258;-1.52304238889506;-2.47024947828634;1.53346579863633;1.13133669309985;1.48091839358855;1.83981327859907;0.408567438304256;2.73872376228252;-0.124317952326807;2.15657216626673;0.492476382888346;1.6379309733141;1.62284027981389;-1.76309134165468;1.79957759516649;0.961133249048112;-2.11117059029737;-0.942824841183689;2.1034865564103;-1.97213610074815;-1.01461187843075;-1.22222440756679;0.186785017584854;-2.72946938763489;0.0804884656897873;-2.08381826651956;-1.69169776044469;3.15560193616612;2.42562150143404;-1.94696524866193;-2.88128562248299;-1.91755297877018;4.51081874879877;0.963157223935869;-0.55236603637113;2.22616648745313;-2.64373610575632;1.68990301451481;-0.65523590766953;2.19355729757966;2.17832405819737;1.76943631998325;0.334401154351775;3.63816053745794
-2.13064506494041;1.69326436994641;-2.73212967569832;-2.08573657623456;0.865303832509082;3.0058840508052;2.94578430029079;1.23960756113032;-1.31097146074322;0.82492933887914;2.67629411300244;0.10924088875344;1.73592333575518;0.472154956809435;0.84449700842476;-0.633385527161011;2.25677478948174;1.8884061887626;-1.80068558430749;-2.78129352700221;0.593846781343877;-1.90018030762187;3.96640627436054;3.6016880061705;4.3784726161402;-0.965923420378632;1.00389344428897;-0.465139395558853;-0.174569848077654;1.51391978002223;1.7504090428676;-0.363889504588613;-0.0529476273965931;-1.53662785659403;2.04499721613366;0.736636916212099;2.68384115169572;1.60349468246365;-1.42954910173449;0.920848388561073;-2.18976722171919;0.608869762212366;1.89144421625912;0.313638024956604;1.81324057604877;-0.684899533672545
-2.80633033189464;4.08557069971571;-3.52851820364488;-0.826835607557498;2.33524007204404;1.59106959442511;3.73035451861815;3.24968089705507;-0.380449730343891;0.90499589250626;2.37509504429225;-0.133650040100255;3.18555382351081;1.22909903850705;3.03648150362698;-1.54158360833479;3.67149277946491;3.60433078875089;-0.647454708425796;-2.14869090855845;1.42056001331829;-3.26809191475766;0.271757992300395;-0.4941801849248;0.797465385850932;-0.397344579270801;2.97262445820993;-0.430706651276018;-1.94127093534823;0.30893682887473;0.762598187029188;-0.193887534828145;0.100160661790685;-2.32810252570645;3.00551170674838;0.040001136473409;3.79022972969891;1.25542442809715;-0.280880950466129;0.450043336848621;-1.4348647119861;2.8308224291621;4.97702534369636;-1.13909528841844;3.24161553399383;1.63693160541772
-2.23791200530645;3.7883164851408;-2.70899297867946;-2.48229156725024;1.56249216154255;2.20728373357736;2.58476560724356;3.01442779539531;1.13691949812007;3.29312294182427;1.13576197545211;0.611170175743061;2.15205412913808;1.3221727468742;3.28864476387735;-0.500514636706475;1.52429933978058;3.0635055388576;-2.13101765826602;-0.528919204326669;0.50792040359025;-2.75188667518556;1.50634269098994;0.23714042920423;1.84077521955544;-1.86598262795086;1.82556217076145;-0.842013756470538;-0.108555837602573;2.25358970976225;3.05501728064111;-0.167292174182073;-0.603033251130094;-2.21269562248723;4.6414235869188;0.168637676467744;1.4053179829437;2.92986542348678;-2.29602302975791;0.959559787233799;0.248277982120709;3.36606373296219;4.16193980331969;-0.593205542391852;1.914832368601;-0.328257882089842
-0.719813039810747;1.3725942931147;-0.700326869498016;-2.69811624518818;1.60161335524729;4.84653220242512;2.39485099094785;2.22212422784408;0.72037975443369;2.66339386775669;0.928150061839189;2.45413343578586;0.0875269687844971;2.1342847373097;1.79737039006529;-3.36766093657119;1.3350525800684;0.995206499123972;-3.60172501676365;-0.2596051030306;1.8272884876037;-0.604771651721928;0.34851201619338;0.0666272579911033;0.764895102124966;-0.457096861957179;-0.233866230967798;-2.1745935962198;-0.580037551606269;1.70959079418632;2.28964532404714;-3.48752095423722;-2.47162825685898;-2.29625746183259;5.98940967834436;1.72768157029084;0.538169506453331;2.39513893977171;-1.2900691803454;2.06171129183551;0.262825766229006;3.04962840525747;1.7425585033811;1.11284072872893;0.491390140594013;1.08645750773283
-0.233188552058381;2.07258792140481;-0.652237556866622;-1.67809257489132;0.799031878691834;3.13781783254902;1.18974883915316;1.90507706459995;2.25205362012961;1.35127117945976;0.424915531641013;-0.0692649786230809;0.21149994486689;1.13684943920389;1.15293789812273;-1.55996076116971;0.934541650434135;0.273503598893646;-0.181074126971806;1.04929879042895;0.737527313967718;-0.486523271826921;-2.35375090845332;-3.13385742502367;-0.71726035724856;-0.584041959964709;-0.135100070049946;0.765713195010301;-4.63228547088512;0.275481340171429;0.635275534698764;-0.707615602232144;-0.690966392727116;-0.219343151780416;4.04682696085374;0.749595100885227;0.67658438036167;0.952977272529112;-0.315465217125744;1.30904801498445;1.24911131659806;2.43157164525224;1.98772083213298;0.447033225101463;0.512613596064793;-0.0264656829192104
-0.352929349456038;1.61984472853527;-2.25795027965521;-1.64870869782949;0.86842714885579;1.40576475459044;3.17302350498175;1.02804845378778;-2.97404170955745;-0.41627161447224;2.39821300500058;0.458805130448763;2.75226153944794;1.07845696698765;1.62331633343654;-1.58090060527742;2.328447207639;4.14199520107185;-1.42339984028694;-3.21319944326553;1.8454177655745;-0.961005619786509;-0.852283236662058;-0.941484815983436;-0.628240342635605;-0.636585836074395;2.9521711893453;0.684769693229137;-2.04788581906558;0.443618684609905;0.810354907097568;-1.01807134411476;-0.660546357278071;-1.29747565207144;-0.332538190864907;0.812181824011963;2.31576915177378;0.33783205169966;-0.671759605011496;1.31774641972209;-3.11030917318597;1.40303637256315;1.18813999864433;1.04072721060377;2.20055169151704;2.50542866195207
-1.42132811440523;0.696636715520479;-0.267587564412526;-2.00014797218912;0.671090172139726;4.25751251689415;1.83158077628234;0.331492370524639;-0.463945867806355;-1.48805598269559;-0.288043265303576;2.47174029572026;0.683362978316787;1.70555334694494;0.445286006649175;-1.68504037569014;0.238332668335587;2.08537315430407;-0.765139700915858;-2.77060692154083;2.65551700022637;-1.45996451997924;-0.634116005165281;-0.409236746253939;0.321760955291838;1.38979226807109;0.505104107491272;1.17589441535279;-2.7136327423761;-1.32283312224541;-2.73274830794519;-1.04078982905104;-1.29547599419047;-0.501948855135199;-2.30373373674969;1.82621615067294;-0.881362215518874;-0.544324071462066;0.962511691273248;1.3626198279589;-1.68451266836179;2.6347453209345;1.17149963257639;1.2561099813072;-0.126349333301335;0.293440600385976
0.235735893436658;0.313404933466129;-0.695967821157666;-2.94605596963425;0.667484491901083;2.89981347372934;0.57100362232399;1.99647160944845;-0.355011228050227;0.450615067938701;0.226948566428523;0.410795606231117;0.536173450428747;2.15079079340731;-0.743611731279866;-1.99532917825033;0.0916253670742379;1.09059507343604;-1.8610768541327;-2.51784679097959;2.28847267507015;0.0570604802172427;-0.262349917453897;0.0915605142470297;0.0368818352483034;-1.13457964692487;0.855205836136027;-0.286984766854862;-0.220087800773998;0.718723145000678;1.00105664891407;-1.70647664396701;-2.19329077957021;-0.406191622710175;1.0103833783647;2.64754195260759;-0.377947815962336;0.402285412078428;-0.278160820063611;2.38364727416615;-1.41906358390409;0.860951514722978;0.181250936626227;1.34728410449782;-0.249998001733228;1.64279335206502
-0.762842001951604;1.14126524223117;-1.61938711954516;-0.272507180607424;1.06695512879454;1.09460842055379;3.33310063900352;1.942138443982;1.13116815180447;2.50758703967668;1.48985893813893;2.53506475707953;0.818258224015822;1.15247015223972;0.320805259111176;-0.161387531682989;1.47429424023945;0.829419729945934;-1.53457046393793;-1.05290473267378;2.86456969298486;-0.954875734206774;0.518747103171907;-0.0498187299701205;0.809552257691392;-0.801205094538438;0.165903161280408;-2.26194937246416;-2.65702613508512;1.99801870728977;1.47435431334608;-0.889656800135219;-1.2789371639945;-0.915760286772693;3.80857924692774;1.29886565634278;1.46132190529364;1.29089363886693;-1.45424951629946;1.44141779708022;-0.29630593157642;2.31154548953764;1.03384668126438;1.92118525509589;0.915503095640509;2.36681911773779
-2.00694430733056;3.39344779339141;-3.03430635965615;-1.44777048077785;1.7600933950925;2.14763913627534;2.75087517966785;1.07046272332665;0.2926617930884;3.99049662062628;2.08165924928301;-0.522936138058574;2.72084372455158;0.613638098960642;1.42735731724017;0.300229033738242;2.63029344557974;3.2692150205159;-0.0748459567426987;-2.62373590077327;1.39337667397095;-2.33163365703805;2.84898891981168;1.75141676526401;3.04819789179495;-1.29712672151996;2.7042565746037;0.369753527779834;-1.19533047799189;1.13841458690088;0.876680143054762;0.573830197632729;0.484153855089156;-1.68075743846845;7.5183058528685;0.0368369191590881;2.87580418821448;4.23897594627734;-1.44347339300936;-0.201578697054424;-1.90864973769451;1.32398292112375;3.42333358287897;0.482520961728778;2.07597951082874;0.153626115700058
-0.571520544138716;1.20761594755448;-1.45420169201034;-2.26964560561764;1.21094863536113;0.496600238400668;3.1136924083611;3.2070523004153;0.0674856427186155;2.93790763800673;0.765175027057951;1.24790417688025;1.29110611692912;0.879860813108661;2.24900053662783;-2.123837845372;1.483465376339;2.338482970263;-1.18921643997064;-1.33040101309605;-0.353685466828491;-0.526262046967487;2.96242260425526;2.39932290795953;3.98678037310438;-1.93186827477921;1.69805509806886;-1.05976040007055;1.11068926837629;1.74315954012955;1.56817192590498;-2.18874639622738;-1.53278151246105;-2.0929199357948;4.59491761361668;-0.343475885379684;1.39106903072225;2.53877742348832;-1.71705322090212;1.03339288621372;-0.542393639302572;2.14506131740976;1.18920728798841;3.51502002126635;1.19113798868084;0.706798761621142
-1.67011069444296;2.83344456450723;-1.9730433238301;-1.69272975585084;1.59141780653593;2.38765935589349;0.640195065653873;2.43433579649733;0.953294315981419;3.40027507964848;0.0843487500402048;0.521731638955278;0.391968108333518;1.23137391318965;2.20913593339848;-1.1795269934328;1.58105278243172;2.19249408093655;-1.28670675768693;-1.63050224786472;2.60174167199666;-1.73796071320104;-0.223542684186833;-1.16145480586169;0.285581618535661;-3.18948430407563;1.11339601017622;-2.13544562230979;-1.60420340045805;3.38623206605559;4.06646277739071;-0.586061059143438;-0.774284173925866;-1.91052935988858;5.88506298854853;1.02969811792407;-0.0870313254759809;3.1505758424519;-3.11321246621218;0.940183897202311;-1.06415652220108;3.12381376933156;2.78697318192472;0.554800855080169;0.693793577998818;3.62134390449577
-1.85358096783071;2.70012870623075;-2.73716339842166;-1.7183309292257;1.89764173815319;1.03541473268003;2.86824930729195;2.16836620285556;-0.139245344200212;3.37041021058837;0.969089781543785;1.11116668973455;0.93351942172174;1.2627947998082;2.68951313596473;-1.66549247059748;1.9813383699715;0.543519367850624;-1.78231979054334;-3.02025373331286;1.28508245232166;-1.54541083480857;0.704671090576531;-0.232897365154163;0.283019681649572;-3.33818807115785;-0.178688488050888;-1.81292677423346;-1.66053722986038;2.9472558586666;3.33839912541284;-1.6402635018944;-1.40997908805366;-2.78346473068264;4.13897299244191;0.491458599963964;1.599996537282;2.65141868008206;-3.12022144522351;1.11501280251057;-1.76571405081779;2.98643600081962;2.97754419809305;1.01686166367481;1.60303154221338;0.160965298358241
-1.57285701669988;2.45277670226677;-3.59975940202209;-2.74840025781029;2.08564778025335;2.17393192054788;3.43619281256015;4.11997947407788;1.3428340304998;2.97176901956039;1.20595901484131;2.14276354543915;2.09428437741123;1.32673276111364;2.75772307716269;-4.32254573532498;2.69601628562076;2.55961414243285;-1.62067997633121;-0.850806781351448;1.87131528334249;-2.07785702291931;4.76061406201391;4.64270111676767;4.98726607321299;-2.88642950535796;1.37936427947067;-1.78660746786842;0.36825223830742;2.03804846899944;2.39859173793076;-2.66375483807111;-3.20458593698892;-2.33529883969357;3.75285787179528;0.444226627929255;1.74489489609077;4.07984664923107;-2.07693697566369;1.53922508159109;-0.409512164508967;2.42021804425225;2.89077926793899;1.75163043017345;2.2306878300932;1.90597298391982
-1.63920384954196;1.74006451408223;-1.35195483577979;-2.73333325146898;1.44304757811794;4.02072618969928;1.1311641238698;2.4737339300694;-1.60515058229666;1.21407095458183;-0.279405256094084;1.38253628084478;-0.42773870718696;1.38170390776766;1.84069332667257;0.0358033966159538;0.657825317302905;-0.876669855291563;-2.58616939853999;-1.0303209545963;0.221954105209631;-1.78676239045635;0.173866075677213;-0.493711636130669;2.07631743148931;-1.60263670571257;-1.20248282767632;0.489403468089132;-1.4516084270821;0.906463794541344;0.800116141023916;-1.36923244505543;-2.64736044314101;-2.05935496853246;3.74477244816003;0.84589477024543;-0.267248876821314;0.831784483413785;-1.47295129356174;0.653938742344986;-1.14226385522596;2.86686733184082;1.93248693839671;2.01796716560257;0.442168367374846;1.61040850895588
-0.813456758308426;1.19661028531337;-1.50530825727401;-1.00303056862684;1.15013741603563;1.84908781800433;1.11200847054919;1.2084377928912;-2.0471783726868;1.93162293999837;0.659200121368469;1.27234167680554;-0.11747417352983;0.749533600763457;1.78813362950577;-1.33685469403212;0.847003022220442;-0.596357633857619;0.000212393447417247;-2.85426349687313;0.651573641791316;-1.19560802625621;3.93911425785755;3.95559753831257;3.44282618129431;-1.49754910351879;-0.472227790481712;-1.09450881344084;-1.80689827119551;0.978236494426577;1.46265861531225;-0.996510920593049;-1.83529072053397;-1.53591613616348;3.21591137633412;-0.0434305916675821;0.723298874805591;1.84865932427427;-1.82368629728259;0.506841972352083;-2.16629573775184;2.4151974854393;1.53561494790082;1.46802619477047;0.346334873111212;1.02021762132397
-0.0677317141531387;-0.0284573274141373;0.0699016359076626;-2.11346174413894;0.306603231845107;-0.919819925706037;0.615357400053592;1.50816739316202;-0.720510577879556;2.86012767753646;-0.328729501536213;1.46223259041042;-0.474019629665985;1.50777465425581;0.236805178936957;-1.94301057021051;1.06767724637122;-0.531070096881553;-2.68342275433782;-3.04512208898933;1.83645484871179;-0.308279575064693;-1.33174319079964;-1.01882310911346;-1.79914702757643;-1.28369258092621;-0.74323970820864;-1.31197442496086;-1.81864675065025;1.32843632798099;1.26581744429013;-1.2155721269719;-1.10048812145468;-1.10986298743464;3.90697330910118;1.3483604662558;-0.792121865194218;1.82048397267306;-0.935280019360409;0.743724334926944;-1.98448939768636;2.07401933531883;-0.0477516497244844;1.80299970387423;-0.0783575102812775;2.4864233978002
-2.4735548898639;2.18680496627192;-2.39100239568068;-0.491927207867767;0.31246537594139;3.66188640059493;2.50774539580048;0.31753555185439;0.209300678367613;1.92599544979276;2.11522367790698;-0.431961782693294;1.46076904437097;-0.609304712921319;-0.0939594227019458;0.636444985423112;1.72935127214981;0.564152256566149;-0.759687879503955;-1.62654481013552;-2.75337469683638;-2.226423911957;-1.45720014273227;-2.67667308180949;0.709371588072766;-1.24001636453124;0.725067658420057;-0.533655691899557;-4.24496675928257;0.536884918171034;0.857225272317366;0.640622350485301;-0.434552023909429;-0.256640832717489;4.27463938160748;-1.05974681810877;2.17857641036949;1.76949504598339;-1.12905976228676;-0.421385376005726;-1.39800640523451;0.444619121528943;2.52254750676627;-0.127256757763209;1.74990333974669;0.003820377463559
-0.0815373287056438;0.993997282972876;-1.26984725048401;-2.8411739030053;1.0749107647189;4.09485282606638;2.42169416961701;1.91988871303285;-1.23029052776884;0.492312808763515;0.727515072881261;1.74537944397225;0.807205724936494;1.70524818826535;2.17033531023663;-3.57082228335784;1.98252564840144;1.48215808717287;-2.87393906090757;-4.40066126567433;1.32657189041158;0.0761840037318814;-1.98766509979677;-1.71091467629829;-1.99035794611447;-0.951971322152002;0.847720434758979;-0.408761371105548;-3.0108448368448;0.103077981100332;-0.202714036685839;-2.90632242352022;-1.38779578485062;-1.64650318097219;-0.133942764769977;1.19756193873553;1.42379437025179;0.443923022149712;-0.228557273614428;2.09012610493542;-2.86312187269518;2.15473427651537;0.303347100097661;1.8936769141711;1.27431609222614;0.696602659008424
-2.79774003093676;2.9498260387079;-2.3014045415243;-0.738643360532697;1.4970886638922;-1.04750848612711;2.05772757769653;3.40910523130136;-1.47241950668773;0.766457833522238;2.0277626190215;-1.97939519376065;1.99021358999883;-1.01010833124211;2.59838429761032;1.44610507971638;2.74933813314318;2.53288665952337;-0.0953046707295564;-4.46235219407169;-2.31467050646511;-2.44882513509579;3.1929810831094;2.07226502580268;3.06606218477356;-0.265109403791944;1.86148993418618;0.226945109728671;0.163353278479229;0.268913461330684;0.141652275805256;1.77423279299652;1.29452563404002;-2.07543960685532;0.534946622732744;-1.94876500108138;2.95136596753078;0.262682095048866;-0.310354929008132;-0.990663927005295;-3.06492353954759;3.12605453199;3.38081350624937;0.254645494952828;2.2000134153409;2.83401368764815
-2.09130434823899;2.38932962970903;-2.46639394147186;-2.78534066970004;1.53773004578469;1.32209957546707;3.10984886362283;0.68557948201998;-0.783210300832343;1.66517770916236;2.52208834057106;1.26741863667205;2.02498009486729;0.574217523551723;-0.000574271624542044;-1.60465077761822;1.49657451942957;2.26479578798778;-2.18358770040716;-3.08378518163525;1.74432894880952;-2.27563773671506;3.79554230476681;3.39343367543223;4.53267538957671;-1.8003453147089;1.78304779035132;-1.27898414187853;-1.32090420560584;1.9789510177521;0.953045861806225;-1.79620108367457;-2.48306599488209;-1.09997986866935;4.32045903448887;0.192102260708644;3.11155271803564;1.09681922977365;-1.9000657025568;0.742463351630403;-2.18672018548248;0.35008097934109;2.69477852232182;2.03303429378817;1.99874508757989;2.02477667357167
-3.18631962397327;4.34094934432048;-2.84339448642523;-1.79241224337623;2.62570041314359;2.42268629394117;2.29697044705893;3.93784451073002;2.54704178968534;2.38777517622957;1.61513358215941;0.548964581884456;1.68594642930369;0.168663223579512;3.4760068650395;-0.962682125683067;1.97647840145421;1.32480551332055;-1.97636489381829;1.30576656361091;0.329831188521393;-3.07022140465444;3.20220542184962;1.57360839314399;4.11161551530722;-2.04782850830554;0.622260616569935;-0.871184080009996;-1.94977362501501;1.40187054129948;2.68246242795295;-1.03874509921113;-1.19328321828227;-3.13467819013279;4.87482899822201;-1.1504032365947;1.63585387033549;2.20366721919031;-1.9573322427048;0.00481635772693151;2.00630622501326;3.18629022525693;4.67349287407396;-0.33527251278843;2.06446564297234;0.916990516915054
-1.65547909723359;1.20904025968046;-1.40831722298432;-1.46131594997387;0.561265791493364;2.15733849053408;1.08507309700882;1.55655295542063;1.04842923106227;2.50435127547793;0.164248260545501;-0.411906900131475;0.597846746193177;0.72159265305104;0.606022641768723;-1.08380135053366;1.28035336450512;1.9946761396946;-1.84935485573159;-0.623911164721173;-0.4292283801736;-1.6402968958562;0.834522812504416;0.0296652582349983;1.3986779218602;-2.10054862935333;1.02177068528963;-0.433833491664437;-2.36101671944392;1.66694622409636;2.34217814555434;-1.04530919349934;-1.57072351731102;-0.63939094900788;3.69427069321918;-0.00701672119849739;0.529378252376968;2.04930376160614;-1.46991421959776;0.870116689355596;0.208467297557439;0.992034559859192;1.15201324819298;0.8571475644654;0.320654370985868;2.64932134785561
0.498456861262977;-0.478191759579678;0.546175881682176;-3.01836562882888;0.00192881367914133;1.02410517063075;-1.79349804098217;1.05490346286866;0.479677100502911;1.44174880387464;-0.976048043290611;2.45106223136703;-3.19170338643302;2.47325506023172;-0.486096549222475;-2.33539554551357;-0.935393499516611;-2.26608016381473;-2.80648841916362;-1.24421017188062;3.23131613583036;0.128186496658546;-0.376159396076514;0.271887202374378;-0.544708726621723;-1.46956662965851;-3.47628687983747;0.053969534141218;-0.572035989762424;1.11695098408159;0.965186584862824;-3.30008830187217;-3.90508076849565;-0.300611589423179;1.47200631721317;2.67286269276986;-1.63839838773123;0.278311858942344;-1.64102309278865;2.78408833852005;-0.93187810049646;-0.246346100232489;-0.679213903731987;1.7613979373687;-2.02372642567365;0.382345951320338
-2.80164090608075;1.87662759555334;-2.72195341732114;-2.65922898948282;1.70335133789497;1.94882714935339;2.11756412727174;2.75405291440781;-0.135323232353363;3.21670573649713;0.802895266483958;1.22335569175921;1.63699989693062;1.69732217705833;1.61177639658877;-1.25118782196977;1.63245671369218;0.900099209321128;-2.1770469864984;-2.25155378991276;2.10097986347129;-2.47609003417107;3.75092187780218;3.47100282364535;3.54755418645782;-2.84108456599674;0.596903049129482;-1.29571796362819;0.499786250350691;2.18618274568801;3.50408383775903;-1.76954193210363;-1.4930818360873;-2.04560158924548;3.90731844440962;0.97407095951506;1.18651003911929;3.01661796473038;-2.82887069321123;1.5195986659348;-1.69284194961448;1.27809539589419;2.3269843767655;1.97794595619858;1.36705821887822;0.738815249124654
-2.79239609936799;2.70315634882195;-2.71227668263852;-1.65859616875065;2.01440041900166;2.37876400172391;2.55517018028769;2.85200244688198;0.0370943278974567;2.50708150930937;0.25331187078249;1.30022588330179;1.66685055334308;0.467699345077342;4.17357975374131;-1.14408848245182;1.73329857427952;2.08997845676238;-2.41793399800881;-2.82775733687328;0.575396141022537;-2.76948463207554;2.3371385416117;0.809703914379479;3.93644529081055;-2.2785890174869;1.67528197318918;-2.17675210111867;-1.87823152014945;2.06668054779562;2.96046076617821;-1.3237158463569;-1.90511373709533;-2.79165523998831;4.16345683395899;-0.70176512369703;0.28198646940541;2.17705449850044;-1.95403099475698;0.565248681436424;-1.77868106135648;2.72510699768924;3.4769884765815;1.01234212650922;1.57570279472879;1.28949184325911
-2.28354874541231;2.84846656573092;-1.77006429272298;0.0944994278716577;0.939205778481388;0.225079470772633;2.71778329416835;0.796088419385561;-1.24371143168605;-0.406737049221383;1.21432780090409;-0.244332328845059;1.33494505638751;-0.25158707131231;-0.094384839145793;0.706394035955396;1.54215208460791;1.50628333959559;-1.95803439201603;-1.2873782780792;-0.85205018660076;-2.02013664708379;2.24596405303676;1.41528949095863;2.62107443827986;0.5045822689656;0.809887281015944;-0.203948592592237;-1.73862646993574;-0.743456561742368;-0.797171446583976;0.86942312490994;0.623203070514784;-0.88291105271466;0.142066134788127;-0.0894219281768277;2.0686413387621;0.463181178189128;-0.103085866916784;-0.0985578073579946;-1.45542037850385;1.66595947565133;2.6182073797633;-1.83450805098711;1.30958118839728;1.22374029781641
-2.42028585510151;4.18787182305957;-3.78216991726357;0.142214139853328;1.64151036885973;1.32244827631328;5.76769832582265;1.90362796985481;0.543856078388658;1.83909368812559;3.05440841470282;-0.563184075847777;3.35963167120372;0.1183923391025;0.115933982865366;0.643330012550665;4.22281269833812;4.24704994200428;-1.13587100197542;-0.875306270242772;-0.214465735307975;-2.33132353420477;-0.245951343282342;-1.6632370765284;1.00865376644565;-0.936952669024205;3.69443906513427;-0.282944073835827;-1.93782728516108;0.665047941289281;0.0938131819369698;0.513227920140977;-0.421865628448861;-2.05011121737755;4.64671268767835;-0.388344392591866;4.17588533344745;1.82937638410723;-0.471343597892931;-0.216957695450913;-0.391660406606214;1.23971118292756;4.91250474027366;0.240970342113088;3.35382136906588;2.82385640950027
-0.06839153232678;0.319675173821284;-0.294968989992893;-1.30166706294665;-0.212094544409722;1.89026262133982;0.723524323618436;1.36476751539299;1.62212999472258;4.25831849144633;-1.30704056351707;0.835465695327025;-0.728288015295774;0.953745390337093;1.42497132994683;-0.197432599728801;0.0781104754237639;0.824621892374434;-0.370231598228458;0.0125403459862016;1.06756431579509;-0.642023704317884;4.87954078773983;4.07883606653927;4.2562616078858;-3.57006770144057;-0.00752683207208626;-3.04721029290819;0.283340269277908;2.74844840683449;4.14661460173897;-0.812922507083593;-1.82915584928118;-0.891643607910346;5.9886968522397;0.833012771500889;-1.91530034337473;3.8899441761022;-3.21409073587834;1.51061940207231;0.0885333155826986;2.24016136240653;0.258465604668149;-1.56558206017237;-0.87682200432959;1.51135683894321
-1.02941009468694;1.71865896056227;-2.77149675909251;-2.94093658824965;1.77349178427351;3.96994971222214;3.24772796476047;1.83073910339894;0.433817821609643;0.64713173254652;2.43715861182919;2.53078360604235;2.10414200414735;2.50540376617444;2.67421997115332;-2.23686015939989;2.47251587681336;0.71313828961493;-3.55884646243994;-1.65167625476585;3.24589457159367;-1.19893606781513;1.90388259109412;2.43986915549843;1.40338032803881;-0.269667386554638;0.653278833984561;0.249458926639944;-1.69770490879974;0.161495307923418;1.02104597141622;-2.98782935862202;-2.08275269191085;-2.5969956301408;-0.570035502270305;1.91145968358977;2.2807745847338;1.33895452462413;-0.457566096147495;2.66639054332157;-0.869216287846205;2.23810521095707;1.62519720634675;3.9368582687601;2.41711828482921;3.0321011005686
-1.5333759046981;0.861068137987185;-1.96695166868125;-2.66868737238166;1.52689758055823;1.1802300658168;2.15100656332113;1.45071051644826;1.27970707303699;3.79500275713051;1.14733640144995;2.28421813828293;1.21249292805195;2.10989390733268;-0.557329537326705;-1.56431709736673;1.53759542061466;1.60300269808155;-1.64136083608987;0.887023018627576;1.41810787211353;-1.51152825644974;2.44264944365506;2.44072684153321;1.73948371298938;-1.70400901507299;1.01762999217039;-1.79965979317267;-1.27087278653648;1.88666742372943;1.1983354737624;-2.47490496200434;-3.18657510964822;-1.42211589995735;4.86341202351673;2.5551701080577;1.82311677506772;4.14953977805973;-1.61562235426159;2.25123634065304;0.94272546481803;0.707539541713106;0.940092348586699;2.95359120585438;1.22646095353782;3.21754792659625
-0.772419532488901;1.11914895585673;-1.77696021027231;-2.25174470873779;1.70579478724528;3.23995267133916;2.10118765856758;1.14510080537999;-0.295606563036901;0.94999277762848;0.183584176587854;3.40968649382146;0.588139512684192;1.58053292351301;1.77451334324074;-1.83412532701348;0.563966461842967;0.445346503662086;-1.90258151059573;-2.29864323678444;2.74740613360885;-0.701027309858283;-0.806626383141056;-0.87814355597674;-0.0214886097551142;-0.863334690435365;0.180729734117056;-1.45384797240989;-1.23506225021167;1.65117174641524;1.25147581398822;-2.99416702326956;-3.24021198542809;-2.40103036747785;2.75125765693745;1.69877039082144;0.465075185588756;0.582438974470972;-1.76348242761901;2.41207637875455;-1.07281894328837;1.99487136952241;1.28741505445926;2.87479336944515;0.713505422428722;1.11752663060204
-2.16678381998513;2.41982612302807;-1.70118569579093;-1.60719585659054;0.765458357430382;1.17824978682469;2.35335640602858;2.27763080679816;-1.83145379546149;1.65723524963369;0.578563945133951;-1.16275171682743;1.23682644294856;0.446110204260229;1.99851751611273;-0.934519214395114;1.74090278497636;1.50073480363894;-1.27317599896828;-2.34024849383209;0.476757655854708;-2.13045493458614;0.951288862231715;-0.149951283166679;1.55831564195779;-0.63732559849765;1.04835350044331;-0.248025443097874;-2.270405372985;0.345274558551436;0.454543940880359;0.609339642082708;0.818502428899016;-0.988645212823067;4.75218014106782;0.0856427678711182;0.5786343695691;1.78042009208014;-0.78613023028149;-0.0615473938883196;-1.76105420482551;2.48076737057314;2.27107146715281;-0.206333925407166;1.1467052012913;2.8725355054572
-1.29423101423325;1.33665482871431;-3.11427832425944;-1.69398544868681;1.60878609833656;2.37815782047452;2.123177222625;0.212242900701993;-0.50727723484552;3.33101954158514;1.68025279659408;3.13575336306207;1.85526694189189;2.38382717470802;-0.109812210370395;-2.48952621389027;1.28750241821963;1.90556361676328;-1.30604092911319;-2.14943059298552;3.87582675009493;-1.23422321709389;2.36098631504025;2.05844686063201;2.87193312983379;-1.72748858879477;1.36755462653292;-2.70227050489052;-1.38444752489903;2.65405574913406;3.80114862673702;-2.76777996238552;-1.39457558905091;-0.916296990215188;5.64391770933097;2.86471307810972;2.57074385384232;2.58529359726968;-2.376192183741;2.33535585235972;-1.72934579678809;0.257608043069065;1.55001134194338;3.22641821350763;1.66012102853981;4.01077898942214
-2.74426216599105;3.48212080484814;-1.98095070869849;-1.90951675659619;1.69844604896911;-0.189039111165882;2.14690626133607;1.03164461693064;-1.14042342929167;-0.444655746489881;1.59476448263068;0.668509801978824;2.14309472145102;0.966135622967746;0.271186285885137;-0.6327196027332;2.91571908805509;2.77221603396264;-1.61055407983488;-3.38096603857521;1.5873754772873;-2.85706086146917;2.046910551038;2.14741093841668;1.55753575389772;-0.0793420571869742;2.97029037798161;1.42578877772916;-3.30116258110983;-1.24649506885956;-0.602903147385688;-0.394272111469433;-0.884161347067984;-1.31546711541358;-1.05839282237603;1.15267891421425;2.00994509016795;0.474189171962573;0.264845059434234;1.33093016652929;-2.29721008794436;1.12444514812929;3.33300340471825;-0.0744585583522309;2.23263667057953;1.37890335388019
1.78712397552305;0.257434955998959;0.0940664116506515;-2.65722455975892;0.516637706640343;2.55361293556493;0.762252100007548;1.4067859192194;-0.911012116425691;2.7743096787393;-0.485158147544624;1.59839313744132;-0.627505644769005;2.26102938530481;1.32204752047486;-1.17929460089203;0.528520368881413;-0.109658050179495;-1.28522441121957;-2.03569653783049;3.58651445825618;1.40755600894324;-0.738698753622067;-0.893539012772625;-0.618505646835688;-1.82034285144187;-1.3684936301905;-0.409409599141741;-3.34647862459361;1.4917208696888;1.6832082808117;-2.59107610073177;-1.90212315469684;-1.3271262877806;3.91586572423824;2.38110870439841;-0.821913180514619;2.29589452607231;-1.67931088059368;2.48769631526023;-1.44694735291453;3.00873922111076;-0.819613852969831;1.29778831330703;-0.591883004027573;1.89981206898096
-1.83273163952848;2.2450672483121;-1.88150850143066;-0.81855333186893;1.52440222376408;2.27443002315893;2.37926268924952;3.57793061648077;-0.0322384137892476;1.71086963727644;0.734705372227799;0.319320443993155;1.65375961401012;1.17290051387799;2.02331833589592;-0.718424748506689;1.21140730994308;1.46518577644023;-0.928377438833218;-1.28582836540409;2.59202421034764;-1.87409986924394;1.19423458705211;0.469072835657275;1.22974719122959;-0.715282857034057;1.31953756056986;-0.817034521818507;-2.89586246407406;2.0706299518681;2.0930411014409;0.0848329133051093;-0.114857577704277;-1.92007612017839;2.97035940626589;0.117536163272145;-0.138487556669866;1.39300517572276;-1.82085835072999;-0.132510160226708;-1.07469232643056;1.86457509596862;2.76039513702778;0.172640451951267;1.30211710199874;0.512805372473924
-0.856596488562321;1.34914868183683;-2.709102855083;-3.59850969254957;1.87125624908383;2.26620715441328;3.37356680870139;2.85805616152907;-1.18025833471919;2.32028188198083;2.06083149562713;2.74169537441709;2.8498960669445;1.78913819494572;1.67776871265356;-1.74491997453963;3.09915543666051;2.43439841729914;-1.45524645292027;-1.15193784748218;2.36226376887259;-0.950742354171512;-0.279654332020986;-0.669217993673505;-0.76947648712801;-1.55136214731124;1.50200916008231;-1.16953164796099;-2.73842533239097;1.85403927046374;3.03997630382861;-2.71765110005499;-2.16149645948046;-1.76751157676286;4.42481387699459;1.66009415053243;3.45142556404782;2.11560930234354;-2.27229318429694;1.66391303411269;-1.30086660631558;2.84199543801302;2.12160170068692;1.20030467331649;2.37727072518171;2.82520672776246
0.403631599697838;0.113408504148178;0.727985318499314;-1.19340260644552;0.291729305705801;1.91649280975049;0.127034094153762;-0.0165715354196944;1.25348636746383;0.935233082639524;-1.21692099300769;0.262109204735214;-1.22039150404027;1.12534643201019;1.06674252312653;-0.286778421496752;0.224197264979921;-0.21566399041745;-1.3169915436686;-1.19901382362152;1.07393815254475;0.209933762659566;-1.08994706474916;-0.898006714380079;-1.22633345873436;-0.747234624570801;-0.946024069419535;-0.142802024679544;-3.13247821353585;-0.0251275891452762;0.651728986649576;-0.231578880118573;-2.40159235751674;-0.460800733184806;1.2758487893644;1.34538544568987;-1.53450766855298;2.11296442150168;-0.356870860306744;1.32647388347286;-0.113885909725857;2.20026608320864;-0.719254148848138;1.13698387467534;-1.25237495104272;0.865591366479291
-2.17182189858056;3.34371987158784;-4.2730436827492;-0.523390363259617;1.40551102014243;2.12915255319673;4.21602902529669;4.68234217238475;0.262437921799384;2.8964726748686;1.64415831503934;0.233250044682238;1.86815906958984;0.757132159919063;2.34215917615737;-1.8421763401767;2.10724223770779;2.72547397858425;-0.656279494388845;-3.54613804265972;0.709685680473012;-2.20217726240424;4.99538866563386;4.1460341683092;4.46125977844276;-2.39649408454748;2.18622502660333;-2.19025919405872;-0.610905807716858;2.56238112800648;3.38166956371004;-0.202271705441141;-0.302863322844096;-1.65591984261856;4.35065076665475;0.0506747740827802;1.57546653431402;3.3662680269921;-2.26483963885575;1.24930603316539;-2.62974320040044;3.07066855566497;3.76247321537006;0.129569859525949;2.4006343915521;1.56346217794706
-1.66477689031174;2.63222164924822;-1.29631362449083;-1.51886967026114;1.75723181074999;1.6066111127674;1.5240771840719;0.795398631703479;0.021934144527303;1.55400289871071;0.280364226437909;0.663919348910652;1.34818320708319;0.544194285699247;1.40624676748287;-0.676874215323757;0.761361351428854;2.44120116869788;-0.0643910204109812;-1.69919833606101;0.915959793710967;-1.93700117670325;0.138289269128983;-0.483042509282721;0.762140110972725;-1.46978021027572;1.43565646718847;-1.29029851606839;-1.98333511048096;1.47584159610707;1.63554291744889;-0.471972619789135;-0.0107109615210932;-2.42820658018669;3.85661095668527;0.138840169884967;0.00675482796658022;2.23987143832887;-1.52100668200971;0.333995781585222;-1.286411926371;1.54338079279593;2.95716533366932;1.365601730561;0.660335424624476;0.601713817412566
0.550987765791558;0.907156836569386;-1.32134067597155;-2.79154606056085;0.820782724272036;2.06035037084349;3.46386323814311;2.18183144664855;0.696507851968932;2.11162183945732;0.939804173371344;3.14732148666606;0.448427027114533;2.9204558025062;0.856132955421047;-3.94827750392638;1.50238577121606;1.20449919836307;-2.97404725299154;-1.96184247840705;3.30822590339673;0.280442173550122;2.54844395593639;2.91842592563556;1.54787086142046;-0.174179959907148;0.829325520553016;0.311485853757264;-0.331177089254933;0.746249447274012;0.319364566690413;-4.04740048327393;-3.05262097280172;-2.15020328090853;3.28304304722752;3.36788974806746;0.972628245685827;1.51280236310436;-0.297826480415166;2.87366551779948;-0.979049488669734;3.15250914770491;0.189475856976967;3.09093333431894;1.14321356222489;0.874119427735633
0.284583011968262;-0.710163804880445;0.234425006721627;-3.87802878925372;0.75773457346121;1.56287320317912;0.00128513027427157;1.36810745707572;1.54460314881808;1.85595371856686;-0.90203582038277;3.49761401469266;-1.40963422015865;2.30357087218581;-1.42060121939728;-2.7285011499562;-0.719394198393538;-0.612144142988992;-1.59451660867661;-0.521628646235505;2.65711116615493;0.433000783360905;1.6188634655047;1.8818744195248;0.692342341728393;-0.724904079687591;-1.56323450349454;-1.41323065652422;-1.00159787068236;1.13464786925983;0.921517181158546;-3.55125579640573;-3.7977423976889;-1.05391916219242;2.12377776053298;3.15966119176184;-0.42070821908613;1.5828309703969;-0.76191606046456;2.46947607617523;0.160287893687711;-0.810126841957997;-1.43248999646757;3.70307800230586;-1.22944998560829;1.5830133657071
-0.124695060312517;0.640360290281975;-0.254960708980735;-2.61720860841297;0.444348022581892;3.44592651609827;0.934681350336868;2.12378975121157;-0.83873821341454;1.51459712933875;0.24215797042203;1.31629416420034;-0.301578795801849;1.13930010678454;-1.4426688363161;-1.8618400397474;0.789717890503899;1.04289735979468;-3.48155638336649;-1.88692028998035;2.24867228042305;-0.380412373438237;-1.88268622961393;-2.71039651948899;-0.793924001421959;-1.99164621346754;0.184743819498089;-1.14363839937486;-4.13463816677643;0.801852583204815;1.17492133623723;-2.22266789724272;-1.74780305688529;-0.933302467014505;3.47522724218074;1.24558611529927;-0.306563049891087;0.770356260415596;-1.34428524270822;1.28172095466367;-1.83419605872712;0.342056202728872;-0.171287377505084;0.978946583722812;-0.182276662194711;1.00603452367661
-0.0299102484633567;0.0563799189075346;-0.0725093533489336;-1.70908596241348;-0.141582248482784;1.66894428054082;-0.135631597440453;0.821031809183987;-0.737567867990649;2.73869656808462;-0.314933624671844;1.30568652877286;-1.39317907346159;-0.378865495411822;-0.658589843014333;-0.838831775091319;0.0253862277640218;-0.856660382528194;-0.687658417887164;-3.05951345685787;-0.703076148937542;0.169902404838292;-0.579125310577877;-1.2939852102655;0.186663854904356;-2.71114177855447;-1.20808440108579;-0.917545817713132;-2.29943468661576;2.37571750984543;2.03484750115671;-0.25099746945535;-1.30665823544317;-0.203963022920613;4.44031038781954;-0.405749139316422;-0.533249277849251;1.95423685579493;-2.23728556645706;-0.487791926904337;-2.09074031524298;0.900178723732774;-0.285128434511451;0.130699727826863;-0.694997377938619;1.48178849208609
-0.282074787205267;1.03135960379352;-1.06799652371043;-3.30960923387777;1.18916966634303;1.51795852593576;1.25242462494461;1.20814068094661;-2.01218040691056;0.91759336268234;-0.425061564710623;3.19424464585461;0.162147998568809;1.82461111510572;1.83948428935086;-2.37110823285011;1.07342834490215;0.315325163548617;-1.18844087226961;-3.82000076856568;1.68988344664345;-0.244442880888643;1.71648253883268;2.00600247270391;1.37463909918518;-1.60679185663278;-0.515507295071531;0.194990890980755;-0.593946553486493;0.476293164211291;1.01263004406951;-2.71336925352918;-2.48161198648514;-1.87452067285436;2.61075029800202;1.56864353200907;-0.307345217594978;1.17427484439858;-1.31333984231123;1.2369694827346;-3.10997027716975;2.06351963546532;0.706998698297359;2.87209493123338;0.418434987572673;-0.045980610715653
-2.27632361369197;3.76350669777255;-3.04504983312951;-2.67227687704737;2.2666504200315;2.12080987376123;4.27033407821697;3.21799726401189;0.0837381030913774;1.14913100664525;2.75220750472348;1.7196084305988;2.13456019883841;2.46760620801167;2.84724235459925;0.03883453611709;3.1969539557371;1.96403915168715;-1.1967476363554;-1.85880055457588;2.72325089011851;-2.1929186468831;0.833791877472387;0.687914893810118;0.708794285389051;-1.62808260643682;1.80980806926818;-1.09054904692801;-2.44818038892699;1.16295283266017;1.20896514822382;-1.30724273971079;-2.00666384242629;-2.51740667212747;1.62155476092735;1.39857943816851;3.14278608524435;1.22024388134161;-1.54336261751566;0.760199579635776;-1.07265450111501;2.70119581365677;4.12844900700513;1.57711108688758;2.91850331391041;2.25194734445557
-4.30000823241933;3.91449255278625;-4.66163178556917;-0.618764221370702;2.29774033817691;1.82792366677834;3.62972537677618;2.31191202475763;1.05271216073767;2.59744032740992;2.92831291099027;0.915066633564485;3.36173642212639;1.46571773558195;3.1714845255854;-0.773219913785274;3.38135049394871;3.44612692078215;-1.7536150120587;-0.558467403954985;0.816456642919987;-4.04662219867057;-0.608551834129586;-2.13869637162985;0.431362151215162;-1.9055399212558;3.11099169105199;-0.681752336013229;-2.39268999885916;0.607814554960713;1.49388070582016;-0.597093842124517;-1.7459611943143;-2.54959972698372;5.76873783500294;1.49831504337526;3.46629521830629;2.5134579269675;-1.31624851603594;0.486958843296844;0.10991111452568;3.40622308933629;4.64277218867371;0.658986853118471;3.33993157191529;-0.744839732760228
-1.76139270362126;1.80356827571071;-0.447769279881752;-0.0683438430820628;0.55358918613315;1.46490188534033;0.430220623225359;0.751340578353291;-0.167476157897212;2.2775597685918;-1.00973381627735;-2.06673525994624;-0.0532268302859039;-0.720963201458883;2.05555641748342;0.0325627127987331;-0.251160377349034;0.0127977535575896;-1.02779124789834;-2.51398493701601;-1.79668221340905;-1.78702255989732;2.2545034361972;0.864919003171294;3.30603666289186;-1.83712555487093;-0.781401214888089;-0.68811071264636;-1.42146044938275;1.31000236676751;2.56232979749487;0.96816189424596;0.200234776766649;-1.26462696600648;3.72557819506133;-1.53210359064248;-1.47486060657783;2.12166024294749;-1.47906534056452;-0.993419701717094;-1.34719418343865;1.20790620722849;2.31860540912031;-1.34208044934103;-0.357712745953196;1.93968379056528
-0.707940608629976;1.46560970919754;-1.7736836097586;-2.43016731793013;0.809397092673304;2.08424349590539;2.80989103434883;2.61934188022223;-0.410109316915805;2.8098369801864;2.27771193244088;2.00003310765225;2.18557866717195;0.528483263379705;1.03335003738831;-1.54506031985353;2.02484640764109;2.67871973146518;-1.95137457944752;-1.51608345094509;0.442781660596621;-0.946387327687842;3.41584909090632;2.75909225999294;3.20112943816664;-0.638402484184244;2.3819944374487;-1.00495135978727;-1.45422482851072;0.930171511737964;1.30061576445612;-1.94089010461073;-1.21457028702835;-1.271237068457;3.96004510925106;-0.0881177816672751;2.74679194595228;2.77512815718452;-0.950918406714302;-0.113590986628477;-1.34542606597567;2.41352311172603;0.823001279515698;0.250777645894987;1.97531729586289;1.54144997830036
-1.50652289352929;1.18349183119016;-1.68685264645976;-0.853583789737265;0.504811059019879;1.59555630642628;1.45962324177151;0.953017080233774;2.88023149025651;3.18875039580458;1.31566848284427;1.57146823722395;1.55550031353431;1.83720435334537;0.415338814193628;-1.05406995075613;1.22406890624354;2.33459287516591;-0.910528841040372;0.459017373286175;1.81871228146376;-1.52035136121621;1.66470415604045;1.32727735144381;0.913861415706336;-2.55011321610962;1.48831748491065;-2.16163183576362;0.0681182110456603;2.01242388126576;2.61546310179361;-0.345525092101951;0.121169265412639;-0.475689071414023;5.00851043936345;1.64882371437504;1.23072929068543;3.45057046692312;-2.18105483323715;1.63999862671306;0.924229712644158;1.63562693495994;1.02672325005025;-0.365535779887526;0.747672593163603;0.761042865681184
-1.00425220933023;1.82926985704935;-2.13169791181477;-1.2355143296705;1.01721229793342;1.69083737919438;1.75071904238333;1.83863344046914;1.11909371053098;2.40725451744303;0.873763528850037;-0.316424189817785;2.33310857212548;1.11359988657673;0.135581674434062;-1.29110985663189;1.29027389809388;2.75262986914029;-1.68661914170137;-0.791955498376348;2.17754328259474;-1.13309693932343;1.15707191310369;0.862089792837899;1.14096534446191;-3.09508581881513;1.94859115736983;-0.535759307745226;-1.1091856108231;1.85952754039521;3.16221835195513;-0.831018750069911;-2.47656915975686;-0.81670415781727;4.07586613004469;1.21166594160723;1.04241255870398;2.35526653926254;-2.78259874438936;1.08676853075932;-0.636877466543472;1.57886476219279;2.06209783292365;1.90234014772509;0.877920924435938;3.00567620911501
-1.39578497175566;1.9108723036846;-0.386659733728676;-1.45217623584043;0.498905023443589;1.38346487451551;-0.330210160411971;2.0199342371336;-0.192749783474385;1.258725716514;-0.506133883073305;0.852772166712704;-0.820755663443979;1.65608523222381;1.82305263341742;-1.20609158777293;-1.06052932295533;-0.288932908631686;-0.703948137416495;-2.12940401910241;3.06271187828398;-1.43363264437153;2.44658855781407;2.47443648720232;2.51644514687052;-0.713175815141182;-0.706229856933734;-0.0398921612976504;-0.493878067750333;1.20851496435024;1.4323067954465;-1.09322310375697;-2.01965289330445;-1.45413597138691;2.90068717323617;1.56246566931235;-1.79283980778565;1.20419387790622;-1.05619003477292;1.67229618498321;-1.12194541830788;3.96360498545964;1.38984739776838;2.12632512827399;-1.28159390149427;0.658705291841659
-3.18918897476546;2.17030952228091;-3.33951290707445;-0.0636293890846037;1.32718360654478;4.92276234015427;4.30900353375553;3.1486120994447;2.49347080354773;2.76424603076946;2.20320821638196;-0.0447629418046384;2.67917389138622;1.61284426861059;1.20355897931853;-1.19763560193187;3.12403785119086;1.70230899184614;-1.21051411342224;-0.101377827229905;1.9179913408194;-2.55062948549699;3.96967108787276;3.33901236238148;4.61176375851372;-2.84338960186259;1.71998355732491;-1.23622483562622;0.390568108690819;1.44747428682672;2.3772360785459;-0.554307328288265;-1.47503005986843;-1.84493586467804;3.52266368021516;1.36496913064817;2.62606475579517;1.98717472968813;-2.02761260644937;1.43565363306737;0.372255748202883;2.00952047016031;2.43046926715561;0.388957098514108;2.51680119859734;3.38157865323421
0.631551598972592;0.851444969323644;-1.03597936803451;-3.75815824725654;1.45782834974077;-0.191783122419902;1.74382391796744;3.04574418632887;-0.581190422146738;2.38461988148401;0.116989521595382;2.92063304501494;0.548252931090758;2.02184211800871;1.43624830443965;-2.93687040232415;0.135584927738865;1.41619099604461;-2.00401429685749;-2.61660424078019;2.13328325121267;0.436360500698143;-1.31915532886595;-1.2508346351619;-1.64972212595626;-1.76111207591221;1.33615502969579;-0.808421338628062;-1.83652640425433;1.10967682504044;2.21651653292777;-3.95804115347108;-2.17599195345093;-1.86347937221292;4.75386941796159;1.52707360407139;-0.346441978897498;2.31210698734613;-1.74644592145066;1.80567929651804;-1.74727689236355;2.42542593256296;0.816855680948339;3.21217690848471;0.191209785424189;0.921913257636861
-2.9147477759995;3.32731664183061;-4.61829572619144;-1.90493057708537;2.42097438810267;-0.639757021256722;4.48893271452949;2.5875567419588;0.959876245452653;1.15867155897224;3.57916682652048;0.705464963739151;3.74470761321113;1.04913147100082;4.06089571646979;-2.18488433329114;3.96565639142266;3.94911391447139;-3.19865595234534;-1.6741670451674;0.560483120174726;-3.03025763135539;3.39130785884045;2.79107514402422;3.82542377877888;-0.494022420152536;3.24015230284365;0.28965359300954;-1.4926732216967;-0.260492175379174;-0.453654100093213;-1.7862095524422;-1.92621493780537;-2.70595528293135;1.95068002342342;0.162701106909884;4.13574123047145;0.880826981948981;-0.37575902817408;0.571488124911982;-0.719245229757594;3.38451986562964;4.10580739087756;0.282423590668642;3.66016459841265;1.17019306808476
-2.66795511965036;2.97116447496444;-3.23030817799631;-2.54007106641566;1.63355485240387;1.02640092208276;4.92762219941317;1.2091101946247;2.9528625884112;1.4382043999243;2.32870004945513;0.797122143705843;3.73187250187115;1.66812955447066;2.04422028127312;-1.84495107474952;3.02821378954472;3.77711995938823;-1.39260399191048;-1.80646246291801;2.92759394674959;-2.60840055149013;1.15314639127231;0.909230394699975;2.38254804449354;-1.56602640467681;3.39743489387071;-1.2759994929678;-1.89821007581794;1.34219593164303;2.11336291543805;-1.75727335016387;-2.35184574962796;-2.33858384293249;3.0970952008005;0.714289778065013;3.45327710406509;0.706001783292885;-1.94316259278931;1.01530249137121;-0.638605511453145;2.10706678773422;3.4812780750122;1.69262314494609;2.70412124973564;2.15585968370253
-0.292379862928526;0.910153297312063;-0.820530440485144;-1.37008851869933;0.704872701176337;2.09274097405078;0.587977862080998;1.63601781496039;1.54842257831651;2.60092411595712;-0.579145512681976;0.425256507270827;-2.37362696877543;1.58594326340684;1.18422005111787;-0.240425132097253;0.0692731715127975;-0.00284737628124582;-1.9562638954557;-0.844172094160511;2.62886599441128;-0.436538342571606;-0.216711180257361;-0.437786605288228;0.809879810750321;-2.35577855143325;-0.463991901411486;-1.10454848246802;-1.83621420743843;2.02859420419124;2.80678641116326;-0.763442316480282;-1.23172820473498;-0.718170248230335;5.55924025447877;1.68824871657786;-0.522924824362941;2.73059165229458;-2.09147167942346;0.408163446151844;-0.231604070162025;1.58965765703903;0.637928763551983;1.06178840839417;-0.573271489439577;1.72156547034451
0.202180316356703;-0.64236447658435;1.20748725844081;-3.05076066169632;0.0795004269945714;1.28569402464663;-0.275721040728999;0.143759356002603;-0.678023808151676;1.2541596219118;-0.923286904478558;0.794164173417908;-1.8659110940593;1.09806745739544;-0.335440608849559;-1.7579207755534;-0.901346054179367;-1.09945568137219;-0.804314880555349;-2.97887996449204;2.2235399510579;0.129972081177779;-0.753624880754427;-0.935144132266609;-0.717733320720483;-1.05116065557753;-1.83849974771484;-0.241264436779653;-2.27017083396445;1.25831777322739;1.70942210417404;-1.25355459051455;-1.18226453253999;-0.612859951674598;1.93418067795433;2.01127940385813;-1.66793387177572;1.13077895080284;-1.23534977242111;1.73649000876353;-2.28037102746422;1.01448979332542;-1.16053644505068;1.49803287990154;-1.9075269465758;1.48144265073408
-3.24949305254814;4.49705844308732;-4.25456505213193;-2.07697058961264;2.60079478720264;1.7353081536855;3.46455499689894;2.66650025523442;0.677650293967779;3.00073032928487;2.43379027602208;1.47429733855964;1.42818054710269;1.83146073629227;1.59170651587852;-2.87953420660062;3.07515208791755;1.66516535194426;-2.05500387306759;-1.82935236870803;1.72712993362868;-3.50100397642034;4.33352106197034;3.13998346295565;5.20493914511605;-2.69049328773279;1.20598705449612;-0.152975826108732;-1.88162635364442;2.01671166169108;3.83178454026477;-1.88460425063044;-3.63825125808965;-2.7939401597312;6.92262780216322;0.623830881665181;3.52468156643314;3.45085533476919;-2.3413190405329;1.09604745706929;-0.772688144204849;0.838375433402185;5.23645860944608;0.954192178828046;2.69150856133577;3.196553992199
-1.73722732702931;3.71189657520549;-1.79537185049241;-1.97044303171301;2.08084818640194;1.41359762024675;1.18427736722582;3.89534424427341;0.984099911942264;2.03158390768016;0.00177093704763724;-0.691729381667336;0.624883079048155;1.178909109775;2.73686895891436;-1.30848558021821;1.02055072174186;0.985742746428386;-1.76963279428904;-0.493439834104197;0.498692396994909;-1.69136609174272;2.06434635539791;1.2583549871408;2.12370040632269;-2.42874026532856;0.181558330775171;-0.75455302101676;-0.809538596586703;1.78771026680307;2.17707191707585;-0.569826529037942;-0.229921336809191;-2.55131401441566;2.49338533075396;1.12146912905875;-0.239591822722133;2.12228086849374;-2.1587710380771;0.941991269048668;-0.00135695589715201;2.3697041160749;4.03777592146291;-0.930552961296279;0.423108356966531;-0.468368962394467
-2.68613363924957;2.05990875518124;-1.46347841778011;-1.08038689703519;1.17832143403237;1.0142161578733;1.26816191709219;1.73268790242862;1.77965837896833;3.35862918279395;0.467699691361828;1.81605570040177;-0.77980423188921;1.24565793164032;1.77471084578065;-2.19941226627704;0.547882647153904;-0.268294841739067;-1.05619089730688;0.561352250601332;2.28761738369924;-2.40193012780147;1.52444287406817;1.13810016272224;1.61822161341535;-2.04527590479813;-0.840794744414408;-1.23697661501608;-2.73062980513705;1.77526241174023;2.46857328591543;-1.32895968853592;-0.962729316920309;-1.62781504379569;4.32962760855141;1.0196229639547;-0.704967136378425;2.31838284562097;-2.20751679423137;1.36364335916784;1.17706299144453;2.72744983740354;2.13031134824788;0.876748110995432;0.00457167706099115;0.379080681160817
-1.17864429493035;2.31678367785824;-1.45912767404732;-0.259014788155766;0.907931108963867;2.23212289472913;2.11681995469279;1.67306459067873;0.252203381332162;3.6337123579347;1.24086991863539;-0.910022017505391;0.217421887944958;-0.0106082310702749;1.12357495618853;-0.384315310397756;1.28116555069963;0.610242020829953;-0.467984631219852;-2.0397878370668;0.0272094000264278;-0.703676660769229;0.479082739521008;-1.09018449887725;2.40323473838541;-2.57950176888609;0.083387878044794;-1.29397540262075;-3.43055489655322;2.57327776189297;2.58907897240556;0.722962550392455;-0.319480694649127;-1.12721856173664;7.05886791573569;-0.388140190648999;1.99912532000961;3.13979033903849;-2.00156394427448;-0.945124863136626;-1.35942923608983;1.44296498268385;2.54532739763921;0.343911128165682;0.810462726153814;0.958042369963875
-2.84647286015433;2.9855418603013;-3.45418070335969;-1.91077288296304;2.36713101311146;3.06627505565797;3.46684392790498;4.04306077261824;-0.30909935484245;0.869892436540151;3.37872761104843;2.26171184196584;3.2583776774732;1.88820380398194;3.51946083908287;-1.33024612130695;3.33092489403674;2.87255413384651;-1.25463702290164;-2.44625527266144;2.06556807833505;-2.93962615643452;3.239395590296;3.3887079764716;3.52243038931546;-1.37437871044695;2.80115453992694;-1.11131295394614;-1.10358529387666;0.577943774894257;1.25621923222149;-2.05481017276766;-1.81417285938463;-2.50629935902003;2.6447342209966;0.928395893832328;3.89017597415998;0.947432101404933;-0.933052069244521;1.92686082544148;-1.2211046014342;2.97595778071729;3.52073067421095;0.249712852228069;3.3859394693179;0.805622868367416
0.889163299810777;-1.11904587920787;0.339114396968187;-2.4222081564817;0.396313958950046;2.49932213353419;-0.923110410304576;0.0093482602977476;0.0993044053196112;3.56674583287107;-0.385252202490262;3.41025752603412;-1.97281144022128;2.52816744257629;-1.49624007859998;-2.64097302564169;-0.28200215145088;-1.5212282254045;-2.04760597248742;-2.57110731993252;1.70300176839637;0.543908490030187;0.457000398613373;0.669074619270114;0.0919529089327612;-3.26839470697792;-2.30057318650297;-1.59576584934955;-1.14520215930837;2.00496294948885;3.99722000002547;-2.99934749012682;-2.5689309602982;-0.604797802635915;6.13161656514963;3.25671729006373;-1.03270056273241;2.17943119090603;-3.12477284873963;3.10605862323653;-1.67961464181676;-1.26869951990574;-1.17216335860093;2.30663025476208;-1.43273289538717;3.07071938339529
-2.19799261615473;3.37367190622989;-2.73838789310341;-1.34860752264045;2.30544812923392;2.93633328632882;2.03528185181183;2.1528144898013;-0.453769898448419;2.20496935808432;0.422778101315289;2.67814808873975;0.577905273246318;1.46041878472593;2.76065181452149;-1.50797960107975;1.83925104146089;2.01454591401276;-3.0216347113959;-2.05418390776961;2.96056561430123;-2.32047935896068;2.3532128211479;2.10279484710552;1.45904962964065;-1.4043294569294;1.48166205557654;-1.29997539851846;-0.270495465657453;2.14332338209274;2.10979641275395;-1.98657838845574;-1.71528737419773;-2.58277248668414;2.98758284006803;0.723758837651667;0.949071669354146;2.56205388686372;-1.75961564985541;1.3895790065039;-1.77232792661542;2.12095667316181;3.62954914060946;1.17221786611688;1.34796140341464;2.08009893155043
2.53288977595276;-0.872822601237265;0.441737551557504;-3.01330072157693;-0.256983220098968;2.55585756150342;-0.661720866251078;1.14708949064741;-0.676119133501003;3.05510871504597;-1.75945825532309;1.2875485668095;-2.45786995471815;2.48367072674929;-0.446503401819094;-1.4910876899067;-1.2156564662309;-1.84258939747487;-0.989957745588809;-2.43712708228863;4.11592809113421;2.14666337929451;1.28415136214983;1.71523872273293;1.14201922854166;-1.70505473327075;-2.59069199820481;-1.0235803775158;0.530004218250351;2.3550629309541;3.4048099092192;-2.3709497974866;-2.19581775929875;-0.838604831342992;3.82906577952387;3.00463936064336;-1.22342073294782;2.43964338261232;-2.22371270086731;2.30194935559947;-1.43216645692149;0.106704714507837;-2.14368091629665;3.03699312629202;-2.01129158752607;2.70321693636141
-1.54037141665896;2.57396780761731;-1.99271769383614;-0.707317111284352;1.66725565155446;3.65548176866044;2.54120940674096;2.40143119269544;1.47100076622724;2.08653380131835;0.803024086241699;2.52763479588325;1.70742156168969;1.54399589493735;2.1895145666031;-1.2884121828893;1.92653802878858;1.34700712339357;-0.402608125605125;-0.528022253507847;2.52268179735113;-2.01743661680886;0.607785949698216;0.166584332264304;1.42507411296907;-1.68645456199384;0.539006755451922;-1.28274429237624;-1.57878367262149;1.22128711013791;1.19085613971787;-1.35075857410424;-0.838144707706144;-1.77277380848694;3.25396652803793;1.00080286863683;1.71970422597466;1.73923733276805;-1.54064552437445;0.854705331200265;-0.090956775297357;2.02204577321079;3.27315969436259;0.378040332872227;1.3360166969022;2.35887253860146
-3.36709988969523;2.68504643929841;-2.69202321244346;-0.500493845995287;1.98432496790552;0.319983326993854;3.00373142346996;2.64518517982605;0.773395743284221;2.41353405189324;1.72402524557413;1.58628816893357;0.566173709562031;1.30730055763862;2.79346335794398;-0.722364638680898;1.36312988744186;0.772046150817541;-2.08169689305799;-1.64716431862658;2.31138430288488;-2.39704560393279;0.595129397252047;-0.0619616941729927;1.35867185522721;-1.98463515016891;-0.494273193789558;-1.94721932328359;-2.06631910560766;2.08374186977053;2.22680944880313;-0.819951275823183;-0.356170760964801;-2.73160450359559;4.05919205847409;1.1126780905618;1.76727814937714;1.80399225544199;-2.00995790160782;0.559187686895535;-0.80719467460365;2.78146487859571;3.279099703773;0.943551654000475;1.1724745774392;-0.628173376955246
1.0577442219624;-0.0844932649614397;0.545812545748718;-2.50227321988154;-0.16355277250135;1.54103951244636;-0.548321613283476;0.164055724224066;0.0920730785117613;1.19085585432037;-1.39169397269149;2.20637628177391;-0.95856202358851;2.5048353752498;0.226294203352496;-1.10782244500933;-1.06116199983343;0.129167474158799;-2.68140212767537;-2.81301054027818;3.24519727136983;0.724806508785922;-0.76663681673878;-0.25031079077331;-0.208048877550601;-1.63630057277223;-0.693332782638176;0.15464361767218;-2.70031216829115;-0.0552632117724682;2.36123243179841;-1.75873037151187;-1.77433408788047;-0.917784980941982;1.87186268609432;3.29667893913937;-2.03867825277699;0.945875368424666;-1.07481318384509;2.96388816525643;-1.80799543582831;2.30584279956677;-0.580943409549752;1.43991898500273;-1.29384919495122;-0.127687952197842
-2.50677017286556;4.16645124811182;-3.03933059615592;-1.95989452656143;1.85857353011927;1.50205565637716;4.06392210106278;3.55659194672992;1.38311895046117;1.64564555476494;2.46195162015119;1.48946166419404;2.74719187119816;0.361781190609534;4.86911590028152;-0.395638362052843;3.04837310394682;3.11293222735744;-0.612134620846713;-1.9513499696535;-0.0437194710372736;-2.45722020318921;3.6647730038915;2.74503562628037;3.85780100519786;-0.679066673543936;2.74192288077677;-0.965969454631172;-1.03768185157611;1.15817982223864;1.0858978573665;0.569616395077896;-0.0997874504769289;-2.49622218912232;2.04741806157036;-1.39838568732083;3.10307006420855;1.443530366329;-0.73559907214264;-0.45902672533374;-1.1032676613178;4.45130242111647;4.37302425994549;-0.579486249362892;2.84534149694944;0.769572694133774
-0.558368399903034;0.497922478861807;-0.412431507930536;-1.58086728131553;0.574312542525255;1.97512098537491;0.928878667819647;-0.160476938290058;-2.22283757536353;1.54815395353783;-0.0459845085037313;-0.0274404769677152;-0.827382163818214;0.0609505855725949;0.283702597902687;-1.00542071931247;-0.0925336499066138;-0.39470932388483;0.0971465164234656;-3.98664782280093;-0.133263945435497;-0.478906936270339;4.81774802459655;4.8772791219299;5.05764188325182;-0.411607459714961;-1.94669934704708;-0.166573884459126;-2.70598286865455;0.796315363857819;1.07882051156576;-0.0728746398173181;-0.656867087206033;-0.9418198034391;3.08570977913044;-0.390005507445529;-0.298093030259361;0.877350776363927;-0.876208000053357;-0.789992705989797;-3.76508068036998;1.59780147663772;0.369160968113626;1.29575213862897;-0.231770866401776;2.6431541014606
-0.204451772263673;0.771813880407127;-0.885726475058454;-0.865203384038384;1.21716253466156;1.58780011420152;0.858515571518626;0.258282511032485;-1.51161566747341;1.1721887512125;0.303744407252011;3.03862928518706;0.0684771184144108;2.68793040207287;-0.87940339607722;-2.28331396086928;1.07982610684301;1.82559414527006;-0.548532275703548;-4.3578105545014;4.0413112182708;-0.639436486488221;1.05316908490823;1.34954160902612;0.378816466403223;-0.426051233121403;0.605983745388914;0.390282215995564;-2.11720962674507;0.0512802313688084;0.350625401551104;-1.11235627044488;-1.8750522444159;-0.68593731610337;1.58391150931806;3.53735279697902;0.651262485955559;1.47579004757946;-0.772049875593459;3.1436153311825;-3.30116007487347;1.78155602007643;0.751472301209552;0.433070111096732;0.00776437263767593;2.36432365910669
-2.93191743252425;2.53777938290945;-1.5743553657414;0.104999384683786;0.698238248230606;2.16896748395693;2.62536115058759;2.18638546279266;0.786319403566182;2.16301720701651;1.332853147652;-0.122450113304412;0.435676966714261;0.26521194653362;1.71214657696235;-1.73799997645414;2.34295596054115;1.1850703455421;0.921829686999365;-1.16146246802572;-0.851662247045999;-2.31769918245489;1.13484536713085;-0.193035702940705;1.88412960411179;-1.29201497709215;-0.196129725408965;-0.845743956572216;-2.91170584523698;1.11419836574358;1.43710477794992;0.441931769323056;-0.967891044193075;-1.19726741462515;4.63303037054169;-0.406628169908341;1.1555109269508;2.13325469426098;-1.49124343517038;-0.312662188204782;-0.38662839283205;1.86524035331335;2.33013175766674;0.588867602360339;1.07088863406376;1.59507588226769
-2.87218532111661;3.10260126669645;-3.66503559663755;-1.45716112395504;1.9946175338394;0.614343790399696;3.16710230465144;3.05527448407445;0.540033464322185;2.16018209017732;1.68496400618194;1.88948610086317;4.24150933060333;0.785622756267214;3.91465383111506;-1.95118259597697;3.38324701124997;3.78708052066276;-0.615010970568852;-2.16917019209342;-0.364911521478421;-2.77079714085321;-0.290957288435431;-1.03844726628072;-0.218174059681412;-0.666798053920788;2.98111621650525;-1.10868248712099;-2.84982796102325;1.08254053143225;2.78669454558836;-1.43168139249872;-2.10188447374219;-2.62556181786723;4.15155491982799;0.167805816855539;2.16329891720784;2.76958338682056;-1.31772872428257;1.27334787952337;-0.889504569889171;3.23159178021675;3.35268137746389;2.53585492396563;2.67775152691853;-2.0659406181661
-2.09685654593977;1.74175448409875;-1.83122613321699;-1.73487974678603;1.85824914114223;1.51897639821258;1.96900963494887;3.02744187055685;0.0092538208585824;2.34479134556199;0.401617194923318;2.14133077268153;1.67206388519239;1.46270845638605;2.27588257291374;-1.90227827377313;1.33711119932933;1.44578659431569;-0.622818694878933;-1.00963221564127;1.20466867001361;-2.06784816174322;4.68972229092577;4.90901077888473;4.33054221925353;-2.41694703071821;1.05940919672094;-1.58983523603013;-0.653875817182574;2.76383547919317;2.14809492261053;-2.74263331384374;-2.36680987273027;-2.70426243545221;3.76416749477063;0.366940661279338;0.758668526062768;2.04854761908666;-2.13063283041655;1.51780733304233;-0.749621385243579;2.24368742400122;1.57472013371168;2.11235597296873;0.863737446088392;1.63711667458227
-1.7533849497813;0.439482444965132;0.458167773502052;-2.36985941136666;0.491892476590597;1.33578532845395;-1.6298614927287;0.825428500628022;1.33468712468172;4.55820811046782;-1.56137650266496;2.19982384404701;-1.5335223444272;1.62439348989556;0.0866930382350456;-1.94252852467715;-0.885189334656016;-0.487235212980466;-1.37144554358961;-0.351921702851607;0.822407004212119;-1.51242549310527;0.367291173758494;0.460267007388013;1.17445819584627;-2.66904494873588;-1.51804730882737;-2.27769752859852;-1.68049072567783;3.58097516313742;3.72551087803535;-1.32147397845473;-1.15688808640754;-0.91573381236041;7.96073930668944;1.51014541076893;-2.38953765594563;3.10452011474923;-3.025221172095;1.3025776037768;0.0347554499226146;2.82416440931629;0.62165377352342;1.93836600119598;-2.00735279952048;3.04344950690405
-3.14907043536528;1.84352121118712;-2.52524806968497;-2.19309466285167;1.5357574164273;1.55442432126547;3.00436103068468;0.697826827952593;1.37997646364906;2.77397758798369;2.25408274372611;1.41342378889028;1.2361540906456;2.0774352252536;1.0717146661416;-1.91136482147474;2.1074405461822;1.1118293802193;-1.43944771902563;-0.122449325510649;2.26492881174317;-3.20226554475042;2.16136374048166;1.35283598688994;1.28808784995261;-1.88692779600975;0.389468642821868;-0.0687348269207639;-1.8250809934465;1.6319766863265;2.12030674983856;-1.71131619933119;-0.758397961500553;-1.37304438391667;3.19857037598286;1.0756124111093;1.97551631790614;2.68760163563816;-2.02160378993405;1.69469649463308;0.160894047794988;0.556107764692382;2.67566013084846;0.761098674593151;1.45093199686008;2.05165461177561
-2.77401134951948;3.08671368627129;-3.53616407966431;-3.22896238030356;2.42100246580232;1.68983247139369;3.54256423468367;2.92166647343158;2.74051406344827;1.89293238177863;2.74094298401025;2.05737076174547;2.86715797858792;2.07416782270714;3.13981780886194;-2.04603738179011;2.48684732650281;2.41530114848544;-2.01696435476445;0.559816774871243;1.67969973984485;-2.61646935958448;0.950789520275278;0.215899194121025;0.765965580708976;-2.13286642642135;1.945399790613;-1.28921944442637;-1.120539727049;2.21606236483392;1.9610488234429;-3.62147248234731;-2.07530530049557;-3.08059031967003;3.63281370688155;1.52378314787104;2.41918015235443;2.2359001582324;-1.99486173319544;2.34611832172284;0.829716080175299;3.42810903536122;3.66515097389458;4.19922779842984;2.56802667765261;-0.0150896929532923
