"YR.GLASS";"HT";"YR.FIELD";"MIL";"FT";"G418";"G311";"G1217";"G800";"G866";"G795";"G2570";"G260";"G2920";"G832";"G1896";"G2953";"G266";"G847";"G942";"G200";"G257";"G2208";"G1373";"G599";"G261";"G383";"G1853";"G1033";"G1945";"G1338";"G1276";"G1263";"G1789";"G2318";"G1294";"G1800";"YLD";"FUS";"G1750";"G524";"G775";"G2835";"G43"
1.86805012139334;78.6233176953988;2.57287627602316;2.22908040634021;35.5911026748894;0.171815498945403;2.89963380869199;1.88178709900233;-0.945567865827736;2.35150194056408;0.88505672204117;2.14663884879009;0.027353082056265;2.92935417973054;1.46695709486039;0.363734345597063;1.28432388162477;0.156133393029537;-0.668476180075807;0.389348089774221;0.333852439381003;1.11319373025131;0.374817989878826;0.236113017061404;1.20198195496375;1.45979930585596;1.85643979928353;1.53181890771492;0.0626205607968763;1.69091749823455;0.659293734113676;-0.549581899552174;1.58113210577684;-0.673225196004322;1.11740457933297;0.352236798781787;-0.060190044193407;7.59931400597896;3.87198902834149;0.303459789067048;-0.0674998664458384;0.0587922737603594;-0.529235398404077;-0.303247267911371
1.80901855821346;84.224239778306;2.84649228754703;2.43657580677326;30.5317347380311;0.888970561042989;1.33730797668613;1.31338411695849;1.95067352297219;1.6787951241701;-0.506470333349348;2.23932775415671;0.557919955966878;1.44574015141413;0.340366508295138;2.06062099800921;-0.510819462465947;-0.369449339752038;0.495854284122764;-0.974642771794681;0.528619785072941;0.720651422434206;-0.0192208539049225;0.915775280519824;2.59756881670071;2.42409386684818;2.03278173216697;1.38440421997265;-0.253551050758331;1.45345393955769;0.960056296725915;1.75367345374159;2.42456110693718;-0.501457761601508;-0.745555454575179;0.869209976349191;0.401978461308896;8.16124859942164;4.9298774396337;0.450201947170144;-0.869067118516368;0.625771296251637;-0.395956091275711;-0.337884269349234
2.58348668300245;76.0524422278978;3.37131053436742;1.7632078543098;30.2449244031379;2.42246647323389;1.34564858053584;2.32570620014521;1.45238917061576;-0.287140311830282;0.617135812201914;1.97777213987143;0.512037448226916;1.49948843910024;1.92967906014128;-0.852546240770117;1.19131568477641;-0.733146193897944;3.28019175943862;-0.188847099422134;-0.610524219413706;1.20639306116767;0.234899599623589;0.223181746694469;2.0532822116772;1.76268107480337;1.55683952887256;1.32721751473984;0.345395954199171;1.17616409211079;-0.426790154742015;0.611254078124871;2.17351271146221;-0.307444588223119;1.53188525815349;1.46946032080838;0.106708418985963;7.51809969387225;4.39890115107108;-0.316406127213278;0.579588378859383;0.136095024666992;0.301913468523048;-0.0789221604714559
2.1858978336648;72.5310786108076;1.89541296613439;2.10627550482257;30.2682775981815;0.51086951672081;2.17237868906841;0.273801940288715;1.69467845080738;3.09244982169939;1.58629826890636;2.41041245509125;-0.219871312347865;2.22712385403573;0.174400610542299;0.602722095409679;1.20427909463875;0.171365601525744;1.53992529379731;-0.0440585102296444;-0.595033072168669;3.31970688725783;-0.823338958834625;0.747066579839732;0.474902259187197;0.873111029094506;1.7748609368757;1.38496436653066;-0.409577583275935;0.678946143200598;1.34990077061504;0.0821845465988999;2.01736034242033;1.22841400479764;2.00203272330388;-0.0766316627121376;0.550789886048132;6.90485186547505;4.5175121300102;0.00214032908319201;0.689592370146041;0.145531553797552;-0.220862605052772;-0.403353571413092
2.10995687828919;82.0351402020892;2.62609788387233;2.21493725821985;29.9219688373788;0.182657795145227;-0.0399859123172046;0.463094445696196;1.51468268433361;2.65808488442899;0.463595859017855;2.45735976247698;0.184461704007226;1.77029108387295;2.68642664470236;0.875671390610071;0.526944085690814;0.543160159313942;1.13795101719895;-0.692869134388778;0.282743723949507;1.4729936426467;0.17577671990932;1.85024727543744;1.81414180915311;1.13993504441684;2.32028025857527;0.572796265051891;-0.0387077209030655;0.0684553414389912;1.25962241198067;2.84202236513526;1.60516159502787;-0.581922955283655;1.394015922423;-0.444656869374128;-0.0309382496657885;7.31401515362346;4.47065905743899;-0.847278955818099;0.497616674062451;0.176625152225285;0.0689600893263212;0.785426652208805
2.92917994517029;71.7386291734071;2.20420266892426;1.67406723363682;29.2767134339915;1.30139452944226;2.22613980142406;0.182379755723189;-0.659177486606565;1.13477026755353;1.77285600010132;2.16899961520335;-0.00447419131547702;2.47056842624919;0.852337600667999;1.49128327331587;1.4292216396268;0.415103039871035;3.29392367478413;0.159275541825987;0.182473170042082;0.882928517000314;-0.0816455124630565;1.85380141384159;1.70822504275251;1.90942333767108;2.66634198040261;1.63906079578747;1.09655523504901;0.21342264942601;1.38238508266572;1.4208472776845;0.192681310464281;0.218197135980188;-0.14681045824742;0.717833608770195;0.00506445332121349;7.20037370561584;4.06498758033425;0.874948669355083;-0.628831670254926;-0.0635396297790789;0.076547152793109;-0.209356201607856
2.61506077940109;74.5080038384184;1.93316805607772;4.1712895103154;29.7321740645081;-0.103143634922759;1.86400205578838;0.441032117463333;1.29631698959366;0.426131746433503;1.53716617752298;1.24681992067789;-0.198185328645887;1.76945010549606;0.277428710365452;0.181006838183917;1.56017602886908;1.24061218132966;2.91557319593439;0.82016365881882;0.000135694189783431;0.754656909979668;-0.0140193632625945;1.54849271322926;2.27713995394824;0.503625876726735;1.0324031161722;2.40563911738053;-0.251725937182;0.614594479761935;1.51373750654463;1.89357237063999;1.53134182236369;1.44067936216177;1.59768390942076;0.776940844094293;-0.0346316188718906;7.81843585219078;3.7692709059142;0.368392395713544;0.41745645393692;1.25029491574043;-0.261595477484889;0.426810879541482
1.70557297514431;84.8143690377944;2.25059713707941;-0.422369565452504;32.595610521021;1.31719201623802;0.985508584389261;0.360634326504323;1.30181538992879;1.7571352157162;0.335551971862511;1.37923354863157;0.623993091070676;1.45271872655623;-0.518525936043145;1.67269250725295;0.433362984371039;0.446689474029647;-0.178574503601228;0.516453978833979;0.135425069221392;2.86147226393237;-0.122499380637872;0.956170753419574;2.0158988003116;2.10014834493265;2.22191007993511;2.13467591158088;0.956518008280546;1.38284180024867;-2.14571262019246;0.794647207124384;1.18590201225241;0.197619744100276;0.137435229096379;0.177174459938621;0.151189284519822;6.8726825562938;2.84231945788828;0.123806645202905;-0.389342818459703;0.0961913930475956;0.0986049971237662;0.584085542800798
2.28902747026508;83.8919157187076;2.40820827935336;1.73062876591383;30.3671495508702;1.10043374204304;1.40189573789466;0.273067511026057;1.11878290959508;0.27981483049401;-0.680435403176799;1.76800360726597;0.93309285943676;3.25722747679965;0.274000135916845;1.6965329430222;0.539299547118306;0.675078009117559;1.45255887028341;0.160040980540202;1.26924204551207;2.50293662085805;0.198503925978486;1.35726858823685;1.76578615465605;1.79310184717108;1.47403639643062;1.5705914379112;-0.554413891107846;2.03623539581765;0.206115689539116;0.505208956028416;0.665575110438063;-0.0929541131247726;0.147906508687454;-1.68892430829569;0.319640280313838;8.30929213990417;2.70866777071986;-0.661493932006364;1.24420091522174;-0.139418998755715;0.108806890073612;-0.318219123381162
2.56101153321239;76.7138159054899;1.87830249965392;3.73184767887288;31.4365353636192;1.23183204433785;0.401011569080482;0.0554303468932484;2.56096086635264;0.0455415577122309;1.0566575875549;2.43407174895559;-0.0340905594744443;1.41890629195718;1.89212137425697;0.386506718533975;1.49272878837686;0.602052789373611;1.4541119978018;0.245940914646389;1.23318402400486;0.757513991625804;0.00399061090416502;0.394949009453086;1.91522045110192;1.86452526920272;1.72876319721497;2.0006877564054;-0.260727955934269;1.69814351015234;1.57945182434677;2.40346644252606;0.980598699052094;-0.0504723584879367;0.865514625780481;-0.0289865611142617;-0.393384466912208;7.3388890885821;3.29268866168931;-0.927140015356688;-0.59720340726353;-0.599803972241894;0.0054210084716484;1.3721844710259
2.16000125913311;75.2980682689857;2.07246437198021;2.85738162078746;30.9395463409809;0.272272398918614;1.81489584953831;2.21167682354116;0.799602627372841;0.346352229902717;-0.308356097770679;1.25562611195984;1.75471987097668;0.183276821436423;3.09645868770734;1.09292033847828;0.626770926657557;0.628497281199896;0.943419382486688;1.09937760145481;0.297419597353073;1.87878829525466;0.00265054017648406;3.13841998893412;1.17101079374032;1.78067649184605;1.44918370186438;2.00679725325096;-1.01943515972629;-0.286222487720141;2.42846835471559;2.89529834734933;2.23646583065062;0.412886761371943;-0.0413159184606564;0.532744719318601;0.212082293958122;7.33006481065547;3.57266908653295;-0.0275630962972093;-0.555635487831198;1.09095262924846;-0.223482504176314;0.36076537304903
1.76410179203351;77.346715988259;2.61456826704337;1.68024231354583;31.2591485549993;0.379231407907719;1.65099910243026;1.97771938896723;0.459653757413054;2.97961240440912;0.696127179572951;2.14452453303155;0.466861148659669;1.7459356349294;2.53374048261596;1.98248441126254;-0.40841537529954;0.52490777720983;1.66666737652989;0.907794152851811;0.0766644147391146;0.430624694458969;0.356512572203083;0.822361778159364;1.25470582493502;0.924260506898304;2.93737872536269;1.41016917240955;-0.0827919520675717;1.94766013959643;1.05591959132826;0.196362650304038;1.72009658090625;-0.0954067604402747;3.00881471019921;1.0740386633312;0.174152134220246;7.81688929189171;3.24406308062936;0.582197076190582;2.03832131102219;-0.305560002170278;0.0674056432864339;-0.167518205224183
1.8269471994041;76.0602059882376;2.05662742853926;1.77005477595123;34.7764470372172;1.59333846913277;2.59466775753516;2.48668659774548;1.83167242783745;-0.343344330022479;-0.204186634236877;1.63019159448051;-0.520588014761186;1.70148475681679;-1.83291184213315;-0.080439267070427;1.50904049079646;1.01592018613878;0.33861319198171;0.153430680499061;0.00620026810373017;0.465768958811899;0.245233451409728;0.249942224220238;1.74097140360878;0.624546631000587;1.44483451850345;1.99698189046779;-0.400570185627178;2.16045773635901;0.112645115809527;1.15682371091777;1.12020846246893;0.581818635941118;2.69169814887007;1.66512879741512;0.344281209718013;6.5771636765653;5.20594177267167;0.722763810687338;1.59809365136305;0.241074799952853;0.454697042441889;-0.203671948179953
1.72348383156919;69.7128455174933;2.3881349382949;1.71716920239383;30.7255785378281;0.978860316205767;2.48161120502754;0.544265001232941;0.727906640110106;0.864400668616177;2.85467240105325;1.10813951437771;0.330144079325101;0.0911037474387095;1.9666385527581;-1.08787284581872;0.490857215213383;0.46587284736148;0.500380872400072;0.592274387308929;-0.00140229784703719;2.1334597734146;-0.478772380949184;0.552270720263478;1.66773902340227;1.29635518445896;3.64712104089817;1.37949229369213;-0.691430061497529;2.20041042836352;2.63304463937479;3.39490241709701;0.635669342853282;0.63325748259906;2.50544547325983;0.598081777824223;-0.0484285950908444;6.89969460459907;5.41097363392378;0.826230971219049;0.37523241651906;0.0994125841230384;-0.120462388877331;0.334030747259528
2.06839483050429;82.6546251905043;2.13651530130748;2.54618961746469;33.0537718283207;1.6750673638648;-0.680331844042882;-0.237533031789583;-0.275689594197215;1.2262631906147;0.905660278325836;1.60096645973843;-0.183227730787482;0.377313305812624;-0.280751781772069;0.103697567808721;-1.03632990793599;0.809184367698306;0.347852238996522;-0.575826028602642;0.736768578132411;2.80594144902148;0.147011915579593;1.53562788086427;1.7561790597468;1.97322807185551;2.41146476870431;3.33055335062137;0.771233369698776;0.489321198652813;1.92736045552278;0.771530594172324;1.14318273502278;0.557433785300064;1.33479277912162;0.403350741504437;-0.200582060531557;6.82705885652039;3.70853420546979;0.202645691064046;1.01601457824468;0.14782012529902;0.222674549725072;0.148257917361413
2.26087435444365;75.3799631867324;2.33901617760489;1.12951916872463;30.0839418517065;-0.057904741920112;0.964725723921975;0.908821109454915;2.46865616844966;0.772414917885944;-1.77844793208361;2.56666181497624;-0.123058034808592;0.660309089527418;0.955490607612563;1.36230369691432;-0.142456972208729;-0.36514353631327;1.70315690623566;-0.0512663263870537;-0.105100247757282;1.24040226139944;0.173372564553528;2.22479806293269;1.56290833598655;2.08922107468452;0.686896513384439;2.70358723912027;0.811540783673645;0.418641158401163;2.77650394616602;1.86760088499653;1.72488259535633;-0.879989488886793;0.198526173115739;-1.11184462001432;-0.2767305444675;7.3328874137952;2.90185839786531;-0.272960180365807;-0.114298470342895;-0.70794633521112;0.258589766516743;-0.31005722724226
2.675851619246;77.6644409768706;2.75733714257885;1.28582491845241;31.6048856722287;1.65027011993879;1.25113958674011;1.42895937401485;1.18814784990466;2.98618345657406;1.70135992001194;1.30929254832325;-0.196889590888106;0.605894772936024;2.19451998517344;-0.525634712441203;-0.323116029750072;0.570210550246358;2.04504494670987;1.14225474714509;-0.820741721856181;-0.248120796886904;0.146335695225585;0.978789930203249;0.796371962115;1.42848614191948;1.13220876431151;1.48177206962384;1.14972345771315;1.17142089885767;-0.374414157582804;0.945096541426988;1.38031767431525;0.475387771445063;1.51183687898359;1.71193360556948;0.280976685304573;7.84587714842611;5.3926858372171;1.0628960735777;1.84168513395632;0.839469303737547;0.346667312911372;-0.815771902110351
2.06769061594549;88.3227625869174;1.59904647455512;1.94750494969399;35.8704362968741;1.80136437397628;1.14571779135831;1.07367684348115;-0.639696806926177;0.956322968251022;2.26340139272906;2.07226556565824;0.625470708682181;3.23088280126613;0.410353766511521;0.227651804768805;0.0342756676481913;-1.86535640337481;2.30945524557527;0.186593524943973;0.0253143019124855;1.93518076396591;0.36555404222886;2.91003690961173;0.787772723675377;0.851001878734838;2.73205468894198;1.87785727668656;0.751392081216574;-0.706320651085857;0.829555396963004;1.19749594503894;1.08794703911249;1.32288923478363;-0.272899769227772;2.27086218913701;0.0860930108591217;7.55425502453855;4.27280598246779;1.95622276788347;0.0884359431702095;0.510878676619692;0.279133888158341;0.637284245224876
1.6559788051871;82.7158808531867;2.61871273863894;2.08848422089192;32.28155413332;-0.457922885803455;0.618395583597795;1.71930887577692;0.691595654084321;1.485722388149;0.478229789208862;2.51732079052412;0.235054142230586;1.15107766481322;2.20314186758156;2.27385416620418;0.802508334916974;0.22211565742802;1.11028807696033;-0.188476971165517;1.3651165843172;-0.238962486570707;0.180821764594465;1.12126810369962;1.4115438031208;0.637847180532392;1.61105804627027;2.06409173805649;0.238721246223597;2.66191940399333;0.125825936329353;1.88146870717965;1.07287283996529;-0.119245776979315;2.24863312945379;0.141448803391214;-0.389514657751385;6.93737720201844;3.0650073578136;0.427760366142903;0.755189238228537;1.33926075826975;-0.503063823940878;0.440522387992956
3.50253083381247;75.0959280929162;2.85649035997062;3.8684174603406;30.2483320512384;2.31539456676666;3.44753323317208;1.30645003144234;0.158490023973055;1.93089173603895;-0.113938687015484;0.833720112295282;0.0976517618047984;1.26621134929007;1.14414657743603;0.467800567843811;1.08134759383744;0.817108298805988;-0.319502171208149;0.509991306043924;0.735789887384631;0.806166624478075;0.096767611956323;1.2613294444676;1.12233980251019;1.9114820467298;2.64256688829486;1.9982844555068;0.174917892018199;0.630068905703069;0.373361651950131;1.22409172599123;1.4072302428391;-0.00374661036466462;-0.117050480505039;2.1632918953439;0.161506303019437;7.87373773198047;3.82972710894523;0.26154094313687;0.474788786194201;0.103736281172113;0.346289148867319;0.243259067837066
2.42704324814602;77.0498442096336;3.1231899559917;2.55395413091864;33.7923646381662;1.04352544826896;0.63309096317791;1.91564408668322;-0.106735753087847;1.72901110318274;3.0411877395069;0.740471051326403;-0.76279233647947;0.634683306236936;1.79519704670961;-0.703236566131026;-0.726261770660123;0.424051544848981;1.2800672128648;1.55599581574045;-0.229893997305051;0.318769744472289;0.115536107107279;1.14980363049329;0.981189080067673;3.40909061311933;2.69945599345722;1.5679107041282;0.497513148770287;1.3683290566006;-0.333176191218521;1.64980620567272;0.420786730855783;-0.529486211156879;-0.0765921750251224;0.957710069315312;0.175500976310789;7.62160095124636;3.41853306122085;0.621946220757341;0.753965886743617;0.0943514430072482;0.308530454774604;1.17028675339537
1.88882519155733;80.0021090808022;1.38775194199741;1.24480622824207;38.9401319520699;1.09918285550031;1.10187611773062;0.041917035835169;1.10486147554949;1.19500868564807;-1.40405814060188;1.87885512846343;0.382182708582297;2.57574847792903;1.42837762835399;-1.88043877003205;0.387171026512924;-0.977477522930879;4.50358762690105;0.00759001310809226;-0.335900643455001;1.21613346200135;0.0768868092038673;2.74308113517819;-0.0256156506341234;2.0331811836267;1.87997996565447;1.09878904248973;-0.0752714276281209;2.26611755234042;0.426390115257424;0.472450392875265;2.33831361528379;-0.489454839113234;1.97130123946485;-0.726426779383939;0.063335192871172;6.99536955015806;4.8529732937556;0.689300393189733;1.03340751858379;0.123384275909744;0.469789577316242;0.179602868571615
3.24465940814248;83.6052238190986;1.84118566335401;2.48053423146535;33.5392712761792;3.16577410682429;0.934351096916398;0.960436797973915;-0.290557050721881;1.26286202363389;0.247622275720167;2.03438772126734;1.2790428856278;1.6679600742568;2.17369773347808;0.945631286149958;1.33495342252475;0.0466916762335215;2.05494682688434;1.97812382878378;1.03649492438961;2.60927536262433;-0.120874664534789;1.47363805904685;2.15395779162596;2.06559009280773;1.94628475014709;2.46951067777203;0.275858508257154;1.12660114344655;-0.123662803220391;1.14657856530288;2.70276002051799;1.12137825687691;2.08997072531903;3.16958525207776;-0.0319559221226189;8.11585797723305;4.13312898951068;0.579523651210421;-0.29877062219449;1.18306374454732;-0.305145830644341;0.853968690158174
1.75320812943769;87.2686472195477;1.7812125077597;1.85262818872337;32.9258990590484;-0.262661142884328;1.36513727878586;0.451117669986296;-0.157053041734601;0.613690767794316;2.22486194899;2.31935985712902;0.3150641806397;1.66443189730436;0.196918935372548;1.5384874591156;0.702524929353806;0.289064878513715;1.94272648287167;-0.757771585860388;-0.751110926188377;0.477765237243145;-0.19578957159196;2.21389319975953;0.76308014721269;1.67380322564462;2.1876446359121;1.29365692939734;0.623500345052428;0.631096602731446;1.06593351228428;0.830681288498383;1.6741894521913;0.460046981386812;1.66976222532935;2.01037207974946;0.110940470562868;7.35374971757554;4.34021031615259;0.99745227018026;0.0797494949121274;0.128471047271206;-0.0565232423316497;0.812121336467608
1.31712956900368;72.3537174861016;2.31556656576774;1.75107897403787;33.1464538520082;0.335126164568408;0.833353222440462;0.555826288755278;1.79005630633888;1.29999970688117;0.573612887410088;1.62966891223501;1.34123968556541;-0.523693605837284;1.34959882214074;0.646799895639374;-0.135433956994825;1.86600657815095;0.379555674842373;0.281425640138399;0.783417031713164;1.79868678678945;0.183816964855209;-0.121160329798263;1.86929654073271;2.44216648212077;1.7975322482365;0.93207488056617;-0.0606260308176591;1.03446755643812;0.491565202019254;1.81864926798786;1.02085570538524;1.23555717410836;0.578003699752466;-0.350848373646833;-0.0926101892536816;7.26274956836222;3.69591953345901;0.478128281199851;0.0250273953156755;0.633830307408089;-0.0880506362656776;0.398908278184773
2.53285834875158;77.896395638764;2.43147336652355;3.37202035814174;36.3675734294129;2.27666569454518;1.41541027849882;0.814056386269084;-0.819697484265826;2.0862915388177;1.13903685938618;1.78293362786395;-0.06456399331334;1.35382259321355;2.8399866328766;0.867552949662564;0.808086820789258;-0.230988712648701;0.811093347213501;0.111919153710193;0.539258818862173;1.23163046558836;0.0425826908694294;1.67294879630048;2.05639945485233;1.81571683402976;2.16041567369859;3.05664678445162;0.431819417104795;1.5740396615151;0.351078864075043;-1.3824232374867;0.904680477835399;0.280076343293551;1.78177110139524;0.557527698834581;0.0318845262770091;7.52203613582415;4.71022518647989;0.210495908917919;0.676201845940171;0.193584406985946;0.517287205537328;0.219784694557279
2.23650956701125;83.2772503604361;1.81526057703974;2.50435259418939;35.7920695979652;1.23162599921107;1.15886596359582;2.59366439891528;1.46338216109776;0.520265690716734;0.404509563327281;1.92620733498426;0.441517612298878;0.940105302765455;0.256139624389659;0.581410685468813;-1.01808952010586;0.0259562837897859;2.36503369055894;-0.27506386798777;0.975453249425189;1.29374666086704;0.681686783146597;-0.367989188896727;0.783876800687604;1.70728274170529;0.818388969771727;1.66124699389041;0.236480795190693;0.909008757364161;0.338659360699259;2.90559616541545;1.2885804621065;0.421424910663429;0.595386030213299;-0.51970733037098;0.286461581513261;7.18488988579966;3.52909404590803;-1.50762493537794;1.30860879314988;0.186864684342895;-0.00737958042790566;0.485415498552118
1.65567009624032;77.9774613281215;1.87431462769472;1.8636418253066;36.0380533761696;1.07080348382356;2.04940958824747;-0.522066730987775;0.354161704648231;1.13215582960437;0.223986238588663;2.26811441400503;0.928952161838212;0.893882543572664;1.43832510036674;2.51536528177771;1.15771531308844;0.915847558939762;2.42770536656416;1.1134498482202;-0.320751607006221;2.30949169313865;0.0447094687294827;1.21029697702923;1.94238479859162;0.650713077352109;1.80003025434146;2.21377193060297;0.2992213740717;1.415837027088;0.614776656074274;0.146485794204328;1.31043201931174;0.730449768340773;0.382007852103739;1.80026331144538;-0.137118500190128;7.21089121479956;1.88649314992553;0.271930441722942;0.00640377917773133;-0.384983364251485;-0.38310805871706;0.00508656055203005
1.68641641326771;83.7440643927749;3.06454330216904;1.69513600413062;32.8967772758261;0.609121536380877;1.64736348531679;1.42720971520134;-0.0938087988798905;0.568151263848573;1.50162588792097;1.40310855770089;0.0980655830214593;1.13209364436704;0.974907112729004;2.10706067458075;-0.505341881768612;0.633426282537322;2.39855470245875;1.15823523978614;-0.57967902161496;0.30707546012679;0.266378457097872;1.9314712807629;2.11895262491378;3.96922949707436;1.79453632459222;1.97504259500542;0.129803406186746;1.77463247385303;-0.696993597011459;1.37373588564364;1.50040568504996;1.25404702456144;1.8064501280235;1.79748953797193;0.311516460847995;7.64658417856119;2.60302844399933;0.700152626226729;0.34616321274637;-1.01745583473048;0.018777907055788;0.626472767519029
2.64721570905474;75.1803229481928;2.4273659415244;2.96949054657581;36.8998865920414;-0.387609282397087;1.94780630780139;2.10479758829814;1.41922457102156;-0.359219920499936;1.09509319821332;1.39810010290323;0.568783759292298;0.821458861719122;1.39530709199321;-0.123696453710346;0.362665443117951;-0.142480941494723;2.55151017341555;-0.0298604089243201;0.0882045762318502;1.16989121823986;0.272672869094146;0.598784345884595;2.29211641687032;1.04029722788331;1.00418857975322;1.22546922437607;0.641814026401988;0.757156456469089;0.155149420134146;-0.619321951732941;1.51776876605487;-0.185675605706563;1.11297578735319;-0.499058217009402;0.395197851123343;7.60145460553069;4.42746111741917;-0.0225145532024279;0.553069058315752;0.0851278411361211;-0.266351111251012;-0.175174959656777
2.35899242153771;77.7192257979117;2.10182873371871;2.07142360799482;26.2927667799226;1.30190047499823;2.14014810730669;4.47525816757344;0.451483341364727;-0.21477337236795;3.88707137236413;1.49487255935872;0.435180972228975;0.791380323455214;1.67363275097111;1.26442310792165;-1.18688534706152;0.172397113714023;0.318772451296841;-0.112038291856351;-0.298519209313346;0.039848975392045;-0.0921788979875791;1.09542985977983;1.45905623174855;1.49268700111547;1.67654794549922;1.55780173284309;-0.949805240391744;0.367291363093129;-0.252919617812814;1.84121553292595;1.74335104363189;1.27007658619322;2.57765558200062;0.854414818097502;0.0613510211365643;7.73855052277671;3.47179586391131;0.372759717751581;-0.169544408795201;0.595800326510799;0.375939795882407;-0.282704414056431
2.69530024039901;70.8414149080467;2.87567451028433;1.62683101518798;28.980206805653;1.24217831822337;1.21856394148211;1.42645328996863;-0.506234569323375;-0.326955901116758;0.647094273291924;0.471977325812493;0.223108745938114;0.597591602951589;0.469496994970876;-0.692774931570391;0.374927056375664;1.04263417356741;1.19102082954655;0.00456191985281446;-0.355746822503753;-0.197056014054257;-0.134375852841059;-0.878761664035001;2.06943427360169;1.1372587934852;1.09572597072981;1.54938608847343;0.55770928638813;1.38634187889702;1.1611023101481;1.50895985646576;2.66697852601355;0.501133102624614;-1.38267551864125;1.64546834408229;-0.0670339912567831;6.88461283084558;3.65551051334943;-0.816351740578183;1.07984109845477;0.640714918531288;0.252587133899569;-0.0277548996939377
1.72890214552301;79.538770522174;2.73001627896355;1.70449698870807;23.9352348047616;-0.319673534916102;1.2402260070209;1.58793516576901;2.67354861964935;0.203826036752821;1.25298455003545;0.740030679603877;-0.164213042500439;0.981542667833567;1.86255571998127;0.633902384593792;0.252520369728847;1.19674890583953;1.59040879154875;0.167216770889792;0.0862266872054825;-0.628793487020313;-0.0852531020345817;0.760621381909345;1.06956346986434;1.418988513975;1.3544747626116;2.23148175131978;1.71998674753635;1.50204282452168;0.727912840985684;1.03586664563132;1.65278979852389;-0.997666312467653;0.442661433998341;0.778919050418955;0.0271998519196766;8.08159779460122;3.13081754746182;-0.0992515675225155;0.00325027048946241;0.383986736173745;0.153951432383846;0.343230245310468
1.88993127901029;84.8140627553461;2.39429859036464;2.24074645704948;31.9602507797495;0.621014640268647;1.37940043598782;1.16845719961465;1.72137644831998;0.962944494425642;-0.683804656341874;1.43445040481474;0.194029313381353;2.34648779248026;1.35863370427205;1.68883572738689;0.169237815442135;0.807660050705472;1.05177589066685;0.594909098944657;0.567240583270325;1.02217535624922;-0.312072542319368;2.24134420769753;2.73837401837931;2.73717470065298;1.6711458827314;1.48297945106394;-0.103460495894685;1.98401380099527;-0.883463726961084;0.562329661263991;2.78995322418274;1.13094168900459;2.19569397840311;0.390585740525441;-0.328520692552369;8.26603178897418;3.168836627375;0.1196100949828;-0.225248905666797;0.478967540814051;0.196633972776925;-0.568642388763874
2.35578826774885;76.6323490682176;2.75342018656082;1.78161462193659;32.1192441039427;-0.274541779091132;1.81894565450331;2.71376784028357;1.53908297566871;0.747443239223658;0.600839204640566;1.90427757369105;-0.82703455324676;2.50736308745223;0.842010469940322;0.849306020294946;-0.836191333599912;0.828628906457084;1.04248507316622;-0.0276012296164513;0.127570296346541;-0.402562846127287;-0.120586723855367;1.72750741749007;3.0657955339858;2.74677705792562;1.28090510580193;1.43185791188819;-0.271307212589774;0.899106486023342;-1.82060795401775;1.0526938232986;1.35160613464929;-0.447821631637841;-0.557124313303716;0.147685980359398;0.520552482318567;7.3972395219588;3.21568941786413;-0.183400860857467;0.263136894949618;0.585024173317969;-0.101112699853752;0.554276048303077
2.84741725846062;78.6567230117015;2.72286818437464;2.69152584158748;33.2128247531581;1.8953812386688;1.77920453627605;0.78923236455894;-1.13101421693904;1.12511245585628;-0.815380419281478;2.553183991518;-0.12966822838742;-0.0728815831761298;1.73305531014238;0.538037289026528;0.825057628203079;1.05001101768263;0.550952995497414;0.271210430053138;0.479931084880694;1.44305402879054;-0.0249759538418549;1.28990335499588;1.24666871352234;0.54513698416388;2.08631388472308;2.95993874885332;-0.309747157851949;1.60700076956892;1.55587111208286;2.26151923235514;2.42137361357606;0.318372666788578;0.845952879856395;0.0313446189107773;-0.164343440638818;7.84849047684096;3.31547351941754;0.517243873981295;0.196813065059637;-0.150251582377053;0.117987359414927;0.184604258445545
2.67577331571393;76.5498028945793;2.59798098661177;1.17573188494087;35.735095411064;0.987606350925342;1.67269905009362;0.968844227555757;1.84315433898566;-1.02273548411244;1.80148185308995;2.16571838338745;1.08126734675994;1.00905658850164;1.84224670387318;0.877091468993243;0.785196807113285;-0.65804197663116;0.624142520079827;0.656736821183308;-0.503928645807965;0.0567394844442849;-0.159255997276979;1.60247409795278;2.17093494471524;2.17215787710611;2.31937993449656;1.04266779073043;0.416730394778278;1.06170680637295;0.50917976031444;0.808030334323249;1.12654431253505;-1.27494122307321;1.1000327035509;1.42560201003883;0.0129945167265806;7.91799894114974;4.31348138214321;-0.218087704836818;1.30800785614799;0.247238945186516;0.041327092040912;-0.340323858994961
3.00014008605726;72.6109087544877;2.36815368917072;2.03388130024461;32.5936547526913;2.01989166903488;2.34774002924454;0.663573092773165;-1.25052629305344;1.63109377156209;0.780209076027136;2.90338248476458;1.16502551108965;-0.0608856400431461;2.30583925000503;1.12320710175174;1.6152606874231;-0.151392299761987;0.572220173123013;0.400166066285829;-0.24490287241292;2.69013718984153;0.170067604779981;2.44347286921545;1.30622916586361;1.68866845714303;2.44459199081831;2.35877847385831;0.0615020351493148;0.917613076517771;0.422905314404925;2.4841374342147;1.99351368061194;-0.0881199168235324;1.395558566681;0.230262128904939;0.259283587394054;7.70308012909892;2.48522083355272;1.20761747769738;2.21988426472023;0.743797074256068;-0.0564796547689051;-0.449339594830449
2.62088288457393;80.260286361275;2.89034810786305;2.28813206246456;29.0300367982468;1.69631445497461;1.91997500260219;1.60312629697479;-0.38124416947988;2.72545573571382;0.438031483049117;1.57853248581611;0.793522222213487;2.15969040396377;1.19059610056751;0.380024748521522;-0.502545298069877;-0.0974600066728274;1.87083251878791;0.364132205648344;-0.107432693529052;1.35395851133017;-0.402900530170768;1.25919320448443;1.65554245730003;1.20751718270446;2.18195737334181;1.57535432827385;0.577668148075263;-1.13776997991445;-1.11792167203392;2.03557725357904;0.667609249322761;-0.931925958946967;1.59432079698458;0.244277647754001;0.174782693368685;7.21491051888099;4.60719596140843;0.480950203926421;0.000423181945568341;0.563915942859398;0.0364843186854098;0.582380470860498
2.48288640056976;76.2022647359143;2.70338882832074;1.63423274472917;29.5723345423505;1.632697484031;-0.0423925828853257;2.13282292868862;-2.19424459176279;1.69277192341732;0.901111186337543;2.41810203329846;-0.423127606199893;-1.11195057037724;2.72282629454309;1.77510653918883;-0.0891265346382838;0.451177213819964;1.84587983329109;0.416235552462998;0.421690234414404;1.13361854765544;-0.0585508927480419;0.428607944070273;2.19905727720564;1.41393793266755;2.0791052310825;1.19119042946925;-0.675700128167339;0.689172306492133;-0.139773062565856;1.19569512789932;2.4343034553995;-0.256952834996397;0.862487039467945;0.598945225033769;0.153202992042641;7.67252916681918;4.03841366793806;-0.0306255806254272;0.53295807186473;-0.8208515129361;0.196024545791177;0.53070586334019
2.7609989413403;74.5845199746968;2.36284751239365;1.81280669110646;31.7994910992934;0.381172613856694;0.484266890266076;0.120621977827558;1.54183694061146;0.536003723009396;2.26381773326961;2.20643953141523;0.330122973886053;0.94317191679563;1.83146852406191;-0.664530643798535;-0.39565104123824;-0.0159928163596865;1.49575185311641;0.709459837729124;-0.208450479933124;2.68374039571759;-0.286782002152516;1.18753373540206;0.802004083741258;0.916968023659131;1.76132174414309;1.31728765206098;1.83114688992921;0.25897473430299;0.536227774671798;-0.682249837235955;0.963247196886734;0.355809794844801;3.4002287065867;-1.18746669261412;-0.335588323267675;7.8132861272834;4.29461491165988;0.628692275747413;0.462191253329614;0.70364106799264;0.123442953659267;1.06336084521244
2.98416079020578;74.9621366051031;3.23456027162441;2.57906007008675;30.751619071837;1.35171026394651;2.73890732930882;1.14656034363942;0.99932778271633;-0.0560746423103444;1.14492572820704;2.09705476745459;-0.169581189989921;0.529361479437735;2.38245621171972;-0.47899747094868;0.740847043904918;0.523479278829204;0.0243222851181362;0.628589974907278;-1.05208335379538;0.905698973188622;0.0953433893042725;0.147825865531229;0.944174993154331;1.34008412289959;1.65264056475749;2.01924920310492;-0.451021146915656;0.579514875245588;1.72843025736349;0.263158441472636;2.71055728653768;0.875089551953644;-0.0662198071357858;0.415154073372196;0.0608168788404298;7.72391790770335;4.94753590678776;1.15588959000743;0.406272639289083;1.40780372879205;0.170100539247122;-0.119512814186167
2.49388010933379;72.853418055347;2.39269988692262;2.316024449526;30.2117287323736;1.80185710591701;1.20353137526509;0.619947517724793;1.25122031912108;1.54425072005727;0.520740454350368;0.461898534356808;0.754273984549077;0.453106242881817;1.28943240697787;0.513565866147361;-0.552008040000575;0.950475568143292;1.26182957121137;0.484590767843867;0.726054392286674;0.205527356196572;-0.163935672106369;2.42592076101028;1.39872058039944;0.434752391491115;1.90476135470715;2.03755677268162;-0.998106080120905;1.21543080207078;0.107865055396279;0.506860541200429;1.74883335863396;0.327837468678931;2.73291119300903;0.614047478860327;-0.248565687942728;6.63584113017921;2.808002223458;-0.137009568971894;-0.586770025707072;0.289502953554372;0.202694600775889;-0.31414599920514
2.34316616764586;70.2415703136515;2.22543538272394;3.04742683129873;32.678309032744;2.07713450226323;2.16779990015152;1.27409810833334;-1.0265853319454;2.08804388941689;-0.142616685696172;1.39218820425889;0.42662101508966;-0.747037083210876;1.35471172115735;-0.0384547717336117;0.13762227069765;-0.544929603021129;2.18529957241422;-0.820623269684719;1.14659431564885;-0.615821852795979;0.783072656213232;0.498271863955502;0.748202741660711;1.12641547099053;2.30709875367654;0.803762762463353;1.00686475925799;0.347874867613698;0.00357104628712113;0.875998511757884;1.97256512998487;-0.653975465663177;1.81664627353075;1.98880159567837;-0.0923474365678153;7.40648451765573;4.15728633059021;1.30757660522245;-0.315890816728583;-0.0775625457647454;-0.344697460338893;-0.310969917952322
2.74517362751627;80.6205874929765;2.50096724617664;1.5768815688593;29.7676670224733;1.69120507990458;2.74423594140718;0.398879571374783;0.63674448205937;-0.708360010141553;-0.283892786003892;0.511741294532605;0.216123602089514;2.98060262302287;1.92663546843293;1.92897988504264;-0.975821171544805;0.733556227976258;1.59560415145038;0.562628966425583;-0.0775116763117541;1.72984083549224;-0.0215103953562117;1.29724514129394;2.33460999112869;1.78077133830638;2.66415469502166;1.7833921727408;0.0184226110452289;1.69668681891139;1.96686849390865;1.54457624203643;2.76485003268943;0.0148592240888487;1.65120627698161;2.1004773176495;-0.243428126394134;8.29073369657483;5.22931531243167;-0.342207474603433;0.621389316078752;0.424950189891631;-0.00774896772702223;0.592656795441594
2.47014482733099;78.1039106815462;2.10428211235988;3.33386913573832;30.8357294837462;1.4072587933239;0.767044113144083;1.34572152679659;1.68412710453858;1.65723608519119;0.537831028193903;1.75516911826149;0.161226266040549;1.00906511060428;1.80229754334428;0.078869909086168;-0.101609978975912;-0.166598757590924;1.65544932989664;1.36514822938455;0.393609125969457;1.36364989532979;0.553406732321637;0.227315386226465;0.691233732398837;2.57810925054494;2.43445698738522;1.73900746988004;0.40678414464316;1.12660900264963;2.62329860039212;1.13662863330412;2.01809523299235;0.20959033240134;2.25622561387942;0.381213560745062;0.404254804404748;7.625159961339;3.76445769375227;0.55897360132165;0.975744202541446;0.577769222370116;0.115634303629651;0.73907613577625
2.1721465457162;77.5679952471081;1.9181224895821;1.25852553184267;31.1159237184786;1.83341111725024;1.51715319107923;1.72674523491139;0.469591642834454;2.14027040179511;1.24026390099543;3.02875088636541;0.666322046738387;1.68756555999618;1.36054377697718;-0.524953763444887;-0.222171323690305;-0.108818666662363;-0.314513874691705;0.458988493549803;-0.195939816693222;-0.12472371650993;0.085985244476184;0.223895633133382;1.27187237735532;0.154014827850115;1.45149503675778;2.12464382526535;0.773199002463162;1.39679650715809;0.786973636207889;1.49276501849761;1.69261505703656;-0.712896159677824;0.925433279996352;0.115518322463379;-0.342058692006594;7.56031061535082;4.77496119197851;0.0198430246231574;1.18432083925847;0.0378276362346565;0.180355659215443;0.200687225371885
3.06043991890911;80.5026636860318;2.55716064669717;2.90207445037659;31.6966065256913;1.30903701810877;3.01747115611757;2.55409208492315;1.90815356959101;2.49779990344167;1.07031405831259;2.87730448161304;-0.399588251729676;2.0676661500143;1.17483914857404;-0.651899930241774;-0.22854054217678;0.339983808075633;2.2932929006329;-0.618756537189525;0.369359018357044;0.670987270962704;-0.305146721874599;2.24316760230175;0.635332953529667;2.48161063845473;2.17896275703602;2.24543580587798;0.366307657844991;0.108837770933723;0.152496474854927;1.16994836172303;1.82046926728761;0.748502250004427;3.66297467836245;-0.230489884908409;0.14898766283285;7.7515680702225;4.23394400544179;0.359426717796019;1.24903131120968;0.017642523760929;-0.253563154506828;-0.16614427913711
2.18495750354737;83.0942846372508;2.71824123189391;3.48250211197033;28.5030686712879;0.578023560949026;2.65662311966348;0.753111249949572;-0.155369487628983;1.92240140230068;1.56449840538211;1.24750485429925;-0.026909088987944;0.611722221747697;1.15685803149417;0.976143135800719;0.343818438144124;0.240925547473838;2.08702632280631;-0.00885669888909907;1.18002650080579;1.60313333467781;0.470631618475154;1.38143144113259;1.61734799157307;0.908839215894554;1.38703509720411;2.66645326571241;-0.47087917200022;-0.0177938094274945;0.616794505847633;0.580586237673261;0.911597478431927;-0.45726876866967;1.19294909886451;-1.53682387487841;0.0103501964116476;8.13732006075431;4.00729607232517;1.01362381822417;1.03640159091231;0.633742149465779;0.414518022877219;-0.464058569128108
2.82965367511551;73.4121094717705;2.52215580726669;2.40930754107272;28.073162916475;2.2589195413806;2.65534166897302;0.876784617207413;0.301618310248604;1.84257682940355;0.230915843631362;2.065900898311;0.288003483423005;2.76448100868674;0.994629230985295;0.619913056927834;0.768030148077254;0.652257977792287;3.32932578866481;0.541474996344398;1.58428868809276;0.839244007787922;0.056597532098154;0.975943127120919;0.952063413234903;1.09397175034393;2.1784283859802;2.17341124681112;-0.628205893812103;1.06890249846051;0.0013994236562348;-0.462223428174366;1.79086195314428;0.127292557375764;0.803195594916789;0.624955233119622;-0.0892731277788983;7.45088518272817;5.02223618197871;0.1639872463816;0.617573175441671;1.277156612766;0.176100946735637;0.299866428893083
1.97532987873995;78.8142922880391;1.71982989725431;2.84202939000597;30.669064002518;1.76461849042786;1.26629977846497;2.47700305030497;-0.14746860686192;1.51872061274124;0.947338205635845;1.58446515262299;-0.92939354743378;3.0269678170702;1.74937644496061;1.93216849556756;0.80377618500048;1.42867898601953;0.0538904591978593;-0.260812181630774;0.0175374858887274;-0.135244454734425;-0.208844260957321;2.26593558781479;0.644373238622125;0.795147722521961;1.3301934876999;1.61746252856682;0.179969321578726;-0.0278455566174097;1.76248617206972;1.06077602329444;1.24308736208289;0.0650067397068718;3.19495678258948;0.296897222185923;0.148108596793933;7.11248645073441;3.13629779234314;0.785179589374148;-1.13020147152162;0.822351633415462;-0.126732661169519;-0.171582855949833
3.04916856081502;77.856650495564;1.82004225213624;4.03308499142397;32.4251654544082;1.87068377456943;1.42974288102173;0.936119324814244;0.400945572858832;1.93005419781582;1.23933949629025;2.57689808298574;0.477013611543358;0.856048952539249;1.42149648588658;1.11942449037136;0.448406945954558;-0.259191505573719;1.8460301448114;0.000118735348302257;0.551252453794287;1.14079729462097;0.0756759435345811;2.81975703507654;2.71154682265581;3.70309933532537;2.65691873878662;2.4370242044991;-0.264347611723589;0.624798875968647;0.601504129941362;0.957490296579323;2.38900566184631;1.1269876281414;2.23536015944098;1.14895227592086;-0.20028422791534;7.67890732365174;4.52478699472332;0.488692963613174;1.57922169128443;-0.517942187612816;0.0565691559562631;0.451951896080765
2.83193731976428;72.8468988640871;2.81148774236114;3.02643645191017;29.2078178669801;1.33564306947247;1.13942173967696;2.11139098330154;1.30816304729846;0.974733968595503;1.16937705757019;1.26087882408124;-0.034101914961863;0.173601854446212;1.66861073569141;1.5568986087107;1.20728885045218;0.0327176452386112;0.243194201156696;0.881884084237871;-0.106748978126735;2.00756732735364;-0.321648029768327;0.767096377099839;1.18758640965834;1.37666158128978;1.65775138253658;0.717847831105477;-0.394737368886144;1.17007326490088;1.67844616153245;0.735707619808095;1.58081159887973;0.751610060270948;1.89627104316495;1.91182560501805;0.0351139631413467;7.44105986643923;4.6602236011944;-0.156478429323536;1.70702259418962;-0.0445734727762205;0.26123192852575;0.420331977294795
2.59841834927045;74.2067622000087;2.31935485157745;2.88832970709674;28.87737856579;1.87808246951398;1.18396162136945;-0.472825573548251;1.14932277952533;2.07176453666767;3.00533131468612;1.88739765920003;0.0660727998199838;1.09870902970737;2.66725327190373;1.26478432048174;0.160878852942435;0.623623089377897;2.68210493612571;1.13812545855664;-0.639145824076533;3.03216366329928;-0.180773720509965;0.0548393958310325;2.15114798782509;0.884457024433029;1.39437888967547;1.70930837653084;-0.0617332621502721;-0.472529238716516;0.711326349698956;1.94180236404367;0.67075425505415;-0.28034888279367;0.583968922093237;-0.127121662080128;0.470564627856885;8.29633881609569;3.88391358933078;-1.07229731523773;0.311376585215987;-0.245694525274226;0.0796971980441239;0.548639296807265
2.04205956852911;70.2960327732121;2.36726224023275;2.80518777189027;32.0628394138746;0.547102036064862;1.92041222628054;1.46879610512763;1.77825699081752;1.19703622475688;-0.38121666294449;0.891400411856308;0.204491007205492;1.66382560117977;2.97504548671915;1.58965804162366;-0.612320788129825;-0.201770115453306;2.07419462311168;-0.820481581813403;0.799610415130906;0.89125504157795;0.281141844476149;2.74500299833261;0.95661522924456;2.70037293622256;1.86028134661568;1.52579930950342;0.882704371747568;1.13908838852156;0.177531249300276;1.80362968272999;0.946028702194777;-0.194816582613783;-0.362316541864288;-0.289301329984018;0.224995525852113;7.3343471502543;3.76285239666119;1.17533961446195;0.730781774661237;0.415753295326997;0.21944350267745;0.397479651058131
2.54449009137226;73.6035908337368;2.77063165206695;2.97002776872522;36.8009669491788;1.65038675426643;1.83829595464907;1.58874102836007;0.54092745192905;0.645096967656014;0.888915830355021;1.89194453937727;-0.24006998940216;3.66859584881863;4.894375998714;1.56956399098485;0.0281418880462571;0.601444883369493;1.83823480175255;1.64745804551093;-0.121157026339936;1.25231206675971;0.373080771545485;1.81447294135558;0.819801196338069;2.81763032988323;1.69440240852159;0.671997637976123;2.19382468054;1.77668156502835;1.51868814799477;0.0561518929706689;1.40874631285481;0.00822580203933404;0.244582899231035;0.988434694721647;0.220491138773334;7.67224591260798;3.32273327365287;0.190386790143134;0.852036161400623;1.08172723191791;0.304940580849284;-0.289194295520324
2.22171358706429;74.818565996689;3.39305764598989;3.00952734477887;29.2641371888704;2.3916391751641;2.09068716946236;1.33760582081629;-0.510991404642218;-0.980367833414495;1.82356629735867;2.12458010219313;-0.467420326994015;1.20371487131027;2.19221802938814;1.23973838644433;0.212977414726605;-0.33262558491661;2.34595441232661;-0.309830093364347;0.0962326896564904;-1.19165470928831;-0.058693532258262;2.40789387958682;1.30727240953565;1.18761303115582;1.89028982757986;1.26291713456396;0.34117340369003;1.85282487745391;-0.167982604130681;-0.152102582752633;0.593900656927098;0.230457174107089;1.89082339604358;2.47689288275398;-0.170362694591656;8.12031856311856;3.5184175289163;0.834098446421189;1.48805875012933;1.02891458734861;0.356319242580628;-0.260430551905583
2.87702283434936;70.8926039757631;3.23267142413108;1.29770140582491;31.3764152957342;1.85628406048729;1.4039102350726;1.33015047559779;-0.0675506685932431;2.31520112372638;0.855013197634658;2.10447279099087;1.32698738651211;1.34046461680597;0.509325200420547;1.11979685849864;0.132694107373893;0.998625739088401;-0.72653440187965;1.02178189706158;0.405097587906801;1.96175058719178;-0.591343153901514;2.65219317282772;1.63113655687485;2.21307234229889;1.73990682374749;1.55209849976728;-1.30612804353339;1.00459237328415;0.627588647502591;1.24124830811071;2.35767400972523;0.252394276464055;0.108362916519428;1.11337714844704;-0.0488095234360328;7.29550417304867;3.45135443656744;-0.227107891391865;2.10318123475959;0.194186300885778;0.243709552182134;0.379479491651646
2.8910567842067;84.3229752995432;3.03534000229131;1.86270225424733;28.1396767237865;1.12841946887;1.9331336089959;1.18556954227988;0.406359562339967;0.576215678718562;-0.631580334794745;2.13201943773001;1.26339547392077;1.08120454595334;0.827060168295084;2.47548672480037;1.11943309123827;1.71951007354738;2.85757451928792;-0.0803453697606253;-0.509058182397562;0.37422825183579;-0.143895726770036;2.24741735607471;2.63715138572018;1.40236812105942;2.14862078329757;2.70869193394025;-0.337551227284822;1.93937868416885;1.52898734194406;-0.042792706035447;1.70933721344557;0.605099149901292;1.31137027731073;0.546852888176551;0.0234286152137463;7.69449605943674;4.44940974918274;-0.641352213419317;1.22163702961221;2.37559112975843;-0.349870297383268;-0.617596328625861
2.39825152821247;75.6986770525869;2.15189091921531;3.05581383435409;35.0719987269529;2.21534562510144;2.85185619445198;1.25422666484321;0.692598538941795;2.25596383143811;0.729008086828502;0.817612312125305;-0.403588153789973;1.49283695082394;0.982034766384252;-0.58573604125985;0.298886014040884;0.152659977701406;2.08200793652024;0.563707434379876;0.218800815155424;2.03049105920312;0.457494672582527;-0.667022041611126;1.29565145918634;1.66213324316802;1.01206757332923;1.57737379859005;0.661416053740572;-1.01832434697265;0.897350139295256;-0.503472819295251;0.14825014952885;0.582159526198676;2.07549467847147;1.847037433939;-0.225531883767616;6.99658293983601;3.94923234599628;-0.837720477226094;0.957324742049263;-0.081855048387744;-0.0441603688686027;-0.638689981120014
2.62491662646405;69.9152223528957;3.27016723449662;1.25564483364465;29.4489808943474;1.37604544036795;1.66457621843928;1.5066009709515;1.4529873710311;1.00855950095224;0.814109678627873;3.24394211750024;-0.233902814101228;1.71290676470853;3.03279013935473;0.513468187282648;0.104120064460085;0.80271718263278;0.312110478324713;0.23968968952835;0.508686657269623;2.21814480901417;0.0383788056795578;0.949240649364615;1.81535674725846;1.00997996760239;1.43430583368838;2.92236594559748;0.07168273228602;3.19173887721222;0.374300191177336;1.72444160053961;1.64264765959538;0.769576329241289;1.86341894172173;0.847144298342644;0.0201828600134087;8.40266614644157;4.58632513600363;-0.0478417932748975;-0.551646251248946;0.295592182975801;-0.161317294579302;0.921328329364655
2.69822220818496;71.089368425071;2.44149073963125;2.12638579288321;33.8512992786174;0.910674919809497;1.12234181774556;0.371254383225456;-0.261271479105149;1.64016861871391;1.0564942458392;1.00186354313765;1.46698013401982;2.08662384833044;2.11755707024003;-0.232115323590278;0.128301616903202;1.57399466657909;2.41714013076333;-0.914965752785611;0.598908679598591;1.40794160343408;-0.0602227206220606;2.08569478119597;1.22527296959869;1.45490829786315;1.62634930901561;0.955910720651987;1.26298967010612;0.771510993561835;0.585346662411088;1.32072518276917;1.9291369355788;0.892586013323533;1.25082607084475;-0.339210596699389;-0.131708338460723;7.152047087648;3.30808443535054;-0.422015893017234;-0.106993856118205;-1.13414552558571;0.507934335374754;-0.574034355107669
2.88888481799486;75.5454398831063;2.21865260109798;3.07033144713178;34.5803837251092;1.55534723431377;2.78678927655785;1.54104341337975;-0.0439705460589284;1.77552163332461;0.137353276413416;2.29930199697592;0.119003503269012;1.35573020992259;0.838899082747976;-0.569374942376253;-0.732337656589807;-0.303707809023542;1.80306581215591;-2.08701698341924;1.47618891797835;1.50207823289462;0.0786782070688344;1.11310473497407;1.13087329917369;2.3339698906684;2.47830679031961;1.82267073991569;0.045160629157564;0.106248642237184;1.71302334989648;1.5771812815744;1.627985866143;-0.154968836350092;0.668930357445189;0.849069743673456;-0.210934256536956;7.49395654733776;3.5201859144667;0.384267914166901;0.488712833229218;1.39411290495255;0.161455783259728;-0.077706816126997
2.82525652091204;81.0459375168486;3.31591814817472;0.730987987955037;34.632429452028;3.17977471662893;2.01266768310751;0.762294531928861;-0.476877407766867;0.168749827598116;-0.464349253221052;2.32402142648995;0.626340649360778;1.06950661774559;1.74627517609442;-1.77931408944506;0.520097092479472;-1.83946002106675;0.503916647361704;0.297816438847434;-0.0937579507626197;0.0265505567527238;0.341396817142009;-0.0284508102904288;1.16060894932936;0.405497600719936;1.71109833392845;2.24138356814698;0.430398832372272;1.12793207659377;0.850331036861978;0.287406952631961;0.986402929274763;0.329812061047051;1.59995714758149;-0.206314371526017;-0.15594084734181;7.40531612649255;6.28523714969463;-0.772762786712019;-0.40251378359698;1.05711405122178;0.530339094981988;0.150547042959393
2.9450790678679;70.9453223956842;2.03335680656579;3.35538209631795;33.2941528213168;0.567403626748229;2.23024512427306;2.70659145289246;2.47181754838858;1.45733840501751;-0.719792150053702;1.04251066126865;-0.363453541034673;0.56884380805645;0.474400809241952;1.52311710885699;1.11433170434851;0.22135372828773;0.987944258756563;1.15627406202452;0.133701422132153;-0.957645958704609;0.0367907836710642;1.82164056583745;1.18276497793447;0.750308308184106;1.98219864751611;2.45649546213068;1.14387605447584;-0.556968251456524;1.60939299456339;0.906924276781228;2.56099385003458;1.68780057748175;1.13483339028734;-0.431787661199178;-0.223802866386486;6.67189878272522;4.27671363680333;0.457132237943528;-1.06258814511007;-0.465533086704295;-0.0870637371417519;0.71860317690356
2.29963162853588;77.9501486594738;2.65096959273942;1.94016082923635;34.0568259202425;1.77238750337586;1.88910604709063;-0.0793855103328935;1.56094450468987;0.611412317078863;-0.898983919288173;2.6112036104587;-0.197721461620588;0.89318890401197;3.48018191588187;1.67559144055759;-0.153908470006292;-0.214242347369346;1.5224504322272;-0.00747932100020143;0.683361031587668;1.74689025371645;0.118992668401811;1.40161120676873;1.86942445644763;2.13104766449818;0.784303703057956;0.840992497143234;-0.65232546559551;1.19218167834321;-0.675538130099819;0.070296325392107;2.02032672586431;-1.93049872329029;-1.34219255513054;-1.23357975876607;0.00914147647701805;7.4982607312981;4.15102066646184;0.743356893986557;0.120916788601938;0.285997450258676;0.0262053612207591;0.1481170589365
2.30407156517583;88.1475218315527;2.32833803323466;2.31233016192011;32.1002592946703;1.30664332113565;2.83568798271262;-0.0605657010180627;1.42571864646975;1.1183195872055;1.25535791998147;1.43679906939405;0.822578809840059;1.17304791181486;1.7701633975913;1.64707083289771;0.541271212220251;-0.585311862003092;2.44821858571259;-0.681850559780922;0.916210913359102;1.14783375711376;0.405969028135809;1.27894248931972;0.868874032358396;1.78479590524153;0.615433556251456;2.2608227415132;-0.0649298809164887;-0.807710453966345;1.59196449184954;1.24289033560883;2.91835653297176;1.47316420683572;1.8764310970753;0.761041809720594;-0.263603235498102;8.49498672232742;2.72495867095189;0.0720522579779309;1.35352021991544;0.706944468653003;0.578242551561825;0.70537613567227
3.08211784546287;72.2199814477531;3.40991364045745;3.38420064656762;27.7472480000587;1.49433494695199;3.80475818053322;2.0443691850398;0.885674023681872;1.0074231653256;0.273707917287917;0.825218271455099;-0.491722000500137;1.05162901516249;2.63137776840834;0.78292169458858;1.21334630522584;0.830790779188887;0.515842278393223;-0.0807190179230092;-0.120205503434326;0.982370508497537;0.060123124566359;1.71297272608296;3.26122031526527;1.22437671105078;2.12043718864326;2.8638720987229;0.319991708842838;2.22554900372955;-0.263827183904198;2.99013807169192;2.36987037746616;0.494145420823421;1.75556150806177;2.10358198813253;0.400324614896257;6.59117887021354;3.3537591769555;1.3784278774845;1.1978469936042;0.797320231209917;-0.00202684129390961;-1.01941776737714
2.48330496028391;75.3986335039134;2.40244698346321;1.72850627686195;29.6419542732158;0.875517161746866;0.88140593362823;1.27652151225499;0.998586223069183;2.00989111776936;1.28702522538126;0.988793787623699;1.20330115842721;1.69922009293903;2.17896297978617;1.35437937800004;0.883004756540537;0.908302631396488;1.57031464432638;-0.83430677696245;0.42822815603446;-0.0304425805061042;0.27991085544728;0.89652144141025;1.87080680864064;1.7105073957306;2.44460532345307;3.25707588620401;0.54941173257966;2.99157507597007;0.772261717448139;1.04729733536313;1.21500678321881;1.18134400852738;2.51144900880561;0.403071195622282;-0.0064323388832113;7.76858134215238;3.30660987395198;-0.196341607734728;-0.108393054672718;0.271142801099445;0.206979809964783;0.85441079997972
2.7626933867047;74.6866299032669;2.07338340188967;1.65409267667156;30.2103753529555;0.913057507865415;1.0752480217534;1.3193300946268;2.94557137264353;2.05280747105892;1.16123132494767;1.32344323598416;0.507190120190274;0.604038138814984;1.06355090119881;-0.412606691785785;0.71696865011804;0.0157653673822915;1.19401374349667;1.40334679160311;-0.671286201445057;1.76547605166035;-0.146452847841658;0.765863981547438;1.17702989558842;-0.214884591271927;2.23940418618665;2.11393409556595;0.494318796132899;0.520251119674161;-1.31494266119276;1.12099943896589;2.81860129788026;-0.183048351550819;0.465274069776009;0.990350302995275;-0.250888976768231;7.40846629580217;5.97820596904677;0.177366714684946;1.6952916717424;0.560099855724563;0.173825966356448;-0.218584712440947
2.33902485931591;74.3141887336575;1.97901828447476;2.66229642564701;29.528112735395;1.21995959081034;0.699394661339233;1.50916223709144;3.05597973689903;1.07031910740877;1.07946525351512;0.532956092182447;0.48692685582514;1.07433023422654;4.05057621193839;0.439108024963777;0.223190401050768;-0.164692008417952;1.91725741432785;1.08639066766809;-0.490509573541818;0.273331897355625;0.819265261130267;3.60348960197712;2.8142522796967;2.88184845466784;1.8975737834161;1.91084636714427;0.0618742524017654;-0.166326513710246;0.371622299172786;1.60414652664883;2.78262073155635;0.358605349502648;2.07525829633754;1.44384856173147;-0.474285890447926;8.06011115616826;3.6142786278156;0.546011941380976;0.187075930616043;0.617180224377237;-0.218632094585156;0.683548716413471
2.64591525224546;75.231147095605;1.54090213509059;2.28495938328568;37.3330091596148;1.93782784458758;0.926911045277131;1.94620193517953;1.81278061147056;2.35064460624808;0.779455161443518;2.2992463792193;0.109846997874509;1.44530545008527;1.43247072600246;2.24824071099246;0.832181152028711;0.615325027869883;0.803072210524394;-0.355647323439736;0.329475815077882;1.11365899113589;-0.093868139930904;-0.133966829732633;2.03559844297328;1.22506982576518;1.66630715732629;2.65303289217581;0.955764743308457;0.527213321358093;2.19683954623531;-0.0341568928497002;0.929531260305109;-1.08801484407096;1.25319370211941;0.513871113914828;0.350761027829923;7.48834591289782;3.87261249805461;1.42569411807496;2.040033695999;0.183011501647192;0.344854256154454;0.155848132954789
2.08620068426164;76.8783794110745;3.10860186036777;1.7087861977743;31.0109262938443;0.954423381025135;1.05636190132908;0.755771276781753;-1.12640311277644;1.1556783380151;0.858419402745673;1.64488015128084;-0.377277908170607;1.657053009763;0.324260474991674;-0.135918639809672;0.776539960891929;0.400715525894631;0.726809521364192;0.402047236412833;0.402400523759794;0.402261650083771;0.679789514006427;0.575998781791922;3.22382317554693;1.97171009369474;3.12922874648207;2.46642988191313;0.849815390121912;1.60573330741158;-0.33520314077856;2.39327436465279;0.612583522281806;0.0602020844064589;1.43817982847506;1.53829768651871;0.137276085770898;7.63716109529544;4.72657151275837;0.403326900542708;0.0248115903254241;-0.739885869872207;-0.0882029562135546;0.13719130184561
2.37706010768956;76.8567797170841;3.01525751875507;1.8336155134464;33.3339505109648;1.87308001035809;0.615016255960272;0.757255788411459;1.03128474673796;2.01253116999679;0.055839390899692;1.33074955087054;-0.00779835247389835;0.577880172255246;1.06455140487954;1.18967061166283;0.974954897462558;-0.178616836581564;1.61348947048067;-0.737369800199353;0.235781458805555;2.3018786185647;0.26675223484399;2.25479709327073;2.80252827170412;2.53695014836823;1.76769530363621;1.96886576303695;-0.328387128086775;0.0505966185351249;-0.852683657681154;1.45882752696865;2.02347771153745;0.370628308023293;0.666915744236401;0.619809112795734;0.060480701198806;6.81559410782016;4.08462476058888;-0.389102288062288;0.108690001705526;1.35078279916531;0.189490391230812;0.670260620974846
2.39662804242883;72.1748326316413;3.01433774844999;2.89349833818311;32.1314064048486;0.384373045082224;2.12299989358017;1.80026143877036;0.517057338105118;-0.628394317393792;1.10729586627464;1.89404476869709;0.57992696226965;1.41797624640781;2.7145725085152;0.0456454468941923;0.783654115327659;1.3474287280516;1.3829307767613;1.42863536526165;-0.0382550849561329;1.90171606603323;0.0532460308669118;1.25602167321283;1.51572076281191;0.833504471823335;1.42016131901453;2.32792262855638;0.259628117478314;2.00554267744717;1.89942885724458;1.17586302977615;0.159557369153767;0.39245874304575;1.26392084892907;1.00022527755094;0.239968394223069;7.61490778993022;4.3926241691995;0.739262811836431;0.721508266613354;-0.185674516071017;-0.023835505002837;-1.01065043950538
2.08833026148751;77.78778502424;2.90913262921527;2.65654326886316;30.9973900248345;1.61652215786608;2.50247106204125;0.504078862834572;0.0619935861818497;1.17445385640994;0.729756154686884;1.84445575871783;0.551228850052612;0.769836285725074;2.07468518516918;1.59645471104995;-0.791489196400227;0.236760646075992;1.71299058642471;-0.266486413093099;-0.121812103320635;2.05048633199976;0.155903056229195;2.80931066352152;2.44617902179368;0.639017323188336;1.97371899093835;1.67949141941995;0.657981170130904;0.454154485538399;0.325014880717349;2.37682714991837;0.23823636387534;0.753639608408062;-1.03689790180638;0.0585235206583074;0.00320160465419976;7.06300731791796;2.87891440751477;0.580201956130918;0.764225590552838;0.393361379977105;0.0762105823859123;0.225964423395475
2.72905129233529;73.5104985216803;3.14283370740243;1.53545687253345;26.8713628621323;2.54506191874554;0.982695496461096;1.70842645462593;2.72979968756202;0.0475371201411452;1.2447289542334;0.877314212908074;0.43777617132245;1.5309145277929;2.79358102761798;1.27668270573758;0.515413600059798;1.08906506428862;-0.213537435498851;0.914768233797983;-0.920288386003437;0.347575309214794;0.475843354458515;1.27744717305982;2.27537680039411;2.145115315753;0.723632662750703;2.01484384672029;1.01787329186719;0.80411658712113;1.70182800219371;2.88618060883264;2.63884581283078;0.797873238087177;1.69264310156273;2.76911933752666;0.383446119915493;6.90117587114106;5.6316010850756;0.812069569817963;0.502976657632377;1.08868324916428;0.218769337629351;0.172572137757539
2.84659733837291;81.2026277396923;3.08409949900822;2.30329902801506;23.8381918286865;0.945357296512969;1.76887461343758;2.27028493114278;0.842970529191092;1.4883339278423;1.31876703937205;2.59719486603197;0.512331495376376;0.886655045571411;0.633456500441872;0.478771317089041;-0.126662655406878;0.73942689814213;2.56602463825104;-1.0870354199349;0.248711706888171;-0.435226474051065;0.201600653660334;2.06713915668352;2.81962034391522;2.33906272289803;1.42434251020488;1.56533490675842;-0.24809245095544;1.51808138038732;0.237292128731405;2.67566453376126;0.890941048958863;1.05558556359507;1.63698335522037;0.775805958288337;-0.201504627109491;7.59569752104839;4.76608343829097;0.584397752408514;-0.427628266850555;0.0284212142657451;0.223000565318587;-0.0277208368289356
3.32610445758612;81.0582664348745;2.67125365788344;2.02643890418164;31.8492276645354;2.67227928414466;1.8933073664333;2.84331011395381;1.54279130204458;-0.791133215200388;1.10954318821469;1.31468540128443;0.441226131537874;2.09747455017888;-0.164267031066812;0.103738833891517;-0.0518946304621683;0.731377974834689;1.00444863566404;-0.730741188839706;0.428528429408036;-0.418069396211471;-0.134302210964473;2.52560444609748;1.71589876977521;1.60732885958795;2.05998174819902;2.41151265156202;1.14359462419979;0.54635620075639;0.496452398039064;2.44613676701848;2.67592920197555;1.23287355983507;1.08718435520641;1.58514682708405;-0.428288045764092;7.6114279772762;3.23356807949866;0.402169421842643;0.218106543778567;0.806880931578443;-0.260927185854406;0.86723892922543
2.39466748403596;70.1289957174603;2.79948415119819;2.47994834645504;29.6259755628886;0.838036659226418;3.56181280922877;2.06544642589529;-0.447369740035103;0.976300591179293;1.39044368511508;1.96270112547162;0.267425712471601;0.977480311700011;2.96866003917385;0.0772820331050547;0.318413315475666;0.582598819962533;1.06550153094693;-0.205191317509323;0.493258614109541;-0.0535916146157578;0.90179658533485;1.74638052996135;1.77486044792421;2.13385790661516;1.91699352498396;0.451867376266084;0.568470350854048;-0.263962248930995;-0.0581311975041777;1.05882431784162;0.944090675404515;-0.198926319373958;2.39209795048461;0.527723621952318;0.247437553288295;6.92779014730912;3.53503406364295;0.622881236292557;0.0716258633885829;0.545094181264734;0.665172116146795;-0.301492813859029
2.45847006150063;74.9739940128662;1.73709183588723;2.10831704796041;31.6846985271127;1.35233625033981;2.94314160609888;0.784065940862578;0.623732048629911;-0.247914701855803;0.10216532386585;1.97211738006036;-0.0280965309727453;2.38755466981413;1.47360810415312;-0.373113872622319;-0.130209455285052;1.12290383631679;1.77492205654769;-1.32954825402705;0.433664077615957;2.04451052751658;-0.310639396958604;1.4096311601447;1.61016214020984;1.3204595906811;3.27671032073491;1.02812373633537;0.627820080106799;-0.52132214796863;1.06496352743397;0.166146458096089;1.10946421170141;0.513599170084081;0.277608466243419;-0.18189200124973;-0.186765579311995;7.67209111165208;4.16479138480221;0.30516601574179;-0.119620078209397;1.18415719650849;-0.119770055318041;-0.723138939862207
1.45672143078937;78.5665740187179;1.10475229653515;1.77283250643202;36.5646442185325;0.0376338560396636;1.42977701123735;0.760167952705597;1.38496181826886;1.41282467121531;1.27965717652922;2.01623091006355;0.538334333167231;1.07877191857596;0.45113329610158;-0.0885881752640708;0.18299156489578;-0.679469301718264;1.48158278926902;-0.172287198308485;0.647004894971571;2.4271780881829;0.265245710041492;0.853963645170976;0.446529966884273;-0.395403461953245;2.01298709598167;2.55416091145644;-0.737686917713728;-0.112568261095528;1.13059773278221;0.0505992707116313;1.74753116979856;-0.744346465166384;1.01372259358478;-0.11741762893356;0.387652935534469;7.14279960790629;3.97510615602195;0.306529137030446;-0.66646430041786;-0.508332177130478;-0.127533447095916;0.838770771323161
1.85067172133246;77.5346859694995;1.84419674618234;2.85012701865223;35.3032878665518;-0.756715914325597;0.396820912933974;1.83363011116706;2.64109087085111;2.21193579452093;0.105058353530313;1.524637471896;0.597120385693855;3.16606443899457;1.97459940692561;0.815872291007415;3.07480560114615;0.649283188958736;1.13686762087047;-0.726735899221056;0.154387386252405;0.443405682892083;-0.127497402045431;1.34550099393863;1.82827222829261;-0.381255400740705;1.70632776132799;1.7154130737253;0.741419797528157;2.73144915366043;2.06937717277619;1.49463687110664;1.28812551585296;0.772453675683339;1.88550123809452;1.03159601100284;0.618091529883818;7.19442837801172;4.458830776748;-0.143365907794841;1.84917065205334;-0.646400442733425;0.47049818666832;0.321225116360789
2.85700739320664;76.1997359198807;2.90830040336651;2.80238037562076;30.4409772426981;2.11376236146276;2.29648373673139;2.23632317459794;1.21821312784843;-0.0763293362240638;0.1989672574583;1.02454035748352;-0.656409164990388;0.905814677144502;1.91376474084777;0.426983703827108;-0.0261638101357099;-0.921128079871338;1.17022965423736;1.30488298242962;0.332179562144454;-1.06548764592559;0.289941666254738;1.9196682308011;1.32920218732888;0.82854683745976;2.36450104474302;1.03708660231323;0.786322999311309;-0.0482762904273391;-1.63422285321475;0.880983791047726;1.40255969377387;-0.201825279776559;0.823389206145336;2.39782243810837;-0.0585501891715;7.51707042542769;3.75239216881041;0.530768032672424;0.970094021398199;0.696958036569467;0.282086959794918;0.0625775180078172
2.4560635852008;78.4258261748503;1.3148137580821;1.03734465465493;32.6766213079985;0.916087686398248;1.69490637467774;1.42376281264424;0.971782264757391;2.37255527366414;0.860423975639411;1.60503788571467;-0.209411169721568;1.20208033874111;2.02160585617576;0.295549189929722;0.0865665536175648;0.125763782796527;2.10353028173041;0.28148173058352;1.36104429123884;1.43818585358209;-0.226841887200893;0.930878963360146;1.27203065598674;1.11943362704698;2.50594130358812;1.41729284368645;-0.824761771346023;1.28623684904936;-0.0787796909559958;1.5774061032871;2.01312439402023;1.52269776406411;1.26938480614714;2.01437765787297;-0.0579957815446868;7.38907146720183;3.91102046170711;1.23587000186045;1.37436188921272;0.728011961945702;-0.0406554501476351;-0.426678115431248
3.81591259561886;75.8230315640155;2.20654156908967;1.64026539939266;33.7541702598222;3.26570518525424;1.64260778802059;2.25676669767084;-0.00225565517104365;1.85975609475291;1.64171751944329;1.50868853361013;0.641568114185949;2.4861371461739;1.48805233846091;1.68743305381393;0.434814522508864;0.501737711392048;1.95971946248496;-0.337233083930755;0.611565372018319;0.85179386202085;0.169176494871278;0.377870819885442;2.8777196606749;1.55476712723727;1.12832675962624;1.51691770815926;1.39600137276354;0.586476485014352;0.435632553701325;0.415332384761668;1.32779067990912;0.300635178518041;0.0934071057709089;2.42037360344295;-0.00492917520042151;8.40920907937564;2.82861602042532;-0.674723892424091;0.310975326300848;0.914332642328871;0.376487449516398;0.27392867660444
3.19570588544394;70.8636894014988;1.74316923745839;2.36883907255634;33.818074029203;2.44828806659371;2.85146480314396;0.661956141877619;0.73698963103034;2.77001348476213;0.211716932247474;0.930925975427188;0.0463167258735655;1.89973801136152;2.7401247665897;-0.11803001560901;-0.750072299672787;1.21090212420205;2.2345234262885;0.612535525750059;0.112848251665052;1.46553712566279;-0.0484129687167381;0.53858899362546;2.29263091304992;1.20431856042193;2.21752868672786;0.538420185658368;0.195733511341801;0.640334993291558;2.61508710423239;2.44244260168551;1.7786018005043;1.70628664322146;1.76560280469883;1.4646701510773;-0.0338514599604154;7.86995939534995;3.73407273534912;-0.184216404893584;1.8626817743154;0.356887834191849;0.198949488788041;-0.479054310822531
1.94241433547082;76.447978410687;2.11738907719601;2.58467167054939;30.7840422838082;0.359853298732449;1.19507044247527;2.56196126903727;-0.196664708445044;0.837451003644897;1.54200948938952;2.31982808348958;0.318786312765035;1.56105835355067;0.427331345090351;1.85361337436164;0.935020760202123;0.792846764484546;1.11631302853069;1.12651817673103;0.994853423179805;-0.406663618755851;0.0478984586486689;1.93432572990474;1.31796498098857;1.83707499866896;2.49700628038921;1.90750264526077;0.464800176863923;0.727721783035798;0.129883230318199;0.324260534069212;2.29045154203649;-0.0397374655728289;2.54414285021186;-0.159746669439839;0.238276603933807;7.55371529739905;4.08053004002838;0.901878063535675;-0.267404509224375;0.0104176903512719;0.00998877569178027;0.23449716272932
3.16305743614642;73.9800010410809;2.86184830571222;3.36592438659466;27.7764757920388;1.87698329757559;0.751602147746629;2.21399155770959;2.80415663569053;1.01937733828831;-0.315917710081239;3.6481554191959;0.262137998109362;1.52026840463587;1.8472801036758;0.699105997520162;0.525373542709639;-0.300935788243416;1.85326052192494;0.169401730536742;0.100127843423066;1.46952425625864;0.0104019310136851;0.466457635041731;1.59459470245168;1.39816208897205;2.01319397462581;1.39800677372616;0.625668065667308;0.715970955297131;2.32961062648689;0.319182849176737;1.66473062178601;-0.581436019814667;1.09989035606191;1.12915887557098;0.274938084588832;7.74466071041601;3.74965299320447;0.53557282739613;0.427536375900514;0.627782462913294;0.00553668595771653;0.491712038749809
2.58380807675986;74.423165461452;1.87437318484545;2.07866112929102;31.7804204172677;0.819027333255952;2.00967977852664;3.36282221456359;-0.408534866024621;1.36523747717273;1.69808160486732;1.38237383912333;0.964381903652507;1.83771484858463;1.50173148431371;-1.27471043316403;0.751624983703288;-1.26363498774851;-0.019924553993131;0.663041973339223;0.39479190233445;1.8460930762254;-0.254293998336772;1.66097212360393;1.08235983214843;2.15680139819755;2.49115409098985;1.22215655181632;0.934130006201924;-0.533591471628448;-0.984377627531064;-0.706441432390384;1.46967833106111;1.1466610180176;1.13877249184113;0.101809540857694;0.154257801360542;7.42534324939834;4.5043861173491;-0.220916973102208;-0.286287799586448;0.189184257220304;-0.488869853925067;-0.421424513869433
2.20966297957727;70.3262401997229;2.31190057378719;1.96182372053886;26.3227487274746;-0.124475494362414;0.667955667949682;2.32588639425982;2.71807254909607;1.2584763222882;0.397737187336303;1.24019154699387;-0.43134402774585;1.14031096428828;1.07328649888229;0.0270359171218709;0.843425045049752;0.814119787647183;0.375853870823281;0.104678641366365;0.7578683606088;2.10950340092144;-0.515732235476858;1.869627580386;1.53085014635788;1.97716002519213;1.0757871701325;2.37221266534245;0.506940467226763;1.39020532965527;-0.43971711745271;1.52787612657233;1.0736041095863;-0.253588085052211;1.76699481752329;0.507458248370084;0.912926424566951;7.28496325042612;3.16942599091615;0.0133824564589354;0.991941237047165;-0.134098813440696;0.128810795789456;0.591467872056706
1.98043053654556;80.7061461772531;2.17147539214781;2.42491631273798;31.5495407221709;0.406780941576786;1.85969481764166;1.86401704371871;0.886925958006816;-0.02657420663345;-0.357939954997013;1.370421721303;0.202078527061546;0.967904504406183;0.711863540170742;0.203575457526348;-0.0401516390583997;0.999090539881551;3.45171682815317;-0.0318603752622023;1.27534475894176;0.197301149753378;0.230379658993294;0.211347987632497;2.67195855416682;2.53047283475891;0.993949960022541;0.89314852961061;0.203703777823704;1.6971835839494;-0.377246952175328;2.49564084567965;2.68919533518217;-0.742397317421648;1.12304455444337;0.560064961001732;0.177820544739344;7.20268124079795;4.55577096315756;0.495640911199754;-0.528143902955616;0.0505080980149182;-0.171697041564678;-0.3976608753037
2.86520874601576;76.0162514176724;2.43819756374071;1.44632319276123;31.6409893994387;2.11670045440516;1.83019322608662;0.826365045805629;1.32008898474707;-0.0781123740490155;1.58541318284529;0.88376056519121;0.843935986698295;1.37042201407378;2.12322945017237;0.786362108211134;-0.792957829601939;0.810740032707934;0.768761414672716;0.553277945649342;0.428374324917774;1.08284432124178;0.0175375331482994;1.6399880665336;2.50789051623085;1.22344134684735;2.15571069939976;2.18864683613354;0.0994711771357098;0.61066549191125;-0.155029424899192;1.30800972237588;0.220188872485933;0.24601127492395;-0.0608673740373677;0.70564788996839;0.198810881964587;8.09686811753641;3.44621986988216;0.0213908922163957;-0.528173455418101;0.163926059214841;-0.28297652069543;0.214495162384355
2.19630193998668;80.8008215816722;1.93444192371714;1.59094139809482;32.7449291044982;2.01535241262941;-0.0526746038077162;1.70566353779272;0.95207794514207;-0.326945840921021;1.45471066668265;1.50734482356067;-0.590330276850821;1.49750651152649;2.17732412061318;-0.172390142044578;-0.523651545840496;-0.698901950474436;1.48670958117978;-0.823432078624297;-0.0186069643393672;-0.741129707877786;-0.478773491381174;0.764121434075443;2.42087019030833;0.252933897108889;1.63214402728056;1.78019721422096;-0.678722782722067;0.617227735993087;0.125207514105574;1.03307998758661;2.76968784338858;-0.077855306859829;0.965608402570402;1.60299577149687;-0.200925992134243;7.78875763918165;5.11155686634626;0.291926145620073;1.30923634690471;0.686551873576228;0.212478028944715;0.628276935744848
3.19205116494809;78.535326928128;2.24491833247329;3.34445341867139;27.8603233332929;2.6432950579339;2.84588696111898;2.00306075613282;0.858480852270057;-0.486806027282436;0.864851645241551;2.38560050204465;1.29338295691595;1.47797925670619;0.293305145171928;0.955996493402469;-0.310587205066667;1.20710757434003;1.0879647107654;1.44784311445197;0.707493761751782;1.49835381208343;-0.0781974524114305;1.28631976547622;1.40115231804928;2.80321636165244;1.45214330054589;1.3791076137549;0.254919501803634;2.69689088265524;1.6864441017186;2.04186870980489;0.98835070602721;1.27363621185795;1.41500367653378;1.38586655388619;0.345637960102406;7.58075564878598;3.41099839252315;1.0450889647442;0.0219704294872922;0.0583633170548523;0.403725000097433;-0.45049271836668
2.65242538884187;77.0816319889702;2.12314662695353;3.05075958607674;35.1064927245333;1.22445535516059;1.26048973219654;2.08033646565003;0.114870693749463;0.768867666773131;0.296920089362489;2.16012959612389;0.153420921131706;2.13735185007051;0.707191803663422;0.137412439432487;-0.270700702795028;-0.420230045222244;-0.784423982501324;1.63530514842251;-0.415693649065779;0.745282465215381;-0.160492022456097;0.139367299565859;2.21567008135212;2.19166086635538;1.7445425872338;2.12742801385448;0.716175354173299;2.00010372474629;0.670456107020059;0.78573680566299;2.06332366360152;0.254454224227953;0.787968536767263;1.49152395500231;0.651933971423985;7.69610723337573;3.256836260831;-0.337924091037575;0.818129592943581;-0.679511729711942;0.256541948912014;-0.103131086607852
2.73138968086787;75.660056777633;2.7912445719653;1.95646522869241;31.8089544589364;1.8437931344541;0.758741146462981;1.6359059389148;-0.567370247184699;-0.258888702123656;3.59006204732896;2.25349273744699;0.915794655103073;0.384408554854566;0.464519496614657;1.9628725526024;0.230988294163226;-0.239764589998106;-0.300050685695189;0.202085152631166;-0.300013141113531;-0.455586608034928;0.304398910059031;1.86201603895672;1.97703510674126;2.11911753227286;2.57232733347723;0.874632915075551;-0.877119090144189;0.7959402319083;0.611121237918379;1.99674078700201;1.86056415636245;-0.00130199092854057;1.33170802206679;2.58896367375201;-0.242506382343516;7.95707757897098;5.05975945548974;0.42934423515381;-0.704914699670037;0.242225199076411;0.344441367371932;0.161963812556737
2.80491441443949;69.8984751839813;2.0644766033295;3.08807944702697;33.7903530930346;2.09362883539266;0.933508748933434;1.13240340589998;1.0170348811628;3.34998767976983;0.266783841434644;1.59720155575672;-0.0985642225526095;2.55317962456609;0.62560861245649;0.92093312816528;0.818546692724337;-0.334936891623028;2.22238501051259;0.928166981205407;0.632191116207791;1.50136970333802;0.0544603372399808;1.43303024970976;2.33335838009355;0.525000244137835;2.13221407439795;2.2719768522935;-0.317729364781021;1.70811551603565;1.26191049775259;1.53279771050461;1.32906409922629;-0.0774977533752752;-0.126408637016095;1.72356430089387;0.0892973020868004;7.18307545705203;4.61522904273226;0.440455800778609;1.67252987215907;0.647859535443882;0.246945764180328;0.279334023399946
2.04502636790852;70.9320948525071;2.99030753311602;1.52200009711321;31.4971675262682;0.918793309597397;0.340813004443131;1.86993248920483;0.0730105652589392;2.19645735088272;1.64740430878546;1.85766556559256;-0.174448578046466;1.28549886020158;3.89843129831111;0.712896912380575;-0.298253805368119;0.738300788076965;1.28535392025869;0.64210780392701;-0.151183591659002;0.753308848658898;0.236463369466002;0.564095836882965;0.592790784011363;2.43989523221751;1.02396301221975;1.87586518911189;1.96451475949948;0.904477968275072;1.55613313055124;-0.608730886156191;1.48148521791486;0.914685793380911;1.47723430866585;1.32610936942681;0.197798713119441;7.67958495792718;3.7375890463991;0.585450956700015;1.58380309404441;1.45623814022031;0.0344708543617238;0.993236929181859
2.76866684445799;81.1520379813054;1.95129219207936;1.91323013134637;35.2122849032798;2.29083242889381;2.94792909015512;2.17830057613682;0.794628917915891;1.63669911283446;1.04061323921508;0.661583731385095;-0.500433061757108;0.970901714580338;0.759860892821413;3.20714753459976;0.0780290287922273;0.713251064871206;0.783561517372031;0.524695028530394;0.163076848537807;1.71770568172804;0.249573312969384;1.41814783952468;1.45906347610275;1.59754046809632;2.18309015988936;2.14752995388381;0.667653131775847;0.232422020632746;0.26378352645962;1.3904558279214;2.96270315955422;-1.02373560519886;1.16535787854047;0.682626960599304;0.0165304824336527;7.64767718829656;3.44868287274201;-0.766386092584201;-0.393112951330575;1.00362753267425;-0.486985856763912;-0.191902476676503
2.13945329288289;78.4330996838263;2.1972873750796;1.20591782016346;31.0057053683787;0.500393011086246;0.098876834408044;1.32296254785861;-0.738243771948086;1.42166701310046;-0.356449324896632;1.34966175384466;0.176129247914612;0.897240049503385;2.69463342119066;1.43084958290209;-0.555560271457456;0.0662800517735976;0.376477992022985;-0.0815835136116277;0.00717180607511844;1.86045338305932;0.08693768410158;1.04508822692398;1.58469656768836;2.51879019668255;2.44270625999462;1.7109788360648;-0.158003913243293;1.48016919692839;-0.709019344688907;0.569963166246188;2.14436971160952;0.433227323889891;2.12885658896328;1.19334054276261;-0.177891854369276;7.76491133683125;1.70645812763947;-0.882621904289272;-0.193680372069696;-0.185691457367866;0.19232253407662;0.0949627573963766
2.53698565195842;76.9389491619124;2.38220498640367;2.21241255200299;35.6643319272619;1.45161597955033;3.43717323065992;2.07468996255884;0.721406030959209;2.2148962501305;0.446176273587124;1.30233996698544;-0.0391355784499572;1.58813786063305;1.09829438589876;-0.578195018768882;1.6275718450563;0.897730714364244;1.90878664556983;0.170918217585666;0.679740399443263;2.1744505968466;-0.115922425029518;2.12743424942797;2.3737205736145;1.38064475941079;2.46885163424807;2.56987000112133;0.712742056971438;0.549700493136457;1.880438250217;1.6027672329938;2.12948919112041;1.43414560509097;-0.712792494942119;0.903283084827251;0.216456441608612;7.46384409540615;2.60465347153673;-0.264359543161042;0.808162679525247;0.110922287015426;0.395078483889142;-0.288214039967588
2.9460855194684;81.8816207887804;2.43692470497156;0.569725772917818;31.4622756203698;1.93370580119408;3.20735914840952;1.34424715122943;0.903500129630134;1.57923198161775;3.35233802667796;1.68031189570207;0.868582014376825;0.0109308183937316;0.653718510043874;0.939408111123093;-0.0488854957101758;1.34994103602328;0.507087986921185;0.0962166443633479;-0.452664258090434;1.94526975812375;-0.205828398853921;-0.330452306125683;1.23295630790621;1.25709916884356;0.921639185481256;2.26537091997169;0.162217907847431;1.16957060304277;0.0174741610483864;3.07938535697145;2.29494932835778;0.696276876012778;0.848246420440452;0.954802357955825;0.00789390065040269;8.06849591590499;3.25387139959648;-0.426318335262214;0.319510228458123;-0.205959731950838;0.416000036791738;-0.194912181373317
2.47685468797756;70.1610811034549;2.90016799334341;1.89844504393879;32.9010957725872;1.29908682477433;-0.448384881119138;1.17521010851333;0.309035175125727;1.41334132283972;1.79246668134639;2.35567294627113;0.252853546010083;1.94606061447329;2.19701536085316;0.126675143335304;0.252062256261216;-0.136878264424504;0.328451616037368;0.118478729610803;-0.844066452626354;3.26546182845729;0.00811241130139601;1.71730933926995;1.35253098284108;1.77739919483653;1.25430569824414;1.62577019733694;-0.0429684239743865;0.1911696229516;-0.762885726326062;0.329066098581796;2.54007236339243;-0.012944324290691;1.9793240500447;-1.62332986125107;0.376858596532122;6.81398267728636;4.68091729403975;0.00432421744779757;0.00900021306585036;0.335358922949571;0.591105180349553;1.39617907359226
2.10576628478013;76.7176575305275;2.6813314246509;2.43723144269409;31.8104845405417;2.94004416419428;0.830514871832909;0.839201324107908;0.711972204771075;1.88454595466864;0.0106531381395439;1.84589636625404;-1.11305907070979;1.59954020873642;1.35442317373312;2.13867767528969;0.464178755806708;0.0831539131512843;0.639870985863414;-0.533423529876796;0.992398435557616;2.50141574721925;-0.446030525360242;1.49020979036305;0.837350245052325;1.43863378728232;2.15054251456414;2.23227297475479;1.27776061478937;0.812937904886814;0.205556367865859;1.44656492932144;1.65564768206315;0.710788957995909;0.771718002137646;0.0745253168209131;0.143731077382749;6.41275846533662;4.45006293306498;0.237064326642052;1.09866071137718;0.562839295257486;0.201935162090021;0.664837832566376
3.44400211005949;68.2968141359363;2.31087843575244;3.24752988996715;30.6317406513953;0.705686076793465;1.65284715938194;2.78973081231641;1.12202875850139;1.15025890318532;1.88612055266702;2.00092840902327;0.353314929815167;3.26973321072912;1.18453084059531;-0.119917587828839;-0.00883761830495539;1.53896802263118;0.902774608053195;0.455256969568291;0.694349073469312;-1.23322277843697;-0.428954320190415;0.677704977846511;1.37893764098739;1.93737244615693;1.28216828595147;1.94372262615342;0.00324638989741888;0.887950409674084;0.761546078553659;1.44971757909992;3.01816944192333;1.57265175486966;0.64559236944212;-0.664438258712127;0.0760632179767198;7.43326094369904;4.0939034154907;-0.698925826142564;1.98596106817182;0.458505902728335;0.0347519740133806;0.509217973364332
2.07504384407433;79.4086433430522;1.31801242303538;2.4221626577543;29.6528009592925;0.157981776814424;0.293993983688177;1.56125929700377;0.850974742369516;2.27119498266133;1.20758378721751;1.35622643661465;-0.397255864930023;1.68741659052684;1.43394902788802;2.54326153392358;0.34753522028866;0.760017848477913;1.63309838846029;0.866028932109705;0.0128253134806723;0.606049696517196;0.171123143953135;2.55150129884752;1.54792693572562;1.52489876768494;2.56048560520915;1.7471573204078;-0.0634513523585966;0.175002444112248;0.0442562896870746;1.25861915354219;0.192013345093643;0.900041538462948;0.931513877658142;0.922443603721442;0.00275435968069008;6.85479277306527;4.81159129579869;-0.0518161963005969;0.58566831137659;0.544957676483283;0.0604619230985308;-0.199725888305317
2.83933412320365;79.5675483383886;2.64096762194091;1.71527866513061;32.2382420960486;1.11468568903643;0.544246890669864;1.27950076336645;1.28051995306232;0.513152413436625;0.268213545810499;1.85240392290466;-0.435254321703351;0.267521165021887;0.855116289997102;1.70116034836214;1.70999642943975;0.582146716374467;1.96585276458534;-0.232631590460442;0.507948031731662;1.21277277441399;0.181372233696853;2.47267079200258;1.69440837021489;0.91810074282249;2.02693755389279;1.52919908346003;1.15663495753996;1.03664236730861;0.454641064325784;2.00751986124883;1.95880004411928;1.28658138391722;0.113860414180928;1.05728228118476;-0.0676402916305126;6.64332256377294;4.83370182982938;-0.418087522540594;0.837980109668488;0.241914314833009;-0.209884481475074;0.824230730980019
3.00788606249079;76.2068664537732;2.49577906207725;2.62941839922429;29.7119650040007;2.84909365578167;0.741550094533395;0.985184837246566;1.34647957877949;2.05041048193293;1.46407869100109;1.84332443443184;-0.523068586484544;1.15376048961162;1.37530935010021;0.462178169223559;-0.485001712928996;0.579415528476844;1.31001454549212;-0.00996777303070373;-0.0427239483177957;2.31237010892226;-0.292030257000677;0.541428803750475;1.95538849776531;1.18433471301977;1.74064510135489;2.74911662316425;1.28887642830271;0.835762855015296;0.350490735155545;3.58206887101431;2.23213563118948;0.137637934115587;0.341423966748826;0.362237296241884;0.0155624779789799;7.65858610223248;4.94426187337923;1.66596251161836;0.177594483948028;0.0854978003968651;0.115694708498861;-0.0842010593944923
2.4628975961509;73.6163425068035;2.75512330343779;1.33125177221086;31.0743497965205;2.36317434465334;2.33764409616387;0.761267928601672;0.955900508250587;2.7076140861202;1.93871750669956;0.974897062694953;0.981224528485023;1.89123198466199;1.77360170495696;1.70615056206393;0.377513231401031;-0.351235823632579;1.88292040825024;0.958077733099761;0.844440363159514;0.351188720903931;-0.0999612264685548;2.74706314113667;1.64492312952694;1.46737911316334;1.26964190925391;0.547783135228437;-0.77125740020718;1.53251322544453;-0.852617923169079;2.3251556993494;1.14384384942533;0.257968716782826;1.10094435419448;0.359858378484861;-0.227020818832956;6.86530397302662;4.54122515069757;-0.0524395110080506;1.25880659849946;0.0865565966118129;0.0431953755262698;0.265553232914699
1.95131165490222;74.4785118563251;3.25286745970599;2.63672849350951;30.070370522513;1.03888082612163;1.19997283852246;2.12075420526772;0.392097665344442;0.393368899594671;0.59914526916021;2.51638857539448;-0.435928692313989;1.9081431291609;0.807862780875948;1.32570587847456;0.0346036176137729;0.317266899501078;1.98788878755827;-0.02606985886518;0.464364692954963;-0.207013287166606;0.555005414167753;0.921973731709677;1.18823284541182;2.45340351119164;1.93795351561943;1.2223776982036;-0.237773478209144;1.02826570643628;0.382691381957548;1.39881049094079;1.57155468864689;1.36941295713438;0.685014712697607;-0.352191314376099;0.158377824739488;7.52897473212056;3.96834391770744;0.939914285474505;0.844547393527696;0.621131843852204;0.416783780199406;-0.29266810950098
2.98899928120982;75.8020851181066;3.18941285023636;0.826291458441839;28.5718302433491;1.33465720782613;3.04938014211133;1.25695310554714;0.446103345696533;2.14390428765453;-0.0682095305310167;2.18171277961418;-0.00514885197437398;1.93933900102021;0.292440603103526;-0.835951934327403;1.39823651624077;0.0162406725988121;1.03711917682996;0.0553846548939206;-0.0314182445158296;0.958329934275728;-0.231583892966889;0.851573283637403;1.69594559030087;0.196919992655576;1.81463739450608;1.99932166252569;0.418991946495117;0.236325104456366;-0.724842814192392;1.79930853286404;1.87622511219535;0.419106472311538;2.4301362187333;0.274166726654217;0.352529575894358;7.66531078868209;4.00644028498943;0.374141184264081;1.18213782981539;-0.318041233093683;0.375132267415024;-1.10599660700475
2.93978627932832;74.4916064085552;2.69376255061818;2.53308114565678;33.5404648110647;1.26079277986755;2.65983465910819;1.18138115515965;-0.604653046379347;1.70234262990633;0.142817708936519;2.08828752028039;-1.28744245016456;0.285122382534847;1.94268774926978;0.940283463628382;0.968198951591984;0.293224177530378;0.329240468604372;0.338727137760654;-0.214505639143952;1.67521510737993;0.145425355629058;0.846908005144562;1.10192300641804;1.93282303799868;1.99264935548159;0.995118856594906;1.7978561175035;0.747937976851712;0.556622866373079;0.302722199623199;2.04544738090708;0.0134302970077678;1.59814106098766;0.394831712029813;0.110115991308001;6.65452553805795;3.76341130849699;-0.526414954735524;0.31809817257324;-0.219724892921692;-0.241432247826442;-0.854000197597522
2.41256999767296;79.9034705415144;1.88927945929032;2.17135355404517;32.1308237970572;1.05236428864752;2.44135933451771;1.78522569000444;-0.206460625428787;1.05156658932878;1.51642784836614;1.96705180335748;0.82528261992233;1.96561032833763;0.475150864118244;0.128044383398577;1.47695734794365;0.222503527421943;1.37545062780379;-0.99230131609834;1.35198914848528;1.46035540787291;0.135325005954619;2.09056973742484;1.53591829255037;1.80280622090357;2.36646497068029;1.0265342878875;0.971624583699351;0.414276486289351;0.893475477482449;1.03289488755387;1.68737800854251;1.6925033747827;1.14231835791285;-0.233666318056194;0.150988259252154;7.76785082528581;5.05001325105265;0.821702613713438;0.938140149032549;0.293975645789148;-0.0656952720195352;-0.794505542678195
2.30571021488606;69.1883897930919;3.14100013065846;1.85359998430575;33.5860993413501;0.507827601619718;0.588421136097784;2.28243117681418;0.988369872758669;-0.377969888593264;1.68988651682667;1.78319480498665;0.962912697862251;1.07461449948803;1.67643056683777;1.49043131688747;0.946715188281693;0.712282853392254;2.75319521481841;-1.1703595041323;0.240548457017551;-0.955620512640178;0.430658435733938;0.537371409834954;2.15951275621755;1.07825781204937;1.85539571622058;1.64802829654812;0.57322152738599;3.38332096984592;-0.230620856954338;2.41138358855056;2.10935088219763;1.31965184907565;0.741318337137713;-0.285990532346726;0.0048556219951265;7.53654934489044;3.26529169893141;0.406783559005706;0.587583910656719;-0.362789586522463;0.210684041969754;1.34848156644969
2.45193602998088;73.7627159756505;1.99532376302382;2.52432827676;30.4601421397484;1.08485980968992;0.823181670153836;0.717756079901451;0.243882480593619;0.294761377568071;-0.815155725989398;1.24652030731835;1.21803706963003;1.06801816562393;2.53524440190031;1.05495972658248;-0.246024505889114;0.601623862885391;0.932874143404792;0.949895647392179;1.13420897197873;0.982897169324915;0.392372878188873;0.38209738176892;2.06386783020908;0.936217508077509;2.53030902970009;2.12736627961946;0.0128319835591835;0.310853634782855;1.7094359641712;0.90556362619368;1.15418744689726;-0.26145401299157;0.89386770594105;-0.643785487885115;0.0878926342674933;7.77652573307702;3.7947579499687;0.395087295658175;1.49201522793134;-0.974845540992524;0.0497479945105588;0.166344510553559
2.03555074452164;76.4284905711926;1.89058472512788;2.33002319180595;32.2673110153286;1.36837733336699;2.44676275577262;-0.271698430340415;0.102425808314235;2.61102205935133;0.0142221478800912;1.75323332913428;0.32134742492659;2.03354300228862;2.68939899634333;1.83856775249146;0.773249254197027;0.531836483501743;-0.468351982455691;0.634470514470613;1.16122890543187;3.06764693773007;0.00247767172183662;1.2696551981138;1.70786009116305;0.290514222608051;0.943765512238854;1.95823734504396;-0.43654075201481;0.0749881033412987;0.92457995285328;1.62168314794476;1.78754724722065;1.1701858767599;-0.101601487664614;0.39375998524649;0.155968895361133;7.72665522691023;3.71307734132705;1.07843917185392;-0.277431741769087;-0.292933168259981;0.0809261624832393;-0.0414029110232617
2.64476975397732;74.109831949201;3.00627931045909;2.35743517234535;34.3652102866801;1.52724009626702;2.02737856164649;0.224572014567557;-0.507174685906499;1.67923574951733;0.945369852744553;1.7908426319091;0.696648145653288;2.09019931149316;0.64098608887555;0.800179169915723;1.14592577758488;1.88353762210142;1.03348204159158;0.0853670759444058;-0.300511886278661;0.061009791466255;0.458224278513908;0.41264902478047;1.9503381567883;1.00980695972978;1.73266169136418;3.68364020821763;0.449104436454698;1.48835787958004;0.84310917936298;1.78386449043454;0.684089478491322;1.57320959710521;1.82124658075749;0.414214449935166;0.158378089751362;7.47713637506345;3.93261263940518;0.195148862950759;-0.0984702775538456;0.363601637906664;0.317862621719856;-0.105405119622054
1.9476279578894;76.1071427662191;1.87137738885185;1.38490149330184;30.87078055393;0.35350056012163;1.48686062448711;1.11190139713944;1.41021662535066;1.45934742853514;0.914846690102488;1.55912664243462;0.537855096093577;3.46683405133756;0.0955203806398448;-0.303808253886246;-0.0363028635324272;0.595327725162464;1.79824515716093;0.677348153142423;0.0606235185823216;4.08251256053375;0.291935281430169;2.15913810950066;2.48950934804869;0.63585302927645;1.12712950088369;2.31845534154866;1.23602677830783;0.787598796275557;-0.22617416924761;1.98536973920211;1.81736528366115;-0.272398257330761;-0.0504620625616328;1.23061124903516;0.169558739172465;7.56570646109107;5.8706711753048;0.590523443634512;0.323309610413066;-0.859348395134266;0.00267357524808336;0.356993623182519
1.76859565879501;74.5279397665897;2.36565724756325;2.15752450290258;29.4380229858185;1.19304940057402;2.02866866822658;0.390661479853085;1.0474105252879;1.20940516059535;0.399191125767832;1.84213112932763;0.570023485468965;1.72332637287116;1.4557789792975;0.450541839347283;-0.629663511265879;0.773966836741676;0.905426091915818;0.437801292299707;-0.232939574428365;1.46425509305726;-0.305384045767317;1.86056428906396;2.27731866666027;0.19583204682577;1.41569770137049;1.44278836055152;0.763467124359897;0.685075538173247;-0.378799806774146;3.54263521510044;1.94429319100086;-0.80451623675303;1.62634642762108;1.43071761485744;-0.121880978368576;7.73830701685294;5.45293274317341;0.735326297695379;1.13873238655115;0.794454571801468;0.140877373102948;0.243809612422028
2.21040243363289;84.771326236419;2.05752947064717;4.18614534703941;30.3303013348857;1.80442843415758;1.20499993377595;1.56073511227769;0.750419423114103;1.13572194987125;-0.201495327263768;2.06655785151762;1.30122153963879;0.715791818360042;0.918487954408817;0.786902259342526;0.340818790780462;0.0791743827622606;2.05542747715593;0.0961046217738021;0.16655015457438;0.14122855059225;0.206854679745953;1.82511108484133;2.039055507557;3.89272862162934;2.19957484265383;1.44547889345427;-0.956340636826869;0.853676211475466;2.19771611121214;1.55608562590307;2.83120310531365;0.861933550108144;0.794913348832475;0.0146065589453986;0.0579777577347368;7.5091462049093;4.27907483913654;1.15004876003716;0.650066576097221;-0.33695829792862;-0.315552457640093;0.121925735622469
2.0438275299391;80.6359632747471;2.01491756783343;1.99487630771989;27.1421976435315;-0.349299319537202;3.51243083481531;2.12649604056096;0.156820390230418;0.615716748773387;1.3407911474816;1.08794853048686;1.4835343570533;3.42089202231853;-0.0342957695956545;0.529876158476936;-0.266325807417741;0.976477485731258;2.40200986359512;-0.424882381946057;0.122665124593315;0.928290998713725;-0.541606504618171;0.948767828756592;1.59378132318436;1.90152997812913;2.44274621253256;1.78220457757942;0.368661477202724;0.743675744564219;0.988224909874933;0.648572752625123;1.11162773881619;-0.470255001627855;1.54049472671428;-0.776224085789914;0.176915633203295;7.71571253321009;3.68784125987694;0.201634485550339;1.67190256467297;-0.0597890569744916;0.231431581977944;-0.0566855756048437
2.43773285271497;79.3818080120651;2.26546271660823;2.23483975148818;33.8370167380952;3.02625909546672;1.47240288180689;2.50123759945339;1.85179630852505;-0.0281314340087122;-0.0445492661529026;3.61677332633975;0.0421385351838598;2.50105203033101;0.749213042243665;0.878037563453072;-0.926549455054828;0.810222943593806;1.59703560015659;0.561373525956886;-0.178008385234691;1.08060843889273;-0.060120579924557;3.14218766705935;0.633124095055261;2.38363769314452;1.18818245053622;1.39112530184197;0.807256071801534;0.605304046830387;1.13170109091598;0.933489942308672;2.63689958907744;1.02713309687534;1.19341390194027;-0.785322487216841;-0.258914291067736;8.11965883495138;3.42031720442288;0.492486955889351;0.0522189003686829;0.184012104726724;0.185708984323696;-0.448210365381318
2.35561567660346;81.2335871449093;2.49643655990218;2.12495145856689;33.96105763435;0.695443008718104;0.539230405852065;3.74408981431516;-0.595546363783387;0.195356377411516;1.97947949409854;1.15009959096644;-0.0314170040556245;2.04861597973339;1.91302052127362;0.87454928527744;0.602824000731007;0.475994473864279;1.23263436214533;-0.165262168652795;0.653823926545747;-0.0137630376643891;-0.435260768886693;0.754116149355535;2.35081063164449;2.33059791522276;1.90406566598348;1.72040779097317;0.669756556851803;1.75802510970854;-0.0597801653811518;1.24466274651292;2.07222468729438;1.20779682645546;0.211621982891937;-0.890808727245315;-0.170935347787771;6.88524049264445;4.06072414363818;0.345705560638837;0.671248304726729;-0.152383060021515;-0.335566205505209;0.510771777662622
2.96014487935769;71.4244132659448;3.08961544291392;3.40405841418579;35.6032506564888;2.3304837355835;0.73115057544885;1.6081828630225;2.85919554959974;0.835131667544451;0.939702114710039;2.31319829517957;0.17467920534356;1.62629132288053;4.06314964448998;1.35961390495639;-0.908504972301151;0.895109544053971;1.24370139578394;0.40070767660433;-0.0543351055003518;2.40118550813647;0.404927308144496;1.80287322532415;1.66790978069712;2.27089854579433;0.764947434901987;2.69624057287808;0.0973762314172006;-0.0960290765240256;-0.764830754281726;0.577348991765201;1.80870778129375;0.719925047973762;1.22599829384657;0.880567982229993;0.268122367598554;7.81215019121962;3.93239644087422;1.2822052839264;1.26316349594075;0.35846952956034;-0.3673052231603;1.09389676106676
2.40778960441682;74.3400474167992;1.96120485651162;3.73667862605372;28.8340922621998;0.434396876748697;1.00416736473079;0.460646534000719;0.862166491388391;2.72516608360779;1.04227666747407;2.30648394101458;0.285035173845718;-0.0894266177010072;1.09937946629315;0.264940237470333;-0.17316973477105;0.707378735963433;1.71121464227944;0.229552980512562;-0.0616014371105197;0.875183547796176;0.143412680004337;0.369819569932114;3.02743828759046;1.31394479545193;1.12105141457627;0.969875465552314;1.40384857215536;-3.05314930952153;0.129883811535266;3.51053716370345;1.10896260130961;-0.415773188908654;0.904144546682158;-0.729776427608517;-0.0255067719540962;7.81222533518925;3.46443843032713;0.478476116057959;0.484017025125503;1.27817508258671;0.555488710211868;0.565736079644104
2.88902059898969;82.0731382850064;2.21144426768271;2.00632480553476;33.2281424124903;0.674660053156164;1.65227141335892;1.94007136522507;2.97484377727242;2.21530390749612;2.76947149965029;2.19436705917795;0.783227337098073;1.62976736723664;0.522473839441452;2.21674342291239;1.17777544995704;1.47941729700254;1.33224150629831;-1.11005486142492;-0.0773979529322798;2.59694376833781;0.0611839470264597;1.15712266249114;2.38820731184722;1.69547809364878;2.57482597354167;2.01444303133732;-0.236241958335851;0.530789418258034;0.136846512998506;2.32994106833949;2.5235344368667;0.28201598263031;2.48621332801692;-0.779658747136833;-0.0484356547437783;7.79171400685195;4.90885689391789;0.798092577772168;0.693872976912275;0.340700124103152;0.0447712616156243;0.0971166051757358
2.81047255545362;78.589286295847;1.54438751067891;0.675318962692481;31.5926103898956;1.28266079470394;1.62361324535274;2.13934798658697;1.12936660622215;2.33240428943161;-0.596537499806304;1.62272036620987;0.350527879181947;1.76113255113586;1.36890788837271;1.12768856765356;0.905089981359764;0.522144101333084;2.25112338851305;0.27441299066544;0.25398163536231;0.588374423669663;-0.21215597866183;2.23227462234314;2.46046867110578;0.74283982472606;1.29808928518187;2.84494785388425;1.5466420060968;0.647572507917032;0.757087075519067;1.44004105276106;1.31763076142401;0.998297441163433;0.795019658284446;-0.00133347465370709;0.22277517056727;7.65658697514278;4.53062356762514;-0.37458348127088;1.40759969191058;0.645399467529484;0.34808403291771;0.65960363433998
2.52948894835092;81.6712463480079;2.33896660146078;1.75460344760887;27.4982308856681;2.21632413714187;3.22786198856129;0.13895229724948;1.67164613418917;1.53705343127803;-0.0722780627275486;1.1578242701176;-0.559818010472235;2.49266796399137;0.952633848672653;0.895956892181494;0.884953044150912;2.30376411087603;1.08203532556326;0.387631337231063;0.345254284535526;2.61028645848159;0.114957554438764;1.36474228011275;2.04951282206048;2.88846253907972;1.74035428357942;2.42723685402773;0.423816815691063;1.65331353210616;-0.70159813694974;1.47296158845376;2.61141755892396;1.29436111477823;1.50981543595764;1.94025140886119;0.207261969439534;6.78888562130885;3.3928270637917;0.560243086130435;0.265613004656881;0.149458167979744;0.0514131765286634;-0.329892024318889
2.27852140000556;77.7476946689517;2.70360812806643;1.06694687585978;25.8197894014295;0.868178921773013;1.68749937621222;0.862195595952175;1.79837645395661;0.484932182792623;0.450110663521415;1.42397762635306;0.458547904181679;1.02238627585628;1.55951420062024;0.568954369633783;-0.393615021581565;0.337341708032689;1.33095548667828;0.947366979977361;0.598815478862873;1.08428475621322;0.0208369817333473;0.827712853314269;2.65045448922899;1.13607893563562;1.36400701470604;1.13609127247835;0.198135806587437;1.12936217236912;0.430482240765643;1.56366131157112;0.314819331704404;-0.627911846744195;0.636825172875285;3.28060855854229;-0.0815576892808445;7.82856299926561;3.62243014370472;0.416199694046457;0.0831509081565918;-0.524899976128326;0.0300411524036697;-0.532450242781625
2.24541816632792;79.5489953466914;1.96867232932186;1.48010204479788;31.1243420782406;2.07997624533184;1.97794900384443;1.01373797525688;1.60368725569126;2.11142472443687;-0.572167541129512;3.02556281547998;-0.965454967805351;1.59422769218689;0.220468983031627;1.61499303443088;0.216844064455932;-0.467856360951051;1.81075290937441;0.141588177862891;0.49456687812754;1.6606808431746;-0.147722179681172;2.66470879941712;1.81316794851502;1.15862891653138;1.48214372915089;0.815913710855756;-0.531183391637946;-0.969205957848171;-0.485447330847787;1.45465832865855;1.47735897631749;0.899795319975824;1.181334515136;1.91504670853896;-0.15994135781942;7.02763907017878;2.74646993711388;0.554473141259419;1.11942113697393;0.00772544507152009;0.351142997515642;-0.29423386836886
2.68999225284689;79.7710972847873;2.4602949725302;1.39286261251426;29.1571479086343;2.81788241769803;1.77380301218336;-0.440687406919045;0.181571411900925;2.29171270129424;0.325729635159409;2.02250699000464;-0.614166215175536;1.4434366128318;1.17659182517653;0.943771764989735;-0.339018841091899;-0.224231875740857;2.32335292738929;-0.367152269040283;-0.359817729719951;1.86638967607797;-0.0908144284190224;1.86403432823735;1.85612454747157;0.875045019861548;0.869689532714209;2.28292466006358;-0.0743446602611803;0.760372628456314;-1.33774835922788;-0.52895043641728;0.454639629820765;0.0453268366990633;0.292874218339721;0.177997685834058;0.105906678634002;7.81819047505723;3.79072682034724;0.131914964783444;-0.128825222990091;0.202030903443484;0.242390676965898;0.105654259756293
2.27450691124073;84.2519682576149;2.31288963347986;0.911601025901673;35.4727241630735;1.35517794745929;1.84952319912978;1.97722740783105;0.51648670759976;2.91407564979398;0.963456785096664;1.89127084446623;0.246315497703109;0.643149494889578;1.36436284828994;2.73032506345432;0.0122327505181817;-0.269124223280434;2.31397837585513;-0.0301627096567985;-0.37273257659932;1.48022115033678;-0.203338616151509;2.51205028099959;1.66112107094153;1.74800952453559;1.35056666418924;1.64311780327301;-1.41460737293914;0.307170709801712;-0.19220819541379;0.848962969451466;1.23653203621039;-0.154999760794807;-0.737064751977832;0.320784777643183;0.204765929842364;7.25940673201917;3.9242611605968;1.00258465005276;-0.0171959691930156;-0.408772209312499;0.362614222502432;-0.445676946085109
2.12542636541043;74.2740490109484;2.65283213775784;2.58366417221254;25.7604668413221;1.82658395629657;1.84585944066649;2.05733483746279;-1.84635172291906;0.794650289477784;0.414432563651255;0.996808663106028;1.12258259701096;1.8690247697881;1.30124044520791;0.934712917572483;1.00772414001979;0.433363962178678;0.430791492507666;-0.809364500294349;-0.0545885091005145;-0.80634161334161;-0.556786236167843;0.48066093924619;2.68428160341237;2.09751755573803;2.35902347997616;2.2982130443341;0.23993828028585;0.238779467333617;0.791599633931645;0.825552805081847;1.85820702223537;0.289405073125643;3.60600946860404;1.74195245137402;-0.376031745096302;8.63137873594791;3.08974168790946;0.840379549564255;0.869905038402369;1.02307537959762;0.189534668203089;-0.188260080244441
2.75269810864113;80.2791551335205;2.71735934087745;2.7781179529337;34.5489854231152;2.29309001788731;1.85896909649539;2.88024455850001;0.120663086974226;0.537593974183189;0.566730352988308;3.0418436117564;0.674508105953862;0.95026509865417;0.809535803468495;1.38890306465916;0.887494852648281;-0.637493499972062;2.36952642388245;-0.453658954544252;0.783464149647334;0.496673155658724;0.403943954594833;1.75543207330897;0.81932981064979;2.11709468911107;1.7559933709036;2.3998771070814;0.981391754926234;1.87651050164579;0.735970611007171;0.493814241071196;2.61540687451645;1.95304039414524;-0.371921003153014;2.60082118405945;0.151593174461454;7.36394298856622;4.37737372420543;0.0517889334710814;-0.24481291722047;-0.0564038399439068;0.131478655469625;0.372830948505067
1.99031283677826;73.6502512277709;1.81849765644401;0.852297413353518;28.3528746197363;0.847542151608136;1.18280633746394;1.32769892380953;1.65636574276044;0.470051562504407;0.91334265772704;-0.0510260025067919;0.58302995239581;2.93547811359259;0.84384782562441;0.862428168838749;-0.492792566646827;0.158772305592902;2.94206291137576;0.869848179639883;0.00579265881159463;1.1626860225557;-0.074522185616281;1.01063702335527;1.6913872321545;1.61476481942151;1.48137665670589;1.72561095865967;0.289645278793598;-0.895439618845631;1.81428498562769;1.72672603893399;0.887944612849328;1.32112254893118;1.191168813159;0.690412055016416;0.518254038454783;7.4235823123692;3.55063911444235;0.474970435629137;0.375396614287564;-0.369447604470954;0.0697890306104691;0.0519841460375579
3.21080751962712;76.7016501694162;2.68651279195259;2.36070691371988;33.4099018033178;0.436961353536709;1.74989083528739;2.68759847728077;2.42160730529648;0.596417183701873;1.32268039616358;2.25341078829078;0.0460984539435073;2.33505381518043;0.757917559907679;1.15422078541025;1.9657846353362;-0.75908655650095;-0.00538498855756631;0.126528780454546;-1.07142064191347;-0.166338580718721;0.117172392352336;1.97766522643524;1.95668811449259;-0.401501745827186;2.17724264286291;1.46784833290829;0.607875491598537;1.20553421070605;0.716522673101255;0.992972634135086;1.52706468595612;-0.120883445823879;0.647654917834625;1.02220601071152;0.201751309961291;7.00934111545072;3.86702030645988;0.338736222782071;1.43447969548245;0.251755426064357;0.294733028839772;0.239568600070708
2.07287208970161;82.895328380135;1.37067314670936;2.38100055865214;36.7050819104983;-0.422569578044242;2.14827538245298;0.470166961016661;0.674572993752058;2.17243500972078;2.32042854067983;1.4292868006375;-0.469625109269229;2.35350134685231;0.80140950203984;0.612286338878562;0.796010764996952;-0.687118588295083;2.67358730861499;0.163807287711528;-0.22613337649331;0.511945168873724;0.100990072989647;3.10073750732246;1.78594286429668;1.80045181039125;1.81608109447987;1.02051295742813;1.01057007873875;1.53587596329011;-0.00913853163433798;0.267997423719129;1.43718677384466;-0.721940129079941;1.35681661162054;0.511300819517139;0.11362990223564;7.39584228912729;4.98176992852368;1.60634727755141;-0.251546804731448;0.186556013785421;0.229735930447076;-0.118412832862425
2.41696335280315;74.4657556664141;2.59640074072254;2.72263656920683;30.4170798224191;2.61445855276556;0.776993840729789;1.12401207405671;0.794370129873201;1.35594322078705;1.81694994285994;1.58822178916586;-0.208718894487422;1.24370203795896;1.42765986622554;-0.0153627426002552;0.61516958335607;0.872472206234852;1.02802245752996;0.668803866994654;-0.341547346420943;1.34714163716029;-0.154908226150216;0.745400759738912;1.35483668231625;0.858309020502618;2.06870952534233;1.65287908406097;1.66531995642989;2.37038503487523;1.00556385619712;0.00517838747677424;1.16029566105864;-0.0608394533415335;0.476258218477127;0.943763053875859;0.29655026596299;7.30218702576582;4.14512723218313;0.50174687395318;1.31923987123469;0.821336529461311;-0.193653870875036;0.588351974049513
2.32853936120421;74.9838696742858;1.29806985378191;1.79466139069896;34.9644657087198;1.57461652658501;-0.157002568815659;0.31021793615495;1.57620798752732;0.413782294588595;2.44745777246286;2.3595328677074;-0.45219537189147;1.66246846519616;1.34435321145663;1.85243634763585;-0.293535890515299;-0.150792435780268;-0.0616395184396858;0.0563507357454113;1.72968192140798;1.3602450564239;0.385200456679206;1.86948050587896;0.724562311935099;1.68714747304204;2.71565631274643;2.87156550311981;0.651848066291556;1.10413210111134;-0.610486166151856;-0.0953076623807135;1.59239428125143;0.0557831792378628;1.05626729858782;1.81424158711271;0.11669686295299;7.27863690919169;4.94453436033273;-0.26337726801653;1.06628527451652;0.295385036433488;-0.063813781008376;-0.183987262933119
3.31817570158878;77.0972363862758;3.01616596873907;2.06005029306142;33.6411761497693;2.38784657025614;2.27674752221452;1.53728775729322;-1.05307978670047;1.64374176470326;2.01704292721379;0.761952187164826;0.386076432202417;1.54452125353198;0.731745744393408;0.0664118049224833;0.0165367539612382;-0.202062876358497;0.486876050335284;-0.407581746275764;-0.406507554135655;1.37958826576145;-0.0266186462445398;1.32418726221531;1.80540538313101;2.59838173692245;1.46367242080613;1.36675503534417;0.0633611322034286;1.02814920333976;1.64800262608566;0.688304556575183;2.42079782434143;0.460450327641543;1.74694528462559;0.147284817489116;0.0647002515715457;6.18241527172672;4.64087383102032;0.586840838267483;0.482952868868874;0.239770756468449;0.0775961239008885;-0.332539827503704
1.15570828388254;78.4021311235472;1.25052006770143;2.6187649979815;35.3420485915747;-0.85186133978642;0.53474453576442;0.91348052386182;1.97985127188235;2.22967134418866;-0.401323698550275;3.40087019181209;0.649749685323021;2.97917594376303;0.685445402041898;-0.881054714368992;-0.144290554317223;0.380984216264033;1.62397517196845;-0.33751648252289;0.760352880092333;-1.35795851965007;-0.129911231180401;1.01164315295461;1.45738940347101;2.53400755712925;1.21829482971508;1.71143812402471;0.270876238326333;-0.252312165767406;0.130083745477897;1.17014390548502;0.712665945389913;-0.14629036571009;0.67701200097126;-0.340891820354143;-0.0711238551399814;7.87877878701161;3.73851065247263;0.57714707681247;1.20679305626441;0.0700037615946642;-0.202497709093152;0.388895673007536
2.1329602937894;75.1235275421293;2.26064379466156;2.93896760917082;31.8812072441425;1.44064261580906;1.14308817876942;-0.296206887652007;-1.37359526950363;0.617771568198673;-1.7060970819131;1.25593558697117;0.510175412744071;2.0151409831876;1.66207393931428;0.163154240560172;0.866669846925118;1.08397740039864;0.81817282899372;1.08719947166108;-0.159227950415905;-1.05748522438107;-0.016704892938454;2.47388008542025;1.08768075510741;0.125049421767446;2.5698343512439;2.28040362367229;-0.744739360552504;-1.20656518044041;1.92225897787476;1.4692303858432;2.6485449622927;0.256855135164975;1.20583232894504;1.23390149745072;-0.480471341433838;7.39301402635042;5.31964476925629;-0.563099948214903;1.97186504607482;0.0802193899412538;-0.00236462822573637;0.0284224249846611
2.32156506142596;78.4322255459498;2.10213551152563;1.16643469803049;34.0595535580033;0.732146998173362;0.713463024497636;1.70364354468096;1.60974144422321;1.18421444392296;0.0775433692352654;0.871205567186966;-0.618286408922403;1.44338441297847;1.22989066787796;-1.50966104934927;-0.498442639419558;1.21908619894166;1.41087118462594;-0.926629825127023;-0.148993420120386;1.80293641958913;-0.673906719471787;1.6963851809831;1.99665842931026;1.09158130111245;1.73954730204469;1.04480453736925;0.0097513427814554;1.58188432381053;2.66801377143225;1.7060297073601;1.46675310635174;-0.882578774095675;0.961883941847708;0.875811350727901;0.169085655645293;6.51910926497945;3.50701481596585;0.745547245851481;0.733873557476929;0.0864801382827467;0.127963286529279;0.0692353829256915
2.48224235218921;79.4053490403067;2.13742940757518;2.74946482626473;29.1273786026242;0.856841109619579;1.6761049321853;-0.673817148225805;1.36196252941704;0.231120562595662;0.986168545093643;1.51018526980618;0.582184589010958;2.23449786724663;0.99460672444855;2.01973820426225;-0.682194710014035;0.577867538612183;0.738541219771603;0.546258809769598;0.0246172034504809;1.9615322963217;0.164327337931638;1.62590589770198;1.23476134026164;0.555668866915397;1.4123090818448;1.36608116869187;-0.655578641325741;1.37057203716603;1.41600339186074;2.10208303121841;2.03923951635057;0.705935631587279;1.15813417639232;-0.592992123795322;-0.336725907032533;7.54223901779261;3.12093062935462;0.672006023045792;0.247668344446741;0.00514903587654617;-0.0392543675783938;0.219856274690828
2.25022594251;78.2897815821845;2.39756256731082;2.85327026602202;30.381380965388;1.60828446703284;1.08834906150745;2.93287814330318;1.19110748970894;-1.075226439203;0.864465305058158;1.67603804479778;-0.975580146658079;1.34668623981335;0.949694549546031;-1.66250855897395;-1.45068678322478;-0.100437556847704;1.52760666779343;0.563794734308665;1.22395345668107;-0.248185436051479;-0.158820645466769;1.11545519034392;1.78210569828045;2.15966359192592;2.1088559892036;2.32940468779464;0.565803176278444;3.06104468995296;1.27288673472641;2.07411943504041;2.29266306840759;0.185021521670981;0.666610458236449;0.65556345312581;-0.176191017204447;6.91384626773572;4.72534622806574;1.24865219618025;0.61656251868814;-1.20295907918204;0.0352931200170646;0.642510460837389
2.22324126911365;83.9454459115024;3.11483610495833;3.22325693286707;26.866664236282;1.42454108559976;2.77450775925827;2.44189198473745;-0.380121672200697;0.862015954588112;1.92855761434147;2.15640679132793;-0.785111260007545;2.20117096602635;0.970258783443372;0.544120605840675;-0.599006717517778;-0.170670847902423;1.62621139357528;-0.140299100893722;-0.199596844541859;1.03398082546377;-0.072260437608567;2.37110977999343;1.09625662417585;2.21818447771686;2.43474367302331;1.60725527185532;0.208100131918298;0.199264312645139;1.60922068307128;0.695235333625098;0.0147319860337753;0.593671137631265;3.21566470814985;1.80612806726519;-0.221845495238564;8.29784094595522;3.37477373652358;1.45968011470593;-0.557456328066254;1.50748083868226;0.0865334400509347;-0.325827525775393
3.05964012840414;78.7568273856937;2.96533788464155;3.67199063011821;28.1976750128902;1.9084052721884;2.54152162606024;1.4919561596361;0.734665235567823;0.493667410579913;0.871366062724657;2.67708152182754;1.13064164952502;0.799675753264853;2.1175472354917;1.21947545842376;0.0993767177460138;0.961312993475723;1.49568110170447;0.690037991766852;-0.0336176842353028;-0.308264106467392;0.271827728811198;1.60705566248356;0.164033044088487;1.44994271326733;2.32854324013684;2.51033317911463;-0.201920581117166;1.08955163876235;0.371447030087905;0.566052670382479;0.91502190703484;0.225240228908511;0.29720026973249;0.0190520719178144;-0.199984062109332;8.01107174817706;3.68797576961764;0.0114693757115498;-0.130717493627856;-0.0575013770654696;-0.294193434706014;-0.191676531264557
2.47143177236775;79.6272092021751;2.23314130473017;2.69918977089292;33.0831535077455;2.16202695965521;1.65864826030541;0.997275898104807;3.01270360203743;0.568335448771289;1.42664142513619;2.09952685592981;0.20389698438898;2.65717505114896;0.590048156854493;0.392748272678973;0.361192927346687;0.228665080791643;1.53137175208697;0.696091974431513;0.320397737211018;2.07120174962378;-0.297949047515439;2.7246494258881;1.55778276717261;2.99987688887609;0.379052959378699;1.43490316128012;-0.962860203168184;0.858482054354412;1.74719559303258;1.15748384736336;2.07847640283645;0.253016799040026;2.22380907381854;1.51803737627029;0.260347397171875;7.21164515818311;4.27489133432222;-0.275415803749436;1.05015371556316;-0.0555145121974844;0.0942584181034478;0.0453460698059014
2.06064738171254;78.4780044214084;1.93981177950854;2.49909009285455;35.573710804704;0.464657798289447;0.513718379546475;0.853416472469733;-0.290139862047977;2.62948272589585;2.04567597504119;1.38887246874467;-0.137841488274132;2.1291472771327;3.12656379213128;0.501595031630632;1.16168469475622;-1.15977514930484;0.862096627503752;0.051899389982441;0.476733420794147;2.17537519337076;-0.123696476897071;1.44404512032642;1.21887188741786;2.88267102360319;1.12194544101749;1.57840133315078;-0.694198000726022;0.536390989187162;-1.5339862947267;-1.40839281493649;2.01729125870223;0.0649521334240514;0.908913501733339;1.10218508295776;0.0541512092564782;6.7930435158031;3.5967689651579;0.612906835874275;0.318206881545311;0.0300637896739823;0.121517619321307;0.328496369505211
2.60018872582302;75.6217767302057;3.26363864701333;1.91364757197939;28.5098195940132;2.17890762480661;1.72469348302615;1.47944045925767;3.63419012666571;0.862058192868743;0.402577202159839;1.56996514158131;0.469179448161781;1.20978186780353;0.912477089905814;2.07584039201411;-0.840258947179578;1.90882670636476;1.40106598430494;1.13569972038567;-0.541346363070708;2.51495313188762;0.0944830951094085;2.18553522678675;2.6532440157353;1.88037382259769;0.790838117438198;1.84298969488603;0.188238675005847;2.90225086590015;1.01122442872509;2.55530074941156;1.23290200250856;1.64356532020644;1.05975933806417;1.41406618868417;-0.0640960221835147;8.27920450116321;3.74347138486304;0.0534684558623507;1.15556376044903;-1.44778844754549;0.366902814128932;0.732924513713255
2.86587891261419;75.4637345029664;2.01879524382255;2.08340106032742;26.8130193196138;1.88620256666879;1.5693957196161;1.24056612779476;-0.215660217315589;3.05820938345962;1.26627519217472;2.6573992717525;0.581798956050105;1.51956055929016;2.13180897551132;1.9309710835384;1.68907374800983;0.040274784762301;3.75043229745655;1.01980178366567;1.32268344833689;0.14498144771277;0.258967881300709;0.594402479902217;1.15676289325772;0.536183303845023;2.22377521722182;2.19307634164494;1.1981598904921;3.34349757229892;1.54093483489769;1.81478655756477;2.8584294266737;0.703842435649422;2.25739609061244;2.00417555302316;-0.181122525923095;8.68259820795561;2.5093200258948;0.71002406998749;0.52496863189254;0.374316690662001;-0.145981160950229;0.937581507341683
2.06683661898269;87.3197724237064;1.59546662530229;2.38402733246242;33.4466082257138;1.01365661282107;0.559782314497373;1.19715184182953;0.956460231264709;0.579246244821996;-0.790576927779223;1.86086594878076;0.0881507700708017;2.18965578756298;0.673547429751504;0.480710315012418;0.707188786554136;-0.287575440592364;2.48183301092431;-0.634306481194165;0.81120258957692;1.26219853801146;0.0341296790268552;1.73167009548774;2.18793007270383;1.50716847840694;2.53220019780934;0.984602049719783;0.0134787903428597;1.05390229101143;-0.572235279537548;2.98639815128827;1.54725738848743;0.849094257826258;-0.491068635494364;0.6374437832588;-0.0138268361446629;7.64885758342941;3.55759611470778;0.873838641113882;0.556346767637594;0.433590870139521;0.22529502986271;0.317412332015559
2.84762379955415;76.2147080071344;2.5122272098585;1.72886863833023;34.2714899425546;2.23238054714205;2.56476657217151;2.22006978897213;1.44744857382967;0.680669505043003;0.647493669185158;1.15848806800377;0.244582393849691;0.333265305433833;-0.00977503881262609;1.25469347106581;0.79969483974343;0.642901146727712;0.675392963741606;-0.685826163522646;-0.780267709443195;1.63922122141783;-0.104818729547525;1.63774905737805;2.21322669090019;1.80257544858735;1.55274485759748;1.26457463498041;0.578853656332704;2.07266934976183;0.127052278215487;1.38865037415755;3.02702711386968;0.912026865404487;0.415358527577542;0.401597891536957;0.179559534627004;6.5936911144511;3.62201679479723;1.85816652983144;0.814532912007473;-0.315149848954636;-0.335217820692055;-0.0712112449908603
2.49943540152945;77.9993498706689;2.15523482999423;2.37242888575721;32.948824096393;1.99641762514926;0.711078636985899;2.60458540900604;1.43774404682002;3.61318087295709;-0.434780701496128;1.37958494793662;1.25092061453298;1.27553916205967;0.259219808211156;0.85282469597711;0.583339750685469;1.78726052424131;1.12288582821489;0.0401491904473649;1.32438724408624;1.44769053438881;0.0483889415830328;0.069520520751639;1.93018489168768;0.676249186568184;2.47629154274074;2.15938288380754;-0.320487550965323;2.38060311638054;1.90542565310255;0.878115915128209;1.21575714944867;0.00474784076082768;1.73470990721402;1.30185492568413;-0.107228263610496;7.03376828345624;3.99808099869512;0.476814200377233;0.530488668951257;0.0459757738623601;0.259449040287444;-0.115335874968074
2.37842120696203;82.0918295365822;2.04920718069994;2.38459632501249;31.850971346932;0.58909201442753;1.63133844136324;0.703482012998117;1.42520206035896;0.351453039016127;1.02517458743967;1.82198968666305;0.277761823640123;0.597877456367698;-0.197035162237346;0.321950969895495;0.486048518994914;-0.47575067140079;-0.232340712292738;0.00108747126096692;0.298943434096012;2.79400352304032;0.674941239776851;1.71643247686987;1.23151243302762;2.1675342989521;1.75083589585043;1.57233988115711;0.515304535534594;-1.28705501964351;-0.295327497918004;1.61553743231257;2.72196345350584;0.807223053917365;2.02726507902398;1.58051020041802;0.0321321932725424;7.34139977601768;3.62612029763284;-0.191694198146378;0.64437224324553;-0.278408797500097;-0.0295058401159909;0.215467914340056
2.75292686229943;77.064313108126;2.99701180256602;1.98473293026967;28.8065094216689;1.62130886888887;1.43182663028345;3.58199256159702;1.4849733442432;0.0484272872636355;0.1712378763247;1.2525984576429;1.1111329334994;1.72671704760143;0.559660091417615;0.911101999581178;0.181781114008955;0.718762248971823;0.3974738889293;-0.212282385750226;0.707748102413699;1.18183569715195;-0.070223447077089;1.17980031200873;1.62651273608625;0.570171686274247;3.5453385550106;1.04113029288992;-0.691513179706648;1.85604183006696;0.879678478605982;2.24612372714501;0.185374514524667;0.0260434644092206;1.90962888072616;0.892896487115958;0.413507878086762;7.97154572109425;4.1536145452571;-0.0719530757400627;-0.340401476304141;0.426922520861726;0.43833075780593;0.199840846039946
3.40958298534875;83.652102897574;2.98279336623786;2.14572992719743;27.5113630154361;3.32815984392595;1.39890768644915;2.05095215435185;1.66127650624797;0.559758799004245;1.21936590076252;1.34823741393882;0.269339545922333;1.5827317275012;0.633224139880829;-0.146007051532524;-1.6100689584035;1.02948050208411;2.17324547073186;0.873959512100947;-0.301844443696977;0.364405062574933;-0.150431456290122;1.9641660560124;1.90078606910304;0.379823200218644;1.39829966277311;0.850922642729985;0.84654319868959;2.24773575161328;0.61456577236959;2.26092322218176;1.06948514173797;0.876180426365798;3.08765634060243;-0.704380489106077;0.210039550637221;7.88586455748602;3.80572000355395;-0.911270851224394;1.08841961810295;1.09163918751392;-0.282352601784404;0.551859906876667
2.23225715829603;68.9013824664965;2.82365727037396;2.30631989515002;32.8836411543146;1.58600988815613;1.80952197111963;1.65527846142974;1.59776589960225;0.294337858773848;1.76182984977469;1.84427386423811;-0.425378730871052;1.59651676026906;1.819652924546;0.349062400919801;0.930164589886957;-0.629724658781796;1.78805550142173;1.02887921607513;0.602513709623778;0.349801627117559;0.248965424624988;-0.00125850929103542;2.43325150445504;2.03705291637526;2.31506589247157;1.60586165811501;0.190272483790785;1.97746409284084;2.21598011063718;1.06667533479631;1.19022496902542;0.722272601790257;0.757729704951831;-0.594167492292452;0.0761561245536279;7.24582262732327;5.15989324908942;0.297464380342236;-0.121669371999807;0.916786878545851;0.0127804387166299;-0.645313419503264
2.06824075704377;69.7114411938336;1.82658044387896;2.25579260807194;25.884808859585;0.61264894337925;1.67553664622704;0.496450477187258;-0.825966615689815;2.72292635661234;1.27351212018521;1.37185716223694;1.62404030165591;2.35930826438688;1.38093427733032;-1.2882493982292;0.224637752220574;0.680414944479237;0.267223606486314;0.0186439344434833;0.269652005223812;0.409537069819866;0.0339117705858136;2.08468235024954;0.308886196423879;2.46775919872645;1.64475409590576;1.62342815182926;-0.276223324044078;1.00058248988152;-0.555658380357511;1.70366454224482;1.29392574828549;1.8597878771594;0.767108447962598;1.27601773186467;0.0387085800309943;8.1566686224884;4.11342590447876;0.141121437025979;-0.34984463564608;1.1157312787536;0.245913643422288;0.995282890116279
2.58081362911225;72.3849569678528;2.02808733644253;1.73456595574766;30.9917600682754;0.469690000455371;1.34582795048404;1.02771031835859;1.05503868376708;1.59265249929615;1.87643658613299;2.43012423209568;-0.371061069119344;3.24901751043117;0.270416177513629;0.865740368751184;0.698182708719486;-0.0991028984799691;-0.566843922194126;0.100160504385171;0.823641560715472;1.21333793707105;-0.153998945654547;0.796400831425707;2.29297330744684;2.21482445106186;2.05357447309773;1.47550112707995;0.306630664644062;2.46445339859542;0.049373854338315;2.27464688871689;0.823500418590344;1.05269161513433;0.526336828698544;0.180889564993337;0.0303995094872891;7.06965260534653;4.0977603213337;0.428511813856454;1.40044570772088;1.42225409578138;0.345414887757001;-0.034948788674304
2.18883931816863;76.9949203119569;2.02005661835736;2.16685682184114;35.7209385637713;0.887238210704417;2.02405520899155;1.16101694289298;1.44665835459635;0.410628587903597;-0.320000104428897;1.15355401634509;1.01223269937499;3.50001003745757;-0.0966746040161706;1.33260407134457;0.33656180829041;-0.289499357735634;1.81743403201577;0.116768049199503;0.173132683575988;1.45698644326183;0.142603180058598;1.67684794321957;1.0829004776975;0.703988381014716;1.71440467961666;1.83636006859587;-0.158367238809885;0.769228118600603;-0.169540247579221;0.210849868322744;1.64879204582093;-0.397700107046273;1.07990514560848;-0.899407989681866;-0.309931900416718;7.40187354063746;4.03220599590741;0.290670002722578;0.736486108729534;-0.739961865672262;0.212853538560605;-0.00402571705694554
2.72297770609969;75.8257034027885;2.0458534621309;2.24560918351177;33.5653562918004;1.33181593533918;2.55988366189685;1.55120959689379;1.37940156838181;1.58880053138105;0.634143085465692;2.15876136941281;0.402676830398458;0.567316427072314;1.18952685304476;0.892745452267918;1.83896621127886;-0.696885478658659;0.403338990640044;0.112708196912314;-0.418988195667254;1.56840991662033;0.188460761571825;1.24496589306007;1.65910273056722;1.09400648629204;1.63682036597992;0.587709801521201;-0.0421053157155504;-0.643597214997643;-0.237488193257782;1.52260743302143;3.00147570086121;-1.06053532670516;2.95949764549558;0.568246722685561;-0.083648611302514;7.49444193493869;4.09919889732569;-0.272239553906787;1.3967324203141;1.09180673900101;0.235920874128288;-0.593613393117049
1.94352182651893;77.9550609396911;3.0440246860078;2.01340789035299;32.0941912845729;0.414825108543501;1.6637730888057;1.01909233525873;-0.0747282727201664;1.31897663784976;1.96653301449068;2.72396455643414;1.92840877558871;2.11333426897128;2.91497875265369;1.57034979154125;-0.0465121207024601;0.337077513932867;2.03887383684353;0.104052904647531;-0.908240833568817;0.426816412654349;0.290037018524124;1.56243940247049;1.80941905668812;1.10150538297814;1.94293233922959;2.31023931902411;0.944215008761051;0.627312558294191;0.00179302442217844;0.270498289932031;1.589186315103;0.536200731777439;3.1359682111407;0.0368452800394169;-0.000117634808976766;7.54521633087418;3.06345693285896;0.647539699657693;0.294858069923867;-0.416504959673842;-0.585789274281984;0.0784147300270197
2.77652760655592;72.6481138882588;2.48993471172779;3.00716374225762;34.3362258365911;2.36207654919324;2.7227507331858;0.461582803669032;-0.289772255151611;2.41931742293632;1.12848722692788;2.51540392358445;-0.51165953317232;1.03013272250172;3.00215711929655;0.114207608811448;-0.995098624849692;-1.1048729574515;1.08117497517507;0.814712084450353;0.150385786028439;1.88018759805757;0.0874968098235171;0.97672996385048;1.55109201029436;1.64141656959747;1.91723229818131;1.59501668937224;-0.36293673156825;-1.57602648037061;0.751913865340625;0.379896395409824;1.92344023084412;-0.155533639320861;1.51656666405707;2.94877106018724;-0.0816736441730494;7.81503169361976;3.87046574522541;0.529749476665028;0.262264122230068;0.258175023061525;-0.344663494888493;0.165422785903564
4.13152609411356;77.2150922125167;2.88563200941842;3.47134471753505;32.3133916763258;3.49418223840405;2.12149838694215;2.01013413397573;0.841285562226249;1.53955865070503;2.23111367602802;2.16808910288472;-0.522735552877912;1.55945440129093;0.332097686384014;0.587862442249609;-0.226866841671026;0.623549565763738;0.460729713946823;2.08869855357713;1.42994637378223;0.106287726096883;0.497731099037794;1.14670416486233;1.77131028192273;2.81181471574579;0.894908376804599;2.74513941115504;0.173279701844309;1.74894051893145;0.883635627424081;1.72301157228546;0.576592326497501;-0.171005130672673;1.84014289421694;2.25445760014792;0.117861409685645;8.11500090222228;3.38739891287167;-0.245222098163772;1.42468362275337;0.107877988664362;0.264104102407993;0.5139567361084
1.81486129233514;73.7323673111521;2.00851278815668;3.23642118822224;30.4474968047584;0.730307599640525;3.42422118082381;0.264859165641389;-0.539618839297198;0.485801708621868;1.01828740687706;2.43956704892845;0.623144647123239;1.32098603970019;-0.00342259939690304;0.506780960465267;-0.633600632447086;-0.480457435408664;1.59628983126965;1.68925048588108;1.01797647210951;0.808842957377352;0.493115988388876;1.83501145304524;1.32392803580624;0.576328562178748;2.03292348099258;1.16288782748842;-0.184723693041126;0.169891266752613;1.49311991545632;-0.0658691064451485;1.76078330911835;1.18873360922083;0.83813392285585;-0.0443518525099238;-0.320510087314457;6.826626219654;4.89950647393937;1.40110086079724;0.18566933867615;0.169664001222816;-0.0598066552095969;-0.758862570665944
2.66941856551951;69.5110061208675;3.17688523314386;2.29065385882727;31.5212063824163;2.55855229801265;0.365253550463572;0.694020923913643;0.663000455562337;2.26011174948511;0.143762607385079;1.4460026001411;-0.186922070932644;1.19650904771033;1.78124342662982;1.59440872714488;-0.187399999940211;1.80568030908685;1.06274671396884;0.770864483437846;0.0598030642902846;1.60688523061193;-0.426105570735042;1.99872494623652;0.434792791571307;3.29335126476431;2.02957850524029;0.697449123428671;0.535019574818892;0.0742719700682524;2.28797169627992;0.492286387292317;1.70194387946776;1.91091052561924;-0.401547423502095;0.444999212478593;0.257729602258021;6.91627802561332;3.58634132384643;0.133458416431606;0.554861151731969;-0.285779220541573;-0.0585614934427958;-0.213722312630836
2.75178769750996;77.2469077960443;2.04042300175308;1.49995163725643;38.9969296115347;1.04024157339782;3.59513331717077;1.95023900574288;0.96621131360006;1.43766980433739;1.31292935638532;1.63933964227525;0.243213116335627;2.25576274833003;1.54031023322194;-0.528335786752421;0.027455581435052;-0.612308812498751;-0.693533760541503;0.0706057903047931;-0.164618468357634;-0.930521774764164;-0.210116499300609;2.23236430422159;0.791195859006936;0.941680417249506;2.18105566548038;1.51874917852993;-0.166527691815375;2.22628037231283;1.31275749298861;1.30136559267206;1.40572543704953;-0.410653769210198;1.22652564787859;1.47846010230676;-0.000114706403110015;7.96018958279796;4.31306640570246;0.530639299980283;1.20020740570363;-1.51680870137458;-0.0255233285838127;-0.323942477984242
2.21695060501952;77.3792750636764;2.18693389452298;2.66636830894322;34.5936329739441;0.532051143937859;0.365558516186444;0.677275266404151;1.97550216821288;1.17668214721024;-0.730504989678369;1.88054952716072;0.219114177961051;2.23751450505791;3.01393953321359;3.45482806642244;1.6852256498142;-0.927780145458741;2.61941870730432;0.586303801527088;-0.273270033993738;1.89311081461457;-0.169600141885125;2.09631852493228;1.97421662334565;1.2905975858318;1.82200510402831;2.23967739914074;0.280549180593258;1.12347751526147;-0.683635988103542;1.00851559704669;1.81474879003765;0.519698235910201;1.24107629849329;-0.0341706956738072;0.104895056903147;6.62539134082697;2.88718600449439;-0.321584435968382;1.9009615188347;0.792375535082701;0.00321321347511852;0.900162297807698
2.71120089495367;86.2047756925904;2.1405137799558;2.7620119273188;28.7389107164913;2.56231808915028;2.57240640411118;1.55454286185973;1.99673907957169;2.49804344367643;1.26754804128327;1.06953368108994;0.807496689748601;2.76588805982809;2.41575267426118;2.18401162719768;-0.776050179474892;-0.263836106020327;2.7396708986324;0.277515614076772;-0.323022496301603;0.881697027106525;0.0703488942529103;1.20142312552309;-0.26788565214834;1.35445468811306;1.88947252310577;2.83242101120107;0.331325308235212;1.05727289545387;1.71720738022119;0.797263806781006;1.25793693200919;0.0929443974857904;1.65140222906587;1.59652095328506;0.194867446538005;7.70961867658748;3.11675422095737;1.78328164397477;-0.601163639183571;1.31062212739604;0.22251801260695;-0.404737980616661
2.69094758130373;70.8999366088163;1.78799421824095;1.34498054248656;34.0907508617055;1.35137924883966;1.11218412999405;1.28586516598957;1.7489691553746;0.942540654126996;1.29758726348958;2.80444020535603;0.0416616712567267;1.64106584635477;2.89898634155435;-0.337265141195966;-0.169954607029452;-0.203951187179063;1.73248898641893;-0.274698363362784;1.45631203617504;0.404565170167422;0.409061147753748;0.876894286667619;1.21218603695141;0.633239100277244;1.17771896129813;1.97847046540104;1.53134610972758;2.38627811016709;0.982780891526966;1.92789458972211;2.45078339907283;-0.0742346553130347;1.14522755748504;-0.223175945507138;-0.295486705404942;7.44613301488989;3.53746465263975;-0.0645928060657283;-0.0189322035211702;0.00782405714651777;-0.0999538513234406;-0.315129743983937
2.36105269094924;82.1413023159522;2.49897126842753;2.59489441475807;37.0021076619903;1.20834371367628;1.99891112656653;1.23586734210576;-0.0746853558624841;2.78605005366663;1.65158847079815;1.91418169112912;0.00932539775394434;0.490541477988824;1.60290087348079;0.713068369413044;0.39979073065524;-0.0403183189123665;0.92037185102434;0.502319806856102;-1.18191262650808;2.33686676605575;0.124081566207569;0.61716052710246;1.60018591337162;1.60697714333375;1.80099396017661;2.23782181935284;0.68768236239863;1.15259030692314;1.11907789883232;1.47091912949941;2.88743435600376;0.0269247594573062;-0.0159789256432783;1.55056238964273;-0.165334081513432;7.49073726792812;3.83623863770226;1.19917927384986;1.43726728329928;-0.0395271109083701;0.108926233692704;0.484695398127121
2.01742514620613;74.6950798110665;2.97588044718161;3.01459454024286;31.6373694392631;-0.143512758359114;2.82841427049804;1.75455277785884;0.168862819964116;1.33512807743377;2.37689230835709;1.13730560926951;0.0417332826325899;1.66949621414192;2.42881122547697;-0.374674456190107;0.258598584401776;1.07048919131263;0.186558454986423;0.124884510397006;-0.231262391589038;1.5876281197536;-0.296363256064327;0.0380449262812248;0.510469788719343;2.60196368086726;1.53064526408454;1.51777163003141;-0.605287195410714;-1.7239985347292;1.54410612089355;1.18683376336388;1.51640494219632;0.718969008594486;1.1959915884852;-0.541309005088307;-0.00364557868861672;8.24809215026082;5.2063528716692;0.438317243855192;0.407419712211128;0.56963128056003;0.296327694809662;0.242531662849487
3.00869682639533;76.0114864042887;2.19248326115229;2.18005521779313;33.9194656985993;2.22527296182462;1.41916901724455;1.90672844308071;2.26152977953044;1.05573205521235;1.352684425942;0.829656240428386;0.744681155010087;1.47144815051053;0.634066865567495;-0.121949279583676;0.335342248361287;0.637394916293978;0.414770570511683;0.40223664331475;1.00169835739877;0.762092309218913;0.217062248254718;0.665774315344406;2.01259767931922;1.15169321648214;0.653539610768984;2.32016597702752;-0.524818899378914;1.76414671214588;0.234278023161259;2.14102363621966;1.62850343179211;0.365656170813493;1.78085981753987;-0.430820024374913;-0.132286530919868;7.82038358513708;3.20188088787092;0.431362736598494;2.23246851638088;1.22053408375777;0.177873964519958;-1.07132667273834
2.2470427830811;73.2071129984372;1.65012453931328;2.20311326204004;34.1794319457483;1.93211069248448;0.689809388312874;0.904756474196687;0.248193563050488;1.68323394093268;-1.59970768207861;1.52137976545273;-0.097541981515675;0.643075937528749;1.21726395519142;-0.17342128017576;0.079010511966391;0.106569602557726;0.479703501047371;0.820165690808536;0.864599909842554;0.704482993031315;-0.162804571060506;1.37093468466481;1.48578082748989;1.48062770333818;1.37087725349172;2.03370132260991;1.17058784225914;2.64921800599699;0.907154786473265;-0.00488953101055845;0.93706764558167;-0.50010060826896;1.48204703945298;-0.231315729673892;-0.00249989736749046;5.87540329233269;4.25825866799674;-0.824708400823323;-0.390258841682277;0.184739407294569;0.163172744172643;0.776324211559821
1.67664356341431;78.2293619340011;2.61200802854866;2.02584446407727;28.3516337090005;0.130182305165978;1.83618206434291;2.09418564336464;1.23856944882885;0.680624242487402;0.7585856900507;2.07077251007159;-0.461610419350346;1.60719550750813;1.4233851888353;0.745888875955538;-0.0720424972763918;-0.0590251306390637;0.745560669999137;-0.0765430078410011;0.480090121661605;-1.09862815989823;-0.389569195405675;0.633687958054981;2.59970667895284;1.08696209168654;2.71182472221591;3.27415142247786;0.604023084823548;0.475479860944585;1.61272081851512;1.25430995689577;1.10732229736482;0.93573959017845;1.60258736712688;-1.03453150221577;-0.249919150873698;6.29819567441217;5.87965169470337;-0.434384014060476;0.435779332334314;0.460313148438308;-0.128011476739891;0.0492143628489809
2.35062870264424;82.8127853840878;2.16880898451215;0.793571268982393;29.2370583612544;0.535422746690959;3.47148197449172;0.498964060215825;1.32780706795814;1.60040551284603;0.312007973331034;1.01305148344752;0.39338816273899;1.88874291127537;2.81019115532616;1.13823579761082;0.483297155982389;0.950617510533738;2.12860484481132;0.655771025262878;0.375645112583684;1.41254894276722;-0.207816759541075;0.89777128175557;2.28868720937174;1.98265052946664;1.96356242742501;0.316263624650728;-0.238174860813795;-0.0642100546283505;1.24863043315171;4.07569020372653;1.78138018214455;0.715502548871628;0.820775250803759;1.09356754547427;0.145597881575753;7.45918058014605;3.8026111392049;0.141028321827945;-0.794845708331823;0.29125541314434;-0.168280424275143;-0.876524531995899
2.57450157925283;75.9934632168632;2.30591460246935;2.74201175612587;33.0263508661273;0.695103578130129;2.00314901993515;1.32572793005044;-0.6629667258702;-0.596493770558097;0.366301317690844;2.75417099688584;0.358982117179119;2.0831369489369;2.40287854334316;0.312156463875279;0.485974003148565;-0.526815975384712;1.47809792694923;0.677895689882288;-0.343547013377127;1.32926708830714;0.107490383749568;1.67271859126045;1.31669836137752;0.519130504713524;2.32021312151099;2.1002839497391;-0.779885811839252;0.912439349736669;-0.809004932486472;0.610398484474039;1.59819393730632;0.262259890600363;1.83119429866038;0.861518355767513;0.324234358562971;7.60909144473059;3.03519633287179;0.345856937695831;0.0253586174581923;0.378517865086121;0.0656866285494538;-0.312703139262371
2.53890708139709;82.6075547581219;1.78066778797537;2.27349358409013;30.8466281159506;1.33402488853471;2.25600704575782;1.29956545258198;0.28271809056842;2.56845587538913;1.14015524384995;2.29966510779004;-0.735148312759762;1.71838276052749;-0.115091069018606;3.2658987751223;-0.855886484629829;-0.00591431315047235;0.530207601896886;-0.564410793657953;-0.115028003901666;0.940754603015776;-0.288144389356196;0.515675732038708;0.657272112050913;1.1062726062671;1.80000770478931;2.77642139260108;-0.799507815053887;1.2809798855706;-0.445554994257926;0.278757847017966;1.80201134408938;0.569449036891829;3.5667992074006;-0.279657875592165;0.348070956624303;8.03285036567377;3.60451620710103;-0.150984559876795;0.958709310906053;-1.3721455431918;0.372034918450477;-0.816371571373333
3.57281972829863;80.5819422822157;3.24782711278901;1.19784966068086;34.3674905783529;2.72616278175265;1.96588300376941;0.238231136157059;0.174271217765051;2.13596467598873;0.868297841944752;2.62896920811182;-0.365510131143738;2.20475352891561;0.92102270395588;1.15815457016033;0.118109161712712;-0.643520222383282;2.78005422359182;-0.540881377872292;-1.79653329336453;1.36297433558648;0.296150230726317;-0.293038115147757;1.45272552039876;2.98348867485984;2.32310568918593;0.86522730858494;0.856568392667061;2.62521769000393;-1.04450017159339;0.597518106871803;2.3246560169217;-0.143320611930181;-0.238265339540375;1.95276902944544;0.178399170887779;8.12630106371044;5.34136695434707;0.364001494894528;-1.3659345442147;0.213048707008829;0.471537590112611;-0.947550930154772
2.70997433334723;78.4396585083196;3.04761538127952;2.41342472925147;34.0689317386312;2.72431152280697;1.98386173612741;2.09185311792975;0.910503213105112;1.14677082254123;1.35495529536767;1.58234308992834;0.483671891383723;0.982155501626016;2.27120416381162;0.895997567582145;-0.491335267654151;0.551639010884387;1.91047613866164;-0.00377704155832809;0.831165316859811;0.31022721655708;-0.352372031676568;1.73750665453657;2.4287343810713;1.07457024335974;2.4866903658276;1.20548808459026;1.68964396682764;2.36136197907153;-1.75260308857834;1.14357763905893;0.968396648510979;0.411630280970868;1.10580147857268;1.86292157420985;0.147850476716518;8.10460499807761;4.35314002003148;0.67440569029713;0.998378604682491;0.584503962479963;0.019984934701741;-0.326383882363769
3.07506089404383;73.7799902621379;2.9794849122609;3.81042068157876;32.8070224718123;2.50021133435869;2.71483078611005;1.34359180046661;1.34866879445894;0.248753921606227;-0.148457226704448;2.11561368203897;0.165706582765727;2.05307089903018;2.3044047498324;0.188703794710402;0.374902032874299;0.683483110526694;1.82072486588993;0.741535821726464;0.576620090974146;1.05854886608138;0.535809928975692;0.913829214275188;1.55927254319424;2.28438460287655;2.10187183625339;0.717518622661731;0.740897555726161;2.55982614999208;0.732905775512926;0.467714530706566;0.726802363284374;-0.0895316554150496;0.668259934015743;1.96088106029745;0.31357908776605;6.67830512662983;4.9485091692877;1.04830630647529;1.17282699408111;-0.160376974556962;-0.312325490313163;0.182108619549963
1.89170024701569;75.5382361272291;2.57451118319799;3.19863004512201;35.5948292201783;-0.0673635601153342;0.318568298502876;2.69968626210065;1.76335103060471;1.55629565893882;0.307592518562943;0.725621196202279;-0.0221136539594421;2.10107045903093;1.23522183441159;0.260535870610489;0.860147729530736;0.632617076093968;1.21149550396374;-0.0497711825847477;-0.150314332995125;1.92259680657588;0.0562424938122336;2.49340514407235;2.79309506802916;2.38147148337023;1.547028563327;2.60432632520344;0.487903129264115;0.116211821549568;0.430102297541983;0.18365878873129;0.808510972061369;1.01471827421347;1.91240846933938;0.844570554998123;0.304608612229719;6.79241192916441;2.59155458812378;0.928991036422025;0.306272897729361;0.937561385955653;0.322635743786033;0.381235617923307
1.91358072740463;75.3198955867009;2.28044793913605;2.73590081506725;32.2744514592147;0.630326861251932;1.87844032557336;1.25838644524426;0.259370196496045;1.05873635442095;-0.774274208780833;1.91496023364941;-0.0227750110531984;1.29148849482061;2.05060571063302;1.86501345569235;0.415823363933187;0.877580253070794;-0.00655707446856768;-1.08245922991287;-0.425646670987061;1.69028647078595;0.412748142929944;1.23337322594426;2.7694000045844;0.0712609464210874;0.732092417971267;2.96170481927212;-0.89106238925027;0.83874324887007;0.10307857102893;2.270109043194;2.04669374395048;-0.0793480194849618;0.168111404165015;1.15889290526432;0.266157694584275;6.99544391531724;2.49891099243768;0.0991262735247374;1.31207823244487;0.692415612422513;0.295602738769638;-0.476629757365234
2.0919390610275;70.6553087398111;2.71440705456974;1.52932969396425;31.5625734420621;1.22071377394856;2.42879091697612;1.63347183529128;1.35735876814964;0.591045667688366;-0.255377234098096;1.71606841982366;-1.01099872082725;1.24835099553368;1.87557233274996;0.147739838950753;1.30111972527714;-0.111662704624128;1.91542949072097;0.229210206811404;0.280132506729269;0.713011050284933;0.55585167135005;-0.680317801397177;2.11708096396407;1.02862602373711;2.64808675155745;1.29274481758321;-0.294404220192389;1.57794546743504;-0.990244270691045;2.44732262484375;1.67060657154842;0.643215807580781;1.18800856971872;-0.0260327675028197;-0.327437836122619;7.38423928530277;4.32249067374157;0.0251013296774515;0.396161819712007;0.265378634429458;0.286414564960268;-0.601112526298996
2.10674097737499;74.473264837003;2.17722890310228;2.51576083271425;33.2547254239507;0.0713050413899912;2.71192620140146;2.34722812149753;1.71085682289306;0.20738939631527;0.280752854146025;1.41442211270228;1.58847416254829;2.79076141207133;1.75235606404737;-0.139767453846591;0.216617214651492;0.880656403383755;0.945526216626222;0.762942304341658;1.42184146799651;0.641757200510544;0.285326041132927;0.845340844450372;1.91170664702445;0.705625582984798;1.29846914238167;1.49036704420887;1.50659345974123;1.71040199582486;0.221189375849773;1.33342192930484;1.11080831681185;0.438291672489155;1.15379719588736;-0.542648185093749;0.276317278637342;7.85298202450888;5.2410893221805;1.46503232805217;0.463555988564123;-0.190153005580427;0.288122387189486;0.12141496130018
1.61174693900486;76.2866748854699;2.39743967246803;1.24510938526705;27.2397752874221;0.89991287754066;1.01757738846573;1.22475478307424;-0.0769399023399774;-1.70930350252126;0.381226512369441;1.41446973893206;0.71529020825348;0.624090038840899;3.45029754689834;0.240402814743406;-0.241737450822853;-0.437553685496674;0.761885357643351;-0.836911451766244;0.251170954340905;0.559304630549693;-0.0188343570732858;1.58350089072777;2.20679892430356;2.29009955050237;1.5314852534413;2.03139441982104;1.28873328248629;1.0762141464817;0.979612527966291;2.17012993668273;0.472475359039096;-0.565502288698057;1.25226350291644;0.590613926303108;-0.350679085063694;8.32885008402251;3.29066560897994;-0.0127711183091694;0.757134878345213;0.557028598038454;-0.259110336925795;-0.243819306904477
2.60499900440136;76.8924671346239;2.7614252370598;2.03960532119856;31.6974137493269;1.31829605812176;2.05200393603336;2.58800635914599;0.944890401116876;0.822431525653144;0.530914874219954;2.67639991613268;-0.666970428566183;2.61065675164481;-0.134108972900744;-0.0632208475883538;1.75874888146243;0.335849264125091;1.78281057891685;-0.329064808722084;-1.54910663111906;1.60753308163859;0.285150968054493;1.01639581987242;1.25246493227313;1.82468311324188;1.32204758582935;1.85356882649422;0.377880468815957;0.489939377038566;0.978177107210135;0.10996279089611;1.2239926982526;-0.990295835194002;1.46200927595588;1.30401201882023;0.287657934249448;7.27972068097968;3.48410327166772;-0.382391139629895;0.00607586132007021;0.510808531120269;-0.440490608552231;-0.116860958178202
2.10720312231716;77.2256852629951;2.07400174439585;0.962068999446769;31.7309830011246;1.28575541527434;2.38242652935157;0.87053839473739;0.354758164538331;-0.560565190956288;1.23670887236966;2.59000286164831;0.434553222648927;0.845506268243104;2.80052538766872;0.698772466143096;1.16702959221716;0.0445034166680617;2.02985070939368;-0.813223926956547;0.609415130379725;2.11150966791809;-0.152547799052707;1.93119591168374;1.79453169708834;1.29168525309487;1.28267613190368;2.34149218755286;0.982129178230256;0.243242035945512;0.865200247829025;-0.292257304090321;1.18921533892127;-0.305636796074788;2.57798226966479;0.82164632093427;0.138396140867846;7.29002610918961;3.41164547878465;0.248246066897137;0.191194078068045;0.297021110110853;0.0115966489599798;-0.829955723512294
2.83379396556796;78.6902135937226;2.60436644201388;1.75062493490624;33.5350143054817;1.15749414617348;3.09030426899432;1.55847406315953;0.637975001894153;2.02209283603538;1.70150943869546;2.29601010446719;-0.909806703973043;2.61919758989317;0.428562307512993;0.660289470199082;-0.109299245836912;-0.840615232576195;0.563042726629888;0.622454012763463;-0.425400879514823;0.610125835392536;0.02794567249511;0.980307937819161;1.29317211702308;1.65798098173782;2.65528463681438;1.63818836463282;-0.493499824377606;1.56539756930616;-0.724029913571807;-0.505117866038015;2.99433862053086;0.112280276808264;2.37546785000076;0.835801972782511;-0.309062840629331;7.30559203124768;4.20657518994976;0.278712390713208;0.038535079804862;-0.3067250423023;0.388041384861659;0.191379547638421
2.05748043000205;82.9660248894238;2.87817604909196;1.61334780226939;31.7381210916185;1.08951029379735;1.13374716749361;1.68342374345034;0.302905755141977;0.49515254483497;0.258555073852635;1.99567029377609;1.75978206892185;1.80321000381633;-0.100025914785161;-0.0642049915547275;-0.164855144160209;0.168772502626484;2.19045614935659;1.22345638670098;-0.679561433132361;0.923239793317674;0.0854093990233382;0.675067440301764;1.64246563022179;1.85426104323365;2.89625165790998;1.8834207724062;-0.363712647672693;0.0772528750805237;-0.44553988146053;1.57078340488725;2.96030835677643;1.48126922272775;2.50202422767068;-0.630018273940663;0.0491020078773767;7.92625781621126;3.15796808795287;0.665496143972579;0.50773777386407;1.38656896159911;-0.392738393750465;0.277504505604289
2.89963163340872;77.1803741374775;2.43725667772239;2.72214465254876;29.2976868619437;2.12601642169839;0.777018557188263;0.690704654065391;2.36374475399788;1.17756518239271;0.788850428834776;1.67483920232932;1.05089349757702;2.24777739496063;2.1678483940327;1.25396096051716;1.2227415270685;0.0778260923286474;2.61594211048028;-0.497511645471793;-0.743579206536512;2.27279991625006;0.327771569676021;1.51698360940839;0.964155458140353;3.24443487427072;2.59966840047294;1.16530000051612;-0.56980305711131;1.34804501078117;0.990332765568239;1.47804447920415;1.65233019271797;0.543709227063179;2.11802763778986;1.55768106198268;-0.418222850397441;7.49861406348451;3.82085944558596;0.538237653884724;-0.283040728104181;0.816552412641762;-0.472074677379334;-0.445431442786917
2.25177150115429;78.4877858735995;2.76334778883175;1.75205971696608;26.3244267756481;2.13256171143193;0.480610908234414;0.466255178115944;1.30677294367066;-0.552899522304831;1.12185116730418;1.55765217093558;-0.127673257209482;2.0643682906772;0.59113725564786;-0.556946579064599;-0.642526198951803;-0.0447672455209002;3.06502569908654;-0.1533294582844;-0.248348311060693;1.83056291495424;0.366599458274152;0.0174456856275795;0.944857778575123;2.12368854076204;1.84402028175627;2.98345711695459;0.42479916426331;0.900219349338513;0.483165928142781;2.68725779499687;1.06593521859506;0.167938808824691;0.474170439897732;1.44041432282442;-0.233854087652618;7.98411232742212;5.01312961589836;0.290498096503663;-0.548824166580033;0.888324673525462;-0.430275118633658;-0.154687602228779
2.90292512396585;81.0608269691587;2.11738489953051;2.25186449688865;31.3375420230334;-0.00575681320643473;1.67421735898406;1.09496348671043;2.12165460369286;2.15681553330388;2.40170640021782;2.44452800155885;1.22917661398258;1.34087822732887;1.78615200967066;0.679719653775463;-0.0664233014580859;-0.386825226299767;1.98267081386554;0.211593806768169;-0.565362412367543;-1.31476223336829;-0.243811935668542;1.48954448221483;2.35253534286138;1.66533110483008;0.781053092072959;1.0608011975243;-0.150750652147455;0.172178842821308;0.976534805566776;1.41963576341924;1.50024987274237;-1.12899107126045;1.70933302727471;-0.513132800174821;-0.308922856635872;7.88196083993497;3.95326180722289;0.407027117722587;2.40352541931266;0.389469659462779;0.0166435408749902;0.720321052640581
1.67888183974871;77.1315269966198;2.44924827378101;2.207140937054;33.0246621753666;1.5220849454919;0.839005365367421;0.432589314367626;0.753652687840331;0.929496615224465;0.690696795951667;2.19761725550434;0.166114791286382;1.43087808305563;1.28137746966814;1.60980811208049;1.46610275231254;-0.686983960550342;1.30593742930007;1.42092180531575;-0.44472402528138;1.26179761754514;0.444588518997893;0.745406845918031;0.340737285776584;0.819061552333236;1.72469008128535;1.56798609096203;0.917077056598146;1.10563558955532;-0.943486077759656;1.02000200113737;1.32945794996799;1.44556103347686;1.45217376909986;-0.499461368551976;0.282869193706047;7.82618866865384;4.20715444299519;0.504894121057461;0.654286614739978;0.63949665964744;-0.17755888695569;1.08519691172291
2.3856154226477;74.8638280073728;2.55521096547784;2.15185846753431;28.7370903904485;1.39887854225327;1.79302551644123;2.15346853499031;1.21375886301156;2.52186155642851;-0.035004992283507;1.25213560512133;0.237000833643414;0.64261931469421;1.64953009375958;0.455872156726349;-0.773854253788498;0.531203502281882;1.25009112841081;-0.743582231176283;-0.287254654289421;0.702252920817707;0.00860752215468648;1.17145111376095;1.40571269644422;1.52797672715365;1.85816902868617;1.01950619491973;-0.096837354040277;0.963085238348487;0.0467385813317803;2.49300627510986;-0.0709533757973062;1.49017810499005;1.39326565697552;0.94685191266666;-0.35723782881355;6.66700744011821;3.58030194576905;0.868970866753088;-1.07509528186075;0.108415692118635;-0.0884283354737358;0.409939792280038
2.27975473503054;78.28025715507;2.68910504396771;0.637032285808532;27.353582707874;2.02805630404186;0.496725784193242;-0.164444160785534;-1.15823355383387;3.2926891227596;-1.16439882759695;1.18795062764882;1.74548717580519;1.95590105559843;0.760591016450196;1.11581919753062;0.0759794723954831;-0.715812014947383;2.16596043999698;0.215275148407516;-0.833472417366633;1.20503485522539;0.3283923433729;1.03637692614326;1.73045891646487;1.34867621675182;2.32666009497249;1.94719648906621;0.0438859478801814;-0.785468922911548;1.12698824198135;0.61511718608694;0.250264270378235;-0.179602852690834;1.91469403150445;0.0405133457312903;-0.163720928082267;7.57917922597064;3.76607182633831;-0.474633291324042;-0.741423267480145;0.507425773506064;0.130229470261751;0.559853766891804
2.52926105481961;70.3737686958362;2.03925666277311;2.9765196437688;33.7813197524917;0.298684716650677;3.35418991623484;1.971306034525;-0.271405692186472;1.62859916940887;-0.246322033598347;2.37552376381819;0.564008627225482;2.86746866030713;3.12843112588341;1.69672870272836;1.40739396774375;-0.0558773134033451;2.17576969332826;-0.999623806630996;0.621393506721297;1.99579372688489;0.233243097519542;3.0188054758293;1.45227043158228;-0.0179116174603038;2.4516554607986;3.00189103801203;0.88755469911596;0.286063336375378;0.256639768101735;1.19370735527751;2.41979173252076;0.545224757665072;-0.284382050142994;-2.00358709280881;0.426617368663878;6.60608234751911;4.79952615334327;0.0516963228753905;0.833020274154385;0.652824774589984;0.0615125676463229;0.0677496579714116
2.0615532015298;75.2247418633198;2.58667831370698;1.64910566055237;29.967844570217;0.586514042367809;1.86547408238198;1.00038992151454;-0.670361563113696;-0.535192507520599;0.0152583173531897;1.35982815462447;0.658352580564542;1.93426128460624;1.20973513764824;2.32273950165304;-0.340263446307339;0.553180720438759;2.2170339181155;-0.560286317084294;0.136472287739305;0.421694579740659;0.0567436420263674;1.1045090934516;1.31876633129742;2.82124040617558;2.68175647784399;0.970889680984047;-0.232067754979557;0.54816743096403;0.466314421805565;0.921464859659727;2.22749889136444;0.677742005739354;2.603213513256;-1.37817887976829;0.399073159747763;7.39526140983205;4.09098179388206;-0.269194382694597;-0.999391892830719;-0.345848803453294;0.0477531795389487;0.239189247282944
2.29527128680875;73.4224949101167;3.04877957707532;2.92696732627466;26.5994048746775;2.35866660899664;1.67600066619971;1.12999992478088;2.28376114606777;2.0566055180012;1.61513668132083;1.18047436521438;-0.419747164185277;1.0854222203291;1.97487442000377;0.744889417356642;0.323715358439027;0.617427952861249;1.30882257548467;-0.319616044759968;-0.320361381308659;0.844802433110597;0.102862616403184;1.67193809234811;1.40718972723965;2.26330845049468;1.43869853594476;2.37563066501427;0.179958539419917;1.76232218729043;1.25068789677142;0.467719960881883;1.18106314720948;-0.237463378032268;0.859846932525008;1.12734587496063;-0.137415758040513;6.71514224034154;3.58595521969412;1.60398800429061;1.35955313375825;0.648303784883254;0.511684408662829;-0.272338635963022
1.91796450525357;83.542678237001;3.15203119757997;2.15596587130827;30.0199079010401;1.42138688444434;0.380713375129263;-0.404426685435661;2.03558382652817;1.72277825269155;1.32740912833411;0.564244049973739;0.330291692138104;1.70317509315681;2.16797707339192;0.836212851985815;-1.01026620527067;0.135913303056576;0.569152978648905;0.0762614386697825;-0.378148361036586;1.94104993431961;0.267067479929637;0.935238874213124;1.38097987380668;1.0694243718225;2.1119024625039;0.813557758836371;0.4976789260668;1.07083409006748;1.50670734485986;2.31555235834543;2.79678537566725;-0.223394240196889;-0.0927479847620616;0.593940450695202;0.302565039390543;7.77240931623099;3.54280791567773;0.0996551307936893;0.605156441935576;1.20448257176482;-0.307337060540197;0.0427463928923074
1.99252762640183;79.9049770779952;1.7449111373381;3.74838153094679;29.6779695296121;0.400458696222049;1.8752397140739;3.0973774653653;-0.472666799674119;0.192261170893911;0.414208829582378;2.46625327442528;0.774163799599016;0.248927002686458;2.09190976393568;1.66019551173737;0.0703332205972569;0.239858324265938;0.789831623694323;0.688313136313565;0.369174908410905;0.402126359243637;0.258342170314952;1.89540741137225;2.45073027272295;1.65976564706007;1.3556004944516;2.20995909598659;1.16521219667436;0.698533537996833;0.53770490281788;2.68816577316607;0.78471745246705;-0.00320461605613107;1.12542513506947;1.05779323308885;-0.000719171470790425;7.94506623819199;3.04608488254156;0.126190998863462;1.06732320523235;1.36585939895591;0.347176209251882;0.53265384009422
3.09598719300194;78.8609621923951;2.53000447594378;1.7816245410399;33.0712167972375;0.944236058966719;2.80987535932708;1.01767917671349;-0.224728279818308;1.99309819547775;3.34636261556671;0.698737446685385;0.805120034193194;2.30062326459118;1.9778417891511;2.49522439287925;0.999087418211259;0.477694065594202;0.715628235923926;0.92037904686445;1.12697430452367;-1.15165179655212;0.441520034659177;1.70324582567864;2.69464685834618;1.39308988379296;2.12889501907539;2.12018362871066;0.298468830900619;-0.296209534747324;1.33919371494919;0.842041476711029;2.06876786681088;0.538545925110136;2.15336391538325;-0.345496630138953;-0.0247168284996003;7.80514878366294;3.56427495776614;-0.140772827762528;0.0270740820026854;0.394333846015189;-0.196814495866989;-0.823467039089733
2.95543887916608;75.5508862479123;2.68014832834628;3.23620334861439;25.1069838945921;2.13265453300441;1.81629646180576;2.01043177349472;0.326824277929576;2.86224416830728;0.968193724384609;2.35477027057854;0.473470254874501;0.465551862361668;1.05382031528729;1.49538335100679;1.233726755294;0.971900083184898;0.116451020064051;-0.270476618804091;1.07536079947252;-0.185462471637097;-0.104539589866869;0.774095203637456;1.903041351903;2.75963147759265;2.36012116594517;2.08920602167999;1.12833458755387;0.583576690363952;2.23057064909843;1.63883203565146;1.58232568357129;0.683054682285063;1.18342539135165;1.79009356088071;-0.141098825869489;8.45951450598751;5.08635208558997;-0.0120804602936501;0.304714049832031;0.676185298858155;-0.304051652295639;0.311189754338489
2.2290365123449;69.0059291046892;2.15341701193195;3.37504568632398;29.667513900001;0.972978442681164;0.868622314455746;-0.0191894550225926;0.690327374485894;2.24033617005352;0.958671505236915;1.33062918079909;-0.740688014284794;2.31232490490941;1.28677041188757;-0.671730018658219;0.393856551687298;0.574450273074901;3.19189992947589;1.04690568313296;-0.349335581056035;1.64868275530614;-0.11742942497191;0.604420504569552;1.73258931300848;2.38115632529134;1.46738822563181;2.70751914892959;0.517086132975085;0.505404939448025;1.50205381326984;0.183613022306082;2.63948729418425;0.531975878062824;2.14299745984236;0.743414385087428;0.12834583930234;6.53950074235563;4.62062620435215;0.108536337620853;0.608506641405267;1.43026173563249;0.195182899594329;0.213487670823831
3.09461443232805;75.9094958434086;1.18371487737614;3.01244183723971;31.5083702780812;1.23345772465084;1.8382023730542;0.600594815088424;0.934202628748389;1.79810372045847;2.64309640922205;1.25337607650681;0.31584046349919;2.22374490656539;0.64673681851203;-0.220745331467894;0.413355732753498;0.879149105711155;1.67602620144151;0.0759079098095079;1.14991456197576;1.81464019412043;-0.241065984629133;1.37157931875154;2.16730935594473;0.36333458526;1.69114383747799;1.88476815781737;1.28671869743272;-0.388973773539819;0.156507212843299;3.75949107278183;2.59363159762453;-0.148917610213806;2.39028389043779;1.75215837905844;0.393737120663907;7.34954018695732;4.39900056962864;0.787585407365893;0.207199262295051;0.13025184753457;-0.128656516388047;0.560546903866927
2.5613397311828;68.6328022180504;2.67223907528846;2.55560396018891;33.7918939613037;1.46663953972688;2.04298393199934;1.19333213163522;-1.74363269986773;0.71116640445122;0.673073840899916;0.727892485688387;-0.560001949865544;2.28028570592109;1.27773324808018;1.3554755369048;0.880842664341235;0.885822676262754;0.619720370626374;-0.147392023655562;0.429766773910522;1.01225235295469;0.157118023698971;1.07763999828414;2.22487345181204;1.17122844273657;1.88013892346172;2.34922565655744;-0.767557305562894;0.336146459125439;1.39777248544941;1.12302131194378;1.63040341621944;1.0081611668919;0.829648470421808;2.39997502483162;-0.0529965708172775;6.63679580871685;4.22409803143458;1.09221310580802;1.12007297114302;-0.733369077078458;0.236303671117579;-0.456751535572965
3.448713529324;71.8690104299524;2.82423758968364;2.54201719014657;34.5890417835866;3.05540942429778;1.66480547325367;1.4300737205914;0.721769292279955;0.884237567497296;0.69699544138803;1.38569210418327;0.0841915126051127;1.46587281745557;-0.208268536973118;-0.341523855697825;-0.294313452746291;-0.653082727372577;1.03936681809871;1.0558988232853;0.667335549231526;1.54785817093123;-0.0393411472010951;2.27834207316763;1.51621433408725;0.88525720781299;2.04652543244757;1.57733982125412;0.139558189905875;0.831894089076435;0.82207292256624;0.716206678174337;1.40222903312815;0.155506681105612;0.174884127420517;0.914486923570352;-0.198010176646508;7.03195877759392;3.52928594695477;0.331664211550515;-0.861639642041189;-0.219680674209146;0.420911743875672;-0.289957151804966
2.29690235985427;72.5669428922857;2.81546228994874;2.19885172329348;33.020351627014;1.58924045014252;0.628256668061593;1.68199560471885;1.66194721916565;0.911261487712139;1.68738493196984;1.99768804766675;0.478689025390287;2.09542531899132;-0.0467205747738988;0.653650666672325;0.617759206126442;0.933447384210486;0.322104892233653;-0.535260326892732;0.167430949998462;-0.216913909295504;-0.192435227980257;2.91092880546789;2.58676526646451;2.18224556442337;1.92891504434111;2.28444288479312;0.326730674664032;-1.90835216027505;1.2127150746213;1.27499784550374;2.74212517364206;1.18095846491156;0.309020543053106;1.34972252932543;-0.206142371355043;6.85897858310721;5.04684002820212;0.414240157143152;1.21797302209134;0.548857115807971;-0.266168877454312;0.438518127301199
2.46126631438028;76.751974538823;2.62475302807869;2.29321614300529;33.8520531075045;0.838428626885434;1.62245077594991;0.396844846701724;2.13660956773001;1.72464270493311;1.90529094691792;1.73463526105722;0.168554622383061;0.895722340047546;1.83107340238746;0.410850334868652;0.343230099384102;1.41170485390527;2.18179640814531;0.39027694628929;0.0782215859748281;1.04897933316701;-0.0568887345109143;1.0242864252973;0.641913440714209;0.342866491341308;1.75823089726546;1.69523302990828;-0.701113802851768;2.00775006432493;1.46626136076003;2.49213506412818;0.641511213809068;-0.00723998697988459;1.00965444433308;2.31081235906066;0.0910238821779384;7.2257658713991;3.22849806901701;-1.21540501832718;0.486411198708558;0.343631637132992;0.150130616973049;-0.215214148009589
3.37235336063343;67.9266567814285;2.07375714479863;2.79174312442618;32.5838619322473;2.69566712160449;-0.617469395513224;2.624920403853;0.286562687831244;2.42724786134627;0.861855095958754;1.93683418062361;0.277823300167772;1.72165724130418;2.52293533187226;0.108819052365694;0.392247522465724;-0.197061124839346;0.970827009716901;-0.312394722242752;1.16768546805927;-0.147148075270956;0.111720080966066;1.45031690007577;2.12499893146763;1.38689129486853;1.99040655060919;2.33847548095264;0.165545175445722;0.693641426979152;2.00854449602923;0.90852599310543;0.899274981693162;0.740216461542998;1.05059552689165;1.09953761471691;0.195433765731187;7.91529965863423;4.02723536404424;0.406763757788166;-1.25538720292371;0.893825692719907;0.29092549061672;0.691288018820885
2.57884861589056;78.4619170631419;2.95691335966947;0.37190611824781;31.2102395907703;1.67527744168283;2.79554731875241;0.440060695017165;1.320949747207;-0.243411087103966;-0.243959056579884;0.829574136340472;-0.222006944665138;1.27341676086933;0.398734586417777;0.333899907302524;0.0738989998775677;-0.102378706844311;-0.421383284019907;0.226758577905138;0.114754723226304;1.71237758200824;0.620106855020506;0.727127102789825;1.73659039221667;1.75144412690528;1.12963847030534;1.31690323557833;0.245437413903447;1.57687434360597;2.86581787382494;1.73574029409256;0.828803500825603;0.159005652346175;1.58317670634714;-0.773995341222626;0.063195791117997;7.25835561740425;4.75994664445207;-1.00481631733991;-0.301116272753342;-0.231761904345874;-0.0799081396397354;-0.0904685093748708
2.80632070561636;69.901517311015;2.41796848493416;3.51476775021127;30.8267047427525;1.79033313799079;1.84523530491658;1.29760853982866;0.352169721082841;-1.42483634505403;0.409953315776093;2.15002349557148;-0.278497336086258;1.58408315628287;1.19587597328306;-0.529793545881019;0.970640762582043;1.31877902114684;1.27494712294356;-0.62245167673143;0.483184347259275;0.738914068812582;0.666699626835538;2.91320321797041;1.26791309502188;1.26287041420028;1.7743502480003;1.84077886602387;-0.78233971107899;-0.899438181179901;1.55157333402181;1.68660583725845;1.94411212457015;0.201248770040585;1.2787204645609;1.06322724080245;0.110212529256761;7.06764430356356;5.64981915102978;-0.856715285074549;0.436235237375207;-0.441224259279136;-0.121122246212689;-0.315727585884233
2.68885908440997;80.7776111298723;3.2741405623489;2.76768264965592;30.3004412109433;2.01018077734635;2.62896149198862;1.17957204053613;-0.934516454037097;1.38406777006685;0.74509063398109;1.46251388885493;0.634599233204048;0.404774676134511;2.48986450837667;1.79087220709424;-0.883010887654809;0.0711204162862773;0.263012526701834;0.173240566862051;0.976756604988911;0.793259489518235;0.0579870344516301;0.0649439448686162;2.49602724828245;1.1542360079444;1.86621877260919;2.47048440591721;1.48814044000528;-0.687393396932481;-0.668963463049341;0.486556921277532;2.49437250223485;0.0638115593058611;0.343892055683611;0.445219833363126;-0.193344782692506;7.46891269930628;3.25083963250096;0.145210886518869;0.250363641491063;-0.488787086332356;0.379690593624751;-0.840095408682651
2.65422613361396;73.1553457333509;2.67094278361599;2.45180503711666;30.7575801440312;2.45429516882673;1.47688754563708;0.843832322266406;1.71815880605852;1.57149140782335;0.317907292833275;1.03331876608437;0.554582629117284;1.31077680354717;0.731431007461951;-0.73361730365372;1.25729643257243;0.0510711396678026;1.59319332819507;0.772072744567114;-0.446617405881484;0.285071785311449;0.134104758376187;2.12821588400557;3.05614966798499;2.14847266222712;2.15183764068077;2.26635305686786;0.57738720782023;1.53784702355681;1.7514770298777;-0.353842429327376;1.49695851878041;-0.699716214584567;3.30950479398715;1.35950773764277;-0.195584689601387;7.78038628684515;4.28746189219084;0.987279641535576;1.02232614134564;0.585199352140768;-0.0310577527392836;0.710987798378922
2.82621943004815;80.6117035466955;1.92563425078046;2.90401762648614;35.2003403186844;1.45357829834309;1.42939675889623;1.51382016043393;0.456547461243608;1.40782773156157;1.45020298719578;3.09521985330106;0.711166942094508;1.82589773975685;1.38310937569129;2.05825412258579;0.444549050951665;-0.133027148667363;0.859444365830664;-0.193709329234045;0.702381577506164;1.59773147459754;0.133974900156177;0.207402719200509;1.44209485013832;1.13580577279643;2.0562202624206;1.94673711483807;-0.122366631682145;-0.183437050481916;0.779904344136983;1.59186562666015;1.68343804910087;-1.16855185054082;1.09703891941658;0.880894286783429;0.458354448585273;7.50023797698744;4.9876230547011;0.330430128203653;0.903006284679407;0.265082829285616;0.407133570628399;-0.554104489910103
2.89411434057646;75.1833824142512;2.42302371531524;0.569475400086416;31.6015322326324;0.963178064703528;2.47120330508019;-0.502750289478538;-0.532466276620065;2.00985160081526;0.288702255679916;0.934174991152209;0.504156347488548;1.88965541001056;4.35671352292208;0.534792531885157;-0.829886099217278;0.490932491871245;1.75468414060635;0.544277176195678;0.831613037634305;1.83004958716869;0.141139833799741;1.00779311465417;1.99247386954199;1.38688588706008;1.49581215734445;2.17476790168513;2.11486141608917;-0.150794372915521;0.900044907344604;1.51146118942811;1.69943125018568;0.791147158710924;0.783995904661476;0.27280232768551;0.172206010648221;7.66477628730257;3.65024347607092;-0.971594807675296;-0.610188738974877;-1.23508408321367;0.290823713447371;-0.743407258940706
2.33182841751495;74.6856235549451;3.49819672330851;1.67066501324152;27.0378701962065;2.7709749794281;0.559740064805407;0.799279097244825;-0.38349053600025;0.755652601519227;-1.13525151835051;1.93691273363482;-0.0152305345543455;1.01963278444804;0.518273583832343;1.24695094437707;-0.552610641109281;0.927444805268817;0.721963014433991;0.558403110049499;0.918262855214678;3.01605851269728;-0.0516721085375305;0.112598303047873;2.78609062519214;2.32737046596486;1.60494242683265;0.660636173396218;0.663168569845772;1.42898716569793;-0.202069031203133;2.2052244397358;2.79062981900789;0.436224442902863;1.22920629344779;1.92263045597269;0.33027008442913;7.29064308999569;4.52805134713608;-0.422521319045955;-0.421278138300089;-0.555408310333416;0.422081898047343;1.15398332844573
2.45032596108997;77.0507865755955;2.2871133671236;2.67350783135558;33.1270232719329;2.21841281336215;1.32462933878813;0.162870933015798;1.16661417041064;2.05450752414564;0.529840485218988;2.23725959946596;0.818019524478788;0.644782918004171;2.08638065227899;-0.405227880793315;0.507810753791604;0.309808195546596;0.552721583178597;-0.0115290483819401;-0.307978926452343;-0.42667544770982;0.553625717669713;2.07207961501034;2.02099567352176;2.61016810854151;1.69623317754063;1.61794689183854;1.55007845568956;1.34959293675824;1.24573621876688;0.781508564124137;1.47375907958557;0.991007012859776;0.136051737813242;-0.148195105360685;-0.239485828128609;7.36636049220337;4.64304179976041;0.734267452142143;1.16367771385738;-0.171669920213312;-0.202380482942511;-0.337610359660161
3.4686566400368;78.8270913970714;3.44991657993826;2.18259232362416;34.5205281266616;3.53576756704706;1.5689741693614;1.70313059619857;1.12792029203291;0.185531439012956;0.327373524122607;1.32511173639525;0.56678366638368;1.13901516773278;-0.347634323739876;1.16872485249652;-1.61540413194095;0.196277177331079;0.93894121846955;0.13967205319408;-0.606747454019753;0.759168108784089;-0.175314829726905;0.317817352786324;2.44248541627329;0.487652052692576;1.8365485940794;1.86907737437996;0.841795207350924;1.21008017265998;0.887706183463768;1.48431342444307;1.86411487148519;0.674124548058211;0.178130510558739;-0.0825030020637814;0.00603087450763639;7.50504459846307;4.6226736017365;-0.0636502061942845;0.582164886326597;0.941026509116155;0.300173629814365;-0.416829853551562
2.4596118162928;78.3127199556442;2.91607729406935;0.577893568962795;27.2457340915665;2.09726236522548;2.39387886236558;1.15377119208176;1.32689548631712;2.15119900666628;0.925031237809105;1.28801278715769;0.423045393824631;0.988175469566389;0.374698444843782;1.24093705591151;0.673920892459871;-0.742134396735493;0.89042709295591;0.27239918604467;0.157264782800259;0.612160594317036;0.0353534642905758;3.64296346884072;2.68787075506699;2.12787958203503;1.42736846402928;1.89412077683956;0.756681456799337;1.09638209150185;0.769988265508938;-0.0253117308031786;0.660124083810875;-0.495773992187181;-0.0672299147578013;0.603544407148264;0.0452422511924408;7.04207561154481;4.78664503452796;-0.227023858655879;0.0599692672274371;0.946399171277622;0.372145836653869;0.236986649123572
1.83853417031764;78.9328526955407;2.76458418250687;2.94744396700409;31.2711772914532;2.20402982982037;-0.0179958466548027;1.04639724109777;0.427701854815268;2.29042864315622;-0.588602182464911;2.76456223105966;-0.243758464656883;0.981963122313507;1.15752645281383;0.968718203392402;-0.399184203692798;0.375683107261681;2.76557279302683;-0.704459102360035;-0.114010730939766;-0.859392193370529;0.227894921712851;3.44482559850398;2.59827063296819;1.22422073554269;1.03447938138472;0.915997751511233;-0.450050385692995;-0.14858743000697;0.654710937164024;2.16803364106375;1.9154107531466;0.57081416245694;2.59670927326799;1.75551991473694;-0.380250941978606;6.93418088618009;2.69372534741812;1.14481403318963;1.78122740554259;0.363760172251914;0.310044673129129;0.674766883314079
1.9711304305208;73.3643384427949;2.43439592739915;0.162954533211453;24.0781623999404;0.93740397251582;2.15264143434612;-0.172443065282476;-0.0925328992903047;0.345671106519474;0.119519385112306;2.7360288963691;0.7209883010137;2.58257601233333;1.30562693746453;0.602215779249201;-0.683667234357551;0.69243954217201;2.00477896057531;0.0361444486502017;0.0163927341939563;2.47837525699218;-0.291102801344608;1.38477965420652;1.64462457117714;2.11609865926341;1.64749141271214;0.866977809293518;0.835160337555261;2.32322256823148;-1.59076655816224;0.999706447287319;1.3118499253262;-0.116530588232092;-0.435015936610271;2.37185458706767;0.118891982288099;7.58974340357737;3.80621437463547;1.5893859831554;-0.358542908799939;-0.0155944634458382;-0.0370502308184913;-0.0592366680596199
2.67305710611509;79.6235495033059;2.76766700275271;2.45791676158893;31.4960383426538;2.51102639394221;1.41162747442864;1.65785358744473;0.116427207369219;1.80069982997338;0.0185918787180098;1.59125080062945;0.431366485995912;2.67133748741433;0.900858957729266;0.943636785602609;0.730511474215373;0.59719776883989;-0.115494698780634;-0.10071315258692;0.0467739739401833;0.7889255793732;0.0970533528715024;0.942715547342259;1.1776812116175;1.63993739203171;1.92958647226732;1.24487466368809;0.628932081013772;-0.219689414947713;-0.722991489283806;1.07048957125634;2.46904541414532;0.713255384361703;2.63116266228335;1.49909971389163;0.0934034155918435;7.68696632838483;5.04771539012284;-0.163887707935795;0.414171126197848;-0.0693766249920491;-0.568418055003758;0.0537457909039882
2.38609327743568;68.9161937113387;1.9542773388721;1.23112318259646;31.5359856200152;1.55595488918955;1.47125087612605;1.09496384265399;0.55722303444928;0.716505899218604;0.719659624912476;1.29405012488306;-0.646488049683382;1.51038323343656;1.51440516125094;-0.454452771990583;0.941565414494907;0.570374538830329;-0.532727746089786;0.585699596805302;-0.141308232939238;1.72540974968869;-0.257553232199242;1.10556191023522;1.91266850309033;0.759520348251945;3.60468122057178;1.38209446978017;-0.558255142783886;0.735558230994408;1.37833081716737;0.90421299932043;1.63751660408767;0.950974629267828;2.12602219006905;-0.838859527833978;0.195501829171812;6.62649368942586;5.03032178762725;-0.0518876348592264;0.516743250973503;-0.231456720898765;0.585277786314866;0.160112848923907
2.19918666704556;79.4069463839789;2.23999267992124;2.19686003382109;26.5734217358612;0.376177251433981;0.410385196258638;1.2710983939163;0.396216853043887;1.55163956075139;-0.804074414393392;2.27904092210111;0.345182484648383;1.44606532987909;1.12459313888616;-0.863890515492982;-0.298393703700688;-0.267340655247371;-0.279124742349786;0.925548941816334;0.70049862617825;1.46127446588876;0.384393466589333;1.10020563358723;1.42819562486146;1.70118620491127;1.53876869129161;0.884518930387223;0.8202192179042;1.42759025402376;0.842132733584867;1.77497977412652;1.43962406167561;-1.05907955060008;0.54069020135691;1.61528795038098;-0.0122603102829423;7.93390666292155;5.04329946930511;0.179027583101919;-0.0944380686814343;-0.0889850405327306;-0.425170467037088;-0.127820306214518
1.98717509519011;77.6917136415375;3.19643884316558;2.15844242412469;26.2428510555016;1.07224518726173;2.08813020632352;1.0390087974338;-0.0861556180094327;0.722149704444329;0.654326862447654;0.908106074696983;-0.835057995983149;1.47265681304123;0.865360471677599;0.0602046835672127;0.93096925455715;0.843214555396896;1.08913192291015;-1.03673140436727;0.162240376318441;0.812629542974372;0.504112511182787;1.6337773293389;2.72797512877299;1.89243151336404;1.42674738475952;1.60371434198443;-0.621103507131162;0.234666602896553;0.197653244448659;0.943015158659126;0.0753813457430956;0.0805793192434676;0.956298844082323;1.69507938092112;0.269564999417901;7.29046219762877;2.9526983925331;0.00934469153213632;-0.149306146803459;0.75786885487139;0.146009839079783;-0.200522238931199
3.03933706366308;82.1095429725052;2.53716711228931;2.67726082816862;30.0418366088542;0.389594079613536;1.28293958758972;2.68029253346879;-0.68633688145688;3.15513302150541;2.0725640604015;2.34168534006186;0.097513275959114;1.13767656023721;-0.104849074337166;1.21772737876503;0.21651323834097;0.202329240686616;1.32469434197612;0.798668365255991;0.369254285757826;0.909390658725702;-0.121546205131812;0.781794504756672;1.87709006994951;2.3955503410183;1.12582307490915;1.42277920210597;0.252495955604288;2.67631787333021;0.879129230960144;1.59740736697926;3.00592485935305;0.119868835645199;0.943902958470537;0.874393146047896;-0.39843817954929;7.47736917529969;3.34075995063098;0.403201220148715;-0.666395417340494;0.658603582099822;-0.0540443223977799;0.484420680551683
2.83751107911673;73.4491851347031;2.02342977012618;3.16908468325398;32.4844064602815;0.397930894301128;1.25658094919215;0.830224022933727;1.32377588597596;-0.139062936984267;2.70414402438959;0.951209424075948;-0.754743266158687;1.59389901927568;0.992140589539192;0.293821302331414;1.55310534149551;0.279800861365986;1.29743704627131;0.341251654816539;-0.239572775707174;0.504811493606246;-0.19720251478007;1.10516087378842;3.02562286197034;1.68358667513665;1.56396354004221;1.08907635185024;0.972589502175591;0.508995329981448;1.07098393392925;1.43325838531639;1.73454632640281;-0.343986483720903;1.49003477271263;-0.424964948366053;0.119143801398156;7.4766427185941;4.38716250357808;0.578677778128799;0.991220704771266;0.670408756175398;-0.363419424735824;-0.467005939570047
2.71512323059918;80.8283198377862;2.88633330033161;2.58424701431571;38.0510416149797;2.34798177313055;1.1263960310971;0.795599860607063;1.16433713515716;1.26158464873364;1.11427047669704;0.817787530122279;-0.307886691021599;2.91663965159192;2.22980958480505;0.0224978388256818;0.572448624232901;-0.0661760467775909;2.4877954080815;-0.675924516207328;0.287752797143364;0.179793405401691;0.287774355712757;1.45429847101672;2.0788676691331;1.49208669561656;2.35352782439621;1.414555592513;1.0002740782552;0.278403953661414;0.828817964465808;0.324663820869245;1.28055361717492;0.7682700673433;1.41656727291874;1.66962879232162;-0.403258055879475;6.13927465620938;4.14410099564899;-0.112981878967602;1.43557386670281;-0.528895881948455;-0.163747292096499;0.811344473402473
2.28482177426974;79.1027363888249;2.63347479779488;1.42197462410534;29.5142213503437;2.32164153247111;0.0960143452985888;0.605330952217396;1.28540551770802;0.798220470046201;-0.0101069007695712;1.62632560127016;-0.364482501371706;1.68205765269941;0.859229853579445;0.725768665126889;0.797714519157304;0.86098811872831;0.775643633080168;-0.318691684514441;0.350294873437535;2.48840782019654;0.428754577484653;1.45446085470344;2.50494670803212;1.38703799537276;1.77107741374577;1.56197335537926;-0.531182317654392;0.642822958826161;0.621115591237885;2.07121490020054;2.52493250424679;0.227568884655391;1.37656748739565;2.02328076038575;0.00855854181887805;7.2787304578835;3.5138071258555;0.90742183198136;0.405929668927362;0.0114299551004308;0.235482749619058;-0.00477871283360827
2.83722429327457;77.0470699651105;2.673521217929;2.89118256330793;34.0687749292461;1.41200165955123;2.04954550139845;1.84900795159607;1.88742586373619;1.61989934005833;0.345486364627498;0.788295978630178;1.03016229510191;1.81371795157304;1.46165679365822;1.54683668180419;-0.602364490322232;0.685127963975292;2.56476352009331;-0.52250124335346;0.750449807424365;0.262550444383097;-0.580432483133931;0.427346917231655;2.22918072038957;2.53760573891533;1.34043453515901;1.50587929469403;-1.56736065917647;-1.10503126504128;0.386344506660753;-0.331849064837825;2.55574401697256;0.382148898703417;1.12977253494711;-0.161738571217523;0.272374699199515;7.66713745126863;4.38487599764428;-0.275998039318112;0.732505680355927;0.280937943994646;0.680721400430885;-0.410478488660378
2.81080820753467;82.9331165049798;2.55659227064583;2.6668338872516;29.2071836946684;1.61261588828979;1.62491316110652;1.43155083740869;0.540225965716479;0.274640230112794;0.675341074192351;1.3989413800826;0.641652400294146;2.92489070644443;1.49637166358046;1.2423504202797;-0.368368819051754;0.798374859048551;1.38438394434112;1.58115726325765;-0.464613323018392;1.9232701986704;0.312638700726036;0.426310946484151;2.59929991898823;1.69318548129649;1.28848651455302;2.5022122672279;0.96273840749501;1.99899083417232;0.280518210560352;1.34136135029999;2.00035557936621;-0.44439834189601;1.10152558394291;2.21728441023265;-0.108133360942769;7.54074750656725;2.99326473696613;1.31281846269986;-0.922652401236956;0.0332412399270232;0.274800891638389;0.331153183437757
1.74925561853701;77.3486700875704;2.6796067405828;2.88779550514113;30.4288659837812;-0.866045294894357;0.756897365999396;1.85630694654638;-0.33308640762587;1.52588238975343;-0.420153916413123;2.26890036141916;1.23089857173635;1.26274438713802;2.60418414111394;-0.374221718085043;-0.732452112259576;-0.535224083244049;1.15245181159871;0.479777990500326;-1.09731369754068;0.972110476502467;0.0412190706338956;0.830981085108543;2.08629847317298;1.76099279073432;2.08745345867438;0.276784832013516;-0.513110855691863;0.627252970781343;0.0589912251493149;2.29938570895997;1.79960155633893;0.431331665017455;1.36281310733969;0.459555866588103;0.0484642342003031;8.1256924420389;4.75704866158985;1.25829343017592;0.739768980359504;0.577769572582446;0.22814808749262;1.2225733496275
2.52829057561253;75.7307373819069;2.33671992284293;2.26642229971879;32.0851165720057;1.25935775113877;0.369520023053576;0.561373830614399;1.32891156126668;0.820377890859159;0.182887515320921;1.1858482555162;0.198597660861621;1.87639365042463;0.907103909513938;1.54698411308443;0.839761765991162;0.0396736704888228;1.74355092862278;0.442043973836725;0.258602349979601;0.180793132206765;0.659090512501527;1.59476954150431;1.69542257631551;1.40190575191477;1.02514928974104;0.899558422032378;0.811868979723462;0.295744772612993;1.05020186483374;-0.299473383919312;0.694093692764554;0.508042357284134;1.74099016385138;0.0275656088830437;-0.35466210796278;7.31706349588437;5.28292942522977;-0.745896577040533;-1.02309680825959;0.852879063950684;0.065781475441648;0.188932983105405
2.13817418440047;79.3167047483722;3.10439434856907;2.0391148833568;27.7502124833967;2.03183048770994;0.100634476074676;1.94723330804286;-1.8759767289822;2.07308992224726;0.55710043161522;1.49047814414731;0.625352613504414;1.1126798409308;0.684463261232049;1.35696117638818;-0.146982857579463;0.220466774490222;0.402009589224701;0.111208108031516;0.571270707200744;0.25723763744452;0.68741094269279;0.52083912718696;2.14126500567235;2.15188196721889;1.3359190355234;0.782962957653427;0.683569430961118;1.85067316306997;1.21931396085046;0.493173823701662;3.06072523463349;-0.826910956662332;0.487376865869197;1.40743470981822;0.122723426645832;7.86823295168927;3.35573879121605;-1.30661981657335;0.747403180629104;1.7548352696464;-0.0424296695553575;0.598661577765706
2.35841918644046;73.3774378166107;2.58666222646022;3.10916397987214;30.4889378888059;0.385882784105413;0.632087035432022;3.19752907916086;1.11134141061168;1.12300016303534;1.26004635291452;2.14716729704144;1.23798894208738;2.09580152740322;0.923960975412487;0.955933882247193;1.11372915007424;0.460649952482921;1.18770337016268;-0.685495062878271;0.219338030011654;-0.633534660392894;0.127599863768647;0.93193008717854;2.62672845428231;0.908197890050079;2.13557468330108;1.31488593255456;0.654790043136576;-1.09059894162608;1.20834608423395;1.49051703436406;0.410065852427188;-0.324543141844872;0.725398170890743;1.82213295033367;-0.0957939840763078;6.91036825236704;3.57513770630441;0.254865517656646;0.472306616179736;1.33914460746961;-0.0544526877358798;-0.334897454088558
2.47293728206634;79.9440529245388;2.17819524099287;1.61325828287352;32.8839978361978;0.324351657163864;1.88849929294689;1.43234899755984;1.32322901558144;1.55367442959741;1.65138984480457;2.02123468368062;-0.826164270065415;1.65405577432715;0.231609549557034;1.27770732950302;-1.29983958262471;-0.571593558046563;0.414040676228424;0.681422267611341;0.808981731391797;-0.806304323116538;0.520069182065541;1.21047810883342;2.14389782429014;1.05034314058683;1.39545551565296;3.06979504683712;-0.775969976565397;1.16068644234631;-1.02345090692161;1.36957285205445;2.49003661300117;-0.139002695741591;-0.0573435637857698;0.0770344612895657;-0.25229584056088;6.93674897640461;3.43558243184226;0.4113700373006;-0.329440638211824;0.477851588946158;0.343700659259097;0.398740963486073
2.10342834506909;77.7562848987134;2.62063004018985;2.77999348177987;28.1817108530357;0.394006387632182;2.12839050345534;1.51713859429802;0.560044108148971;-0.857159101314042;0.579144000984145;1.70142649435419;0.0955006509909783;0.870874283133649;1.77020485491967;0.240063653043984;-0.56158664128798;-0.120384221375492;1.40554634103574;0.840898107160019;-0.797434267108347;0.458568905626517;0.00253720019013068;0.289903385552391;1.57203285332833;0.621903129151226;1.67399322171684;1.8187066460346;1.33323992065655;0.851880533220394;1.54946229684966;1.33104052858481;2.2343178944048;0.713326919863203;0.923908443524818;-1.08763344364549;-0.213331824830016;7.89690723253964;3.60235228242896;-0.230496532402839;1.01872750021252;0.040746434298097;0.383133239251667;-0.384225857103308
2.79564239598641;71.7556783645091;2.97415635414826;1.66467937965053;25.2863637886968;3.60016877249915;2.05693249937408;1.11948836543338;1.19701611987152;0.615434665262912;2.09659069069281;3.29175672272901;-0.0338464484924769;1.45084786768529;1.10305641889183;2.45803899284574;0.837067726386102;2.04142821204083;-0.0877323157193142;0.861492687118229;-0.474238310834069;2.86323710501024;-0.0376140253983303;3.63649410981295;1.37409873443129;2.61721147280351;2.39727113250146;1.85255344463859;0.60188267223132;2.41569204520297;2.38081430174162;0.445607845228271;0.563801640600356;0.831589948692146;0.807845976304138;0.845318184712969;0.273909186889925;7.89998719103375;3.09025989951677;0.712802730240223;-1.519652098533;-1.01095236967694;0.651689140692895;-0.791826623750309
1.71636389795604;80.7641564335687;1.47107499821231;1.28100120001578;28.3437485564835;1.66603779313826;1.67770730703108;1.8138645847142;1.83180695602353;0.0826468030524337;1.81995492440164;1.46750618182628;-0.173833998799733;1.8855545600721;2.27199899687315;1.64570622968675;0.478957069852429;0.178161050276658;1.72338154977713;0.694578764614307;0.796214284442456;1.29463463983693;0.12130650150311;2.95518187980929;1.84731369002219;0.358741473706397;1.95669542737734;1.07292150172359;1.05618841875183;1.73195431260237;-0.812603125978018;0.235882028048103;1.07278823436614;1.28438320585415;1.68398009382087;0.293634381549813;-0.179955187384062;7.69392607122897;4.64163969416167;0.257904683441873;0.352517755127484;-0.64528622815008;-0.154904649303413;-0.0279338988773719
2.67314855384506;78.1697306249763;2.52522355417045;3.28867149298316;32.0448663313731;0.349285830832184;2.82008679245351;2.03291210929378;0.621052035814977;0.724398189595362;1.25834261794205;1.22993400891183;0.146156000280061;1.647575499866;2.68545735113829;0.311609645051637;-0.794126406239182;0.937671629315903;0.0173845817525473;1.00176472322068;0.620037854119699;0.609372247204238;0.162986519856069;-0.46491242435037;0.403296894822319;0.392435890482248;1.98600404303452;1.619436178676;0.727525560236609;2.03959076326338;2.49082242055188;1.46042801795819;0.615085070664852;0.549357669743211;1.71119392035092;-0.304302983530527;0.0503341290096137;7.67010160127441;3.17509160005527;-0.621976654846823;1.47652436733153;-0.668878342488631;-0.178608386398156;-0.370209457773628
1.81952969911435;75.784209640485;2.23025620014336;1.3792199177918;33.7283590397668;1.05626069141293;1.96596455814446;1.63024551115363;0.185361142948283;0.683408928159059;0.943397382650424;2.007132041637;0.00630398433254606;3.06700921278613;1.37563148135174;1.44616704129581;0.789332884445039;0.148007665234703;2.2244175215896;0.770177490971718;-0.252125149136448;0.210003265301657;-0.648104857929563;2.18458762369232;2.10080765845961;2.67502005502591;2.30362759965163;1.82836291255137;0.955480707058275;1.17740979048908;1.93661985676917;0.0936154910003351;1.4656373035044;0.529146366066828;1.4513571748387;-0.0572041313128053;0.158854710992377;6.45627630803042;3.35576503748908;1.63760951319322;-1.05824444091821;-0.846203519013748;0.0468547742315246;0.61335896577082
1.97398286043265;72.916179856524;2.04050711064524;2.67234728066552;36.5639992730893;0.484357696920692;1.89367212849708;1.59229763411363;1.0486505339313;1.28753338283975;-0.0137226842960075;2.38336097991205;-0.811093784518262;0.296054348558262;-0.110042952457393;1.27707250097559;0.463950106031972;-0.735318599048074;1.92735475906922;0.572741104990247;-0.909534570064056;0.361603325942061;0.104979089070022;2.67193525164191;1.90082895316128;1.53730918090468;0.87500139395534;1.53323858899013;-0.115897400885002;1.43285463906501;2.49120482510044;1.07450982131996;2.73715375754003;1.01483761739759;1.61805647759752;-1.21762590587953;0.0416877616192332;7.24485087067709;2.75417410560153;-0.157991472670952;1.19550638923878;-0.912099114703146;1.0142247302025;-0.421676363285253
3.21434259458369;84.5999196980736;2.31490571792137;2.42045175548407;31.960536715396;2.65132433271685;2.45287381966736;0.709594619251344;0.391656749759442;2.351298052504;0.0604600401583583;1.53862263857058;1.17744829044504;1.11603490523065;0.878614156578152;1.00318194392942;-0.588995929857568;1.09167207526485;0.980194301427416;1.0198091360602;0.210124499105714;2.22045305676182;0.0877901907914947;1.30018369455152;1.14889603929241;1.62672311716994;2.42092420852719;1.88777966564283;-0.258368172828547;2.21815569308281;1.44390403667543;1.23134810215434;0.0175598435914404;0.554443119676694;0.461201363973443;1.9175620552568;-0.134275453183939;7.54077111250832;4.30225328282854;-0.147925728751899;1.73934004693071;0.128403055923843;-0.0630683937637025;-0.377272611075271
2.53604073471197;74.3915903428507;2.92020782993186;1.8003297524353;27.1804224539714;0.731776077682774;2.92372996034811;2.59675734602927;1.40921592863237;1.01201082896188;0.843863772222819;1.83577327263797;0.749889342800203;0.646104668583185;2.29669645576082;0.273171892438458;0.969660491613565;1.06190040884642;0.416692563593888;-0.99571421165987;0.133739657610834;-2.28365089272914;0.214906857503413;2.08032280878172;1.87512824450137;1.76879499517898;1.74857940096965;0.985932309545525;-0.517034363956164;1.41772096101041;1.08775994484453;1.14747256003756;1.57304141682576;1.22391410097948;1.09254243236641;1.56542580559419;0.290121656591905;7.80647207539784;3.57114349115989;0.0406005897944386;0.896149314832816;1.12556217287995;0.14305300234901;0.31989080178475
1.9356636801963;71.4975058214681;1.28238123011514;2.6165209803187;30.0090735831821;0.00877279263967079;2.06448829699489;-0.333165901527043;0.628405444952324;0.830870516938312;1.06887622982512;2.11564215427879;-0.507155067795079;1.17738678218952;2.00426664754682;0.0508380955053909;0.624605454603323;1.33562880214605;1.96523149231633;0.63732487152671;0.597034614987656;2.48874258421299;-0.0837680549740492;1.97166353540628;1.07064458363741;1.4894477675361;2.47248115513493;1.97206443217459;-0.146481092753046;1.36497045249709;-0.221899164923275;3.21889393233172;2.36161150621935;0.93932392517724;1.56085750596743;1.64965537613687;0.367721205949921;7.55000031056;3.79563425668677;0.436174100552839;3.19528810052659;1.17823288186092;0.368586426608602;1.22542138215246
3.09780169573658;74.5567295383158;2.52451697871098;2.70032093833142;29.028476521821;1.59107940674124;2.44294446714272;2.24105213929725;0.937078493105694;1.31938539959807;1.4381684379111;2.93484257640941;-0.264912914471513;1.80747111537602;1.48163245476317;0.406960478306932;1.66564321745359;0.578296082947488;2.63275146139511;0.15011147994664;-0.61212696882526;2.15931820782436;0.505806280864042;2.37559953081765;1.56138619947551;1.839724884274;1.36251654037785;2.12624204340563;1.72292388886646;2.4072021615487;1.28268062805328;1.81205686652466;0.905087276200952;-0.236512606800921;-0.211820629808177;0.0261457620408072;0.416690015031705;7.11633455642329;3.23561302177667;0.181412599774295;-0.235350291574795;0.706983090020334;0.0766684841062535;-0.490732817280326
3.45260333160469;75.8438062258218;2.65903123803635;3.28067209553261;37.4481621621911;2.58290754436461;1.5514504192291;0.190160593711783;0.0543691213622919;0.701327837489331;-0.055386689731114;1.03759516862289;-0.538498810942891;0.650930641490074;1.21074500836445;-0.10713735929437;0.652786389083685;0.64445036816452;0.317142627428153;-0.762563166836592;-0.114001790731927;1.98785277449227;0.31949668084889;0.948020598215672;-0.116899063339617;0.284186165087778;1.87076928033848;0.834069156236969;-0.389751316672246;0.188510933359193;1.41612320170093;0.523102333383122;1.44259515244922;0.22236267329245;1.7507724296934;0.0665784627574788;-0.13242876847438;6.50997532428957;4.06610456520562;-0.867964747163381;0.716341984308417;1.05917116798921;-0.153071254416372;-0.442628204002101
2.02815257261811;71.3183547733361;2.50658767095931;1.02719008359495;33.5109146821496;1.63117964557991;2.23897967725224;0.5677011501103;-0.552218483565453;2.10007304004544;-0.00963101294057045;2.16422292103293;-0.0298152402282642;0.485093425675038;3.26227711668615;1.0264021513615;-0.237050246241559;1.05480620370243;1.83330251146385;0.656151678739584;-0.520126965350442;1.1852393343522;-0.6057892025154;1.84292526114412;0.524544913939128;1.97278564581214;2.71503818857599;1.58973132219798;-1.73003879535709;0.974858361824526;-1.97491042486158;1.50810376523314;0.793541721535211;0.647095715324161;2.18965102577774;1.82639338337701;-0.118983808395072;7.25448967122449;3.06356231656157;0.300048045204084;-0.185935879076787;-0.211789334352596;0.406485793431666;-0.190352767586324
2.14957724700979;78.6746443062995;2.77757329531846;0.727314126124511;30.1178775791281;1.42001194634852;1.93639161583429;1.9020118398844;3.43938937176907;2.31370630991886;1.74174848832934;1.64246045314887;1.99670603957729;0.438079391575126;1.54390037034406;1.1753992939639;1.59923271801142;1.36496773257215;2.20242235618441;-0.138551165960209;0.589718234861883;2.00682216297463;0.0391805928849721;0.878591429200113;2.02347959949481;0.998866300826692;1.01939927099629;3.43833546860484;0.582157371077159;-0.850290068854347;-0.481750433074692;1.34400477106691;1.17320374192789;0.673018259733684;1.80821915285876;1.62957794735033;0.438461639040106;7.42443700955617;3.46661321950299;-0.733846390576081;-1.5374680788439;0.257425180989575;0.460494506886715;-0.599117353723976
2.00541702142921;76.6809234315836;2.46050175667312;2.142194542312;31.4933205957011;1.13227473214641;0.343674940615579;0.816369972729544;0.698517550124922;0.319255097028915;0.81761402892553;2.45680083072653;0.954971498280546;2.30458329383049;1.18167697136535;-0.988219175741316;0.285080420336035;0.191196327505173;1.6993593068241;0.536776969537043;0.100029643104102;1.70034700742524;-0.1419297944635;-0.762698304501399;2.95170110638434;1.44099457354352;2.38303562439277;1.80673295036159;-0.450648504820935;2.29346067489779;1.97441523025803;2.17059815815496;1.03319748721955;0.245824411802069;1.04806840443212;-0.0676911526028983;0.128164000668727;7.8669236023305;2.71762443324436;-1.04181604591317;-0.275547112702581;-0.574352562867259;0.439597762097862;0.103971103095436
2.10693557080209;70.7801152759223;1.89425856893831;2.0642696647667;26.8044292525747;0.313138901441915;1.64586937646304;2.04674288348196;0.810827847547688;1.73522439738026;0.601479008705177;1.69608208362015;-0.757854833820086;0.0922200353313016;1.14649010576121;1.04574623809024;0.708844990178642;1.00377128064525;0.56278773527151;-0.41167218004077;1.64844680231586;0.646744660389596;0.107454985541523;1.29107630679704;1.25553818352812;1.61055599561886;2.55501994388773;1.91775615563944;-0.318136637324835;2.28694045176981;-0.0188887328858884;2.1918870382454;0.318041677805366;0.324195772993853;2.03710970365998;-0.633136538569627;0.178205523535759;7.09461342126277;5.45565828047508;-0.477995066723586;-0.568063514674306;0.498096487661892;0.0888804180097025;1.24941428328013
2.65867132650936;74.979057125856;1.58847515312584;2.42176622620536;34.664277463989;2.05629601166766;1.9797758480424;2.14688968032384;1.68106381703136;0.538166521586931;1.06551991130911;1.5073074708509;-0.0717436344488651;0.513950031621799;2.60015258551465;-0.251175350554721;0.980419348155807;-0.147568581498481;-0.447718357230396;1.25787844897355;0.644068840545774;1.24085244198936;-0.267241579598287;2.21295017284638;1.10955639356143;0.206537295470854;1.9532971887188;2.31598797632408;0.627210373511491;0.663053005745083;-0.38032501440338;0.0779582720896761;2.17880944272562;-0.690675152878169;2.53581566647775;1.51237265341519;0.087983673970213;7.40564978251416;4.87104284137512;0.100945314747561;1.05589992469274;-0.467246252033426;-0.231787317880735;0.116750667478762
2.68399420352766;78.3701635673009;2.38385888362837;1.50314297062911;32.8302043084776;1.06141720804613;2.81346219052481;0.777274243121346;1.43659148988461;0.111383339718403;1.63698142254224;1.2585836794022;0.0939717202017253;1.95159735714632;1.32338165247807;1.69699348200171;1.06364087903249;0.685701095415825;2.74298369146314;1.49586296690959;0.683970533057058;1.70101116949933;0.0169090924787404;0.97090136151846;2.26445464047401;-0.885093975523676;2.41776511879475;1.8062522766677;0.197973184820275;0.692391466863591;0.553459145003695;2.46732969970068;0.904475619136381;0.683974436157699;0.0957620905657137;1.42223101290687;0.304453560112944;7.0406974754339;5.41804063857129;0.660481645303357;1.96278180602337;0.194142741560318;-0.243946758019128;0.211817066578449
3.31060132611382;77.392202820709;2.36894789323158;3.20015901787584;36.1334965238095;2.97824052640618;1.80627134367816;0.159607421044999;0.0275943155069072;2.23424400956953;1.5238996557508;2.07368440830164;-0.588766765937214;1.30032051635309;2.45539607711324;1.23182610483944;0.634049429345539;-0.275392794264023;2.68008501584372;-0.19566698558744;1.03928325981084;1.43056817717945;0.207904309000513;0.95273037872689;2.76065755794129;1.15970451203709;2.61119216796488;2.07381241765008;-0.114545865923769;0.56465617471086;1.39190382943569;0.713606108252823;2.19725492841082;0.0592995289037712;0.36067922647871;0.760331358488764;-0.00102043974676864;7.1957458729838;3.58394571539324;-0.704325654963414;0.669251752973645;-0.716139984412954;-0.0509765939556184;0.831256571026137
2.70856416217316;76.1696617749;3.17365397747123;1.88841264327615;35.1580943874258;1.59786859482765;2.06336831437061;2.55891755885526;1.08241782228036;2.53708659743824;-0.907217169897987;1.02596673074471;-0.501559335499863;1.78044445900627;0.868642813592496;1.83756087891109;1.25181089961269;-0.520621956291302;0.416593030045307;0.17438839751964;-0.157333756202033;0.286440280994148;-0.585302658649967;1.45403618530777;2.72999964204568;-0.0815470671237353;1.26692965272112;1.67882127605404;0.390402681959249;1.33704629963589;0.251718290051246;1.00610879955359;1.49871726515508;0.827795034139261;1.45172791890304;-0.013242010961694;-0.0585357078978555;7.62874498268352;4.16437629648801;0.692957968764109;0.821734032225027;0.0141980190762637;-0.230186753238007;0.185633353771768
2.30907231459714;74.9869300975626;2.33265948988783;2.35241332745505;28.0201683878228;1.43310823137675;0.127671317685423;0.827551230520638;1.05207378286577;1.1469445889188;1.6059769972653;3.14166734734239;-0.779235319889513;1.43555585951034;2.02387521290285;0.377782872661514;0.492763080231865;0.582521323906116;2.47031550547643;-0.418475484589006;0.612467502501048;0.0756778168907749;0.0243960842603039;1.19477733629308;1.63037305148607;1.18685238352758;2.09278844389935;0.561778934474144;-0.747844144513022;1.30367760486447;1.24604702909092;1.94418540130444;2.92882394840129;0.865716475938827;2.00121049616682;0.848944264580118;0.182166491115156;6.37593555650527;4.84864470202132;0.324988093276616;1.06690022127044;0.944334604398555;0.0395383613011684;0.403068879804701
2.25217833186988;74.1399754127474;2.54390772667772;2.59574958033545;27.9178939439096;0.640240166524202;1.54197219888672;0.427587149876622;1.1203340433928;-1.32814497188694;0.334557209595549;3.32499739043655;1.03118664931515;1.89963192196341;0.55572793047314;0.280769506715742;0.51537927608285;-0.23716932572805;1.13273877245842;-0.0363101555097823;-0.0683717518775891;1.29244574190793;0.3934820672271;1.80548377004006;1.16763327069918;0.775103715573283;0.931300699733632;1.57842018473995;-0.22085518560824;1.31489362964563;0.0706152619371294;3.48784720169075;1.30898146705468;-0.0254375544857693;1.35009597856802;0.866076815254581;-0.136278469912717;7.45693636634105;5.55997855517505;0.0449850980614106;0.043236307095021;-0.998542443498026;0.207012239915398;0.386678318724105
2.08813526962273;76.6029848843142;2.60226944342741;3.28095199565664;29.6094821745675;1.05117780098709;2.72497982290641;1.81795978043764;0.445972554413946;2.06621495840307;-0.210550260771736;0.128910402552922;1.0914961809998;2.5859813965246;1.3145262341168;0.884158205879857;0.126159114401027;0.669700973094127;1.3767688385084;0.101275215574475;0.811634450749355;1.88332212550005;0.173399729966264;2.05817953843813;1.29345367341427;1.68336695907519;2.70249698538516;3.63818338466489;-0.68380275249212;0.398669215297595;0.176660054467155;0.924848435171236;2.23775120119857;-0.903357328839435;-0.0777247064426867;1.3792812170758;0.134425326185909;7.49000016558245;1.95878280917237;0.639288851820322;0.6471897789463;-0.118048840078994;0.336230923445036;-0.271298807139559
2.73085664681508;76.2428591933143;2.64244210545434;1.58191776147409;32.1367478419675;1.90482340124743;0.836432565729823;2.46977568025475;1.65106994094868;1.09214964887385;2.78237060347501;2.12640635738504;0.983028668239261;1.67654080058468;2.21069968419869;1.20660551982539;1.06735830948685;0.25713837737627;1.24665187003325;0.263880019384713;0.0036552698243506;-1.40448054071024;0.286578271897272;2.45131125433262;0.998782090677032;1.96718569612076;0.960818344697183;0.890594480246381;0.979353310735341;2.328887164454;1.03708297976399;0.384083427709141;0.850907094334152;0.486211654122451;0.710605452062622;0.197293171055233;-0.251008077257409;8.21238187388514;4.42572541329022;0.62683741867633;-0.398759090703596;-0.538170445336891;-0.258739550493673;0.210132649924592
2.36354151150101;79.1026060860172;2.09756290413851;1.36478621518795;28.1059317404972;1.8292173988921;2.81694621845988;1.89981795557334;-1.14951436754535;2.08375545057521;0.103815472903266;0.802207218043724;-0.816198356928841;1.18151856945279;2.25274365261498;0.150440829927878;-0.100281828511742;0.425391514911453;0.463123544565363;0.502959111503459;0.489946728879962;1.68881153813747;-0.286546402066203;1.36874542079795;0.272941949176462;1.93275171224176;2.02081544573619;1.67074331879318;0.409140295090124;1.00370070299558;1.63838787976678;0.0408576955549089;1.15903427467641;1.81588523346491;3.47504975819084;1.13267225977155;0.596002021177205;7.53565029218385;3.24637926166997;-0.334774993497467;-0.176392678876173;0.258491136607652;0.152271796233344;-0.160026004738923
2.54074709059581;72.2901856612672;3.25972956330533;2.12535230641705;31.9208272346456;2.49262410094776;0.981804323621173;0.0241598312840912;1.06718233704756;0.800329040781692;0.119151606134428;1.83757509324254;-0.146490070206996;1.96549197248869;2.30598276763135;-0.289256513680783;0.190449935882779;-0.733902737087104;3.51617957682172;0.49320166961435;0.533338114227287;1.65910444163721;0.519952388954465;1.13583952536002;1.36144990843004;1.97611279884652;3.37484295361957;1.42772933344509;-0.960229383742463;2.04634498941427;1.04853841707154;1.63356226759359;1.4990481698595;0.000348253552294869;1.88014533443837;1.66923340730433;-0.147035067511352;7.41145408196761;4.27598320053366;0.264237357284512;-0.371109119487408;0.121386415643576;0.153461903682303;-0.0161392152990589
2.95611269959013;82.252827019877;2.62282318794488;2.47750389308785;32.0960781081349;1.7439543013086;2.12841435646871;1.98661734997223;2.41464061149264;2.34107421701956;2.16929910139782;2.35510444451942;-0.252288723364938;1.42097584704287;0.808870088680845;1.95278914248451;0.660980106242475;0.252058469961281;1.34890341838254;0.959117591526591;-0.0226479400043516;2.48022375624541;0.0877909818745563;1.53890204866504;1.54358509906446;1.89037853236974;1.5345793554501;1.24316465620566;-0.160941507621118;1.19877569133811;1.58587457617193;-0.236008522309288;3.14047696935672;-0.0756266756804528;1.10429107156135;-0.672209232729196;-0.0963158360574767;8.10887441344637;3.32895900990289;0.0256742290386708;1.86141942135296;0.568414583139195;0.129068323494988;-0.373237200382522
1.70145892574249;74.22499875444;1.60674631650384;3.4837916944944;30.5229630589967;1.18944431301135;1.36513153673712;1.27400679992968;0.64968166300614;1.57487972572338;0.947814922899551;0.698866781153867;0.0247245189136072;2.50756459800964;1.8026307042288;1.3046253433061;1.29430569344135;-0.138901626709587;0.987793717770491;0.28053182963941;-0.395474286214157;2.19043588531006;-0.147079416872585;1.9101829733666;1.58934776823203;1.50285487955319;2.17043875666888;0.85111044285238;-0.47028960631735;0.44908023701982;0.555510757835784;1.41400971423885;1.06833506550871;-0.548762975403687;1.44009112576054;0.716088813111901;-0.0247025843273037;7.90293313006063;5.42376152834346;0.855345118068978;1.25800478164046;1.09776632196476;-0.274120507201378;0.770957743508083
2.11921585953407;78.2075908538775;2.47161194562535;2.6369999234442;36.0473006432303;2.94822514856787;1.47504783436556;1.7202911259732;0.338492360197437;1.15526846235547;-1.79138350256563;2.80174005021471;0.838079557156735;1.76799400583446;0.000864153092754449;0.508149932717482;0.137922073915225;0.16236761428757;2.79073895340264;1.36598724970586;0.706222350232279;1.17625371973241;0.412261453171842;0.796817333749129;2.51104657581901;0.829164361710534;2.82423626548286;2.00859846503643;0.573456242750473;-0.230490443741187;1.9354976659458;0.447806702553624;3.07606597955954;-0.620034876171594;1.37974669128982;-0.133743588188131;0.314710610695195;7.6585528399357;4.53762764359122;0.744061211469575;-1.25495375324424;0.893464160577866;-0.0368350232531725;0.488835594526208
3.2121902182079;76.9875442324776;2.80865418421506;1.79177638060018;23.9826528602882;1.44166324797589;1.27354333245344;1.36990057375871;1.72660711123146;2.13536226697122;1.14486814111264;2.69856991261198;-0.162603030877896;0.821375262619967;2.5368811323672;0.875643325288065;0.646334079588472;0.047530480443557;-0.0525186911146516;0.894006712179568;-0.198193326092987;2.41571415330952;0.181616009710039;2.34981895793921;1.30190235401457;1.49642897851113;1.20815978944075;1.67453462956033;-0.545041223743287;-0.0886769397877046;0.5551484453;2.11097931272726;0.889294437057634;-0.037774756659199;2.2754584635852;2.06550293289818;0.526223279269921;8.27397275771544;3.81153475485856;0.0758156213429827;1.26582834719401;1.61132522596187;-0.226610226980465;0.400245782124111
2.4906629433514;78.5284064633384;2.67181579261266;1.20472321278528;25.7315812207785;1.46081377521574;1.38518508407389;0.990240853339547;1.16495799828688;0.863047258733747;0.280197451700416;1.56265519353575;-0.104436451206569;0.0794015215653388;1.47288579957613;0.425510337436017;-1.02374677313888;0.277608018580506;0.560859993050831;1.33458101005245;0.56267884683266;0.699134213153993;0.246582286536458;1.54626887989775;3.37615319513953;0.84780546555594;2.08624287081079;1.30068760094818;-0.426083409156917;0.99799238429653;0.0132798363027803;2.28826133896326;2.10924307277101;-0.378098166399681;1.70641524386321;0.726462378220385;-0.368561902288822;7.69116119579273;3.36799505525253;-0.454167930846647;-0.182832888470139;0.270132335356287;0.194198375052928;0.482702356837833
2.78399794453196;76.9508980905975;3.07502540782725;2.3539501896726;35.1060979711321;2.52767656985453;2.16915646527174;0.245310486676163;0.52832395229895;0.644332142640981;1.52931976271375;2.04470748759979;0.0749190270670901;0.301950561342962;1.64220711339413;1.91335871096358;0.342410881563889;1.17625093760267;0.509498734193634;-0.600767794749505;0.44839670536552;2.35631766199081;-0.148223742343369;1.20586898617153;2.95606038869076;2.12612629083322;0.570543290414218;1.33076181889129;0.840211291078829;1.77298458545214;-0.708139547199422;1.39476193161211;1.81964951849056;-0.219475535418028;2.50859813761914;2.64859886327029;0.601154152358968;7.17365125540163;3.02273512307772;0.279260779280103;-0.0430610019063399;-0.812739099258567;0.417169924542874;-0.0681747845942167
3.10049322455164;80.0983900794377;2.201028427576;2.22580790620089;34.9248558679823;2.40912191304693;2.80838265661508;3.497590071898;0.968718201178386;0.301131777922618;-0.380646629559345;1.97369498084185;0.0625721402646919;0.322028640567871;2.01767214039231;1.91021792608472;0.875640547694429;0.387797564811155;2.69955421239745;0.353344403822831;1.12085827164428;1.86567293757097;0.138761863026831;1.54154242593201;1.03510552621669;2.50875082842217;2.54405227910498;1.06174421480199;0.0154283423830474;1.5403247669352;1.92528909609442;1.07861000238909;1.67642934628072;-0.300766531961949;2.44120930541767;0.775326841211303;0.589910201654555;7.63556351116892;4.56758612850866;0.0224847695731262;0.209649402256096;-0.0825913550304027;0.221909084410223;-0.0152707115654842
2.02523077734309;83.0291660626889;1.56098444405139;2.19397302044285;33.1479365946598;-0.97917437453734;2.16679688366202;2.42714204594566;-0.084063296459402;0.0809695817087537;2.02443570747014;2.48612090095107;0.0179677731702447;1.15324872554032;0.908589274995652;0.46921585544107;-1.32774714336098;0.651349835159183;-0.568638298334722;-0.321765169140906;0.00421250112554145;1.57448303549213;0.147443958601408;1.81392828147341;1.23143404220995;2.68366297443537;2.18422005703776;1.73569479769767;-0.354297326728571;1.37596794588859;0.746263453579771;1.9648885129781;1.83164557100739;-0.466252567404101;-0.131762997528592;0.449560874048018;0.21946469029071;7.0516005502816;3.6184108238161;0.174088540689253;1.07266392439993;-0.00729599618550772;0.0165193915380458;0.367907231411063
2.03067655194098;78.3744620031558;1.61797356438201;2.35516669271289;27.9568505919247;-0.138069620624388;1.64510151849709;0.480903843676289;0.000420130956685139;1.14430631408331;0.818068616566359;1.53634913900011;0.175316765430774;3.00183515213631;1.95399796076579;-0.774287893526911;0.541705871959885;1.11358537480169;2.10612269139003;0.842357034880021;-0.241271068503375;1.48891671802819;0.0551051179124818;1.82049606148269;1.25680438818542;0.543208460863778;1.06417793652722;2.78732199508536;1.75809850421785;0.270607795563996;0.0798610691381479;2.14338472246207;0.782337164182039;0.290383845252637;2.01349764658019;1.12662736421787;0.00550250021594494;7.71041759083714;6.14019793109969;0.472115454960311;0.529294831283508;0.748820921970253;0.0613890657464329;0.177177204876377
2.38649681706041;74.7244137176967;1.98987381312673;1.08014826708191;34.2019618363756;0.854477327049791;1.47768028570496;2.1535829895672;0.53189909975044;0.912390684746331;1.97195913839001;2.13314128669251;0.439125907385028;2.33731931043734;1.19988196047881;0.118488838325198;0.742746081068525;-0.442873152952968;0.574052173457353;0.724836744633676;-0.353379910740349;1.8230403031818;0.162070932480398;2.7880442986093;1.58313543664979;0.283141883143293;0.737207273586313;2.01456271195389;1.12779518605421;1.85322809874953;0.748906026620391;-0.552041998610477;2.33399227487334;-0.0939787848306878;2.0199603080249;-0.565873764482531;0.303506269049148;7.72561445175112;3.98692943416279;1.69575553206905;0.0333091332674011;-0.362909926509748;0.223958700989411;0.883078398931733
2.74771043494355;67.505877083027;3.06038662092596;2.04416177139667;27.0818635618496;1.82175445645068;2.90803569499036;0.88502785490741;-1.04793882509797;0.608777228322064;-1.53057700838835;1.31125152183879;0.333780777020687;1.58041919857695;1.74132683276471;0.53259732683036;-0.898470586961509;0.588639838947516;-0.422996699545523;0.595969058582721;-0.0492398422085445;1.44287542947153;-0.0252076599498213;0.469965336157635;3.18188439582953;1.21459495801819;1.62016520564604;0.967512842312715;0.85101227736832;2.01067268973991;-0.0173939164680791;1.31071827264022;1.87138727653367;-0.377223050297252;1.14609805797801;0.778066721517837;-0.089128235272302;7.99144945757236;3.82056609914667;-0.033566697363747;0.487906480201056;0.436732201357375;-0.0315931486211528;-0.329016524649421
3.00246556598023;80.9446928876206;2.78552868154123;0.972282942096756;28.7220480926326;2.35190776883675;3.25382829501612;0.943085962929492;2.14800224233865;1.15405231071929;1.55743635507967;1.66430850899361;1.0498313699253;0.961576127293137;0.906841826063083;0.0521206474873395;-0.896378100810092;0.186743194392111;3.42238225991304;0.282652237432005;-0.310430148580323;1.3274773028002;-0.127946432750388;1.14050694411152;1.53806418402795;0.785114273951153;1.91974848419235;1.87174491947272;0.445539035912917;0.322036068317727;0.260828742708292;1.41343453436031;2.66558863610883;0.435073507296294;0.944925560357561;2.13808674262805;-0.242890189638292;7.69744436376329;4.33987006682167;-0.879373092052801;0.34947039095571;-0.213803876769781;0.195937706681596;-0.403296519325379
3.28529394822307;77.5352943012331;2.64297107096829;3.81523108848333;27.258720623389;2.47850076909129;2.3463909329316;1.49086804698904;0.117308508951818;0.138564332782668;1.91841568352367;1.70690766128845;2.56032500323252;1.67546660662248;1.03003226329804;0.425218421452197;0.48972431689312;-0.601721867889665;1.4405153649804;-0.186591160198827;0.74671469376836;1.45842299431584;0.143971207803874;1.05223576111517;2.0017523018811;1.54169912099828;1.21939565522148;2.2327863947047;0.90034030138199;-0.870468690306013;0.133407444300515;-0.184267065224658;1.40837471896819;-0.0714158862168243;1.0250756471521;0.75850389268512;0.324173468082267;7.67762952815226;3.34590047081365;0.789525269450916;1.07072343070637;-0.745791179746593;0.494102844811247;-0.318572548117413
2.02665332839723;77.2288783086921;2.42556102773654;1.72075527231795;36.8910633283726;0.864563325535604;1.58369922371892;0.594925447559072;0.870069007000393;3.02123861215801;0.459763091726154;1.89564096664815;-0.257747234767465;2.13501100021138;1.37387597321961;0.571396740811076;1.35563185387527;0.148958232207125;0.130224141832542;1.20584944259943;0.801621074258083;1.23400830893502;-0.125188859729337;1.55423563517151;2.52005231190271;1.6155831575047;1.12266281811083;1.82557458896686;-0.107841984852085;-0.831817818516261;0.217187346283267;2.54789820905364;0.937843797352426;-0.0528164875623656;0.324857228830743;-0.290018089666713;0.214784241880003;7.77396942761127;3.85106971634404;0.690235375048028;-1.62260865235732;0.0927201918043681;0.31236976407757;0.441687081799577
2.19424161386445;71.6990524048637;2.64607190467872;2.12011304252721;31.507920838507;0.10025841516322;1.63088605732552;-0.758241606431638;1.48389150704406;-0.18873143759434;0.35441587924197;2.29379813193396;1.03218068242619;0.827968284804303;0.709045299428168;1.19309049533742;-0.677780201953939;-0.410130007076258;0.870858163809844;0.218873437141167;-0.390750962954962;2.16866090195674;-0.0579859871007007;0.256374084026305;-0.74219291326949;0.564607685490792;1.6312218394143;3.23014321064472;-0.258459553095946;1.09882938072266;-0.570518362412719;0.0273981395478949;2.67356764307847;0.240888714021738;0.75359974532083;0.201311143731632;0.100094681337794;7.98017113075784;3.78179707579534;0.303802343090524;1.66959564640707;1.76878922845315;0.226152378184734;-0.586465362900272
2.73164195846155;73.6854712303227;2.17295062817817;1.49425632520513;25.4678741802745;-0.153279142413942;3.02432268660224;1.73723601445618;1.17763507814397;0.788521853539609;-0.0730244068411976;1.77357528808145;-0.851476416037535;1.69277154995603;0.313117045065575;0.266746992230232;1.44726675117506;1.28917430959808;1.21812386554126;0.119289861158138;1.38833077637928;1.98312506790876;-0.153111036358919;1.13645189884887;2.49873003652364;1.84156933077127;1.56415460214908;2.58167555140991;0.673327956542482;1.53991802486103;1.86113171256058;2.48038229161823;0.9912987034012;1.76772496493925;1.93801462751808;0.393450459601282;-0.0622891252366321;8.19129394367795;4.91177149649403;0.923366327058108;-0.872218893058597;-0.0423371654875428;-0.300398382396883;-0.942677482839557
1.93146643063458;76.1438913346866;2.34674453932685;1.89023231866187;32.0748727106907;0.959256783110926;-0.145246136131425;1.84812617182098;0.750869544584141;-0.140192840819124;0.253741607952557;1.46564408613941;0.469619687469433;0.732080263801681;4.01866182971379;0.0284088862141563;0.182379332589773;1.2247697247748;0.713896051260488;0.890124367007198;-0.186692683618843;1.40378871238171;-0.131493380853366;-0.235743739871517;1.69758702836314;2.44943153748791;0.78279265491315;1.5923836802623;0.697360483407799;1.545902443653;-0.404004721370948;1.28645574970608;1.6438751259136;0.877524353563514;0.515962845888352;2.16381442398139;0.117318890135077;7.70345726353074;4.5059640061513;0.0252156130628581;0.261980358793366;-0.578023173696628;-0.340801842884764;1.42928815978759
2.73398100493264;84.8590649854515;2.01594421093874;2.0493257199382;29.4277587429113;4.22919621634052;0.607740495097395;1.10606761882721;-0.13863696247061;0.788996584677451;1.092312981744;1.37368356174243;0.0854073569334738;1.48352005542161;1.39029026424388;1.05789341882142;-0.133302221116977;0.47701280852105;1.13771096326099;-0.60387888454261;0.449718819457518;1.9096844550492;-0.240054386794247;0.94802587569398;0.999642723303795;0.913847888789911;1.97784122503147;2.78861126202337;1.15318286375302;0.678128183847939;1.34017695961492;1.80313255273015;2.20317335809961;0.325360713590792;1.2767441756908;1.5619793879588;0.120176047952266;7.36425589743002;3.57378415444969;0.53010859768453;0.108227727167363;0.252143946483812;0.771976499776267;0.303476545018095
2.45938347826481;73.0741524387931;2.2282422227843;2.01817021495167;28.3924584916592;0.773809622645877;2.17809132657797;1.11433715891452;-0.0521911854361129;2.37766489940466;0.958482950481907;1.47333318941373;-0.197932945215255;0.992643883251591;0.0432109996061643;0.992517600852673;1.26969165238048;0.494750584572467;1.01872434652453;0.652869160033743;0.137427323797396;2.4287059198355;-0.0393684041352805;2.97055800730534;1.53748393184538;1.49054419178973;0.482105694067679;2.21554176039638;0.610481296959162;1.37723366635746;0.135521359348142;1.18393413252852;1.38588188394601;-0.535576178473606;-0.0208759256568496;0.160665900441287;0.0235705890105271;6.9793523078635;4.73338180928113;-0.0337848240691033;0.4935428408089;0.398092295935887;0.239786260224826;0.56493902400506
3.12749063094056;70.5247321087287;3.26238220000418;2.60769570315551;28.7613718211037;1.57144838175521;0.768222943338537;1.67700697888865;1.17290272797319;0.24790231839167;-0.150828840593759;1.70056293298071;0.813728106206967;-0.38230022461889;1.28086872568376;-0.0362357679749375;-0.440251260019434;0.431984696403904;1.80531027564601;0.745217831538604;-0.395837373317958;1.39078004216522;-0.0206108221185479;1.41470377331899;1.74369970072744;1.45335665411889;1.21682273424146;1.709886143914;-0.0915887256451461;3.21979164181552;2.40967572403416;1.18083891627859;2.37260579157908;0.511579327067077;0.619600775321038;2.2043726439298;-0.179709461830699;8.22440081580766;4.84128295010934;0.369951299522805;0.415005130590916;0.613377683489254;-0.040222908373467;0.926102321244055
2.54947844286463;76.3823018974058;2.34267304862409;2.44078796270104;30.6640932630089;-0.252061614249369;1.73318542077627;0.794476971217203;-1.23602057002386;2.25978427942197;2.00049986122803;1.8928612454764;0.447969032317331;1.86209609121161;1.70123916021865;0.549155779627628;0.277647320648194;1.17858581781674;2.76754767003292;0.524980640884355;0.0330627418335881;2.52915241620231;0.345464168254621;2.22696643023519;2.19192098593079;0.681195173219008;1.71200517594204;1.8802810905107;1.64436084760518;2.39281517034837;1.39869685584988;3.27590852650092;1.32247502284138;1.91696092526219;1.35142568816129;0.26403770125058;0.377988917221463;7.43587423411604;3.05090806576429;-1.09026790629714;1.66325871542066;-0.821802019323111;-0.0528427840330038;0.149828656611005
2.68682961413938;72.9964862672521;3.21351005726975;2.18617294218576;32.0393777045597;2.68909162642571;1.47510178800657;0.842749288860617;0.415047944837062;3.07579330117906;0.426318912135275;3.19907781781832;0.488717619959192;1.7749749105896;1.09307850517162;-0.240143866505765;-1.06783670872914;-0.178688583002352;0.625129984767684;-0.581023596530987;0.680851223062482;1.51327859999151;0.116634835117851;1.66097042739056;2.17326472011997;0.48400696740019;1.76471675979078;1.29780899963474;-0.177253881963462;2.02413644356692;-0.767735534362683;1.50942458543382;1.60465228104217;0.618948129602686;1.33195715163461;2.60304929498683;0.342521048566921;8.03043649159298;2.9724887422915;0.28467658070091;0.61983196316088;1.56054069857308;-0.00981929870033678;0.0578789711053949
1.88439045689602;79.047109923141;1.41078282865376;2.81716491037168;33.8886564697828;0.58835175248859;3.26420713284075;1.23208987634412;2.76395139493912;0.657998507877939;-0.0772133301782456;1.17253001489559;0.0507110003701269;3.42478001633494;2.86276710111788;2.19180934331031;0.319917049106642;-0.325756295343719;1.46658916179449;-1.42936961756697;0.133262219006484;2.1434103363025;-0.238050939896917;1.46189982607064;2.13494748450048;1.67642047477387;1.42761163522867;1.05011752968668;0.0473673479599063;-0.174994067488994;-0.28722226240492;1.6830874318178;2.21965356872197;0.274800590080936;2.53239798642789;1.0236590065673;-0.0988327133714924;7.05972333301483;3.85373293204435;1.74870357370636;0.900742564909606;0.017068317047075;-0.109758310604578;-0.791909354862201
2.11336433963823;73.5393892388712;1.40639956406442;2.8036516235023;29.9616757553122;0.0787956414781354;1.46358472337578;1.47199178314318;1.04062010500698;0.289768606726689;1.14721748785271;1.0861851957778;-0.33361101580977;2.28957007383846;1.00613404570275;1.15249681818211;1.06751911651122;1.32166546887244;2.25792095258712;1.44933529522416;1.20285460327289;1.00301814636365;-0.255036603209424;0.99595427708291;1.40436091728599;0.757599233583082;1.51811630507257;1.91621156533156;0.285575149251197;-0.457094861931927;1.74537723861046;2.44813905230549;2.18917331976015;1.29383499356638;1.43997915939682;0.637289536234238;0.159242976235726;6.28432101923068;3.44155975680316;-0.0462815969771305;-0.401806217589754;0.407954319634855;0.350547534987596;-0.128761739720515
2.76089336776425;77.8686440755433;2.88004295974538;2.10482436272668;33.6012592113645;1.41189555970229;0.723649896179046;1.00630888071672;1.10047762841395;3.06602002532602;0.723135072794585;0.775910687222058;-0.0101157465526044;1.52205624686279;0.258542822950627;1.62758477487081;1.19452394273681;0.19683329048553;0.334498218055031;0.621776425328556;0.346575032043532;0.992932426166964;-0.224957662915457;-0.164440023871632;1.61182915602763;0.621512926687399;2.19703718862261;1.31949168519998;0.117836384978849;0.0908111142618632;0.182858671415178;2.61769548147781;2.64984169654661;0.481468968997971;0.98252316954204;-0.739822182354712;0.0940322279206037;8.17855840229857;3.99030126695902;-0.0371245514087025;0.46047419484431;0.188531324173507;-0.0306652521703056;0.80549719132314
2.7169763780124;72.2518119268997;2.41338105507991;3.16877745981934;28.8425626425068;1.82129771202206;2.03789600929659;0.702571705455657;1.79742133119421;0.446722854895061;-0.114580823883745;1.96730864394656;0.344542181670395;0.654333434316361;2.33844904844077;0.0692976196499995;-0.286041039690871;1.0246814099865;0.593571652903411;-0.285694138976502;0.431508406888347;1.62845433603016;0.316687494669116;1.24616837945534;2.15727862867523;2.60080181211778;1.83770773430092;1.62895663208052;-0.260448393489214;3.00512411070904;1.75124593746805;1.51589528671466;1.03957531846756;1.39163459955679;1.81774123252093;0.751128971302271;-0.324488406729223;8.25059180718216;4.46975836864768;0.326499193217858;0.747863344547046;0.496476091528734;0.525281240659063;-0.160194106453585
2.49311956893799;82.8486101201078;1.77523091926142;3.23914167981044;31.0053090350007;1.5109518657547;2.90516110933913;-0.71202462201414;-0.00487887165911993;0.316041247593924;-0.0121628053886368;2.50320835158521;-0.040935640586478;1.96261047382738;3.22268614360181;1.00894135290816;0.792444947393759;0.297452823316682;1.44076394707294;1.66183371544799;0.637079858977263;2.41690449994007;-0.354407089827603;1.84828557181941;1.32879756648194;1.26206118689086;1.66250349159047;2.7458105135058;0.0396589909508329;0.832780877081262;0.873422724269199;2.30169846577848;0.889944848940669;-1.29361200377053;0.966716029569606;0.859806828032196;-0.252063256750844;8.24374929526065;3.01225229526996;0.453842480617003;0.950237663927799;-1.24035208006168;-0.287034071222364;-0.471766094155032
2.70663065214114;69.0456462318151;2.77995393211358;2.21350017271916;27.0469490807312;1.78169775984255;2.61673503764979;1.89700482848457;1.01831368088262;1.09262267247628;1.36710305298798;1.56955303216422;-0.240686322225271;2.12958002348542;0.433231089594162;0.227902006936679;0.653592600889636;0.256340580645985;1.29041014709037;0.347127572349877;0.269579362770306;0.476182790185416;-0.39259734480372;1.11262735868109;2.15423802649753;0.763939882077776;1.67728678246346;0.944654618913482;-0.695119851053064;-0.150165783779863;0.918789710853033;1.10344722768135;1.00505780156611;-0.576162462801393;0.667453692671714;1.55752098217542;0.184358716309406;6.83227773354096;3.46656558278593;-0.0778887047633048;1.32100834095094;0.0125925545920633;0.375895594059173;-0.201989010032806
2.60363112976107;76.9804259103021;2.12106083083027;2.30165346913541;32.6377021827949;1.92756509433511;2.00207258458365;2.9013905808428;0.665563777325109;1.34052593819364;0.558355386657492;2.14245801063501;0.675087657944487;1.4587822020165;0.853361445612416;0.128555312510816;0.0506165513583313;0.296961738161643;1.38224992409591;-0.116222958662246;0.677504296539966;0.60625241919001;0.409939343563744;1.67022252424239;0.784848588457065;2.48411861337122;1.64381971784479;1.50126317886952;0.929370106372134;0.115443283028481;-1.34775288316622;1.23738591568194;1.21793165921394;0.303283503351613;0.851357987294115;0.181119563430687;0.159111007002839;7.44322709531692;6.10061370907582;0.139749801285033;-0.171445803409192;0.94735927525448;-0.100371493769686;-0.0958726468150901
1.7010178422912;73.999183561575;1.7915786896807;2.49585588750525;35.6345464809222;0.819920489773222;0.820146780153034;1.53886693238015;0.596232388578858;1.32784033149823;0.991023897854182;1.61230756669777;-0.508081193793296;2.33097956763902;1.91392235165839;0.269357363592016;-0.0518594070851313;-0.579378436072989;0.81707631886496;-0.388485090383682;-0.17008370994088;1.19712672748894;-0.109933071591782;2.2601982191143;2.58407384690972;2.95803226461361;2.34390050854903;1.68019941444211;0.531927316285054;0.774573473040332;-0.0419919875788066;0.0672261565280778;0.238991749762508;0.509265254683249;0.68158102903784;-0.0731117071798864;0.0884324883240652;6.9927428491192;4.98847064025052;1.11253133867726;0.572464603056346;0.248283136638583;0.352825115232431;0.314927494169022
2.1337131913223;78.9001075988066;1.71859019837345;2.5709485481911;32.9746748097977;0.067028741292416;1.94489080500366;1.28746287298143;2.36141043930267;0.848735025346375;1.85458455837458;2.32673798118689;0.646685672560552;2.22260734350978;1.46073736121;-0.0351911215625552;-0.453282182674431;0.14706200513526;2.568822874121;0.290403722941937;0.49070012922264;0.712003127406811;-0.301483452039593;0.103104604129105;1.66334500876916;-0.499776278205545;1.52325746249684;0.374899286231968;0.94196895651697;0.293827787148265;1.56545018926796;2.29701194472783;1.38203770682326;0.20781108745711;0.188820912535538;-0.911356996828395;-0.00214415536727697;7.8813194354888;5.34770609675569;1.08657622247347;-0.105762026712636;0.400354607605143;-0.722560276608773;-0.32948922404582
1.73608484358982;82.2049654543213;1.91825196852784;2.69716875028733;27.3142910145258;0.484685213768394;1.58876180419785;1.13113555431362;1.96857804933196;1.94409635524563;0.2858171683588;1.37640191220536;-0.186731322888828;2.47390514614577;0.788749351555285;1.0494287504165;-0.492147184233906;0.996163379107251;1.6999263267147;-0.600625439470864;0.354301561784702;1.70427237878789;-0.656189464352001;0.437080994511472;1.90689160283554;0.890991300414062;2.06963032592122;1.4615190453655;-0.168419427474946;1.55707880481968;1.0613524307498;2.25274457885601;1.64926572506761;0.574649071426147;1.40096411647044;0.279309439047592;0.478844927490645;7.75202051307954;2.51052350718414;-0.710858103245672;0.638802986012626;0.619253997681788;0.11138181990852;0.614946134525261
2.18096458239717;74.8315874136885;1.31363322614145;1.78558032725293;32.5035231040598;1.39709647882062;1.12458178286723;1.24076928843549;-0.348206261355258;3.5272643733637;0.429651077230479;1.93613403236029;0.19950853877659;1.45621257912976;2.8127083685918;-0.0649963108456771;1.50540063361982;-0.33171050486869;1.90583568594122;0.0733719016820401;1.30160083475562;1.93378718055131;0.287451714642946;1.20069633807047;2.10129556754013;0.484521841544511;2.36142220196162;1.97071817919138;-0.19191218157786;-0.703354216017524;0.938466994066469;1.63102506840484;1.74255890377482;-0.164524995176401;1.3050405961626;1.63315630611698;0.216866336683315;7.70806218764128;4.54891743807548;0.087842346368751;-0.562490958962813;0.67315682449383;0.266002836734061;1.26734923614505
2.56614293826976;72.2728780049192;2.81335929810543;3.38392632297692;31.9268493948621;1.39030381548647;2.38579566206194;1.42506971631889;-0.302459302537589;2.80363595163582;-0.46251382344324;1.93466007824238;0.621684237593763;1.51858891903094;2.40444924522538;0.699642116208467;0.336623191561963;1.45790588336234;0.382546805318841;-0.066899350178531;0.967595231667522;0.5059833751266;0.0827141923855452;1.18385808331853;1.70218461588864;2.17376327297087;1.39138364575498;1.94868828183804;-0.0700224477278831;-0.35485824533768;1.00628256914832;0.59604272391403;3.33434929490767;2.53964199908336;2.08124528128599;-0.0112826979895725;0.502912416785327;7.65588367165485;4.06738676272609;-0.240018043983247;1.37192961432703;0.275383945362326;0.271244731172169;0.450266629198754
2.29740435206831;82.4806027067535;2.2202951698136;3.46954851593141;28.404652285719;1.22199074411157;2.26342498095238;1.1565222591889;1.1301925782241;0.881604422506486;1.75275282717958;1.63987238578186;0.595938349623922;-0.246513582111903;1.91587266327636;2.23464683884419;1.00939488078519;-0.896884178957189;2.90610717321817;-1.17123047000828;-0.46017072032798;0.493789804662571;0.0534237268273705;2.56902728847299;1.77037902403935;1.290981592597;2.5223093138413;1.48462512389454;-0.991260816248701;0.104923520958727;2.85775039227616;1.71248214707382;0.926068417075334;0.0696212776616367;-0.516006185976567;2.07801127809289;-0.0665935825432081;7.71821933785395;4.74439532360648;0.358976306349235;0.699625201397029;0.687539437010487;0.177952618850467;0.431815662244527
1.49730738886915;76.0045188386154;2.20449450025525;1.57602436936457;31.7985363284682;1.43167851499608;2.48403402752351;0.767827265397267;0.781247822201116;2.44270788292593;-0.025390986066723;2.19480183608762;-0.520708183101595;1.01001409963844;0.374565829356521;-0.9113249284137;-0.314663033363722;1.25404246385642;0.319129833817588;-1.01908167787359;-0.297108504516867;1.88938790584969;0.00922387325966584;1.84395930537268;2.52484730081933;1.37924939889104;2.44267292138624;1.72723564350579;0.35193458999536;1.17234219044647;0.814866508925932;1.5355359227218;1.4689435003315;1.0307934272061;2.80979271736888;1.49296463814763;0.198925661689253;7.42919509100325;5.49948925037196;0.781306927229304;0.396378062657402;0.981518399378169;-0.107573201236461;-0.455727621672849
2.80917622351553;71.9869364485401;1.67637098346221;2.14621237140322;37.318761107951;1.72563465030928;1.42040428099192;1.30730022330921;1.20640449393517;0.0579731071862761;-0.161252586191889;1.12050139663722;0.256212380382344;0.121983403556806;1.86856689211548;-0.227187978355213;-0.208829217849572;0.360785401355497;0.231794615583442;1.31178727582637;0.484270243048559;1.79293715900973;0.0282027664333076;0.667485664972489;0.952067844753439;2.88364352845103;1.47865117201967;2.10476628660556;0.0271800938083617;3.08630251152103;-0.501430683867512;1.66296743106233;2.35473370745577;0.0577452382136784;3.47493795091264;0.876087388491722;-0.211323934455937;6.5982150380829;4.14228018230801;0.296249867200598;0.462540443316417;0.302287222120038;-0.153076482602655;-0.177410268713998
2.2526981530588;79.1507468424937;1.66054343495648;2.75239710889215;35.3041310940378;0.0947076000835467;1.92637220049635;1.45888563153844;-0.199370723551667;0.41051496927097;0.630139454569124;2.05232427118178;2.01017307742717;1.54870816098965;3.20010632170195;-0.715390981752418;-0.448934479653812;-0.354547008194285;2.25291099093339;-0.293501244054308;-0.183838996523535;0.461810775150654;-0.243283966840344;3.56720721502333;1.38832280965868;0.652590408152251;1.49461228760458;0.793908895676547;0.540907545381769;2.65002044237338;-0.240805850660201;2.80019358829613;1.80164715086528;-0.157511097893669;-0.977997692829965;2.33677883596449;-0.153420270936053;7.50570004887408;5.23180829500263;-0.935228698006236;1.73238790347809;-0.160923332201162;0.405765371223603;0.186935288639807
2.98411318136124;77.2146707412185;2.31934885847329;2.04298226320076;32.8989545074325;2.41944791207226;1.58444997467711;0.880592885874417;0.450409443948197;1.88422309524268;0.874222217474467;0.785992283676614;0.705199778443012;2.0471202598216;3.70047760874627;1.57235268687358;-0.720570242024496;0.598805371822109;-0.940579089926346;0.733496036786612;0.514459904726763;1.42028887378276;0.066571342795857;2.77194542813844;2.39275185622457;1.05390025852477;1.10737314747407;2.35943292190623;0.152878463450045;2.4811118012198;0.324946659177614;0.558052863359402;1.76083381059123;-1.08093380144713;0.489502695030252;1.0507892619268;0.061830496029535;7.65114033618076;2.98746307572907;1.35570734624261;-0.478693932436622;-0.214448508258434;0.124651384506728;1.065598279105
2.83792172715287;74.854837970161;3.58472992748445;0.534971923420315;28.3026647231077;1.82387890449881;1.69168477202353;0.661061452081032;0.306648362934948;1.4278472353518;0.139568364009971;1.96655675667277;0.360276479827814;0.960687401350284;3.05974693136022;1.32350433220787;0.945663982221734;0.748716793830632;0.723426320017141;-0.306945095451457;0.521358761177938;0.120244393460297;0.130425855492122;2.16772984404987;2.08138840823439;2.18353985852758;1.40678446060034;1.0162281437525;-0.0223441938755133;0.557547907828509;2.0050240826732;1.44190371054239;0.574498807787351;-0.421401755926703;1.42722000012722;0.314257049088757;0.124566487258348;7.75693610862854;4.86381724363373;-0.122067008528517;1.00484377486146;1.47053193525603;0.20517842405887;0.600215186192863
2.66711088813445;75.6186540515952;2.12805920313946;2.21139069202515;30.4407791576494;2.69013465901519;-0.0204313830245255;0.314071941091247;-0.307961693255046;0.980068911853179;1.24077718819881;0.235332452177507;1.03707433528219;1.64675721525719;2.69375296782143;-0.272622496349393;0.17453375666609;-0.086112844191327;1.39452128662923;1.14563680167563;0.482933683701;1.93226289741477;0.212190669447044;3.12661689496656;1.5758272530831;-0.10540178736521;2.07423714677348;2.32312035993794;0.304913504893492;1.3125678919246;1.63451755094648;1.04766946024103;2.37378163045016;-0.627956286328952;-0.404272380347459;1.8261536328953;-0.0911906827749743;6.87006202469479;3.42098387401853;1.85458812896508;2.10049856558732;0.755954640039551;0.0770991970095503;-0.0254996259380864
2.27063053437243;74.6375579707612;2.19180881538258;1.50434942547281;34.8772296379142;1.41160243134602;1.68825643481172;1.60335047488245;0.862097285410306;1.44763273296582;0.633930240878157;2.20964158532095;0.934939572240915;1.53585621895279;2.84479721055218;-0.527758011555776;-0.00980517259321079;-0.161517345540874;1.06945895008364;0.345879400501943;-0.61597080988213;1.48840481591333;0.306267874068877;1.68096252557895;1.20658813748771;1.34686669636147;1.50097864981416;1.79888161510354;0.312899260607962;2.13628863623262;1.60340938248579;1.26584997222847;2.75331677159741;0.426352187342169;1.74971881390669;1.98891685080147;0.524712005704702;7.46137164929217;3.64876972840978;0.193577192975479;-0.222445095646356;-0.222494338422046;0.0373105208850713;0.298366007201927
2.68103147787682;78.3168626972281;2.46981663805716;2.16833735997817;31.9433183767321;2.09189379377312;1.27183095983005;2.77030398773993;0.196458504844264;1.17759731804325;1.48621337463848;2.78685476105443;0.646136214376842;1.75300883768158;0.490875766162079;2.39978996219844;1.34689084958658;0.709266274803836;3.46693223853282;0.604348005894531;-0.572841427417526;0.510843541319292;-0.0995916626455907;2.62178641938756;1.53836644624765;1.92523165003152;3.04634214729907;1.86053044906515;-0.791539828865889;-0.335686358706752;1.56864638635798;0.627280685551377;1.26691616193309;1.1714770690983;0.849406688983153;1.23945578963188;0.0329355399753942;7.7908097311042;4.74238922335181;0.71871166605632;-0.0689981852443216;0.687738940003116;-0.185654397010448;0.256365565501247
1.91249949490036;78.4524042070797;2.73604369066959;2.85248853903255;28.5685089160731;0.284440055481424;2.11943784293895;0.878942599289965;0.172579419129566;1.04906484979842;-0.505323921219291;1.70312048889912;0.444107985826281;2.62118614152967;2.07317360342024;0.834094085489657;0.234323786459871;-0.66562609977568;0.722034463220171;1.55698075450073;0.318509371819744;0.218744636002517;0.379458809967896;3.35642445822943;2.02937047669341;2.50734086444686;2.01014797401224;2.61873727355409;-0.770868636176071;0.852338981198716;0.847998220876265;2.70964909566252;1.2807079373437;0.341118204089719;2.78489797965441;0.543715335931934;0.18822555236773;8.93670506769553;3.3254680393481;-0.719525449628019;0.346284987165456;1.08605392250547;0.265032001484206;0.257867414711095
2.25412063577499;72.3842540592806;2.09211707695493;3.81667305452845;27.5152219311935;0.0758740534849789;3.76229342593632;2.11916572696564;0.803853125689712;0.927900100269026;-1.25762370881776;1.61343610526417;1.02783575418649;1.06795833640288;0.526053436205533;-0.174947623475577;0.490233165149963;1.62001356138256;0.998741738052733;-0.100993028932756;0.0236312906619663;1.1517102713794;0.241359513028747;1.46111391861958;0.99670051748328;1.37063241842072;0.632275656322228;1.88870285439443;-0.354756358946569;0.10206331558029;1.88815089887969;2.88733149644725;2.29149077307019;0.196801620723945;1.39543175918176;1.5896783345512;0.330828113531945;7.3713602696497;3.85456475263327;0.711649887899422;1.26911000266061;0.424488320691793;-0.0228645029438079;-0.661000876314559
2.17632272758917;76.02459993171;2.54676643019877;2.94823854059208;30.8706874981243;1.13994008970788;0.858424769859732;1.59495974016711;1.42884681120615;0.29589507930246;-0.209144767924919;1.57915597767075;-0.0233299491734616;1.52946646877868;0.646226678946234;0.208681117025022;-0.337619641082541;-0.882148341238812;1.82677914523296;0.659529940142564;0.423156474890375;-0.0253357121038312;0.220235020992133;0.819262878152938;1.08763704727826;2.41218981878532;0.744027263067186;1.82691908674006;-0.188753012014876;-0.0399105726033674;0.287722752840695;-1.21750436767552;1.20780893912031;-0.576240001816673;1.46271230836209;1.32720585904387;-0.0761440527027994;7.68872206684635;5.11007301462789;0.411519672141358;0.878542616509692;0.43680223684653;-0.0580541901079441;0.731453328523361
2.22115692076915;71.2184055555193;2.50920461146186;2.07665119699292;33.8828976658423;0.307716802347959;3.38259536016303;1.51035926452141;0.869896717795489;1.92697919423955;1.83953529538892;1.56996552961483;0.477757582717735;0.865579358424828;2.25551230227017;0.766842301239147;1.9166349929146;1.03502707221791;0.328157008294381;0.291301543971109;0.347116203295223;1.25693210065056;0.110614999001828;1.5006796239643;2.63160385946328;1.78870427356679;1.95697798197392;2.16309147556456;0.391031429898524;-0.731897653349269;0.817971501307173;2.58289282746918;1.60172297852208;0.673016133516061;1.14486540172309;0.0708959284678885;0.100432188952794;7.80454302273021;3.82902643234579;1.76956311091394;-0.126029419419913;-0.117665775266593;0.204143166806779;-0.69341994814669
2.19389109646782;81.3563237602675;2.35243226860091;3.37274085555707;34.4655202355476;1.85222474669502;1.89118073812673;2.97578675547602;-0.405679799614482;1.67551845942462;2.23378409575066;2.03493003624773;-0.235143376205771;1.66719913231134;0.823436821046841;0.641491064958662;0.173114444901487;0.0227976808448224;2.92211390046862;0.568249637217917;-0.313393089146796;0.767930396834742;-0.133193337865164;1.75435837642644;1.62272882007837;0.746068769725952;1.96818315954968;2.45392465285529;1.06834875024968;0.140199022409218;1.20477731638369;1.89166750954987;2.80034432291322;0.227883748728132;1.23077803883199;2.09181330500693;0.435800596646873;7.10653479014441;3.31588091197718;0.78208943481721;1.463725874565;1.37706620981838;-0.112204176939952;-0.850577236825449
2.00380557248084;70.4137754752472;2.10439859736291;2.94841818957978;32.0074823548009;1.16432171990917;1.91831532777005;1.67916845373202;0.277812994394642;0.107585264547129;-0.860066625892274;1.86776630737294;-0.382848473412162;0.456043111725699;0.968845189863039;-0.764320645874494;0.893017183461784;1.26943043419957;0.818510975641549;-0.461478965263455;0.548471539524098;1.90559109742638;-0.167898023226042;2.80932707507772;1.79156857417802;2.12740927065936;2.25543712705903;3.20188992374899;0.563647720467712;2.9593194644256;1.46962907841301;0.942898387898163;2.25321094826454;0.383294538055802;2.19089724595212;0.378949179442066;0.230941036793066;6.44116236078421;4.94710332793105;0.821714355690517;0.198847027847428;0.195266744546576;0.22290628810638;0.270525208918762
3.10171711910738;76.3377323914366;3.14731563002043;2.3285682182048;24.9254797472758;2.85902522586229;1.78668839679695;2.53807510589055;1.39625821752401;1.5346489228781;1.98925646294946;1.79072963325939;0.0448121697692037;0.640454539892474;0.887548371283042;0.630894958180523;0.555103975356589;1.3410175829577;0.979756786457844;-0.660172881836796;0.969106435540027;0.398739387890447;-0.275527151169026;1.82743422307426;1.32518087194681;1.36943197170497;2.21537789660202;2.53358655265627;0.580914097133033;0.0473259973301912;1.04014828109291;1.38726003308518;0.795515365932274;-0.280868587332587;1.48311920456025;2.41395849496519;0.111620786414591;8.15468252238162;5.13387863599051;-0.319560547337083;0.893469659247413;0.422930716301881;0.0149200926640548;-0.0295765538183534
2.65400177265644;80.5931250875152;2.4813828339152;2.73935281527438;35.4183002269488;1.35988851744967;1.70712135745702;3.36810227709403;0.402551719568449;-1.20762871219904;0.391235691661766;2.22249960174409;0.217498888608989;1.31563312802073;2.60797621932566;1.22627824684706;0.451535746506036;-1.17906684856793;0.456779006362215;1.0308326909639;-0.602929446855059;1.08126118111018;-0.342127504315907;1.53423268435257;0.799635139227903;1.63066768098873;2.03018301149812;0.32151380714959;0.0707834533295298;1.07815806845324;1.42512815405449;0.446549717228667;1.23048641547116;-0.202170170751019;1.09105340044734;1.31119557199611;0.23311038334754;8.13076156424692;3.04939782537528;1.13804433432164;2.09005896443789;0.82283339619683;0.640932463913649;0.662916292238303
2.69484928597157;74.740289370902;2.76917902712496;2.20622140502955;35.4331821429888;1.91545845627622;0.196826779476263;2.96096564439618;1.3531989890572;1.690894878814;0.789683387958432;2.55217779832212;0.149561247453075;1.73849914015476;0.880653347458489;1.87616970770441;-0.0982947904960385;-0.263021835984259;1.29347041027531;-1.2391548221614;-0.353393266752504;1.05220424177777;0.425518878531101;0.946652035236481;2.14377205045055;1.87200690255018;1.59823808993177;1.30805453181499;-0.145121956312633;1.8494161532345;0.320275718178069;0.795502974407455;1.90584484121355;-0.0247775207961508;1.4019500147583;1.72998244672022;-0.503463483507789;7.6694222745161;5.17886913290795;-0.40681446101968;0.101314453846721;0.628700577325944;0.383363785773081;-0.261213800711429
3.27390475137091;78.946628286493;2.56523761265348;3.25082759081594;29.2574475307748;1.86408423795477;-0.0238850946325277;1.38664021757128;1.8784172587771;-0.00821110116994883;1.31145788485984;2.61849897711279;1.30799141174645;1.02066348777104;2.76462940083201;-0.737674532322952;-0.550894488766754;0.577135348394155;0.994843473599612;0.495918942505555;-0.118884842978319;1.60914580806784;0.397357236222196;2.41064529755152;1.1223927339432;2.89068393764079;1.24439567101804;1.64605606768915;1.14111994220791;-0.893040748937803;0.895150849721298;-0.615787796315331;1.66371010025286;0.110502349524812;1.56831331878266;-0.581548014220602;0.0409211408417599;7.6948159583331;3.09866533673775;-0.563291383439795;0.369501944171358;-0.0445693109470701;0.270446932257794;-0.734285501438948
2.52990013063125;75.0907692035548;2.64707156018366;1.91362521414156;27.982382001839;1.15285538459745;3.45888184605599;1.33647209594633;0.606819117896729;0.976681668103365;2.16897887928154;1.64041233793654;0.736388171193139;1.59557500250816;1.54532730495088;1.5891177709745;1.02342492242138;0.300134478177053;2.99424908146483;1.64230462022872;-0.156022269152247;1.13415885151775;0.189819877681487;0.76825461853774;1.7371765609727;1.60624321364356;1.49399968040208;2.05435034163693;0.267575666194239;1.03686609663673;0.0337251924203056;2.03636148991689;1.78118973906013;0.665854327554427;1.80396139906444;-0.563718120870552;0.0784013269765082;7.07024386567177;5.76547812954412;-0.00670293254696827;0.781759427258869;-0.0525760977568425;0.336507873747807;-0.413677724007018
2.81678991237688;77.9725281178904;2.44195262768788;2.70932071480004;33.3654752783124;0.73373910804697;1.49893978991097;1.86739678153127;2.3408305295651;0.675049040365228;0.544024542716099;2.35569319129452;0.957185144159774;2.29537750783104;2.01619388252107;1.92851137804338;0.729372990747368;-0.12546007009295;1.32382394204316;0.859765417477031;-0.00677782136252542;1.27944304483475;0.156933597767158;0.928618021680991;1.84683975681873;1.20316080609966;0.97516499296792;2.15493111170843;1.49256207940168;0.422894346948822;0.947992744111115;2.48527762175166;3.43890873825858;-0.0580036394827457;1.77722552403519;2.06094042156363;0.331645126026839;6.97581970485773;3.00020505800012;-0.828665763872101;1.39865321665088;1.20934713342096;0.226250570739986;-0.1069928814888
2.22531107036921;71.3593386348424;2.3478089914481;1.83426025648693;28.6795637874104;1.2784018344606;1.70944390662208;2.50640498326316;0.885543644935033;-0.135513729784186;1.15195442342855;1.74356469783984;-0.727348516630105;0.482762574742789;0.33918452607571;1.20081422843256;1.93884269059293;0.244328067316949;2.55645432235804;-0.0873726658255751;1.44669488548012;-0.176300985435424;0.125749480702809;1.74217560088017;2.63024900650385;2.38664641627887;1.74036186894664;0.960797332053582;1.81872586900761;1.7018858036626;2.01765730262914;2.82684590786182;1.26188045158084;0.128440234628876;0.907538935449542;2.59555568711264;-0.0981669891986671;7.03841716059171;5.12506060987456;0.0153575216971431;1.41352615215805;-0.0884384125732314;0.425865649297862;-0.506538910729248
2.440704774209;76.4852263581554;2.36228498541242;1.91489455512281;31.1790367638091;0.989892190817135;2.91370401044378;1.2500526428841;0.525415604491316;1.07520319650191;1.30566077220732;2.15584050732696;0.186270233935686;2.36597581977977;1.53283231888354;0.000425469639566214;-0.126004141731731;1.37818703164267;-0.181788058454458;1.00049201211528;-0.0968306336018337;1.1619579917887;0.178763197293129;3.16989016132875;2.25038988508796;0.286091018044796;1.82644846869266;2.84005774321995;0.236417966754922;1.36822139724773;1.63887684176394;2.22671586434717;1.3744263875145;2.27228999668692;0.592770226109295;2.01827874389122;-0.383414118972688;7.81800150979939;3.75185529865902;-0.125855669382387;-0.592307875186416;0.0340174768775399;-0.0810463417016405;-0.0895501825386712
2.51151522230413;74.5636787293038;2.82939566684621;2.52369844136483;29.8897333380077;2.76876192519629;1.30186583482612;1.42635451652288;1.29214924378777;0.879491862656059;0.908468664728117;0.935315642444967;0.231895929095752;2.67421994692968;0.833788752829297;-0.15043114506871;0.861266102605979;1.09880533144348;2.17588124111896;0.204858930491829;-0.434927924488264;0.976468952726582;0.215056364816775;0.658634883617179;3.49391549791545;1.88697501877088;0.623695179532123;1.26301892879277;0.920846850522629;-0.00835272252936836;1.58383509710347;-0.10971708124208;2.72834092870482;0.269880309668634;-0.121978116870489;2.45613176616103;-0.179742488611901;7.1825144341493;3.29079490226672;-0.323860414346969;0.289824941985827;0.429406271483667;0.556061631165615;0.433113660697512
2.4027616007959;77.8776934990821;2.53298538315707;1.51115067822391;28.3031136692835;1.0069702477353;1.56216045623013;-0.21986744988479;0.513358525235504;1.81396351079092;2.09263574191309;0.923585428589894;1.4164952449495;1.20178516782186;0.392693371027938;-0.320563877233333;0.367669700662491;0.0600766248288202;3.02803161439563;-0.258707433957557;0.0397016384341604;0.817804790397126;-0.149382339281545;1.84997321038006;0.701373983633343;1.47339736525488;3.34455252884995;1.11149909287301;1.0386943824197;2.61662582448409;0.208362501306463;1.1523762033995;2.19871828833097;0.691797062967163;0.759498514594044;0.621899046702515;-0.212597670462338;6.82737580271544;5.10019936273666;0.550781582288265;-0.399135975682102;-0.15775253714467;-0.130700423829992;0.352617593459575
2.69704751487525;79.9364353890695;2.93093897923209;3.91207369226596;31.5800106249646;2.2244958262954;0.856906333790365;2.78114964315915;0.34720465395101;-1.02360233785665;1.38985388099075;1.95430972115459;0.921308953924384;1.9209962054955;1.26927171654188;2.2312512974061;1.5899626649115;0.127004674888588;1.07830666721868;-0.209758599390236;-0.80703053549293;1.17955543640852;0.294277549363956;0.782514303565103;2.12798285057781;0.624873887699949;1.33664951515223;2.58614092132897;0.344340165160785;1.02522131335252;0.302896503308664;1.65229999682878;0.971081702100577;0.157042037481068;2.49744303893231;1.24186634844588;0.177947152353597;7.36398796488937;2.65530747567816;0.619638700095141;0.758253068154388;0.160545750055219;0.139408017069731;0.182082901670076
2.2386144946725;78.2801251245034;1.5411564719385;2.1526930803007;35.6367644415232;0.896051578645862;2.98585460770551;1.7323675172797;1.98904767052336;0.316405884334656;-0.633096386752566;0.964053255379079;0.367615078127021;1.87178347998134;0.53734886991829;0.873907246800306;-0.0956508878586041;-0.523116383894399;3.18765095514803;0.0828097432933105;0.952095886664237;0.657959567746081;0.0978204321497108;1.76610752256209;0.948525099366001;2.67445103552455;1.47151599453125;1.96899198066786;-0.0153500435111463;0.68392989570173;1.44696560740159;0.420287107547156;1.01766475944948;0.81761001187704;0.0878693341305978;0.395059284757018;-0.030376311368647;7.33998226137003;3.8570579133384;-0.280504607688878;0.155394933313595;-0.174172977994815;0.00447766612894201;-0.92823835677241
2.96698743803683;79.8981127939593;2.12495193423501;2.50406467506034;30.4787696181753;1.93825680013662;1.03038704039837;2.70709370945781;0.455953296152187;0.597951441014174;2.92979481161712;1.69839937724513;0.237262120756859;2.36953795490449;0.0577276418618125;0.462598853607954;-1.10023628119541;0.156649411644269;1.22256677756951;0.00277101269769348;1.57519339618311;0.398626517331711;-0.297168111614487;0.358394720462836;1.19862907044229;1.67081592333995;2.62734231267286;2.04327923352151;0.0833112946039104;0.31862774501258;0.406192341856097;0.851392567411811;1.82555078303405;0.164276239296303;3.44794256526365;-0.628125606285372;-0.226927978249981;7.27849548368249;4.9793668015382;0.312649563400258;0.709283112832876;0.085645040757202;-0.113325425278846;0.864513830104002
2.3999929221374;85.9250405801563;1.40185293025951;1.20997688770323;33.6186331674094;1.6100410116236;1.86312660416625;1.57696429793595;1.14436083104132;0.268803176266621;1.37753051816435;1.75521213084059;1.23438510146178;0.247505454831476;0.438940097314784;1.13524930701143;-0.0208298724056568;0.00727429791921969;2.78230541537788;1.0662555772539;0.161094530851191;2.36103766291413;0.0688992433965238;0.481673570807827;-0.0529951517259384;2.13386852981481;1.79692926036396;1.00520560673897;0.317996304476196;2.43251933711236;0.735673608665303;0.919082487339537;0.8713525367773;1.77514691046285;0.511372692594337;0.656936386235957;0.0812105466588732;7.66420936706828;4.36628434104695;0.239965603006788;-0.146472695579636;0.180963513459264;0.0830017465820541;0.393548329953294
2.59889952079096;74.9749816132125;2.36421859059553;2.00986500097095;31.9629039908112;2.49207934847942;2.9215980045009;2.23039015402234;-1.29628312647777;-0.193382369956249;0.392809441380728;2.50861421647573;0.278246531192579;0.463232708429093;1.04668808120969;0.739982759787913;0.623511333787089;-0.205475026887876;0.0585598965735386;1.05307054567482;1.61679582451962;0.53232710175019;-0.221719424000785;1.2949880454109;1.70527883986954;1.96251447810464;2.27157132061248;2.11530219995336;-0.356507413960091;2.0653895187981;2.41205328477709;-0.0616812423229739;1.05222530821169;0.695873127343293;3.15827032018636;2.28382276603941;-0.308352720371066;7.50093226844374;4.47733393066785;-0.960152730811465;1.21500592143646;0.252061482260735;-0.0249307642696568;-0.0710576835104882
2.78091167704719;77.5352899821539;3.00297165622927;1.44966735359304;26.0299302094669;1.51388719405089;1.90275962608688;0.71978778552747;1.59201295393261;2.48348917384984;0.132835362228101;2.02305245294612;0.262533626031837;2.04225236743291;-0.44178246526924;0.0836279854207737;-0.428447919127387;0.904278183210184;3.58526545969399;1.67529104546448;-1.3234187225191;1.14883822349088;0.0318527375950225;1.81191535842497;0.619062681898766;3.38881704240206;1.72365847029273;2.34283728025735;0.450077601387429;1.17072952172296;0.925673171609728;2.21791383498505;1.47444057054577;0.556814390878054;2.02488602137728;0.346353444411583;0.0603996978164139;7.35822917796164;4.73765339640082;1.11642068097229;-0.661624864220496;0.0266357874152137;-0.109253242080585;-0.11280196595621
2.21932145437386;79.7473114710998;2.41158770842491;3.76655662626394;27.5020570229377;0.499481600368901;1.50712939676804;2.67893999470943;0.409695691329874;-1.47504674582796;1.60338618289391;1.96303198000742;0.195883079668602;1.20580537474187;1.00798873151917;1.27894439611343;1.14433173967571;1.42373253676231;3.60017855529377;0.772387976784289;-0.634197385787946;-0.87815947933729;0.498680551640109;2.0495050318462;1.65474357549406;-1.10786666105748;2.75131025112473;1.20106211933726;1.0886039441753;1.54826008105585;-0.0130285879426069;3.82621583160458;1.66966492076841;1.48473784640422;1.75920265867182;1.81457037788214;0.301459346699205;7.77706846469201;4.93866480351835;0.877114994008373;0.305220867517448;0.284530018079728;-0.0572918645974164;-0.218153496090956
2.90544480660213;77.7093154466962;2.30746792744037;2.35557465322615;28.8288683241781;2.09077145472469;1.9131520011452;-0.284674140476381;1.23752849875987;3.31825508872703;-0.243131748556699;1.48217009537588;-0.0505818352144456;1.90379919960665;2.15845679802088;0.48521129764883;-0.355831535932376;1.77908539996822;2.17031045935518;-0.103741614562525;0.399538998660579;2.08158038211423;0.0819335656474313;2.04765270174519;2.41183490381304;0.0215119401924013;2.70134667878536;2.60418405876222;0.0605665052983263;2.01363529799195;0.407992347558941;2.19996690348089;2.31783136369913;0.390513105319648;1.82140318779589;1.54530700074312;-0.0327606002451168;7.35521861369405;2.11898209828879;-0.0674154939360943;2.27759632102896;-0.28240818639475;-0.110811400079606;0.595128687967323
2.689407937259;78.5367826389686;2.17456737784818;3.2968161007438;27.9480131587151;0.536233245233373;-0.315553325891128;2.27920458710491;1.43119674443484;2.1777689182958;2.48369933124877;1.23857529188174;0.0365518697706404;1.80529054463799;1.50807056418038;1.10240277683551;0.56415408731764;1.1543328485188;0.591041336615926;0.953307162902501;-0.806261106787985;0.765289476260515;-0.13001595038487;1.83333885621673;1.78344668771257;1.2999933433304;1.9025829814821;1.10110716008329;-0.0570603143223604;1.49193186794277;0.27668584374725;2.00871687516472;1.16910631470635;-0.73924154579329;2.16780753237019;0.505414684269094;-0.0549653709582106;7.5549607164402;4.54159304124361;0.38924192505555;0.200151762224344;0.012584139469196;-0.154807914279851;0.973836064231347
2.83214607246286;77.0630249954838;2.53725495059493;3.45700915980285;32.9658026088246;1.0791826755765;2.33805432313431;2.47620395358991;0.537058328144008;0.53323472948246;0.656040674037946;2.54080898161069;0.0486620492489532;3.01703809274964;2.43061766097972;0.975154524921802;-0.642144968570417;-0.601910242593814;1.16853901013473;0.692503916227186;0.584307625322864;1.09126527722563;0.354599178521527;1.27644351818921;3.14139449912606;1.3280743990417;1.18817843814417;1.46621451140009;0.828592748588504;-0.498590548936183;-0.101190564610022;1.38147216580982;2.1362484373622;-0.381952550706994;0.596193088092119;-0.57524341510973;-0.0162997419436222;8.44211998760774;3.5655297305073;-0.320386080156489;0.066278861673127;0.627844454611973;-0.27223428869978;0.0937503382676119
2.96156418951104;79.9667323959268;2.93745444306662;2.30441852537626;28.3284541985001;1.66426142427792;2.50094259625251;2.28667707599519;0.654871743354339;2.80915153319469;1.0866345243616;1.99370764671911;0.585500402163222;1.77453834500915;2.41999032328604;1.568679101846;0.130887756397844;0.593983199007145;1.40478033665762;1.18125228563458;-0.230994974628595;0.106308988238384;0.341217240956161;2.0636593742174;0.794612766373619;1.53770503126432;0.93314902210598;2.36066388653417;2.14045674811384;2.63685669536693;0.650009985517177;-0.21800220992823;2.51685205779017;0.758140855822249;2.37114359134496;2.37230595576505;-0.201109482023719;7.87735045311663;3.20838982001276;0.433891100392317;2.35132904261566;0.500014639515865;-0.0458821045535491;-0.235914722911244
2.74921256822916;73.6790734487378;2.77128957358358;1.32738837708057;37.4212405853634;1.14668769182704;2.5199538356019;1.67980326683652;2.13198796588253;-1.82652797013676;0.990236186085075;2.13176786324635;0.0135588807389826;3.03772181625018;1.89883695968232;1.44321458453683;0.36490076913885;0.536302795215734;1.55198189791374;0.795414773187664;0.0762355719027232;0.766174068903605;-0.29192912483328;0.882227734037886;1.87491021906209;1.92057843610965;2.09060452279323;1.48119811353688;-0.764427632371668;2.32430044572037;1.24344099963959;0.239593861912864;2.24271042379804;0.275555019891018;1.87577015949174;-0.0608471341466192;0.564364506431112;7.71593183135881;3.25348529460426;-0.19196169700475;-0.66341856920951;-0.428956724136175;0.259965337221881;-0.482423598067458
2.31661618044037;72.2769560483125;2.56230615728295;2.33813271282303;29.8040098475398;1.8048579273823;1.94537235118385;2.42893133696839;1.01413442185628;0.362057779774241;1.37997870502201;1.75446898009686;-0.206297021881582;1.49311558228476;1.45620085349984;-0.308461516064059;0.235617856274622;0.140653945687194;0.606746539234052;-0.272011250185625;1.0235079545739;1.44843927961444;0.0266008355051593;0.516854477905651;1.17656754475653;2.06896216983146;0.830636768401472;1.09056167472519;0.290081709705172;0.504540647519728;0.196101673235188;2.64931248417329;2.579889985495;1.15079207406481;0.893255751266331;0.746468756153788;0.25261164051554;7.51920121647247;4.42105901792393;1.47837643975849;-0.189429605562498;0.991615788206585;0.48703820596055;0.00342997151877278
2.28551186371158;68.4643237558567;2.12939590375082;2.40905413111723;36.4608142817618;-0.0773868312407571;1.03398539744651;2.35502960948377;0.0369318175366518;0.905109140340202;1.42496915773724;2.19789133330045;-0.193228505664027;0.401286948265967;1.10700318550058;-1.17999217964787;0.955485974149784;1.46153625270266;0.423836416094374;-0.0567741955546765;-0.441844822580337;-0.411007018394711;-0.0515148646165443;1.85167843564893;1.85862724116626;0.266183724873146;2.15639779545841;1.3066180777366;0.0813710249112253;0.629590714530964;0.925072871710503;2.16086908426266;3.14851124947989;-0.861241974903311;-0.0817012045888599;-0.560421142473994;0.258137053672646;6.82667997829755;4.49641688380157;-0.666797345989474;1.33380974355498;0.310067549493913;0.198287161497605;0.54165497935245
2.85513201239222;72.009649026253;3.11182488282047;2.56138335675662;35.0627230283442;2.36048314348398;2.0165316427511;1.41506968581415;1.59960456798125;2.53317253839939;0.920992190865965;1.23773736365137;0.887488502039449;2.2099067048871;0.618891719910141;-0.0292914854254938;-0.0457756431826836;0.665997578533969;-0.716376287279945;-0.565820999821855;-0.293557562643828;0.870982518515943;-0.0554216715858932;0.468639049546093;2.28301407159053;1.0204149027903;0.129739664732555;1.93236186326182;1.24888934515616;0.0550264013971182;0.554640192946763;-0.228806569434434;2.52580996101484;-0.345763636044487;2.34798951296497;-0.201575515669622;0.333604607385972;6.72511405647408;3.53482930060082;-0.327181133283394;0.627882252640598;1.2249511000128;0.426508370636313;-0.483789987423058
2.39619639144058;81.0546925099071;2.01830377886572;2.78590498760057;33.424855666539;1.35244111047123;0.993860279893237;1.19345436043075;1.66898707529668;1.02777325273585;0.494758706314261;1.5219380926061;0.29328855288791;0.220856929772139;0.119722840536824;0.970969933736872;0.704620633172388;-0.264933257285255;1.98310315648564;0.404014373317511;-0.187357538557188;1.67084510813273;0.144118451155522;2.54011439506854;2.23863634641492;1.64138615124943;1.95047224403414;2.29630155081456;2.24670106801736;0.423805588569169;0.0727381181821274;1.20764984108142;1.21508521441965;-0.820321434305256;3.10178820105562;1.22096103268785;-0.168738206092952;6.96751015516351;4.14527412012924;-0.192427705807669;0.520658786662493;0.193486048710406;0.151052633874031;0.371295183005606
2.89966206540371;77.9640596847156;3.04818453182707;2.85276402017379;30.4183184594143;1.75844359384197;0.677731161911434;2.09951590885017;1.33706404729572;1.49328645747196;-0.750772551800577;1.71889099124414;0.373443076924998;0.0566109544028328;1.02714935404337;2.3374414309381;0.432462277371623;0.380254942659748;0.972234903094587;0.720150885082711;-0.559230535390247;0.299006787154571;0.113503459513347;0.96265441625467;3.00286263489244;2.5618863314457;1.77402209600762;1.36541785473706;0.983444104562552;-0.0404080183363499;0.452927129420218;3.17015072592249;1.10273234346696;0.665629892247252;1.51476120568376;1.12266789018238;0.144131826134084;7.49981714554774;4.25640043331695;0.029893824405325;0.865281183601719;-0.0256987132462636;0.301499334379661;-0.011591092233839
2.59496124736137;76.0150549475826;2.47447623762729;2.31266524030142;26.8479956304557;1.63292896822787;1.18049975536642;1.55327906463463;1.61854747851212;1.27794915723358;0.155163102720596;1.15562607506505;0.718675314793509;0.886901672108848;2.54322022109443;-0.841348296338325;0.347921759295974;-0.257148536336363;1.7972317129741;1.03958444627948;0.759913080741789;0.658741481952019;-0.426564177936094;3.0396330440853;2.37648162865217;2.52580697287813;2.14896906049969;2.62416676880724;0.318451001532626;0.234525401935704;1.05431522595003;1.95453469830027;0.664659954032262;-0.0159470347329728;1.9405485072298;0.578348930977768;0.249346999362049;7.56050491771396;3.55468992982252;-0.0133698640784023;0.157250563952455;-0.379762341878316;0.180725204979618;-0.137066162732953
2.74265527922241;75.387762299416;2.31760512112164;3.71673823999506;28.0205458298822;2.43544820776037;2.30533393514539;2.74386198307882;0.164948266497672;1.30497656921192;-1.28172128536927;1.3726182407855;1.75695078880787;2.35341158866916;0.287379555710586;-0.0506606428690929;0.439797527095164;1.08535093715698;2.08829508273849;0.377682976085577;-0.639811219424427;0.826793603283081;0.226318151910696;1.06611524949372;1.63548031928954;2.11800029297023;1.21003090033661;1.76460332049781;1.13803209265981;0.732128783403424;1.16355408450537;2.94013049481908;1.91493470363159;0.819249156101147;1.74509772291265;0.116946941643561;0.31868011537346;7.89635813666721;4.59715382916619;1.16878745203639;-0.525917389804271;0.609522111985232;-0.115857213590469;0.0112258038030343
2.03276782946865;73.7523839665317;1.72428979455323;2.65992742373511;30.2215176151702;1.349619248541;2.01692412411991;1.41193088470435;-1.22468039109083;0.734055384883265;0.929660012249345;2.65239142819008;-0.257700991028727;0.599169451416599;2.0159959466177;1.17640276056095;0.545926683946882;0.22532886768591;0.44431362982715;-0.324286850295003;-0.524247557597939;3.62391644714896;-0.179642531497042;1.47648309933836;2.28110803928903;2.33191302909513;2.39147727836243;1.36373572118351;0.956004953221227;1.64714611287678;0.659097720442091;1.38769428761179;1.39618200985389;-0.0869320664340151;1.70569070008513;1.53666154091;0.0624303630296126;7.37553175604617;4.73870744621204;-0.327846530706081;0.516380447458431;1.58495975795255;-0.171892929069108;0.336213655687733
1.88149596529768;70.8902680882862;2.44384085626927;1.37739494354694;31.4673860685998;1.28720143432742;0.0405202186873766;1.50043202707825;0.591195119375563;1.38230475015738;1.2503584948543;1.80819487206887;-1.03069584633107;1.02523704451438;0.496301715692102;0.535263077474687;0.317588783504001;1.35622509433889;0.311707699010326;-0.348764279963522;0.0280504344153981;0.282171379753087;-0.302572118204817;1.13051806346642;1.50092703062816;1.17429016177265;1.45564847078541;2.34937422524982;0.901915301771321;2.26304650900238;1.64214633281372;1.22348347205427;1.34522161370877;1.22111963665154;2.32468162802628;-0.46455978924142;-0.173399722073037;7.2843227237429;4.38009106696661;0.51312424151688;0.214860668639723;0.599425133556444;-0.0415466559053725;0.705809594785038
2.63432438597724;82.5972167762949;3.05371073666605;2.35455552399845;23.4772440619459;2.25348104170214;1.61327115937994;1.36702769364371;0.373711177967515;0.155273351871378;0.233632974012918;3.23456883596193;0.417980300269856;2.26492426110116;0.972629983691765;1.53317197508695;-0.634862155212611;0.409528239565294;0.93527884975637;0.00967117849558763;-0.699231242963671;1.19174557193249;0.16835573439327;1.18263300676287;3.19417830871655;2.83469466421527;1.45131021289728;1.17296443717848;0.625583351809383;1.73045380392938;-0.9191421831905;1.95760422851855;2.19760008485467;1.1443174972521;1.58688466685541;1.77893289879282;-0.0558909111385072;7.91340455203061;3.76655209258883;-0.123944844634881;1.06122219364213;1.4541411058938;-0.0314492547470753;0.237168392709078
2.20610011748985;68.9778198719325;2.23962629329702;2.2228349756991;36.2755821801987;1.53467095738306;0.151933892369778;2.37560429166458;0.934077124366876;0.923537149657367;-0.0564034139113412;1.27377696684875;0.0618757464287387;2.17974348935933;2.76380244908295;-0.177012730796059;0.694842843998125;0.180805180091714;1.21897178736782;0.140698356517336;0.58439013014085;-0.500271743017654;-0.0918235744002812;0.923395150606424;1.10801669540752;1.86359248175979;1.2810785002194;1.15607090461411;0.620966984106961;2.02390334940867;0.997295420004289;2.08761336968737;1.76336386597042;-0.313175266799885;1.56742156154406;0.367373046645185;0.229224107888917;7.36209207231769;5.79138069166858;0.66902472063003;-0.805418886864525;-0.0531841395082788;0.560303476232902;0.857962561556567
2.50403824427255;75.9182210738633;1.65142248432509;2.46254895297052;28.2329692647296;0.742418244942571;1.83272794883559;0.801295018725099;0.296738204789693;2.25590371912638;1.15728713730715;2.05758686552926;0.357559772617269;1.46759103133158;2.2018999003655;0.738122823622056;0.0804292309307408;0.854311178160412;0.884405847989429;1.33599244754254;0.71150427144496;0.706717170793945;-0.179422525605052;2.07745488405146;1.82061439536865;1.21166079216233;2.37650283684406;1.1370870552893;0.655476896208444;-0.0225561575585411;2.00343980166667;0.333219172175736;1.41415391102529;0.0320346875529827;0.0827731505523006;0.703200128243183;-0.0301998687449169;7.98653948111994;4.88515451368322;-0.493452946463115;-1.07449362899801;0.715468175933065;-0.132780257364629;-0.130930062897772
2.31235306173361;74.7354503860792;3.67466335796464;4.2797846351251;26.7855346346874;1.89575930633941;1.52196413307818;3.65438608145734;0.917937019520144;3.50529550538484;-0.759972079611126;1.58707552188697;0.0692531166310444;0.873817948440271;2.04352695535161;-0.281258401149057;2.0947904207163;0.77042039189844;1.47029237170906;0.503802099598006;-0.41458310664466;1.0859021658075;0.3641166999552;0.643343574539968;1.51642035244387;2.80133783739109;1.88745644208582;2.46336202717336;0.661182072962331;-2.08274871435619;2.31158207276957;2.04533416071448;1.25672508686554;-0.467427971842811;0.918636601721152;-0.0262872823879027;0.609574685148797;7.91299484276368;2.92290449179243;1.22199372318043;0.378969141768269;1.51774475875586;-0.157230914667026;0.153347754800047
2.55177682654439;79.2080525810463;2.30362501388956;1.19945278470367;30.6780228601008;1.56997027771773;1.90810474644538;0.437364426076784;1.74419863163032;3.1836407644639;1.27294813579012;2.46457134125634;0.645568080552237;3.25506710814725;2.00339070883657;0.53916954699882;-0.636617325061286;0.192594044442762;1.51337095890186;0.439174684941177;0.317009456923963;1.3362943590271;-0.0956741524955959;1.06226464102812;0.809452138904591;1.11787836645387;2.23092777118919;1.57636553095683;0.103687608648356;-0.0847435943080438;1.86316284957829;-0.475911884851935;1.53317265107531;-0.373530527012967;0.61551327128921;1.04686082644574;-0.0193399323369576;7.74132501357851;5.64684238311877;1.23355873112068;0.679958097169445;-0.187058631098097;-0.229391352504629;-0.292539403258129
2.90324077791872;83.0342266944204;2.60608011466535;2.0950709841546;28.8304654700717;1.7912779767351;1.53592811373449;2.34530288097411;0.0696473073357339;-0.0190035727637401;-0.21416348914891;2.17266659384361;0.224231655959697;3.43236364367419;0.7768221023698;0.879429677395221;0.497729745415435;0.94566678476163;2.08811415050852;-0.425852225463934;0.181914195826133;0.0858082818398036;0.00367089010384462;1.76617327679736;1.61309825476685;2.59516558419368;1.70302840393037;3.24404789720117;-0.333599759725252;0.569359318031993;0.239773497468259;1.22959947010112;1.10416578448641;0.366607153405445;1.53546385202353;-0.576701412898189;-0.0774708287461819;8.10559839239183;3.60286178168485;-1.04433106199802;-0.0466536699761824;0.571059891734265;-0.257807047028325;0.185820232152087
2.78860960539471;75.0642644006938;2.29419249732329;2.41112416264153;28.9932973426373;2.00747974820746;1.7760033185171;-0.0928687735958118;0.459566187731744;-0.480399593254084;0.456181887186076;1.42341513529977;0.155531007961826;2.2338053972931;1.98302328896911;0.451272904443682;0.247037673709082;0.882487099178451;2.17814764576616;-0.0602288108585829;0.632854031030123;0.490509185323019;-0.0726453610000196;1.68010641353375;2.03655792327659;1.21292936928674;1.76377170038936;1.21274012192947;0.0296592728029069;4.57277469944276;-0.297404485177775;2.89930934553463;1.10891968995058;-0.618547245493337;1.77584156781605;1.84062217581241;0.0523733170530098;7.76134992872984;6.60848465861482;0.0442297351860886;0.672102302037717;1.03602817695308;-0.210678946133146;-0.251590705144428
2.01076516260202;73.3779963948031;2.66597352375566;2.10853826964316;31.1729621665407;1.1247045500169;0.354691281714608;-0.516304370239143;-0.591382628379239;1.90413547993681;1.35475274774722;2.33371905015855;1.18075160828096;2.62678819499479;0.917023389251091;2.14604299517041;0.971184231607942;0.464821996873896;-1.07666623994348;0.688754661533786;0.0866607829504017;2.15672707661396;-0.105687520542864;1.2244141892342;2.52525073624921;1.2092537702559;3.1869648973311;1.62680121257513;1.07474810973176;0.249948199212886;0.48855723152168;0.276738312105113;2.87798729566183;1.31471609824548;1.1165225069142;0.308375797124723;0.184196539657891;7.64328924309572;4.02238642160986;-0.694528594995681;0.522742223075873;1.42297955305847;-0.12814119029933;0.634993178641025
2.71659965701999;73.7094222186724;2.35179192438641;2.91633609590139;30.9104951287125;1.40572131632909;1.63679278225905;2.27745567660743;-0.126345564232002;0.574056446278784;0.842505274584489;1.78115242322242;0.442266054460851;1.49383331784589;2.06282693143525;-0.01655168747797;-0.735876159837105;-0.631312633385855;0.46839247344886;0.0482952812800103;0.880339902109188;1.00259163281039;-0.0117418190038932;1.3441509404031;2.21157809710683;1.84011458240195;3.0370676867853;1.15715680358313;0.409786400867035;2.07551818122641;0.737486208407044;1.57879582568793;1.442770642083;-0.675761367636996;1.53861834295627;0.990367968777769;0.431305026828684;7.28838836322375;4.66155728017051;1.68154707318065;0.226221296991001;-0.288996826325397;0.0256748531290362;0.799557423871159
2.75181877300602;80.7941125475243;2.41672781471166;1.41971805151105;31.4726746844211;0.462944701854366;3.67970732246648;1.89001422260721;0.150850094120496;1.31135308689332;0.684550540250825;1.77132214662268;1.17972850220721;2.89245313872293;1.09661090262273;1.57735088229696;0.684857274342493;0.482685897461871;0.651992190441305;0.950269037761172;1.00728642068262;2.17893622642203;0.265645912090785;1.05257837021695;0.596922367663837;-0.262553089377237;1.53056597916718;1.74400817328079;1.42496722344795;2.0882081771643;-0.276489032747988;1.24245623277085;1.64350720419337;0.790161573320061;0.512900683912651;-1.01293126069464;-0.229093802909321;8.04737985505807;3.06574739373989;0.112539486279035;0.705807623977804;0.883203835691309;-0.221575400440243;-0.412079215648076
3.48110706539107;84.3672374323908;2.79851225405112;2.3752722360955;29.4725163618455;2.90401868278678;1.93188943395749;2.72304591548822;1.04907745434846;1.44572434362616;1.2583773940171;0.794051773593831;-0.766530999443541;1.98777346413267;2.32399909447194;1.34400610804395;0.345882260916386;-0.076265273564555;2.03040712904395;-0.892908217350489;0.580858430311029;1.47095488273716;0.28979121907252;1.95222785481513;1.3481679316709;1.9382627456958;1.92119510927622;0.981120855584183;0.969284155279452;1.58140750699845;1.85348808429252;1.31226998197796;2.79464335586212;-0.19018288748907;-0.856693448127549;2.60467326925366;-0.447761842707393;8.51029257141775;3.76640718404299;-0.813708811167442;-0.310778091532193;0.139384459006234;0.195452187961076;0.630216374646934
2.19235877939632;76.9217957363658;2.53038373651328;1.48881834526619;32.4201248758602;2.33760699129748;2.67330487988353;-0.33979904651598;-0.182134959183067;2.53781232813891;-0.390756393762538;2.37723651583236;-0.0171558885974424;0.238097029016217;2.60139374028265;0.679560107074603;0.383064875213286;0.105867355246691;-0.0968135177776335;1.71620881873293;0.106110368301049;1.41844251269608;0.420640446997328;0.370677373722564;1.86881259756388;1.4106061303132;1.83270568899722;1.01916954526116;-0.163926824066527;1.61755544839292;1.72481434892052;1.05826052411135;1.34218929548301;1.05684767472606;0.300492096464523;0.615566049006621;-0.0183056937723064;8.22424754061319;2.72584287306742;0.583462095167995;0.363621459371771;0.139167671828901;0.19606811900614;0.377359835649609
1.7607622646822;79.8936760710825;2.32978621735048;2.05219016183461;34.4259976834769;1.15548619198299;2.06817117192682;0.0368821255114302;0.840260998750362;0.831772729604825;1.07078444915664;1.00831783212887;-0.711222987692123;2.48979625176644;-0.573847856649751;1.71269072771441;2.27419981608971;1.03691174707645;1.07514391212644;-0.374033997469338;0.513264625554699;1.70251131674007;0.16302449317407;1.37798708375533;1.72048712000783;1.64796422326702;1.93894924754568;1.44907334730551;1.41806888535599;-0.0713066488313844;0.37222302283918;2.33709993016003;2.55003741549494;2.12170138014018;2.03433883487216;0.132797101187464;0.199397395437516;6.59536746904673;4.05512984065902;1.24899696442503;1.48002496558788;0.112810339202824;-0.185045720628192;-0.711297127485686
1.84420876406112;78.4963452221018;2.43324699916463;2.51774974167284;29.3784928739882;0.760176009064161;0.252283820346174;1.29491358666956;0.0304400185402781;2.16342801197186;0.296161553126099;2.26226459705661;1.07432489314864;1.4242694384218;0.64585077921727;-0.713058343892038;1.13984277668798;0.208301585989973;-1.03245054089723;1.15608637500184;0.171372466071046;2.25255119901268;-0.171728646303077;0.224931634754454;1.82358410165998;0.685963095954586;2.21471873566527;2.59850376462665;-0.0174960445523878;1.52466092965854;0.78916491042284;2.10632626302626;-0.074026932002988;1.8755819345228;0.613604715295072;-0.581583245910164;-0.0304095629037221;7.9726875948745;4.15008615652731;-0.0729737046233485;0.711773712699313;0.0956917060185652;-0.0849164409856479;0.151910401428525
2.54191821369936;77.9285681089872;2.9697922647494;0.552299111214891;32.5419337358145;3.52716090675372;0.846481100741723;1.07785893454961;0.690306340223069;1.5508029358726;0.220366921495862;2.65715283755791;0.313994657586474;0.723562678469076;0.33736133725893;1.70114253287014;-0.792551179263278;-0.529922822963659;2.58173903410524;0.983631030939348;-1.02204370774338;2.08004113242721;-0.135407502895236;1.69325314883134;1.60183277499977;1.7902680134842;2.03975611920234;1.89962744771437;0.402155967918826;1.91659848046767;-1.14031252357036;2.09369401447469;2.20225757423228;0.555632790480481;1.30851818318135;-0.316435871659739;0.10220233995568;7.5712830240122;4.04832580481624;-0.376092862698394;-1.16713400276857;-0.773197880001571;0.215956703195799;-0.201333401542359
2.4455681471578;73.7320430106489;2.55312553831184;3.16297395257535;33.5601186914908;1.77209142473517;1.56276176048902;2.77993305647429;0.672348115974748;-0.356124546156793;2.12734802336621;0.82780607062816;-0.20377896541479;1.20863461260031;0.767969164344612;-0.329538845398848;0.11513277827085;1.09253161882862;1.07585073204269;0.0280934435588147;0.000706773438262753;1.56996891138985;0.252838056291418;0.841075454303814;2.33576334339105;1.85819998945576;0.689416262607708;2.07063615458468;0.0779920598238025;0.622534822369538;0.894968523228557;1.83725697098601;1.68301171693913;-0.396733901737108;1.63948366119635;2.19543521039479;0.342452591721339;6.74534531142376;3.60899022602037;1.2634009748591;0.23818834514352;-0.337641058259182;0.146695514025276;0.408615733181227
2.40499250544753;77.1065810095787;2.08010303585168;3.5789484079188;24.0187447821452;1.17433428631416;0.942720793977276;2.39966982813244;2.16081012979952;1.38308483034156;1.61949907024988;0.885542405674839;0.903881833581749;1.85342429039265;3.12469606916607;1.56523227397255;2.03372907506768;-0.431634853640904;2.15382319159027;1.48741131148926;0.710454526814706;0.607326411616685;0.527329255069884;2.17128273262258;1.13397595909642;1.32716317456012;0.622929316629979;1.7971160887342;-0.266885143405006;2.86267700371118;1.00368310094658;1.84523468542066;1.59544740393765;0.57445430009574;1.84636009031195;-0.125865874032177;0.0684714574092649;7.90390373629465;4.143571809902;0.319436402281136;0.93441506981785;0.967166063293363;0.0936797990023146;-1.03026841024003
2.77776515419148;76.9999801729952;1.97465100438029;3.05366041650777;35.6669551080017;2.11458379507948;0.795286022897979;2.00994577790159;0.493080884780623;2.34101964400496;2.46033267088044;1.61840168335739;-1.01548899486531;1.86517022655467;1.64719760823573;0.416317248717275;-0.290024559879571;0.263266994579402;0.224135462931015;1.96631658955334;-0.230889592094687;2.68386834903889;0.0286367604025083;1.45357052474676;1.81290497503167;1.68194357835656;1.87883635291969;2.70007013807725;0.971884305370663;0.129962722213223;0.392178722452025;2.03326655843149;2.49810842225779;0.852719569764967;0.451774860098808;3.42413458347457;0.295325608061538;6.54760101094134;4.34740755071572;0.996400288482976;1.10291977804832;-0.325452682380692;0.0898731154055618;0.726565018617696
2.02198385600722;77.6685657989069;2.60461177611407;0.771756444774411;27.8269746652351;1.90898504969633;1.88813951831913;-0.356372360612969;0.929207527633427;0.901185373729297;0.10818613771351;2.15939260251108;0.00924064878927713;2.69866262514091;2.3007448417798;0.392898463578979;-0.705731003861942;1.09215420382637;1.86372054591182;1.0445439242412;0.98076600485646;1.69932996504687;-0.393827971930683;0.605453094519941;2.59826980790503;1.7932246985494;1.82351330232527;0.307974025853173;1.27862133891668;2.11450503235476;2.02973364810891;1.40407628235356;1.03185115557062;0.530679160405601;3.40261053182615;-0.68530387215337;-0.483650806645439;8.5457121514198;3.4509999126258;-0.318163956454029;0.231492394352362;0.780689029418859;-0.0880173785077915;0.0250608776220387
3.01553393399108;79.2466597369934;3.51591149964622;2.6040334417105;31.3183622826273;2.24043412024896;2.88865952561202;1.5885502865249;0.874788606865333;2.83180081450692;0.519944960591449;1.50047000533737;0.224242096151382;0.491858681485722;-0.109887288872473;0.493693045271561;2.05967894090246;0.64992337863243;1.30118030692598;-0.0325694674655949;0.559351068927031;-0.643170083282263;0.234796105841602;1.58157577904069;2.43602054623233;2.0152082058534;2.049055689135;2.27001311805831;0.717348707218728;0.24419243489546;2.17760043815798;1.43684928871871;2.28666360749314;0.84701897715705;2.52065522925422;0.419468682164642;0.321514803695096;8.28154135451945;3.33090990616297;0.836731460288019;1.1584944763413;-0.0912790431115869;0.703192934494696;0.0506157890822674
2.29000952169381;72.3471306544735;2.05663391890057;2.24593335475855;32.9526080167675;1.62627078926717;1.71261869829172;1.79053389096521;1.96989236364397;1.60816286044434;-0.5316267085334;1.76202155942837;1.22339123504828;2.08842023595986;-0.204951652050351;1.00387042264966;1.32051298934271;1.32166833151432;1.74326156549275;0.372394045737105;0.837275149387356;2.49951299861007;-0.200811299294022;1.08209188980904;1.20541650635184;1.27807525958253;1.28776286307009;0.531467782904696;-0.426940255311982;0.57053416921936;1.62469774131424;1.55549979105717;1.99713022741815;0.822775941884618;2.29987831819215;1.9570440180341;-0.416829335466822;7.99679349053669;5.01734834376487;-1.02764852197528;0.742704843741901;-0.0264146300272914;0.0529707141357091;-0.24949112537387
1.99025470312459;75.9143576580628;2.38478818142637;2.69258395621551;28.4949436062235;1.85987131074917;0.749033232013109;0.922831051269245;0.499580764883553;1.71131509824775;1.04453697780965;1.9569245684559;-0.072245888438088;1.64435325718598;3.33355595090425;2.22886712678203;-1.76125229966785;0.438239747582618;2.19530745913669;0.429973651852473;0.807682033583729;2.88467201641122;0.50515388560087;1.55023258139306;2.3825603571372;1.64207601173824;0.678650045665644;1.42236692823312;0.955932408156299;3.40932609618952;1.65231836058482;2.32530509603527;1.18665579829271;0.478177277081848;1.10873192398389;1.54232528237832;0.0826071598168246;8.90908595978228;3.58867879079458;0.0313738005226251;0.165236665686532;-0.150879263336892;-0.387258910542764;0.816750547925214
2.36097515231104;78.4270039103986;3.04286236477975;2.32851102204684;31.7739034589412;1.2468079807602;1.15696890140439;-0.0263005593208152;0.257665888873205;2.93542290379658;0.0822352998687496;2.07910187551962;0.282180156554634;1.37843937089053;1.39573344267874;1.15597366515014;-0.531690530000734;-0.120159973667728;2.85282734957915;0.25134799092262;0.0177611543505001;1.31666065031873;-0.0332366462232487;1.22276075717699;2.66747751428184;2.4181472301943;2.84336440113547;1.79883179197838;0.170225972504491;1.38605429520179;1.12987867374256;1.87127790609431;1.49663571405592;-0.863158733286074;0.46547350409951;0.999371446274292;0.108804885624827;7.47545298155626;4.34881070131578;0.203793919930949;1.29716685203342;0.757219443241309;-0.12633723909187;0.207979077026941
3.34240532336809;85.3112114558168;2.07671253877087;1.59587303746372;30.5848386962599;1.31540198857569;1.88115635819139;1.86990728564536;-0.103603915683697;1.32531821913525;-0.0877615262378416;1.72382192755723;-0.98449066567477;1.66671191257607;2.9448185957271;1.27200147141189;-0.314519776125259;0.234709618555203;1.5282952072438;-0.681589493216643;0.370475560497322;1.60899378229204;0.363105091400079;0.684160933031005;1.41353544463216;0.0656445255703297;1.26902605124979;2.06302045986721;2.41528306567143;-0.164594064649042;0.679272264028659;-0.0028796654152301;1.24728408138419;-0.512485765583279;1.71557948498712;0.409405212648114;-0.216840659701987;8.44058722049985;4.23105267131093;0.184278633510293;-0.791120100799462;0.100970217607054;-0.543662822978906;0.0245981489015797
2.62608825012521;72.6756297821858;2.67777075933226;3.18630787479694;26.5570514587606;2.03726480177295;0.845292470099201;1.51583676381359;0.137849317029362;1.28284056569512;0.421323214584195;2.79993053172658;1.34269897669299;3.22588142838533;1.41527301524702;0.657305951274557;1.4165449008635;0.0673360155574845;2.00346583640103;0.401103669104265;0.221347975345123;-0.267812046924093;-0.0190101848770946;0.992572495333705;2.74412275886274;1.31004284493304;1.89655831841449;1.64031694379147;0.470543474903426;0.910705082012039;2.5391044751871;3.84838837643075;1.97111894669827;-0.330609045958429;1.72984060489252;2.86658321106468;-0.327472585629317;7.5382659574784;3.38901584331681;-0.0430287496502867;-0.310418393714994;-0.0994257088379236;0.120413711334213;0.481843430349433
2.29032975804072;75.3499532869275;2.55064839381683;2.80155636605443;31.9927112697385;1.196878701823;0.694549078287453;0.556141380331061;1.31195512250447;1.74032406466148;-0.182943513635059;1.63770594246911;0.02596881273994;0.0465050084198591;0.275009714345962;1.66725094136624;1.10418434941051;1.05423833520873;0.80340945621733;0.922266507009232;-0.613430896970976;0.727793674249225;-0.305078097035453;0.7923999144776;2.82032171651569;1.37195494093941;1.57512027699009;1.4206998519497;-0.785896344014054;0.416531454510014;2.25090998677641;2.28108366341768;0.60245369419704;0.305088960295414;0.662548598507766;1.10721240567718;0.0316923194608393;6.97979226575207;5.5014121606784;-0.394413308632129;0.482556096714438;0.82615009196921;0.61068430679757;-0.545310020745399
1.74827492501699;80.0735038522621;2.21078725938287;0.623485125391981;31.7053267815718;1.05323200479204;1.32808805793217;0.406241260922331;-0.987419740246469;2.76321972950663;1.38499244365415;2.44386633680216;0.473126232063537;2.14797999746549;1.05004484902629;0.321163807210345;0.247612390028714;0.258833487917154;-0.476392639204753;-0.886630411690105;1.09537683776405;-0.0804287078709518;0.128744035300006;1.2537797280107;1.67369745629149;1.89342343572767;3.0274544664825;1.09095404639523;0.471406306219244;0.579885475634195;1.57064275036202;3.34973642807105;1.69219965478352;0.275682287476309;2.00991605424809;0.424603874268564;0.0640461325960527;7.12799181434736;4.81043151889902;-0.0542761062452714;0.165041277942875;1.34886825402983;0.336987172259545;0.0303104091586398
2.22344079917544;65.3277203629413;1.8164695081806;2.12849013068507;28.1747794879232;1.32254196083747;2.41473408190517;0.839384369611936;-1.65932692565584;1.24449808386279;2.84898747970962;2.55603785138176;-1.91728160836625;1.50846059320423;1.45453528532439;-0.928847427509313;0.0908132548870183;1.64831756212509;1.7554718451678;-0.461659957751471;0.369940343251423;1.37565925046956;0.385326566630067;2.31299217769318;2.3693846676395;0.662010761456744;2.83571585201889;1.78078990744486;0.523903985278485;0.796769162786615;1.31652629940447;1.40961084962059;2.28320879674846;1.09454787333541;1.3903782192462;1.6436084530713;0.237615263762679;7.83409237446062;5.77660343387084;-0.331894482058406;0.328663310880345;-0.633622051455859;0.446920860688222;0.405174910113579
2.94996873062604;76.5359867989471;1.92671755182139;1.775101097655;30.0905197457279;2.41056480124068;1.47933725521559;1.34748766988782;0.656052539320476;1.2002484081856;0.0549694214976896;1.70246663986456;1.20543201011354;1.95938049110559;1.51152626025001;0.963318845022884;-0.342285169947723;0.518077325592816;1.96798467718101;0.889343234172643;1.23263048080245;1.78873751088102;-0.0620664615497712;1.46479235174399;1.76234769012472;1.30197870037459;0.31613359684621;2.25407029564626;-0.99775365008166;2.55645904814709;-0.016878600025158;0.467106399697672;0.839382759642334;0.291660443601895;-1.07009367998965;2.13359214908767;0.190501423463072;8.02680759573954;3.30508963664256;0.439071449447394;0.638036233562373;0.266276467457562;0.25007706765769;0.258153393042212
2.21138644409225;80.7312680239459;1.89002866188174;1.21762075460673;31.0434124820127;1.19171912900922;1.33480428282327;0.696177597962558;-0.727145498566978;2.38043428459266;-0.177383693276701;1.96824447082304;0.171959374991396;2.92706736993162;1.15700899720156;1.83350672018505;-0.529659525630217;-1.07179397526672;0.879373957417862;-0.379759684921312;0.753098701024588;2.90469913824851;-0.00337324118161018;0.847749610052631;0.833619508172621;0.600226180397258;1.76303914288576;2.26747996716212;0.865028383398161;0.792335664267675;1.24926110106032;0.392253957833614;1.27411510346011;-0.240130830923709;1.82593430955371;1.16575210487434;0.0528877183852199;7.77767548197072;4.03886072827596;-0.0242525309863881;0.0622293780488486;0.677991550137119;0.0041471885310581;0.0300483835787056
2.68417587796578;77.8245314311794;2.56310245690173;3.07429445469349;37.567127726435;1.5773361017475;1.04721891691955;1.19903774660412;2.09794069372671;1.85668610556836;0.260815197158691;2.11519555713899;1.80397122166205;-0.426118409572208;0.765674918836277;1.893729531844;1.9003321873261;-0.472009644813294;1.27970013048284;1.06844080879584;-1.09730845678956;1.99032788559033;-0.0675926523401985;1.45339805581908;2.1660731621748;2.11677859677109;1.72494366542918;2.86605347078404;0.108996284636039;0.844161986399586;-0.659306047254507;0.970749689320904;1.81453914532596;0.304338751720588;0.703892752573708;0.0833002236476245;0.0405033482715371;6.95747176029141;4.95483009626744;0.269500697485863;-1.01590293744224;-0.45616672191285;0.0513158089519796;0.902624314306295
2.9252757262902;74.6114404397156;2.32183909331884;1.70796654328415;32.2676145156777;2.94760349800598;1.50484990837869;0.738331968771838;1.97935152287752;-1.14335771335141;1.73017355304464;2.28669443721685;-0.695003324963302;2.60359071856792;3.47328785814626;1.58956428359366;0.85759054195947;-0.346226646589166;3.24416275797215;1.62213359891516;1.09340764026691;1.48352879416553;0.139169498122282;-0.178761069155194;2.91052869823698;0.510527825759672;1.64254042283406;1.70039930939016;-1.01937417943048;0.343917818821504;0.565730697967943;1.40314075927875;2.51030229377267;-0.205613429984707;1.76158262524738;-0.0638626721672171;0.284177871978514;7.86941170597278;3.73827172182369;0.57128421358455;-0.176878458472681;-0.530409623897827;-0.074484523030588;0.848678372162451
2.37751063963937;71.1705744545467;2.46695664862765;1.09064650664368;30.7806578001515;1.60414014731981;2.19518777271542;1.63083968942878;0.740692783680551;2.0237109953687;-0.627258803522172;0.88539576916526;-0.688207144810235;2.16249349602694;1.23328954881643;-1.17127337062357;0.42387634772491;0.410297997830282;1.52200827574067;0.273352559032429;-0.143942663398911;1.13114284777522;0.251342431297991;1.17694813741082;1.51357067120604;2.16633541539987;1.97913607881187;1.30124233517564;-0.691039111755923;0.125402371733993;0.0372315111647893;2.04045686895475;2.30784385943892;0.514089539924905;2.36967662330003;0.723047406887947;-0.25454286371142;7.14199948856467;4.84595055352722;-0.137199894114853;0.662763589761091;0.898476735339334;0.216746652900934;-0.0590106238059226
2.66341426703624;80.5276775727195;2.18653974395541;2.6725947466992;30.0798453825661;0.532907174586859;2.54110400542393;2.1429722812879;1.1833169375357;1.96459546465603;-0.736847903140209;1.50795780109324;2.06369165462314;0.590877665225186;0.84242151412042;2.56258083364979;0.66582327710427;-0.732580672271721;0.040970607651315;-0.954709875524479;-0.045501898351607;2.49964126060633;0.258726559192888;0.856461094355393;1.2823926137389;1.01883216369824;2.29300618032781;2.23140363173926;0.518362842438975;1.47946225033977;2.15536843120958;1.79047742356877;2.16695083807348;-1.41973976600452;0.245719819765223;0.671491376367488;0.395422756465348;8.798004235224;3.65717051728582;0.782879863770962;1.21679253024726;0.612428929940396;-0.596944670020115;-0.743408104830261
2.04528363383626;76.1817966837373;2.69555487324261;2.6558914204092;34.6019642985264;0.355996215219417;3.11859524800104;1.23424345164554;0.787979254038717;3.01397433775127;1.48031861208379;1.45279185606344;0.0674032999267763;1.86149528366125;2.33346575240161;-0.62074228578079;-0.667731106707409;0.26902354879267;1.55961271087936;0.698691788580895;-0.732146079407255;1.50695171927774;-0.263539842302814;0.382842461652567;2.4361817142837;2.49640426639544;1.67769263308948;1.28657170317981;-0.465493055865803;0.468050673977022;-0.00145849791636676;3.12689317786877;2.60143360682299;-0.402915625792364;0.698637757710548;0.213824811979376;0.0938669655554887;6.73851307716878;5.10784563140625;0.658019522017673;1.2585989826254;-1.07507515939095;0.18648525014695;0.0672603065965979
2.44575008180433;75.8717770726279;2.79050711156816;1.22407353514627;27.9541908859726;1.59327103754332;2.13657051998301;-0.800844549437195;0.36694523657273;0.653782852194665;0.550746102777349;2.00663273803052;1.10971383025229;2.22887322319839;1.18229972731547;-0.2477965033834;0.998675196813252;1.38324246271737;-0.720940456202201;0.237268740830077;-0.184370404997904;0.566634980676205;0.0255310699620436;1.43464112023117;1.86694357180413;1.26655848727391;2.5606010327228;2.57718644299535;0.0296772298632455;1.61904799876647;1.62691639156833;1.20061564857313;1.82611381973854;-0.0912971706421076;1.7654111427876;0.624324810244264;-0.0789768433487068;7.73817685903013;4.38076962006241;0.641271080739669;0.65874520026185;0.421262693542004;0.139867614738558;0.1246421417668
3.04253623697546;76.1368138249187;2.98578848256067;2.28520600859571;31.984704052704;2.01210675853887;1.7537967244536;2.89809834979052;-0.0834614927645309;-0.698262939638398;-0.863753553869651;1.86376104001208;1.54880992014587;1.72024202039453;1.97159938115526;0.656804183743247;-0.337158911610135;0.251692481153082;1.11682654278969;-0.0822763777200471;0.0499509342440815;0.193349985197475;0.0952211887882899;1.55536302234384;1.61651859746216;0.223067242843362;3.00099816044635;1.15224363706028;1.50259757714345;0.87286424864221;1.02267672132617;0.869795877018561;3.0498689419611;0.0376956143764747;-0.257569864466352;1.06995334363509;-0.404262925060615;7.15582728859551;5.62146717454002;-0.667909292390617;0.411547094170878;0.000460652376510134;-0.18088533721638;0.942137502006527
2.26423107876901;76.9166189515144;1.52346274227938;1.61807322635645;33.3307132549757;-0.204338306778431;1.37687046332661;2.16231889834583;1.56542836285638;2.13017433828699;0.866192358912453;1.77174283118462;-0.123765688877772;1.57917145727775;2.1597088153878;0.341669252267821;0.0476021417961752;0.0912933739839175;2.31562556614189;0.356683876189478;0.579017611984968;1.66973594555967;-0.473565785216352;1.40615783366511;1.26731412941556;1.5227377270135;1.37316141186868;1.74869161201378;-1.64743122332709;1.93127616870778;0.6552301859122;2.0256329303337;1.79014167282231;0.633282159855997;1.27201345887116;-0.386043981847872;0.026026953294151;7.4789818960478;2.99371150641925;-1.04970967502402;0.369713933381268;0.157435887320982;-0.0253037243289161;-0.116312734900593
2.56889155795291;79.2415917703112;2.39696149061323;2.08732182777;33.3254216858645;3.17916442749041;0.88757360844383;1.2276780537482;1.52778988602865;1.64562343138155;0.917398658211651;0.746348929170596;-0.616747179467397;1.72641980660332;2.35838653307106;1.12361815841432;0.525286014853465;-1.59757808324951;0.260198667856469;0.217770915458865;0.203402174372229;0.88370592275402;-0.2672516658781;1.66199551181251;1.79053716294193;1.29460684886321;1.4739727772193;2.52537306859332;-0.836474089281225;0.39453281852571;0.844206087372467;-0.117833197640854;0.726083359685359;-0.440920835853632;0.866791447238022;1.48425431183104;0.247990013030176;7.48739717268337;1.75687041153657;0.143939553799382;-0.382853769087632;-0.0947099888327308;-0.259783604583647;-0.0791025590798111
2.63777871522586;80.5292067138677;2.3367941611083;3.01298199696884;26.0859142634935;0.485347494218065;1.57539904229164;2.27715781841486;0.159393239964894;0.995791107498081;1.56766886600128;1.93039493498495;0.0201146199426032;2.21750926157572;0.136721371949017;0.970836481135384;1.44230973646407;0.0999927065145391;2.62744766325171;-0.349183616021524;-0.316122972693626;1.63403670537713;0.0508520049203819;2.93336296487322;0.256295550671777;0.373318640681485;1.08523736139112;2.41311925002564;0.464109742724239;-0.476688406741908;0.470564822790798;-0.951750209133413;0.444324104688387;1.27182512380099;1.59115585867119;1.16147302743865;0.318928505909801;7.65185364555848;3.83120151543212;-0.222477852884831;0.192030652341157;0.372911648258139;-0.584163973526451;-0.0665601302747563
2.42413571737959;77.7404866236433;2.07057874277169;1.4134997846941;30.1523742119206;0.144015589960043;1.48931538507259;1.13577527888958;0.0861790475794798;1.35490198078568;0.265221771747148;1.59550599520931;0.0999123934875027;1.67441356141884;1.94015315981162;0.939488771310678;0.31084649264969;-0.455595144660676;2.21530226555529;-0.251683742102638;-0.85898246153555;1.47918797017861;0.11373191432497;1.916168905776;1.44400786651467;2.12254945390431;2.76282173273974;2.04981662673762;-0.834556383396007;1.74596303568625;1.08076097246003;1.59791559060979;1.17318049138228;0.699225236882739;1.30419689297708;0.487417954646696;-0.226779071046501;6.64159006430582;4.23642158238217;0.327364128249163;0.743629604478509;1.03273582632349;-0.0253082329034841;-0.308139548954318
1.33921943001144;77.2905854974964;2.33707896629079;1.52121827175085;30.507700664371;1.03629044170352;0.454621680812366;1.74452354998298;1.25528925569563;0.682903214614442;-1.14176593499998;1.94540655372054;0.838195443041089;2.46319825741709;2.10973534597459;0.830204397088934;1.70869533975865;0.0732238771591911;1.39070669606496;0.380883822878941;0.797796032908137;0.47542909497686;-0.0715078977214132;0.649553284431902;1.03595633630075;1.33320325232731;1.71267055539681;1.90823941876741;-0.106393759373313;0.667386647528513;2.00056038450321;0.726035224456883;1.87123502815322;0.890547603096509;1.58957678354691;1.13504916865999;0.249937227524022;7.34269429679491;5.30930772446878;0.616072569753973;0.142615712391939;-0.322317864671508;-0.0313997258497605;0.612792300646534
2.13975167110044;76.4212648373571;2.78803904857172;2.83556554541625;31.3122971019265;0.422423000577;1.89934651521367;2.26214590512516;1.71162955476364;1.46012193501813;1.36058379817039;2.36099424363804;0.059040236343098;0.809104456823404;-0.264378789317446;2.19966494889121;0.0744547530335096;-0.0261105459571808;0.0390637947797052;0.801034460602388;0.879217990273427;-0.178774296453209;0.565882480022921;1.25353124074712;1.87899144070801;1.73078792497263;2.53831936995674;2.0316963375629;0.479433347275918;3.53889535635219;0.967419719376968;1.00799061067422;0.802185894389542;-0.606688433726215;1.21171722770439;1.69465514601597;-0.121356231071042;7.64915277932031;3.79933167293408;1.08705798821646;1.79009062235751;-0.582606146874543;0.536648221584241;0.282340695598086
2.19883834818932;76.881207439238;1.38970378316221;2.41419153172663;31.758924581605;-0.453699256277583;0.651371481091743;2.04165768658766;0.268751525194215;-0.259709137052367;2.24630632155013;2.1868282830271;0.891339049592606;2.270240620395;0.946460153803352;0.744364019258319;0.465733863303148;0.292252513423436;2.49419203315987;-0.0777952450005726;0.0819720679316746;2.2404592777077;0.0256796706556461;0.611616633645886;1.91023997606144;1.72663612104324;2.30651568866683;1.84963284313554;-0.173823481849351;0.568316029667834;1.64515526630646;0.679554939587054;2.03542251284109;0.658882708464354;2.19177814471466;-1.49542262287688;-0.282371854487873;7.3619518286806;5.62866883251779;-0.438712623883561;-0.439577421649832;0.24148335315995;-0.297744637687943;-0.0148906276583215
2.53963136920667;77.1536957552474;1.5394332169124;2.80411850255961;27.8977519605229;2.29241143339474;0.95526801797289;0.0741753362242183;0.554582790415477;1.01115631284069;0.218701956639713;2.15838909264674;-0.724304098316434;1.47537010443677;2.63406798221767;0.0520268523477614;-0.683181188155593;0.616237230114876;1.03340108167516;-0.641837013689104;0.50694910716961;2.16002219647519;-0.468672030622537;0.40077581686123;0.557979192166832;0.442791171835768;1.82160341702623;1.88276903103647;0.106905261333291;-0.918318764377242;2.4323064869916;0.646111254593716;1.36502568435181;1.44005982573523;2.63668865202915;0.901532218554633;0.0446446953827953;8.04933055323995;2.88418255638278;-1.12452414007245;1.49650467924107;0.079100583457296;0.201480438370063;0.307071329102121
2.38449898982079;74.8326893085077;2.28360811281423;4.14159852255939;27.7065686255204;0.888533176873689;0.692838788930919;3.0067663494002;0.421618755889877;1.3654238992746;-0.531746762179276;2.84701577823282;0.374608213600653;1.13039752511622;3.19993680121607;0.5555723537948;-0.929759873170103;-0.215456016363459;2.55669781141365;0.650211716529151;0.13973320421483;-0.502257710846165;0.767342225705333;0.902539596198416;2.39256661933279;1.51844285315395;1.21391089121163;0.14375249583274;-0.245145716922783;-0.306649698798096;1.98664575843777;1.37965222430977;2.10143923780975;0.0311804996322762;1.56921709590742;2.82089756943096;0.139287622443684;8.40118366245402;4.44857731135333;0.811823622488974;0.851346023501007;0.884906327175335;0.0601901633384175;-0.482390123497856
2.70467809440148;76.1140164525338;2.5572954676377;2.84674559053199;29.9359231163508;1.94042601571581;1.27632586968366;1.44677600335551;1.12391986363627;2.05510804808129;0.751913120823157;2.2159363280805;-0.132328037196202;-1.2921279934313;1.330057118484;1.72722997607453;2.14221553824423;1.43673716854862;1.56148708323645;0.635813370908521;0.550606912988215;0.579902390708453;-0.224837163094837;1.3914682870251;1.71404123138274;0.736950675880005;1.44438448230493;0.795848951833119;0.291054016967132;-0.832479554106998;0.578944721783334;0.729021121429733;0.870647631298207;1.15998695796619;0.978516853314197;1.28581957943834;0.277159753742439;7.33083566262932;4.878267902923;-0.246095262477654;0.704716262514406;1.2413243998764;0.469735755130332;-0.863599593788932
2.39681840104735;81.2018612854729;1.95350686580187;2.58721208836833;34.0572011280247;1.95995385402755;0.423523922234901;1.19753996651762;0.281405712865568;2.13158551329431;0.458347633123121;1.85114759653166;0.923811814350877;1.12591541339921;1.15984632928075;-0.285437166055929;-0.031136660537243;-0.124759275516765;2.71200198112283;-0.0397655107866161;-0.375268259114727;2.05283041273858;-0.20286800650182;3.72245129416211;1.59956165908013;2.39576703309896;1.34846695232611;1.66321384306066;0.61147549904893;0.354483555838066;1.75807506160318;1.49690133446866;1.60616640983458;0.417330270787674;1.26304852844603;-1.43731053269366;0.0658567250377259;7.22944476495398;4.64020515552197;0.534687915035151;1.87602291137742;0.606051440970875;0.330883021344189;-0.103551664664708
2.06449765951132;76.7854418617697;2.00075122764774;3.96260163839272;34.2715865555233;0.463989780552081;1.05448335476637;1.14191829988388;0.618604229735598;2.44492154424017;2.05625163060611;1.24188633995873;0.81374151186628;1.17388372066418;1.09573762409722;0.149435158694683;0.870028559867219;0.0526387123932617;1.27047492261105;0.778139031761813;1.00927293355054;2.67118845935009;-0.0546072824601025;2.06247836598809;1.95361331705491;0.950764801712664;1.75937348948833;0.999502306053387;0.783562136147905;-0.12768884021884;0.972301266925094;2.70434062817055;2.25572391181596;-0.272856459441301;1.93148813794354;1.72129668974053;0.713432119325375;7.19162977230804;5.56529473979918;0.519051096912191;0.716346045462577;0.404550589547633;0.206035446803468;0.63712476957064
2.3054834727967;77.3071775570698;1.93023454925313;1.89054478651411;30.9598671579019;1.08665900633321;0.792678593167308;2.94191496886494;2.11116626923383;1.3345193880249;-0.499781244568727;2.35571342808607;-0.903278450665808;1.62103341171042;2.09374647119361;1.61845083862103;1.16908952772068;-1.07928196273433;0.414083601462045;0.514342105220232;0.49350935954978;1.47546386492669;-0.0894861937293095;1.16777204798241;1.81972466717351;1.37363045153979;0.7349289233905;1.65185423991744;1.96479470189229;1.34570930497792;1.43474627045556;0.724139065223927;3.0890226424641;-0.472882483662116;1.9729498196212;0.867792859050418;0.263820425053622;6.78739215427204;3.89114136278617;0.331233506647847;1.66412412595243;1.07997282681337;-0.345916627160233;0.150288773660417
3.10624674072965;77.0565476652492;2.70917048152143;2.04756016895809;33.4039797442286;2.64116829589943;1.53779544463205;1.7168663226574;1.39180985411618;1.68143595327001;-0.483694075451327;2.67728963416497;-0.116050283619351;1.34385907714378;0.416107312966121;-0.014701582401712;0.583155475478307;0.876222792695765;-0.0686252895525024;0.158369312414304;0.812863427282864;0.788184553186246;-0.0964052823887253;1.81100964973495;2.14752176448718;1.72934893320869;1.94258008354004;0.867837851719425;0.500078482139995;1.70467490882202;1.23310761506508;0.615597635349978;2.31156187180676;-0.511780459039833;1.71991691512347;0.570477424068028;-0.268677535688052;7.58081191673853;3.35846758331508;-0.583707254469592;0.848513055330258;0.207237534174913;-0.149031142118782;0.722592537832507
2.8727381861676;83.0831932049748;2.52721798783385;1.49789212624366;30.1603483924332;1.44417912380655;1.36819006519956;1.50156239539616;0.825677334662297;1.10224149086318;2.29563601265122;2.39929084246305;0.362690973731861;1.35640423754083;1.16965991847661;0.296368327582404;-0.251428049834545;0.183270945220368;0.963680102358249;-1.06006438369949;0.779569487208016;0.887853106814894;0.214331781140321;0.198574620246791;2.56536222909689;2.12011415207274;1.14416119329229;2.43319367062545;0.223161854924799;2.73362437835588;0.942871784304702;2.58718857322425;2.08615562504108;0.687853264088524;-0.203810259246664;0.365973724884177;0.10510513132149;7.04135830754545;2.64937526557213;0.167411233989665;0.824492983553767;0.978722568778458;0.411278168150142;-0.694034408113878
2.28973246790726;74.0683353451348;2.3972828236337;2.04455862635399;34.2680456130225;1.4660897089333;1.31244359767443;1.12048193682594;0.818164247802584;0.874852535489199;1.90563984739227;1.20668865072983;0.776745040391621;2.72719368860976;1.95850844923291;1.46152818962799;0.82264312030819;-0.294990171560955;1.24333694638972;-0.139479679565529;0.331579523167104;-0.527844483294514;0.35521147337978;1.66460574805362;2.52015824849369;0.437072430631867;1.57908793943132;1.45961224121614;-0.08956863098392;1.14755857571589;-0.769743048208615;1.39308577139195;1.98707224820982;0.0997513432318692;1.36636758142589;0.284917327019121;-0.147213622120165;7.44704778132407;4.18821492862945;0.77681836793317;-0.100120076838388;0.842842514869935;-0.43405007554759;-0.844595400305475
2.17182275132354;74.9497736632296;2.17054942713707;1.57636690621534;36.7566079447097;2.3129838353664;0.541010518343354;2.11004775744941;0.449044868330215;-0.14300338583388;0.972257413181594;1.06518535927112;1.10478669878573;1.57664173226359;1.75661714499826;-0.870304691576967;-0.817828046070603;0.0644509353926082;1.68009671619083;1.83853621520209;1.06522662593289;1.38598521065279;-0.106584480176758;1.27756134700359;1.97378782218969;3.04838744200327;1.89121920302476;1.93929270037867;0.912599358392092;0.597819531791662;0.877504279136803;0.753848844760418;1.99780582455927;0.590034578710673;0.676635685026786;0.640424720840746;0.280889426518238;6.2640368950391;3.61419862651006;0.463969739203168;0.811534801445778;0.272325149707484;0.136782338836365;0.533675355778894
3.10254272406837;79.9932119498628;2.41679174651058;2.00320712540361;31.9995566858295;1.55703584305641;2.86280090244834;1.00180754109066;1.12509883232744;1.05175200674489;-0.212069790875438;1.94420736810951;0.332604678031012;1.26569103371939;0.205845906086908;-1.37160685633756;-1.01288087792981;0.358913392532247;1.4940168138474;0.176988072915919;-0.657094002459177;1.13777612905237;0.100190191831214;1.39799384118865;1.12419433285235;1.70047583861825;1.43412719665118;2.00232682174641;0.490958739198261;2.25805157156927;0.771980321801038;0.726891807815605;1.80895278418044;0.663874617127015;0.288604187686511;0.486454781532248;-0.129465187021626;7.47542369608784;3.43079236826212;-0.494217856973422;-0.00227552736551051;0.756100579313281;-0.00181072302482126;0.120752561719286
2.54367610934238;70.5781913547332;2.2969617778898;2.85962205978505;33.2667667091172;0.770902322654717;1.24995937537377;1.8097050686251;1.1535653714053;1.36088328830546;-0.329836799592402;1.30206416190677;0.288174110747489;1.14949479975806;1.28596671016539;0.0510326499463004;1.66009593177462;0.851661367705242;1.37283261225283;0.844869963578406;0.180704234082909;0.664141179315561;-0.180419524827285;1.27460472225345;2.36926031753268;1.02629226713866;0.78613725268107;2.62530416287007;-1.27159512684298;0.582722088838395;0.666555803525742;1.62171982669889;1.54589737432946;0.934711345158645;1.74254945844884;0.220680499607016;0.0642462135230986;7.29539728972901;2.94620456299093;0.030487098883756;1.11853824436808;-1.4932244572561;0.251472377903193;-0.222761134179282
2.70842446238965;78.5490577426718;1.87888798600231;2.6504437421432;30.9406244221582;1.38527530211159;2.74489762569645;1.94786462088792;1.86363730683511;1.41733690017899;3.16515028626854;1.27780293251174;-0.363165326043082;2.55911712173963;1.21806039506672;1.35783851517462;0.923648931587444;-0.144810078603923;1.8339493928006;0.182123696473661;-0.515633914732829;0.703437007427448;-0.115972236288568;1.03032592485142;1.25038528389374;1.97292736674643;1.99027668046241;2.93767157140358;-0.194444235587156;0.195606174033564;2.3703936307167;1.022480989324;0.547916074729634;0.417412119665843;2.40539374228258;-0.539269887558986;0.0967248165291391;7.68021759823269;2.69852955547626;-1.12549285281948;0.87610241201702;0.467110568459608;0.327111350581679;0.482639288443756
2.32429004045253;79.0741426697537;1.87448784397579;2.62834293231887;35.8390408684214;1.44430398144252;1.97357412213554;2.08742293854159;0.996785722807634;1.61982872693;0.29905344867724;2.70835869382545;-0.0208094930515509;-0.126740228478128;1.99735795419198;0.636615730659668;-1.34237413446641;1.58130773139421;1.12782134490056;1.33619896061232;0.964960977510375;0.0927368136736507;-0.0844544211138791;3.107066534585;1.14875019676454;1.72119573352032;1.75870505136615;1.42007141743722;0.313168587994653;1.89850993401452;1.98059168865339;0.882241299957527;-0.108044215618964;0.418341402856752;3.41418122457635;0.817438486891616;-0.325696388623299;6.90571020947191;3.39351842712605;-0.228808788735063;0.458271225972025;-1.02486780054989;0.0787062098333588;0.192362791986665
2.99225095993211;79.5750855299168;2.49076429359888;2.02845361228297;24.2505857319803;2.40117611398632;1.42589884915293;0.594739369772462;-0.469210483848421;1.54220075754549;1.79973534076457;2.72930031956165;0.835326013902765;0.835885459525051;1.44314208723615;-1.07733357192628;-2.64558675593071;0.773454935713642;1.48786427562289;-0.833779122634415;0.630261739827507;2.41862494920535;0.374501474529908;2.38549666691687;2.43314320761547;0.48038556892874;1.71289186132441;2.92163515430447;-0.223475320702812;0.405346506627476;1.45462877307475;0.36406371660877;0.965165849844743;-0.834502530018281;0.618680434486911;1.61870887571944;0.0650316423241785;7.9216570436332;3.4455050474216;-0.305174839446708;0.750277282269076;1.32411607370776;0.10729700273069;0.956968313762269
2.53781020299272;79.4249399945126;1.38474564990167;1.13200805272752;30.6181896353441;2.23313990538018;1.5762503065195;0.587578433908176;1.70629417158975;1.634133933663;1.6486610180737;1.65738792658505;0.113280619058937;2.11575983383014;2.29474799548918;-0.401587144154347;0.349077966181506;0.0503045994438693;3.05777280462106;0.770632276336701;1.01362044409709;1.43848353682193;0.27709147129983;1.84385695148902;1.5206501984269;0.465262651182504;1.99199917248449;1.69862667040978;0.132634095639128;1.68168239624999;-0.27547276538579;0.506085249667573;1.14945530085325;0.0506989889918648;-0.385656227991711;-0.193468022791575;0.093096577939078;6.62007879968929;4.47105490769734;-0.0714779365696755;2.17997161341408;0.503346303666114;0.384241718869871;-0.156124603808519
2.00358381319175;78.5382273538454;2.27890756865487;1.33327924528117;31.5829511446674;1.43588065456576;3.07058224409102;2.97434038125387;1.35290370557345;0.0792936254522865;0.829514736530235;1.15710836834555;-0.147330443140074;3.36656883876395;0.500858427417339;0.634408381071984;-0.704758688210244;0.162449717862999;1.92920101726647;0.907516688741844;-0.0877923903463412;1.37493307266628;-0.0809746398705242;1.02653600713011;2.74605329383782;1.61004491266528;1.58520374677843;1.03574753086442;0.189581743458453;1.98556321955304;0.648148104007401;3.04385903640845;3.16614543808931;0.525900648247502;0.700985746086565;0.378274430846605;0.0967014419949736;7.38618278420087;4.43977319861678;-0.469204293876979;1.82293335913282;0.357074137115978;0.304990322107596;0.132240203722722
3.1137974575927;82.6349028957961;3.50849472975027;1.43092779971256;32.4006265343272;1.21763569306829;2.24706580441454;1.71000905217187;0.346125915784482;3.02996254924322;-0.725621509563342;2.51208185381884;0.422120659244458;1.7849189049305;0.134679610227399;-0.410569278069155;-0.0548750486571386;-0.836191701703835;0.0473057299643866;-0.017702884646954;0.671075172528766;-1.37619529923656;0.0602394390876681;-0.249269101162015;2.11101834059421;1.0533435354603;2.22088090651583;1.88846694976377;-0.186311464094422;-0.542994932388591;0.991290668693761;1.48239886414701;2.27561894361867;0.153143170565964;0.313744440366677;0.881859682700809;-0.402848355816678;7.15130920501465;3.61594490496297;0.00834543380076039;0.0781266499988365;0.75451499159646;-0.103557455635;0.174705911859514
2.57111099244439;77.735531677237;2.63657627823611;3.10221848704808;28.0693367137613;0.664322500048212;2.9256276688721;4.66100403104726;1.67247392390628;0.975872152910111;-0.457158914492849;1.24395414263659;0.392246923461899;1.22082824360577;1.27903761673744;1.38373294527851;0.335408287547216;0.232429604658133;0.088748666955651;-0.25742014984897;-0.0285593578374797;-0.182576381507315;0.0145718589796323;2.77799778748832;0.565798195419299;2.04996696076349;1.99204692501294;2.71746694175477;1.36356802609399;2.74672730747701;0.980552369741299;0.392058662623808;-0.520989073006664;0.873119147728153;0.455897822087833;-0.215983028038544;0.104322297151652;7.39632135807943;4.11883850504098;0.751247801661808;-0.049043771812425;-0.0388902846676562;-0.302909218162896;-0.123865494014086
2.4474335333968;76.4859117777831;2.48086647150944;3.57227575201013;28.3834515858696;1.37150369371063;2.17555124916929;2.08422706544583;-0.391330075417098;1.51882589099252;1.18905975951659;0.944305234004826;0.549772480714964;0.96774109090558;0.122489121972037;0.956093383580389;0.587270378422568;0.677316741306258;2.3909191111185;1.00241729046077;1.01512420247478;2.30972126888633;-0.267669246891504;2.29152703732002;2.21566033961514;3.0562949115056;2.09140009875864;1.89603711477949;0.0342291059056674;0.947862039329981;0.483937119711549;0.855515310867871;1.79666993647056;-0.256299011383095;0.919034586355883;-0.835389817927022;0.29651310834445;7.39764035728682;4.47755294218176;1.25772788004241;0.99768829140332;0.0801026485201044;0.188943240861359;-0.345058389065122
2.22444098073104;73.3996943625493;2.43418052532978;2.73052401772533;30.1899697179921;1.07607111005492;0.50029301108665;0.994854649549061;1.78531948807096;0.0610962492230278;-0.293990140323318;2.16674608424589;1.33848576453801;1.23275846233202;2.23404779750044;0.47866889924105;0.0259670120191399;-0.316539702689249;0.872097740623175;1.68405374755508;0.160618640247954;2.19737170391786;0.437395051462768;-0.0742097142074135;1.9935756464336;0.740027245732431;1.24028364949344;0.718287540145623;0.743697642634686;1.80977514729704;1.45273679529662;2.01640660042844;0.867714432433463;0.840127858259413;0.0446229395709528;-0.225747504674857;-0.113079403802921;7.26192219346697;4.01940335221655;-0.189178913661638;0.719226808780092;0.349403474822684;0.0737049199167696;-0.472117654347551
2.26894038195824;72.2986499001685;2.53392889407443;1.82051846727854;33.7564014662404;0.329349923224473;2.25993757541966;2.19688468018099;0.452833483776076;-0.659471254605193;2.2152584744359;3.381737348531;-0.908983408957093;2.28047074468454;0.917911525660061;0.22819446246292;0.35763769978683;0.106450858204523;0.932910560960403;0.168722860440323;0.22979548352227;2.26116911889833;0.294314477924601;1.57351614387564;1.39948594568293;1.52532691163858;2.61890966325005;2.48672610580508;-0.775522843725627;0.0689075338699747;1.8920847172611;1.41797978794871;2.16534670775013;0.668495953583435;0.710776328997739;1.68415163137249;0.433149237161018;8.43922950203197;3.91286887382664;1.04368706341683;0.587324987198855;-0.397131381702475;0.0436729862437139;-0.229888505030778
2.43278097032074;76.8787545224493;2.11191723087788;1.41324006866389;32.1893309577036;1.46588984142838;1.17840492515415;2.11708371885106;0.800555382943509;2.82069026285632;1.18597624537402;1.98448008129935;-1.50915873797687;2.63417737836497;0.35477174332851;1.12268657498692;1.77735450511211;0.186875823728753;-0.547889562094521;0.218306518782262;0.505472053157524;1.91975075653205;-0.27811574955423;1.84832254359152;1.509715917187;1.91586525134161;1.5314233670525;1.17321386595935;-0.238404773114295;1.32992405174676;1.90895391157955;-0.445083286672611;1.60911435181299;-0.252915552850316;1.59737384696523;-0.0118056236975943;0.223917205624815;7.43220248513081;3.20893827374671;0.132422992180226;1.01560924043845;0.186339442218105;0.540500583267608;1.31972518443336
1.77865350740033;82.1165619040124;2.01561594247889;1.98617718580067;29.2558380522996;1.56622777761989;1.70834454027994;1.99939366013345;0.975897356146483;1.52862827691438;-0.0805494918216298;1.65288962307167;0.82532472052482;2.27542070405614;0.533280955859565;0.894844681921787;-0.0330418057506657;-0.379149261626316;3.718457419507;-0.396620443599104;0.526599047235853;1.30902784279364;0.168096781040712;1.56995980888603;1.78012108796972;0.824341265896451;2.51425663404182;1.1401027956953;0.908455556431119;1.4824836867749;0.654546304017132;1.36341981796956;1.15445110934372;-0.784409746642685;2.61126793492015;0.744181244548059;0.0785334478288694;7.90760775603018;4.43259357869526;1.97210298556098;0.189469260933293;0.175657573609012;0.14475273843425;-0.238605229709317
2.46721735916003;79.9171417280922;1.92972709723376;3.81163032962647;32.8637636951352;1.0774304936389;1.83317504960553;1.89573055276323;0.216716330754912;-0.0332364561003222;-0.00368820834949768;1.27208799081697;0.369069259134624;2.40903406644814;1.23614120713596;0.119188487238768;0.0982225447104072;-0.273233195210208;1.53535807174937;-0.248740652937178;0.582906314873548;1.98203835341236;0.144780403467862;1.00192178114155;2.62697124163181;0.700545096350316;1.31654570202074;1.5129131234293;0.624528631202803;1.98491113948078;0.179453579254095;1.84538940827132;1.82839890727373;0.327731818481278;-0.550178626200207;0.421263946664409;0.300412053936024;8.021549343524;3.42852582728688;1.23320458159375;0.273049016731658;-0.311287647108056;0.0557843661334746;-0.0011381722742837
1.86223051543597;78.614446756729;2.64289769408114;2.43417416626328;30.0632086234407;-0.379275964885918;1.50819864792993;0.0713122955766157;1.282010132991;1.33728056193479;1.05358621506586;2.09878582680093;0.283574990476301;2.22179678014788;2.80324799684168;0.045519512928113;0.874144677104443;-0.178874848081162;1.10036980418258;-0.287385592977642;0.0849559168916286;2.3486399073753;0.0883353416404343;0.610751526395859;2.13914187720355;1.7491322603929;1.99802789477941;1.9274153269972;-0.177455212733384;1.45497903610742;0.422320827457722;2.02603365047688;0.635565513475966;-0.376508593235616;0.353897537382575;-0.0364020358462635;0.348882456754396;8.13922448729168;3.79383894626779;0.347243895893251;2.51756441867803;-0.448705321012594;0.245519011023868;-0.660123081100952
2.0254309563448;77.2714107325608;2.36473946236805;2.15903052959391;31.1238303560339;0.848022370855868;1.32025238827472;0.46185008270884;0.57418440362572;1.31036712608602;3.23734595054669;1.90015396995978;1.08582715809325;1.85917095652413;2.52493372606509;1.05470862642603;0.370546916454235;-0.485523975399113;0.384439868975292;1.42806349148643;-0.300660701741576;1.75238108593203;-0.0599689960172659;2.61055630140218;3.0647455010115;1.81778052848496;1.61032882940347;1.89918870965994;0.257298529785022;-0.699645077778214;1.136365093753;2.24145321653352;0.872268716757112;0.334668515678126;0.8194194063688;0.427997617171189;0.110917915744619;8.23058529813918;2.69579741580552;0.159068186974343;1.58096707432277;0.228888156047899;-0.0516925203052231;0.763716758512035
2.86706929420702;71.3234968716945;1.99310371141824;3.15983995633967;32.9142923327893;1.42496203719532;1.81680315100237;2.15256238564453;0.882085541563076;3.17885050841642;0.610765670587159;1.77717856906535;-0.71570735688437;2.19171603585663;0.557110482257752;-0.448598436143014;0.858249862223897;0.82259477481504;0.638463634252506;0.663241490876486;0.49729490525016;2.54055987234938;0.0845594173242938;1.76665997579755;0.763978880447645;1.07435489651173;1.8048966322256;0.84480564285383;-0.523793707142205;1.99300366418135;1.4364078217356;1.68791557948512;1.62376055978444;0.383440066259997;0.367777268400889;-0.858651195345217;0.245095235443994;7.64837246892353;4.86687702806408;0.0130273282884222;-0.423232233833296;0.0800753281130773;0.384564425557915;0.16766287069751
2.58644074925495;77.5575146678587;2.89696724929445;2.47940168324305;30.4588849875551;0.702866253985018;1.56688541353177;1.18175898022907;0.533488358071696;2.75590581462438;0.592960470667904;1.51576242122167;0.591617764359379;2.61859403823123;1.18060065459604;2.17628960983081;0.588230013671726;0.0681676005131828;1.5114214716902;0.0746496806970936;-0.654904853771044;0.965048254361243;-0.19980420657887;2.32780953384261;2.7498893140263;3.33539013262578;2.16035791093744;2.85033922147548;0.96750626935809;1.42028914411336;0.421788195062359;2.6475526456212;2.34778365921053;-0.0775239893125516;1.07168168271316;0.662057110640426;0.478461945921736;6.79235798310762;4.23185225585252;0.0382161880136567;0.582929955542535;1.29543445544992;0.206763490706002;0.438650125445083
2.4211651845062;78.8574635364299;2.14504728669639;2.30058167668345;34.7177796225617;0.817666070796892;1.4530437597326;2.44942935900403;0.31989503564648;1.26996822893528;1.14076567150183;1.81797520370106;0.637667389744952;0.217890249040513;1.75514254348362;2.19355501087955;1.37086491023622;1.5476830112501;2.45515399136514;0.777557072546787;-0.594899871014203;1.31877313594958;-0.107145047851452;1.62940160782129;2.5841258616051;1.06662985704176;2.42932611130166;2.31930864560593;1.24672868839461;2.45539858920898;1.39673089940533;2.34473447959835;3.81729734534891;0.347105867728773;1.22039857394581;0.326774775996581;-0.159462975800998;6.52203547972368;5.92650531475574;0.499129896422583;2.03817713455964;-0.392770170040787;-0.507522655730657;0.78438318831744
2.96830040629395;72.3964338874416;3.46689128885768;1.28075694530433;33.1887717763979;2.72671123411512;1.81239692988;1.48681966837156;1.29583551766154;0.285813386815597;0.409195563384133;1.19180779756762;-0.0623563739469953;0.959261891896461;2.15465132609416;1.04300859702853;1.02949232660853;0.881147024234161;0.27402699300605;0.190067113388258;-0.228810897204788;-0.0659690925717552;0.373406783567987;1.40757886968429;1.73794711128406;2.88701171709281;2.09176638609828;1.87369310039271;0.469013199547647;1.61147636637353;2.70177035293313;1.67288738688537;2.11748875789633;0.871431554690586;0.811581362021312;2.00582480801158;0.0939888041662935;7.22860440329251;4.56202533358766;-1.0789918404963;0.746901041416268;-0.277856759344443;0.0705320674709342;0.591193253095254
2.46195460994942;76.7361831828223;2.52704917764557;1.93976030595512;31.9249493123642;2.16398835847667;1.86671156574106;1.19188469956265;0.279301371210849;0.928981429996883;1.06363704846264;2.76226341465267;-0.116397686036857;1.36115453354388;1.28891254253061;1.74928584533151;0.52352431609078;-0.843191327568529;1.82398287065258;-0.0311713566509109;-0.0942281848711376;0.408776545117123;-0.0472223833878883;1.65728232727255;0.0174400852712711;2.54895729042739;2.31855416447251;2.10122800891738;1.61349749976151;1.45201429552671;0.371219948938537;1.10367603935184;-0.160409803121995;-0.631910570519804;0.87568985497664;-0.327328047469286;-0.00978012434803271;7.91375379174761;3.94336308280211;-0.0659388971813261;-0.842638780639667;-0.493428744992236;-0.208381296084666;0.373875124919212
2.97150395887554;74.3784716265451;3.26002056621089;1.36488525926912;30.4799572862331;2.03347294497193;2.27500645675698;2.03731772184149;1.68971291205068;1.03555848328704;-0.068589538576475;1.08360796784283;0.967188887316608;1.83052691292019;2.31365018114406;-0.49596389338954;0.498259967040738;0.981123065030773;0.279529635559892;0.325442959089885;0.363846083744905;0.647187878711655;-0.58913238858668;0.938236703703585;0.866055815425205;1.08723114762375;1.63802492725607;2.05377054482477;0.358615015762195;2.81297401717927;2.40604465860892;-0.133164052479204;0.91299471034932;1.50276875267285;0.866505187590951;0.032225463874528;-0.235530955301846;8.36235419078475;3.75528105253112;-0.774195243797942;-0.052139535740733;-0.452541284594614;0.264104128900106;-0.711172513465486
2.88755491038905;76.4020449686909;2.61916355184022;3.27418507471459;32.0614891383564;1.8038316177177;2.36223273137495;1.38548745528966;0.078213618785438;0.591305409810368;0.585775670064472;0.723728878205287;-0.210457991476939;1.0067144283142;1.38396853944428;0.701566724451698;-0.00212256349602696;-0.704771815241573;0.0595014699977305;0.597090381005294;-0.467497155690512;0.68064616599409;0.0042005668623957;-0.762991790040691;2.62892257463967;1.35956556769666;1.65603222955414;1.61295700491467;0.349916949711617;2.08410056612398;0.846140170011393;1.36059490420546;-0.142740669663154;0.307776905379735;2.42140443558955;2.26644772152319;0.169106704884693;7.46212041292141;3.83184500309824;-0.10465448977666;0.244539750571386;0.0978315020059517;0.366437118622152;-0.158198175235143
2.32608649875645;75.3344090767229;2.01341363589377;2.5930359063965;34.2737767232613;1.43907290493029;1.96703360720126;1.57193370369945;0.643152683109494;1.94094097249994;-0.402294164850998;1.72670481426542;-0.44563093290428;1.59729131219224;-0.0295762113563516;0.199737289029899;0.850887075596824;0.169436853362285;2.36572877059839;-0.477442564407756;1.38969215833168;0.451074293451032;0.111367543682357;0.958820209105129;1.37122811654442;2.09518175921499;3.05024266851657;2.81450168156756;-0.014096298363322;0.503820956312762;0.443278321583226;0.469612786381819;1.85875798315609;0.207861165653703;3.76040122396522;0.923928424540288;-0.0468845018465734;6.7358569608983;3.58643121598962;-0.0917507179997354;0.918269490192153;0.433512584654014;-0.308866596550953;0.238186784161976
2.48320594686865;74.5833752570515;2.70710334060841;2.17797674874448;26.6083675823807;1.686205760023;2.57854107843304;1.01506439771391;1.18381309283738;2.26092272931678;1.12346898011022;1.73078331434019;0.498927485313849;0.78305865371266;2.32532120586078;1.11257788566467;0.578612849148337;-0.355535252162761;1.72541721956585;0.865223795570868;-0.234072035101205;0.318577287461493;0.264404509349643;2.00259915162257;2.56944609497514;1.90234246586677;1.08559942517876;2.89647634544524;0.429622970383164;2.5911684416984;0.908602013754233;1.03615458093642;1.59377219547222;0.905058692370132;1.49219336414884;2.39772682189258;-0.183744230384118;8.20482458480284;3.30786514656834;0.0864456249736415;1.45964638380932;0.194747181858538;0.243990985068085;-0.294245038892799
2.53387869354016;79.7880233502175;2.55422694222961;2.96945054983975;29.1512899494407;-0.930354082805462;1.44710262622162;2.07476356755906;1.17839727605619;1.49606638487941;1.64078951154074;2.17581153344564;-0.568648301797574;1.40480854053951;-0.881212717232653;0.569416954161971;0.382349167000388;0.829972037486571;3.12099143187768;-0.0388857454732681;0.254744466093856;-0.135920052246955;-0.16377856190263;1.15995263512173;1.85121119391333;-0.0123635043211894;1.49140153421827;1.24192142250892;0.0403794047885205;1.37646027901403;1.0054137183704;0.589875976384372;0.885677607387709;0.319049468647366;-0.498109342651044;0.359829338093383;-0.180015394969886;7.05823138619357;3.49582634064668;0.144283701076253;-0.347929452126723;-0.394091177775643;0.240956514888017;-0.692556461717754
2.28303258517645;77.3048324415409;2.55608989920065;2.24770925563715;28.5294246025854;1.81800554189152;2.0283879469077;1.5985425072187;0.657979338602538;1.05586534038224;0.718569196930755;1.8588122101289;1.18826755292922;1.26723617951882;2.04164227021544;0.328914208613352;0.164947187433446;1.7267067029479;2.92592740868725;1.30381157752218;-0.270838560026456;0.515128353201038;-0.247028550769633;0.70283185068206;1.80661652991868;2.73868638868214;1.77216540181391;1.96672039342185;1.17036304591087;1.36034642782676;0.0378726900599324;1.62538314572582;2.07997817377857;-0.196309221004301;0.160668186595976;-1.19969748034669;-0.0883573340894046;8.1930163038518;3.87611095211947;-0.604129560004847;3.02526814316627;-0.18283764456647;-0.390877718495289;0.87179708417215
2.62411882401334;75.6659366955299;3.38032610486065;2.41751151247626;32.5549529590522;1.83439516849876;1.09669155925372;0.78712854009849;0.673400814467213;0.376554235601995;-0.884330858464052;1.62717242958294;-0.151893355063666;1.37566481259745;1.37023101789484;-1.24558506851727;0.899657765050554;0.388950985551082;1.49548121054858;-0.517725570516255;-0.781701571736687;2.00416923420103;0.270148991721865;1.29918292403972;1.38149801798475;1.66384222757593;1.91876615643762;1.96961890170922;0.375786134197526;0.618033505026649;2.08362049450757;2.08499657817296;0.373636655032647;-0.0975571640673526;1.84288855486914;1.09015413153358;0.606859657377898;7.39773496449263;4.08915094717029;-0.79573956078576;-0.0609001716659633;0.00458872631514773;0.212443120367921;-0.389458476396378
2.71409099945304;81.9739544785754;3.42757580212362;2.89342300232861;31.5619463224449;1.57619192254152;0.820108426674073;0.844713912216856;1.07990495400883;2.7254906154673;1.20638931890077;1.67729327286986;0.651512589827576;1.9945373484896;2.83139862316358;0.819604114388797;-0.853350204956076;1.15606228296075;3.04999580269134;-0.275895378132081;-1.05154715933208;0.740807842111092;-0.5632693666696;-0.0238889070462089;2.85484644122012;0.940294425877217;1.42374844427416;2.30561175809052;-0.268364356347701;1.98026811145164;2.03139071212935;2.76107541961448;2.18774042366224;-0.602618628961895;-1.11434708946887;-0.107545180413996;-0.0444696845464781;7.82968265809437;3.8997514743959;1.50760302543934;1.30253773386779;0.112655779637113;0.0805199151575949;0.541247437707149
1.91299933546976;81.857046199424;2.08972071420963;1.5439777836533;28.6297065177462;1.60968332523867;0.761743581079461;-0.420556235405387;1.41223660028786;2.74385524814162;-0.733351257906838;0.759092526411613;0.390824560023553;1.40390390945644;-0.209979486195875;0.327206770135109;0.184854612824784;0.649785924725952;1.79387426992369;0.12790365422963;0.609188211328337;1.81167880614491;-0.366966758680068;2.7918270842785;2.44352315455859;1.97506463188765;2.42165866162779;1.65247312754398;-0.829123416393192;1.50320534280717;1.81354139205945;1.54253113691387;0.636784974260974;-0.630434455566198;0.521698662240233;0.368889129003313;-0.422866565559155;7.33773674183909;4.13811693648029;0.730263088237254;-0.669082224418052;0.297036379495977;-0.252649256330585;0.430975383790477
1.77504021532783;82.469608875987;2.44666749678158;3.52090312324606;25.789711141424;-0.419975809461393;0.346270097027795;2.82335083235822;-1.57584575475581;1.49835207887871;1.70802659548449;2.76510537640967;0.640204791991366;1.68139982358996;1.74331785927067;2.40452185715516;0.909837455904219;0.167050982608372;2.76036647858252;0.194247540525179;0.747046417045451;0.572289814945458;-0.240218872756325;2.69362636385101;1.65785661648346;1.96341481588516;2.29804360781593;2.79685965509502;-0.667085409674783;-1.31099923508695;0.110722074383089;1.81349046754675;0.332611355402859;0.30356823145058;1.74864046528081;-0.654324535732446;0.361154076696776;8.80315889973847;2.18775769806092;0.859262206680167;-0.474793293523378;-0.487973045082793;0.14808141091315;0.133370640912236
2.87196552809397;77.8177111992632;2.45818557467754;1.7915980394919;35.1815216703941;1.77457004155167;0.681293366020627;2.40731728724246;1.02548026431733;0.547224138025472;0.557183774401765;2.45435943812868;-0.866878187240393;1.3374757405763;-0.0524974357041597;-0.234678362829075;1.01765943413455;-0.484980652663331;0.725267543372429;1.46400854629486;-0.0686132037436687;-0.556328201824285;-0.139254536446336;1.2777913801243;0.834098963792243;0.95708696459125;0.282894392237405;0.936981816330474;0.260346578236675;-0.283062055055092;-0.213426900296227;0.264838396056218;2.21841575875832;-0.305903167649363;1.6211606907352;1.66227371492232;-0.332197772177079;6.95765360342607;3.03165291060076;0.232802195343755;1.15566240193178;-0.515207801096976;0.302914888127857;0.546577376297442
2.66837827561645;71.7660893997344;3.16339572286847;2.43090515923261;28.9450816297004;2.07449604492234;2.35564404397622;1.52798382077509;0.349840625752745;1.26631346784524;1.15135372316535;1.93164885667981;0.20760438040284;1.6496350310413;1.45880788700975;1.13850200739759;0.643522161073303;1.43483869423019;1.99303331707304;1.53821675586324;-0.019775071162507;0.35049455860174;-0.0238893921161569;2.66475782640557;2.70840145728564;1.20832496130937;2.36241075846564;2.17980744887956;-0.2521930610811;0.173799938557707;-0.380404695899113;1.9598734939395;1.36435807718098;0.809276874104448;1.52596410420992;1.45731934612256;0.0629073597747911;7.23290937625952;5.80874204579778;1.13630383133113;0.886570057557688;-0.0134242695117205;-0.0484065963456836;0.520282684565512
2.84750091293212;84.2044643291912;2.30740643988285;0.719625605127882;28.2839558006721;2.46323823833255;1.21992419555642;2.6250796306521;0.203863928505042;1.04490259356929;1.23506868008805;0.531868840075022;0.80192866259966;0.168625766552211;2.74545497217845;1.59102040614018;-0.769971542383639;1.19460486152499;0.248117768020671;0.791991004589753;0.458073168367248;1.08507176805393;0.223232834639303;1.940301473082;0.834106603028171;2.36654220975125;1.19946469110864;1.38553993579324;0.130161671863979;1.75049874284248;0.732277434300717;0.76532839208941;1.15008660303735;0.902986611955607;1.18966516333261;0.0787113979052585;0.0400814702725986;7.46737030889385;2.96939190380751;-0.617313282608226;-0.477359957467638;-0.192948448135889;-0.120844653410386;0.556256135242561
2.82110238862414;74.6644518311917;2.59989912342261;2.08957454493511;32.5635779688012;1.90123213338729;3.08031415561195;1.12486474417311;1.11779909264769;2.25930158777786;-0.795184238824106;1.73284730418181;0.631386709116238;0.449018159206857;2.43516154221297;0.856755220160906;0.389618735972785;-0.125900921725978;1.51117195665033;-0.131967280410932;-0.761886310644088;1.94134372078583;0.108900845480963;0.892065281506308;1.68801539398222;1.24751833047489;1.00995532624441;1.95967432175733;0.607232362057257;0.0835874221631255;1.41272555747682;0.646144307225842;1.81172259489376;-0.528741327907466;1.29104551460115;1.24354919605264;0.106665153366305;6.72103851572431;4.40563040249058;0.085382868822953;-0.290727021417766;1.58581977172455;0.101816841674562;-0.213314294685364
2.60101246202527;79.1434820148684;2.41547372710868;1.81387314668721;23.0040347493422;1.09076081274469;1.14434032667935;1.7807446760926;0.562970275236583;2.05954251621235;1.24228846851727;1.6634699546516;1.06929937756566;1.92338305901971;1.29320666554367;-1.47138433673337;0.85794587515703;2.00928342859362;0.100689914897072;0.550403668412301;0.809494141881006;0.513505856439463;0.0531062613790605;0.916749916668933;2.08491600467366;2.07955603700835;2.03955203681208;0.957392577606068;0.413581770577823;2.39336956080816;1.39409318538758;2.0332695159952;1.17471817474896;1.26571281173972;1.08256681587849;1.1270182776164;0.377613807152527;7.57149726951663;4.44014852537103;-0.0410487618177596;-0.851972090296596;0.783257379198776;-0.213090238341046;-0.169927391552687
2.97621660093109;72.0829397425201;2.3283407015521;1.02456449654352;29.9493062424646;2.33852826915404;1.90071993792446;-0.0614603303039072;1.12374749407108;1.79484815339236;0.590717099150196;2.51656241248507;0.488868484979056;1.27263694369634;1.24868384810643;0.00951620932646186;1.65382870117857;0.758796325749966;1.58900426324226;0.141644087284562;0.528010832472699;2.54205401418067;-0.294960713029069;1.21700582936341;2.77311843545339;1.34151909835559;1.92590903865743;1.70508377952998;0.0931972584872;-0.638952269543561;1.02714327388518;2.38025890534188;2.23247364796759;0.726598422547272;2.13317360797837;3.58329151344048;-0.0717204755206963;8.10201885902747;3.47008339376112;0.825761736699641;0.343345826752352;0.84501017861625;-0.000289767705599062;-0.140274021371336
2.56185448790781;76.2946361122094;3.92006171647991;2.18702816761254;31.8133896091981;2.32579323773315;1.54602375646463;2.57031356297839;0.534743698560596;0.949105692581129;1.23138939300631;1.80860744261961;0.368377455080713;1.0110614061018;0.983412439383133;0.22738115611588;-0.286283826005747;0.347622517014337;1.90164003226527;-0.887996603151544;0.54557618861413;1.54556777276212;0.435802554231306;1.38266668017294;1.2971156970196;1.88110456484564;1.21234721713423;1.31712291656444;-0.10476576432629;0.183109632428621;1.16588532716161;0.326300947248645;1.11804174475868;0.0420796352368702;2.18124135921239;1.85570938685087;0.304208818100104;7.57164110293165;4.99238476905352;0.0209874814488832;-0.126470911232495;-0.200717760734934;-0.23793067433439;0.609682724218477
2.2780854999101;80.2629864032175;2.35599868272852;2.34820817843973;33.1416510594321;1.67645552409409;-1.21938439563432;2.56930514619269;0.555919076378885;1.17840192622945;0.945136103717936;0.4448890957025;-0.697277589119535;1.56704964923208;3.12364732559632;1.01041538643101;0.339797627912235;0.0391953075144086;0.537106757530757;1.03507168344601;0.737566716021361;-0.819116297453673;0.546420178543806;1.3169789918564;0.939000721347265;0.560077746162696;0.803951276906849;2.1004879095981;0.787006772544638;2.73238672697128;1.73976783020457;-1.3211767156756;1.73507650186162;0.368834066906715;2.27228526328487;1.0296831176919;-0.0318789315413253;6.49858413037241;3.26709110360309;0.543348532463118;0.121176545948623;1.06440275918291;-0.316899154197459;1.77186650821177
1.78221740690172;76.893276389925;2.25554106452244;1.60212891759001;29.3126955790148;1.30314759095461;-0.182721479967649;0.191248611293112;0.833554008381406;-0.0107577847241693;-0.217216498268893;2.16988754699319;0.349692190277057;-0.159495303964715;1.26479277634144;0.871049544322357;-0.94214122549551;0.692024241946006;0.814745806385575;0.370908983898937;-0.403925893490323;0.612829060866687;0.439628589876447;0.492889946847626;1.44545220506964;0.182142203066338;1.74423947370157;0.121040393316332;0.423461432476775;0.35353381227464;0.691836875702481;0.23416196799918;2.28198684846118;0.0618370985025536;-0.173307939442529;3.16485081506733;-0.151808259516402;7.17793986575061;4.8804144892563;-0.406688227078547;-0.269293953553987;-0.554747148508747;0.281204381433315;0.758785856849764
2.24746569993994;84.4479771165762;2.08598122964982;2.58182975057607;33.0334721024042;0.783945838323585;0.126665776140682;0.811775871553379;0.163753295117082;0.842305255500392;2.3418146981804;2.02512857184073;0.33835162427852;1.20248103796152;2.37734236099082;2.14172092060763;0.397247996778385;-0.244789610771877;1.38249637135266;-0.114694618823856;0.138067037758014;2.30205915109734;-0.18956175442562;2.14296402210858;1.22203485826564;0.50935026457706;1.59615025899033;0.823260526437217;0.64822410772934;0.256583991950019;0.690007085615467;2.33314338283755;2.30302330217586;0.190633310276502;1.02550432756901;0.285544726321652;0.411652587341722;7.10480956746367;2.58884536403616;0.185058733814889;0.733346993984283;0.247279468300725;0.342086493107146;0.937554219291621
1.93358941404523;81.738383950872;2.09249880234001;2.87749901371178;33.9705025285497;-0.0336300022087228;2.28669469212154;2.31443078889212;0.923355655896054;0.501537976582363;1.19481882247092;1.60031717857259;-0.535471954822742;1.72185306983145;1.8710988120428;2.96676772765255;0.823986332649573;-0.0774319467743924;3.11244986489181;-0.178442914925313;0.457674179903874;3.00530445689543;0.239757376738632;1.81546285896286;1.11167673934715;1.03089687951944;2.1759993554414;1.56790343045876;1.32447537148639;2.40878876294433;-0.229891876194681;0.117539919757958;2.6185492556176;0.459900295161769;0.803633505571616;0.641623764651313;0.00712762421479675;7.63315113419573;4.55522246324693;0.188812555754817;0.221579880894576;1.03447473823881;-0.192465516291381;-0.223172316082347
1.75437100722382;80.3521068302639;2.00666457271013;1.76563438439018;29.7774653100385;1.0153620689283;2.31556730090069;2.50767913299391;-1.9790755556754;0.954314179682777;0.689670057738203;0.279081411098222;0.251128042960381;0.714508568302526;1.05870154128577;0.575227852929509;-0.478974338894038;0.745959772347019;1.06090816548969;0.232183367298277;-0.402532327312892;1.03472874862151;0.175040630935875;1.59435530560882;2.31078444312562;1.75241645206715;2.9668869037036;1.48703867204337;0.435068134248219;0.301737747335791;1.49852780079706;0.469541426590815;1.26507714530327;0.812704594350499;0.14051707977233;1.75810965556483;-0.0377169457805444;7.25042085872087;3.25959910935101;-0.00314323655505594;-1.39999301048472;0.680876022727715;-0.172679532632188;-0.267632269410001
2.54101266193169;84.0806946531277;2.69036261655865;2.07674376711941;30.0706461448685;1.87584921963436;2.74802251608497;1.78645677516157;1.09325671930201;1.45144770285136;0.419615644701676;1.40292334583408;-0.780167663956596;0.245417478995019;1.41365773359455;-0.470381556208994;0.389411866029744;0.918749405757933;1.77742468356473;0.0793358296929246;0.0331826864211156;1.43693159280591;0.467662543516757;-0.0208617470079685;1.42317579761219;1.58885474053172;1.92515171222225;2.3057930178963;1.21045269823434;1.16111853024025;0.772286452021064;2.31838391427307;1.40401984221438;0.336254636925884;0.917720478515564;0.770534243772844;0.0384275279441076;7.5517631081966;4.59334863094894;0.302798335810579;1.01176461265225;0.395023057818016;-0.31452148461753;0.0602862975991133
3.15271251046443;76.2431890552671;2.08721587374135;0.989770215069836;32.7489593675195;1.85533708233119;0.610431577664127;1.63818494822947;-2.11932030776576;2.87271053694791;0.361659016197252;0.952623824525938;1.49385596741393;2.13848907327922;2.3417066800506;0.178715247306975;0.807239232779681;-0.745956163344489;1.61482478722782;0.186288058093041;0.437405950826039;0.427682446498626;0.325295549271383;1.98815322212609;1.99605331722214;1.53975932174002;2.69153240218948;1.25478671372423;0.939657370485698;1.11531026498875;0.857199651311888;1.58244421808679;1.80410782410839;0.240259210142677;2.6691932920711;1.47760118123997;0.0237763322098266;7.48458097555474;4.48275851054377;-0.358723164521872;-0.64800978573592;-0.65889489338038;-0.380961341606413;0.63795916877483
1.57787790732567;80.7876197659276;1.50745321829307;2.21837550992171;30.0658524336479;-0.341737222722855;1.56539270952571;-0.331722809649748;0.230214835577937;0.109386148542695;1.20134836400045;0.957737505276246;0.479141020484094;0.575094830815633;2.23659450605402;1.42399777176764;-0.0874798082912038;0.633860318958155;1.20344441636574;0.157579307855589;0.268817357418315;1.9200916619602;-0.447247848710436;1.59337564986103;2.74548124001305;2.00216917711197;1.9391786665507;1.71923931721792;-0.314183952252437;0.717035613471886;2.05083831185854;1.75629803985796;2.01865731494945;0.162458122639724;1.60074165623714;0.935849999151409;-0.299331180814909;8.02040340629457;3.06321148169772;0.477563921148943;0.947560831769654;-0.183435884294351;-0.47840490317835;-0.421109607968196
1.79077883046201;75.6639899308613;2.64173117865199;1.06169970514125;31.787031070954;-0.224046545957243;2.21470138144368;1.0716236199579;1.33391128345752;-0.38895110106434;1.89062472444534;1.10874652270363;0.333277966390553;2.63794856654752;0.829977364839858;-0.337438001983164;0.604686458046639;0.0561735311403286;1.09673565332172;0.236487980575181;0.0453195699993167;1.53447163308905;0.10226650732098;-0.592581773149492;2.29687533252463;3.92417688280021;2.38644742619114;2.65588172338004;0.2628358424577;1.51411475490281;1.95638412436067;1.20112088809014;1.55021204559755;0.00557218072359879;1.38411593519444;-1.42218344949744;-0.0202316203313584;7.03974204201344;4.83724662285544;1.76896382030126;-0.642336043120178;-0.404879345220083;-0.0740297861880263;-0.312404210307278
2.50876921820473;79.6802597573093;2.54147600949746;3.65236279322381;33.6941133920343;0.464548237537481;1.25602686388623;4.0290335033644;-1.17250197382848;1.11748520640381;-0.600386334959493;1.22387906049226;1.20558612828881;1.38506205106232;1.60983759590162;1.80727805477998;0.826289107648175;0.862279120313127;1.45530899702606;0.00376608218725344;0.521876243346371;-2.23205437817641;0.581371742670623;0.708295943079514;1.98692037362307;2.20281442693549;1.70764150024048;1.74668113819251;-0.18550966882349;1.36534130009604;1.44210108865579;2.00106834789706;1.37126404939279;0.399445215797799;1.8102436085548;0.245612614580156;0.129738579578085;7.80332218926138;3.49359912119722;0.408742417042026;-0.0912759965694196;-0.0340899234995905;0.0106321884238076;-0.532067863864205
2.47336518426316;78.274960829808;2.06540441722695;2.27764370530116;25.7672144298804;1.83167945269276;-0.210181234588007;1.38831375401375;1.95694693609834;1.25599753874344;2.36615700110874;1.5432952849899;0.95764047825334;0.903231082212809;1.83695353556171;0.753548352601324;-0.140107615409966;0.0928020252624156;1.91626161167149;0.518981484899831;1.56542218567946;0.692385088258571;-0.181058105687583;1.77506672452489;2.17998157576371;0.913842830211382;2.12427103181348;1.85281040431611;-0.204369077709679;1.15110993119139;0.253440444340513;1.37630921429345;1.90168055780693;-0.16509757076755;0.142632120184217;2.67176179989772;-0.278908449752683;7.80928910570432;4.33452024340191;0.321338469477668;-0.353257181694553;0.254342732370812;0.116930089144784;0.872553546654777
2.39225846120096;76.9700750348931;3.07918462279415;2.76583215596593;32.1610440085872;1.71756869418846;1.73990869967142;1.60728314791829;1.49519514623137;-0.381145918557244;-0.419772073850409;1.10933643421543;-0.243913077700165;1.36955699638971;0.0392521708544702;-0.197231847663037;-0.190610682381751;1.33018077585586;1.6538375774508;-0.206608302563205;-1.63366876041364;0.387194242077659;0.00423210429353977;1.70877067237742;2.44092201728179;0.234059890438373;1.49926886930216;2.48730957822334;-0.0298299538383081;0.612917195399377;2.05936255942611;3.72565290138953;1.87641692944985;0.65749549586576;0.942281758692499;0.237631383402157;0.00586163681478312;7.10204695073804;4.34698582648445;1.188985388444;0.429340936419596;-0.199553738148333;0.0609133465272521;0.162034003258508
2.25932221256436;75.9025168268028;2.17811608302046;1.6237380893916;35.1731107675595;0.554433918348755;0.515105923179755;0.525409129280731;2.38764282290881;0.0273666268245416;-0.254410616999396;2.84911370265467;0.124502434254623;0.740485989994434;0.36583450945092;0.994659375906376;0.46530878372972;1.06531532402022;0.0947718792118011;0.307417440511189;0.0466195992515797;1.27997216695622;-0.242572239294051;0.509231526707268;2.75310513520857;2.28278051779224;1.76222809990246;0.91152270640608;1.31583908058022;2.69133579992869;0.0581879765373291;2.67088186709574;2.80998905423966;-0.169567517759635;3.10086120284215;1.79371188886295;0.170811161319805;6.83780461578548;4.38805729582538;0.180399884520981;1.89716240128975;-0.539656188347094;-0.0226739740948252;0.221738728000101
2.2523259211491;77.1465574709012;3.11390138052383;2.02016142765516;34.9196594469225;1.41254383965726;0.221537606990846;1.91910905617315;0.729368243515168;1.38398557960651;-0.218145949734264;2.67247658389906;1.7515653869024;1.84827597037671;3.06775322699432;1.39713957721472;-0.0803285085160885;1.47881307935856;1.17883910114527;-1.10069737214355;-1.41311276611529;0.0884077097580068;-0.0940032029435409;1.35620865250404;1.29091594566777;0.903441608512992;2.807187693062;1.5899535775738;0.150229590248734;-1.10617495658705;0.638846986151442;-0.134326931662655;3.89132642765189;0.753136668084914;1.13239491674385;1.50866200187259;-0.0924574506870736;6.88274524645591;4.88718065625763;-0.195306089673239;0.878135194669452;-0.771382415881684;0.143146509150648;1.81194076770178
2.14398782601371;76.2696111473653;2.5520192038951;2.19362400368274;30.7240285755938;1.48629852457627;2.10334831992846;0.715904463643173;-0.524002683802173;2.10450223856886;0.307085263119618;1.74481666198273;-0.454923745095402;2.45654161732805;-0.142712623735707;0.870182604212132;0.0776097152667096;0.73053941089153;1.54094429286818;-0.180201604122875;-0.78536354678958;2.26868189860157;-0.36756702859199;-0.390475616981786;1.53268073797908;2.31807458974683;2.776627391617;2.58111550581249;0.823207234346945;1.39760833752958;1.14997948816237;0.685786781934576;2.51668729700595;-0.374206561591746;1.94908620366341;0.164864491542735;0.225780757029142;6.9415773929469;3.98838898968114;-0.155803945961164;0.460411457658493;-0.277649144452371;0.361868555891833;-0.544415774207385
2.4291989817141;77.5141723108777;3.31613834314675;2.43411515900884;29.9220392802575;1.95666625021765;0.974145629555991;1.6516736874331;-0.394921111778594;0.898574958598579;0.0288237763275787;2.60545592615104;0.420463992040115;1.66233312254449;1.75573174942128;0.490926457645665;0.187437343479365;0.344460578797694;2.24407104835919;1.08268256214531;0.984025152597478;1.41340162460255;0.189266895508346;1.4478492383201;2.42269213881665;2.44944527193138;2.34145269548968;1.87615132839454;-0.115728719178695;1.36638271405212;0.933793984699028;2.25703216029883;0.166596429949301;0.264756602693685;1.95887483414109;1.20269173839162;0.0545651129226006;7.66062864716174;3.79542177295565;-0.243140290936976;-0.373276108034861;-0.073914701801163;0.0853418727892264;-0.345632412106656
2.73749885048906;79.3726329272264;3.25314165147019;2.24765596120588;34.1660353787147;3.16059348485683;1.57496940851489;1.83364571247049;-0.115987555475586;0.840242610641042;0.787768613380827;2.60829959884963;0.420673789403541;3.70340252779574;1.35446596133083;2.32462470708025;0.365232682252547;-0.555373780835216;0.755748521265751;-0.395412137780709;0.194302624748838;0.620113244529434;-0.313368890721144;1.41925299193263;3.27367215065645;1.15447271812675;1.54943976389473;1.36266363501718;-1.02124784809407;1.24174201240667;0.466070669801831;-1.05303340352432;1.00958898682505;-0.0286247491658683;2.23326500185588;2.01152132280974;0.041035590051333;7.71130031445017;4.1802336774672;0.374477473643913;0.241066496044183;0.536894041510129;0.185904980271653;-0.765682026449038
2.48305105239505;81.7498924578801;2.50352256169841;2.60833169998256;33.8970752625604;0.771170816671646;2.17527532188777;1.39260910501397;2.31338535187157;0.982814042707963;1.61423173579905;3.68641779634084;0.421881318247203;2.43781986291201;1.33447862310886;0.0835813141031928;-0.756591235306184;0.134283962361203;2.55213594844466;1.27060913933264;0.490404096805248;1.26201385781259;-0.0927228540201133;1.24123743839123;0.932513519875422;1.79720622960663;2.51855714085651;2.26625164402205;-0.120897202490536;-0.275273257013458;0.158901196829602;0.220613471842973;2.44209265900698;-0.251764874266525;0.0083253988510521;0.018384304857164;-0.117261117312789;7.52564023421997;3.42493298727809;0.853483902121097;0.101682159833714;1.04027548600799;0.228227503852399;-0.119785403647957
2.64934242062555;77.9827265325241;2.52084538917278;2.07538849422842;32.2840270404256;1.33174808006735;2.22912973737744;2.09740513565044;-0.678516160070594;1.80046066248273;-0.120669206812488;1.50130957664502;0.509235537680139;1.27751380178273;-0.0156914015795127;0.82688700243403;0.0530740956041125;-0.335765657603467;0.53127950420467;1.35091076957524;-0.324979555799927;0.626950196595649;0.146094731111387;0.856546239566843;1.80218059633522;1.29856420831951;1.72380732543759;2.0005640922801;-0.35196134626524;1.83432767635578;1.06160087657087;3.56269480003844;1.53531414113591;-0.239027486623524;1.20510749501202;0.870160227569373;-0.406997615451748;7.49466140294651;3.96777286167065;-0.0303894048727113;0.427816872404519;0.455902377870488;-0.17517308866621;-0.173561455238221
2.88497842047313;71.5146171838552;2.90679996549382;2.66741185323539;27.408356871497;1.24019724393724;2.45049998243149;1.37678989309579;1.08355681886317;-0.559390476181321;1.41623044001203;0.709001393081718;0.548149291233499;2.00084713251712;1.85267523644997;-1.32525967045867;1.20083872844505;1.96041875000328;1.45313984840673;0.825382444300141;0.0863924310838116;1.76013604973518;-0.134899820538715;2.15957833413225;2.6951842255396;1.65171187850944;0.938261057333154;1.41274396754143;-0.999513604764954;0.371270699103088;0.907243279892527;1.21054721099872;1.28897736431805;0.840746615311428;1.27012933875705;2.36770883081961;0.292202078087033;8.03403806486738;4.83288230880493;0.128771882071778;-0.416896091880005;1.63193528366474;-0.00238403606093907;-0.59482344605338
2.40930356616014;83.201688070511;2.07719387175575;1.65258183212858;27.3149420401243;1.80196722060605;-0.0128710535361155;-0.187233885405464;1.23764417527486;2.14654327842766;2.15233819370652;2.4479621095879;1.28767009745018;1.46291621276819;0.781811453197256;-0.131213728123377;0.0650173070705828;0.262238668271091;1.71380371401294;-0.355640236862439;-0.250502821083266;3.77629381588359;-0.110788754079496;0.877958963298478;1.96237777544778;1.48856185296708;2.0287995259727;3.00513991440709;0.659494275657223;-0.611801662883379;1.09697667299434;2.19507720400292;2.12957218115462;1.22063762732953;2.63823684071319;2.41440525426329;0.110764570223013;8.18176271908863;4.75069872219289;-0.49114921730519;0.108290577112789;0.883266806929485;-0.487808023819596;1.19063053080847
1.92460305667269;73.5597807359058;2.40406896585044;1.75633275789087;31.7787565084314;1.09122102490698;2.43197791295116;0.46989071600339;2.14898354173959;1.27764711117843;1.65450255436235;2.43023657236511;0.632853397685021;3.28494267641843;0.652501165453073;1.05351701864249;0.373150709881576;0.760665816071238;2.40568593292234;0.80646646531056;0.298771338768712;-0.355383704870471;-0.26483920478071;0.994091759902547;2.54475583475059;2.13050460150298;1.21625344882941;2.12254048672503;1.04612770438922;0.358023328023798;-0.391331321369042;1.83197433044714;2.25499312686836;0.0721476280846702;1.21364262574383;2.2440831610351;-0.0581646920848088;6.91467391631851;4.55992562662836;0.720849088922421;0.269357693652264;-0.31810628949591;0.139516056654428;0.430229179088896
2.82774549172093;75.0763193682036;1.89213663118291;3.3093764826097;28.5623917171081;0.940070741972854;1.49876128597249;1.98778608168793;1.08305438747096;1.82923028327222;1.01815305894617;1.97327518808049;-0.760849054299805;1.10372200435018;2.03073994513146;0.656590219810608;-0.283001145865122;0.744556470465665;0.693869939237521;0.666474492304136;1.2908387555258;1.89963646434487;-0.282316237598056;1.10034650149534;2.35028123942216;2.15250335263357;1.94329691583696;1.93242452891362;-0.316567998481601;1.62928299626261;1.57057968360097;0.581879483171552;1.69519548512306;-1.47256462608106;2.96233229904951;0.781749430131207;0.39728646239139;7.14874055505555;4.13431322414003;1.04997049052804;1.75338957094674;0.199019867099517;0.217915233893438;0.802691542934206
2.29622473909669;80.6468050366196;2.14820083082408;2.57995303486755;31.1486713860377;0.265289026351742;0.416607211661937;1.09339977979497;0.39905970540715;1.20095434897829;1.12419077843736;2.12728548016414;-0.11868015767001;2.67847485947958;0.751976540548408;0.873751929536984;0.2455912696777;0.865249068715234;1.74336366658266;0.860161154246462;-0.159411072585704;0.0921023093863642;0.358515904244312;1.09708255674503;1.21382772242063;1.97272279147069;1.64668735203793;1.71363690107696;1.01556994750174;1.2791507384539;1.31070713173613;0.887492968983758;0.553646894421479;-0.600405312001425;0.869262006823849;-0.924796048578849;-0.21280572144464;7.49415951840715;4.66157037851198;0.101639490740477;0.881300758045585;0.25688956132535;0.0251569185992947;0.302826052928031
2.45267821716775;76.399313932034;3.12096315606165;2.21156747333775;33.2804239908018;0.854381502273734;2.21335039750472;1.19518657866103;-0.0294149512772806;1.7468664035166;1.34791478196436;1.84995841546101;-0.408055044290927;1.66497081957332;1.79681702321601;1.20617931876758;1.67567212535463;0.691533226411186;-0.0194861971963842;0.156490005018566;0.222886164574253;1.11899024909718;-0.433595061703531;1.76214328136029;1.67053250000561;2.48687006702129;2.09962786392159;1.86514781152227;1.03485465231444;1.85311663256161;1.64304041888707;0.0969632698410507;1.42727296537935;0.643713843688359;1.71687858292116;-0.311321785375223;0.150876154121899;6.7631534305278;2.73857298360636;0.775340168941683;2.02756955169549;-0.237876978031035;0.115123747587232;0.00711519330998911
2.38271209956446;74.8361408956418;2.59009772803252;1.50789379968391;29.8677888577385;1.3515473645289;1.30996739402605;0.63022733689863;-0.353709102236619;1.67935186168549;1.13120199171757;1.51417687565008;0.357582560508333;0.870848175703651;1.06852818855125;1.78698529157683;0.327776130235641;1.2848389222658;0.562831181736393;0.154859026925833;0.185516058756776;0.679069967632448;0.214686025116509;0.383636087545696;1.1435063855158;1.68158056461905;2.3581804912103;1.04052619415596;0.0246436053646272;0.100130429413424;1.10762718127287;2.18130160156801;3.3477474095107;0.266166113372447;0.437254706064187;1.87129216034925;0.21473213085644;7.23415780248952;4.16916648886732;0.343421482656;0.15657864256616;0.173110378211344;0.232869053872382;0.36003688672311
2.63410506810582;76.6792932657377;2.82273728571117;1.43508375114445;34.251647410172;2.05082111414812;0.64239801926156;1.70415914293767;0.446091366896909;0.563273803786465;1.83439368401747;1.64051902884075;0.961907694909077;0.17489931087012;2.20241880451696;1.03925460736899;-0.667822686738055;0.780596647986565;1.5173697165363;0.509189331731117;-0.454431294106062;2.74706836486459;0.425308582761376;2.65391353239738;1.54815035891465;1.5983969373876;0.708190959150456;1.24545707333818;0.925298083929349;0.860155441360425;2.1356709385664;2.43196890039434;2.45909598506017;0.101781383865413;0.644258527204056;0.713516055297124;-0.157847780181816;7.22026526563791;3.63078582892611;-1.10063791706627;-0.0637986612483927;0.298721943412725;0.241194070062447;0.366088662326799
3.33034718850857;76.7172328190206;3.16505424559647;3.38099914535888;28.8460366669907;2.71070129458251;2.45407649580708;1.84127559727783;0.228813998063724;1.48900298325441;1.05172416542843;2.25044145054068;0.590545823473383;1.83143760028378;1.72706840021256;-1.92670151268974;-0.934125000323319;-0.033502316372731;-0.270347671163431;0.246968220979533;-0.0605436974230398;-0.4567751482379;0.0518055161544871;1.46887886953704;2.33881656541925;1.15667967375194;1.71076526290872;2.06182161507759;-0.455473834836359;1.24860921537742;-1.28912912787821;3.20476370346713;1.75686881106811;-0.531163876632557;1.23380041743191;0.856293443730124;0.403130545975659;7.4495374010405;5.32839594097821;0.670983474059698;0.264278692044638;0.60867810627319;-0.0805035591232053;-0.0778883793177679
2.11407768703136;80.202070820131;2.68623890593781;1.85862873809426;29.53535204148;-0.000798836146248538;0.511381641959408;2.54345501199807;0.234370237095049;3.25893184261616;1.5788063534797;1.61128417519671;0.431808578893965;1.10968417812942;0.206811630674361;0.179268429543851;-0.81588933484443;1.36819798707176;3.70700597709344;0.918155944029477;-0.0643449192692133;-1.46909997457536;0.0532511943233375;-0.0514054461917919;2.10752370339533;1.60832932529795;1.50214829079927;2.62710132578888;-0.137192430358468;2.04101745586325;-0.0219176842160228;1.11144266754914;1.87434538110345;0.321601377075993;1.14380676698372;0.977783968790866;0.0265737398932873;7.46441615388607;3.42322241350013;-0.148397195535749;-0.208409293222132;-1.78287205997623;-0.16732270796103;0.53968206834255
2.08109458725411;74.8746894290702;2.19343222828243;2.0733486935863;36.4531355623077;1.36289097310732;1.4628145638615;-0.576143290349083;0.76624772209658;0.775611853147847;0.36601018747571;1.12833724440964;1.50916027012656;2.04946835667017;1.88591000627602;-0.957782833329399;0.922233923421793;0.708121424337901;2.55895313189062;1.02777184319852;1.17188170222461;3.11974496571129;-0.0907339276864028;0.45948946689073;1.86059228799888;1.42342586199555;1.3498243116645;1.86780761201148;0.568523969815028;1.41034525441774;1.39673769956003;1.49040869936395;1.22897863559468;0.720658026288476;-1.20720880329451;0.527599617740615;0.190881255173778;7.98628074365103;4.51677964411252;0.0562143330023713;0.648220395628089;-0.2539980866903;-0.472409689829935;0.754663116768074
1.69650644805337;76.6779907020811;1.82457567582667;1.86007667123701;33.5996955125214;1.14695610341223;0.424860793949017;1.24254043200016;-0.321724140467383;0.233620087017651;0.260739797000144;2.6004304503138;0.0788003378382186;1.94994212042335;1.6841097835211;-0.489741988778159;0.502810617567226;0.0853615782866686;2.01822074253267;-0.343495039181836;-0.0345262202578699;1.91960541511752;-0.170556768142465;0.626847771957534;2.60189075194192;1.77575434016983;1.90894753720273;2.72904122391876;0.693672458624273;2.69090894843569;0.171777299278221;1.76071487889273;1.22578472044505;0.180328491059495;2.05926346149973;-0.168124085455985;0.0953515188608459;7.47569909605608;3.14389969230689;0.511351554864114;1.07001256998057;-0.352397518031593;0.536280471629976;0.283692266033274
2.76978590626014;84.8595906131209;2.23215449274641;1.59248837608839;34.127296272915;1.64644897311299;1.7962611509493;1.27781233226084;0.241372224540104;2.09506511605617;0.980189973270475;1.13767404948916;-1.65886602306211;1.84854938690439;1.09074367387539;0.877511338024078;0.929268356340297;0.645424985953371;3.29444789310836;-0.425084247374912;-0.851557418991765;0.380114469857625;0.0670126886506381;0.442085911814138;0.532976555216557;0.317105933398919;2.73840824228275;0.9121826816819;0.308841275839741;-0.010919212605825;2.60951449924026;0.986344320695737;0.927251423789095;1.00552879752886;-0.695889130744956;1.45263620591437;-0.0011779358623486;7.14462198367834;4.04730732957431;-0.988928089643193;0.725187451579013;0.508566013555756;0.247501269829039;0.406139347881361
2.11054401220549;72.0625827205369;2.42324729387903;2.41810684186054;31.0658334311417;1.88967227222982;0.6254793312726;2.01286542261832;-0.446809016194999;0.992618730517711;0.248177524095356;1.21037603832445;0.981707514052705;1.44933241722144;-0.190996504775042;-0.0689038670623577;1.55334301607486;0.0853783903066419;1.75475824863733;0.132266818703622;0.824164429683793;-0.0445219486987783;-0.126800793248056;2.17409014205355;1.34426183310642;1.96934152948519;2.2799323979021;1.7489936208;0.423397970392425;0.659880109183781;0.329592181127664;0.638708708174348;1.41806265856341;0.956526865538453;2.1143654061124;1.62693659660077;-0.251047936223525;7.32231336764724;6.07315940269338;0.274762988019809;0.907234124746473;-0.158675466181576;0.0973274610001414;-0.127192323756647
2.53758582461983;83.4106038351574;2.62428831409842;2.61335101614961;23.2156454707468;3.21386172643616;1.83798700856121;0.766900338481929;2.08512830148733;1.87251956566498;-0.385575582521326;1.79713493250743;0.684298133765376;2.82372989784959;1.37962377730696;0.860025089781929;0.0426916584399689;0.899708868322375;0.784280436828925;1.00652108568996;-0.379906595895652;1.44374099764468;-0.0846412999532475;1.87292231749922;1.82450790290354;1.40357937498632;1.84712440860588;2.0476248409808;0.599756628577225;0.813960422181147;1.22417797862556;2.18178109773431;0.423879194374363;1.83584451921016;1.6924145639614;1.23950078786118;0.129627814253628;8.32063456116333;2.63705972420614;-0.157515136660729;-0.237450374499615;0.231314163601269;0.0297321745568254;-0.978072285278934
2.81287798680902;78.3327898194401;2.57521064721992;1.96750031654637;35.4065772992773;1.69133457774431;3.03320446946576;2.48415435322959;-0.114886156647629;0.983210909222167;-0.907819531965945;2.54116297836451;0.801252965889707;2.47032834921809;1.97276509559892;1.45261536960408;-0.279086309757629;-1.23374719166185;0.864455430116624;0.0295828106112359;0.507830198532771;1.01774063221955;-0.364759328924707;2.27241250370305;0.948769193265241;1.25087622665175;2.4513475290298;1.73120790498701;-0.419915897790106;-0.797842142192017;-1.70955124085511;0.762695515185613;1.75466044802541;-0.502104705746572;0.914672573782198;1.0080621268017;-0.318440036158627;7.49050081240145;4.64495873500186;-0.278619469291427;0.825068174824199;-0.0311974281072405;0.18006597993659;0.0940322041443969
1.24195322929423;77.7631991766001;2.34798060997108;0.442087992092582;38.6298660062616;-0.497808870937363;-0.00785209455179292;1.11501986411218;1.23093676953142;1.31561768965779;0.980617906708364;2.2830284105833;-0.0290672426212268;2.13446154874489;0.834714546649457;1.62295069631764;2.10274319743808;0.30851938030511;2.99733622960862;-0.512747378406367;-0.741904003249285;0.834389290800489;-0.0201821406074176;0.407252325420708;2.01109400868471;0.930108609832758;2.11518356533253;2.19802153871455;1.01942872254676;0.852493066462843;0.359997931120461;1.3300722779478;0.651489717337233;0.374811850273953;2.82264261794604;-0.247599928370076;0.395889943783106;7.39444114497427;4.37019626005669;0.237366708431106;0.935398593805503;-0.309292923982269;0.153126646006835;0.203003787843258
2.02027798808747;75.9174032132771;2.34177271809983;1.83082199161336;25.4648431103632;0.379854278283488;1.00525260504907;1.04492536005617;0.994887785777122;0.846601831973654;-1.22153102541614;2.86449367731228;-0.32092516934164;1.50820850087011;1.32676469206263;0.734902700331972;0.215857716098212;0.114979955043075;1.18932262341422;0.923888881555066;-0.169568045852436;0.893861224935273;-0.610583663042745;0.880186111005397;2.85134419568283;1.66237868232561;2.1271327426716;1.64492419095101;-0.425849376761578;0.0975328856250767;2.41623182934659;1.45040890438851;0.708466679504078;-0.464040484170533;0.410872181612375;0.451343225645346;-0.571975139127448;6.80133330813114;4.11045854413986;0.20397403986121;0.809826318016468;0.0855894146763965;-0.242158065448992;-0.273854578132871
2.83526272739167;74.6401019124904;3.35437797199531;2.09323355284057;34.5955496991619;1.26589469827538;1.431407562758;2.9316670388689;1.51257478060756;1.874495107754;-0.328786018494871;2.14992529890986;0.127943317238529;1.85892884736288;1.15331499983772;0.33455729066888;0.378799075057782;1.13911399965542;0.623763968175094;0.402425212047648;-0.741359696817314;-2.07717332215702;0.0961767682210032;1.17108076479133;2.57061567912229;0.998067630988999;0.840313062381567;2.31765634255789;0.548313279417015;2.96278227227111;1.73523047484394;0.565809748811812;0.833962159186425;0.822975412770927;-0.915894013010093;1.1975058537652;-0.430906986008089;7.34406970525146;4.32313810199754;-0.541217824404357;1.28353960806522;-0.226669603173288;0.204912608732671;-0.134995008785365
2.54442344640673;72.611846703595;1.95064473637876;1.08258393502167;27.6662900235138;0.850272256374497;2.67649489814876;0.215914138107399;0.164306155858451;1.38666605172682;-0.622469812326877;1.7880290641283;0.147965133987236;2.14359304277096;1.55873705794089;-0.726874171557755;-0.448499779411387;-0.207177400347951;1.57462944079804;0.638313239953123;-0.017705488515108;3.38782819522764;-0.241633331666079;0.697162240322695;0.760785532459483;1.05505440678641;1.7633963138533;0.990592514028876;0.669981724976678;1.14087354828191;1.60903917958511;1.80291380582939;1.87203409162891;0.973020922790693;1.46538547816616;2.01036564996362;0.054659202288655;7.9322914740947;4.48594863342922;0.32507968912313;0.80604270700358;0.56186789942516;0.441692143762773;-0.724500681688153
3.12562472357089;83.5634607618381;3.37036657526979;2.43072554600901;30.0619108188631;3.35809460833079;2.04198228040068;2.35002592585746;0.603432427227539;1.45616183583408;0.717805351107124;3.27453823358622;0.474993248501803;0.570236435055193;1.30536656131864;1.50006328020113;-0.38376906245252;-0.26473398725009;2.34259416296136;0.163213921774453;0.718420197778584;1.1584850508341;0.0930877609742751;0.0868582455752265;1.0057083431118;2.00145358006557;3.17322559612044;3.50957395124482;0.0790045650374042;1.16854927646883;-0.168861661398689;0.233260503422572;1.46833112882769;-0.243822550455595;0.848138997115056;0.272594437239273;0.38253416506814;7.38445958339945;3.89045050737548;-0.203377067097195;1.02400593677019;0.173842476631584;-0.0685756373957028;-0.0123670183208486
2.90017338202059;75.4219154993379;2.21178470317392;1.96820501948836;31.6401981636686;1.68403993460858;1.40272114824128;1.8130754938285;3.36475724174;0.449341600354658;0.699495127510774;1.75077336512893;-1.3703069589743;0.522284773724287;0.301050325947432;-1.71824492966051;-0.213314121076755;0.0109324490548249;1.25033311294416;-0.250266965359715;-0.568307388008399;1.0430233056266;0.00867840110457965;3.16232715204465;0.77725727352973;0.00217971140025597;0.647079745423836;1.27752510496742;0.0380751653679129;2.18704427164353;-0.639994565540814;-0.52746508855223;1.92158579453113;-0.523900336065076;1.25894073094079;1.73146550444599;0.480701043626431;7.40473750185732;3.4532719386898;-0.103068932431697;0.332493260935119;-1.03520698439115;0.129877530353995;-0.250220074648836
1.93629953155639;75.3946343468129;2.44187831712633;2.79251474101816;35.9210632355943;1.28814623840432;1.8297211821;0.60588639874823;0.00147811915257556;2.75765362552506;0.411145847315232;1.15991784162829;-0.586290229623775;2.71708752060747;2.09304912128714;0.527735193699481;0.0231587864586532;0.451847864974909;1.94114115662884;1.48386887507947;0.38676636572678;1.02770787966833;0.163715912015171;2.24135323674041;1.60283008374941;2.54726722097744;1.98918319849619;1.116895089943;0.363860167688183;1.17668364808815;1.19273312879243;2.07917453639875;2.1146752604954;0.818007910623447;-1.20730119991367;-1.50342642201101;0.216819255430798;7.2307683681698;3.38877550501092;1.65370841936223;0.60083448613384;-0.362865957638457;0.406414166005233;-0.43850446876176
2.54464013060677;74.7493196170302;2.85011565863844;2.36893224509641;34.0782188020627;1.0357699875786;0.923913650539125;2.20823123497131;-0.363520585797091;1.66476560149918;0.51083709066009;1.33582042704534;-0.397052082534952;-0.275392910412011;0.938199876587612;0.0216482885005208;0.616808573973665;0.205232761824294;0.994640380444592;1.15815757619435;0.170839431899546;1.70796009926935;-0.225158652972113;0.904244870302285;2.00151648807674;0.498387909062094;1.89195612772007;1.82079692929787;2.67509029108095;0.16753433063939;2.27600443588537;2.606988087602;2.20639426197888;0.847269751709527;0.486732037198131;1.94034520799751;0.0723307886973931;6.90392330601566;6.18539480934016;0.761144611398773;-0.350209252910589;-0.934694595091661;-0.207915165999272;0.0433467878426185
2.26091335816868;68.3420883561611;2.30823210167654;2.52769422051283;32.7499402674033;0.21855184932736;1.79987904163059;1.7849571762963;1.22245546804562;1.27167828731915;0.230209686706029;1.52122678794508;0.177583050678178;1.54760198507287;1.2371659027606;-0.935993863555064;0.718733387128303;0.926196206326757;1.04114755951455;1.17765031102666;-0.420367356739894;1.07902911692659;-0.491476844072935;1.10883357273987;1.77977732213209;2.70590295259876;0.784001644164546;0.842881675580776;0.49900135632521;2.38031835554834;1.74655918737823;1.03334458333647;0.688133866833025;2.12159083330282;0.380861739671721;1.30156889825245;-0.184459877225565;6.72757465255827;4.67278542286978;0.673158999216004;0.263540865564713;-0.21087261437531;-0.547875878004366;0.958193413447693
3.06227289650822;73.3142926187947;2.13550517921947;2.92230510440375;31.6343348032145;2.03808590994121;1.75158017677946;0.379511461698726;1.01216668918781;2.34374314331052;0.430736698861886;2.28340691291357;-0.283179647095358;2.39393125972667;1.44062547345729;1.40842551392928;0.134541902457357;-0.680023941266465;0.0931081710906765;-0.996854652669831;-0.0661719709617447;0.686857034154238;-0.0539606477698204;1.19989793627613;1.36573419724239;2.99486811058528;1.32474743292723;2.48833769605557;1.16063298382674;0.383324147886117;-0.00741446120525036;1.2703953723161;1.88531376999466;0.233310830682021;-0.513486309856538;1.83635254487982;-0.520654795322669;7.41667519562845;2.59192428517518;0.24335338567353;0.137197313145843;0.15712365580746;0.0203096865556591;0.780543980762822
3.0137727806255;77.7486600025885;2.58968788732522;1.64473233637016;39.196988257415;1.97730078705325;0.988688013426372;1.33288385283556;3.39435023476003;2.75512975903844;0.613906454770937;1.72301278730086;1.45989746259047;1.09859248865087;1.18752385227005;-0.105198586345401;0.613099006077684;-0.435673376982739;2.16231336934455;0.549348244838847;0.44532614930311;0.201570185176756;-0.142817359681507;2.40542833515507;1.21485550652957;2.45538405766919;1.18543683702906;1.73660728361422;-0.934157466539299;0.644399280303286;1.08164672406568;0.944543410372958;3.17464912613069;-0.277058620671882;0.291743834479493;0.491075658165866;0.416237272352348;7.45156838661634;3.43213280930118;-0.782698675331243;0.190664739888281;-0.13147866100575;0.0545413267372087;0.414066542836169
2.73416447478011;75.2894578995365;2.12267782104553;2.60340784288386;31.4709260419023;2.20630921880315;1.25910004127265;1.16275742429997;0.295425674080007;-0.107499663917906;0.935164148235745;2.19567181784534;0.118915324311642;2.55111425227589;2.21669948620839;0.747461055713281;0.637892718663457;1.18594486992249;2.10427848606933;-0.278793115867189;0.13142843375711;-0.287102500531026;-0.284972055433236;1.60850371686331;2.67776280940014;1.17017151293865;1.59594785992191;2.42607739646997;1.18091304463312;1.19461641797423;1.72883250342555;0.953294001419246;0.894296739504422;0.50393646020105;1.81550745610793;-0.137030833158137;-0.0326553654335954;8.97434090732871;4.39388751005762;-0.396619609076153;-0.0478793525328497;0.642840923938291;0.465310941029145;-0.0300708423883347
2.67723463536431;85.5206287540051;2.37620012571914;2.50576322240767;32.5699137318575;1.08082972918091;1.24255995533944;1.6151926379095;-0.231880803386312;0.582723811994819;0.0905177273676419;1.41330774619044;0.0239474262473944;0.576952692168355;1.50792321740484;1.10788168339211;-0.409713740635635;0.412566086944532;3.09767246690662;-0.260329368134626;-0.270727561013365;0.930040687416618;0.257866417223792;2.12770539132643;1.600275415887;1.17724216700694;1.86340855701141;1.13943168663723;0.640364415454231;0.556166446782628;0.931027137585686;2.19657381170649;2.12403231336084;0.89897097961709;-0.47981703613052;1.08322848650687;-0.280342290270923;7.78346559502175;3.15449518632072;-0.275926023741639;-0.14545186375766;0.352068313702378;0.359427561447951;-0.507275744923081
2.30615504211139;77.1573627695904;1.74743899243527;1.60589767252483;27.4117409567987;1.32035915732374;0.820540912412882;1.63532977226703;1.41146555674102;0.941324402383414;1.68471802817628;1.01254589980624;0.621267193849769;1.68165592419759;1.66852816769996;0.845462746072906;1.11939329257761;-0.0969246185207253;1.68743715554499;-0.32167964411743;0.123995468292046;1.02910682088668;-0.0550898202537536;0.327221765600785;1.41757302997999;-0.263893615853446;1.61174955478544;1.66863004892815;0.160924470966458;0.863108967293095;-1.12632025327328;2.67393494715277;0.0704707035829701;-0.0139117272249598;2.29995899997092;2.17277391019377;-0.100707461534397;7.55514755551371;3.57051743600131;0.000864775077165036;1.7746840312796;-0.239419953420892;-0.738793162453964;0.199527433900103
2.74525702314229;74.6221318862237;2.57816666329617;1.67081952331159;28.1958622275503;2.08279315438912;3.00963048823804;0.825621152391265;1.20070518794496;2.22765272964527;-0.773181507836643;0.944369867022602;0.406519657794041;0.997970067084773;0.997913930363428;0.825421929747662;0.534244633714652;0.651439117103575;1.46625358752184;-0.391543970577284;0.415609846492459;1.59805794668716;0.0927216222081182;2.03209713846426;1.98269722604175;1.63356984199874;1.69577161661785;1.3910176589344;-0.593260228169019;-0.0825583776140836;0.72102656985857;1.09196524749116;0.721246223858388;-0.547495125571447;1.6942012581357;0.479365620297772;-0.114756963975311;7.15808554097963;4.64874622420739;0.395643643949229;1.43054969847304;-0.113993785388933;-0.0569895302910525;-0.114214507008214
3.24325551296943;78.3434313725814;2.70694017301492;3.7233059859994;27.9291600983512;2.75338926407024;0.553297862550509;1.91350937480185;0.898368722047608;0.363555979538974;0.979291955544499;1.02385325729991;-0.329140914638504;1.49912988436804;0.531001849130395;0.314847133502622;0.100272313877018;0.043200397292845;0.899896766830217;0.268171707578697;1.14542226883936;-1.23935903279979;0.123634718300104;0.371241002114943;2.7720219710967;1.55566599715465;1.09762081076698;0.897988980199319;0.962262306626549;1.70976140378932;0.576975294535363;0.676901591370632;1.73810975602271;-0.815263509943639;2.13277911594444;0.755653647040993;-0.40682476125178;8.10695785295754;4.92112793089952;-0.184166806842325;0.343511329758622;0.218216767456924;0.229664685748898;-0.152134252206103
2.61093590884621;75.6289727315863;2.49787955932001;2.25350209753082;36.496471934206;2.1520747050983;0.319869224542502;2.61629943501296;0.921229972587806;0.980332295063051;-0.0208646890054579;2.54765994632911;0.18540095088136;1.23291428481652;1.15372040794866;0.950827962009797;0.812398225078076;-0.137054511803431;2.04140121971368;-0.926221018238504;-0.598787764015047;0.798197329707268;-0.100028058544709;1.20249819810621;1.59369256318252;1.74124403418942;1.18350038001674;0.759004661190613;0.649755745813607;0.838995972041877;2.2797529564815;2.94624676533239;0.834247253203719;0.857575309549854;2.4506959627148;0.534882590452687;0.0691336080970121;7.34557663229576;4.56141116800203;1.23447797437971;0.52422107735205;0.778211243866802;0.461242817777731;0.741090229779542
2.21734758039268;74.2424356192188;2.52068301950694;2.2860837394863;30.4300836903197;1.2789739226827;1.69220198916523;2.47392213741808;-0.213475155555292;2.64739221931433;1.87101263314307;1.61549311351823;-0.707231282021441;1.36612906507968;1.87324936150991;-0.895686360056608;-0.129912668054204;0.964302693581831;1.71047404448746;0.287653840271285;0.0149182396795984;0.738580321064988;0.0659131703487069;0.466668090726124;1.30036753615857;2.05724239571938;2.18179184116899;0.237241347541796;1.68546883287936;2.35834679303292;0.502024815109161;0.0359582702582146;2.36255262824896;1.07236671251713;1.29134861718784;0.638840752745608;0.0121374220143255;7.12347949421168;3.20983193967749;0.380204953758149;0.0545666780156431;-0.500111686135118;0.0844194458115765;-0.111536792137528
2.96436559061926;77.241598732341;2.88607186940321;2.27889809448119;26.6523267373947;1.63724908867753;2.4104695491528;1.6459878878241;1.96901348476779;1.05430178602504;2.41667738531165;1.04972059355787;0.417040228103327;2.79035249541037;0.929396456597321;0.871695960686207;0.983100253525201;1.29677430743204;0.682374796813376;0.542744187359681;0.0673224155587066;-0.00805089744099952;0.425656398943852;1.25927021994563;2.30169031888715;1.02601923006699;1.29133188513031;2.68130275453361;0.745496194571523;0.44573636388425;0.394804407063591;1.2081904942141;1.86424423249824;2.22148264217181;1.87835377719114;1.70107032057542;-0.0439581286658264;7.86972245717074;3.62732570920771;-0.459925617727713;1.29809441961568;-0.501561224325474;0.138027617501449;-0.132847655505214
3.2718187818668;76.4437551299369;3.21049672551835;3.27615718576411;31.9144340341029;3.32007950899728;2.46894703113472;0.926529488846578;1.67820882542549;1.49269206080731;1.91132017400054;2.67651911244191;0.489469996632737;1.84408959511249;1.12827752788267;1.4014112992029;0.401670063470139;-0.430547738281308;1.18045285402663;0.299386951543321;-0.087742128971693;1.46098879710252;0.195917074413464;1.95957819670737;2.29501845732816;0.751523369378939;1.75474871318731;1.75959265623564;-0.286263820687399;1.09090870073942;1.42237390145342;0.577936880309589;1.70295876227813;-0.759316873968662;1.63470760402918;2.80459694168026;-0.21361035511604;7.606937548333;4.06202029381264;-0.195270096602513;-0.678558022782201;0.331560644726178;-0.0435058556791906;0.00270674784820557
1.63102677633242;75.8253306732301;0.940858301157011;0.645024376794639;31.2572031129212;0.626337262127836;2.52111272174541;0.989388343855968;0.111125523523087;0.418603586943847;1.23701190326956;1.89891365297617;-0.272708980618736;1.39451926429373;1.0077621093729;1.8491315665212;1.1568557933156;-0.293034832781228;1.83024049889754;1.84853814669148;0.550207912299125;1.63030158147588;0.0198119675371547;1.79640351650658;2.97406335144154;-0.222529673223317;1.8686243955218;2.3476254667819;0.44449662675988;1.64671080664175;0.55761379438086;0.829939858151084;3.4404771598913;2.05120630388445;0.469926020456142;0.38988670598244;0.201276110567926;6.7943679054505;5.39476261059856;1.04527952740788;1.70709192496878;0.655021948739078;0.0688187725319404;0.379847880274336
2.17350632033393;76.3928427577881;2.18298187155627;1.65540483604243;32.4228566437884;0.661350819128051;0.522135132527551;1.42991389167034;2.22045527882765;1.13456048422178;-0.993937338535836;1.06299577720206;0.449758535201499;1.95825744936304;1.60702852392208;0.0378113754239944;0.740255025498539;-0.808012200135739;0.35824959379053;-0.702234288206137;0.286612790539357;0.48263970892826;0.0266525782422119;1.00105520221447;2.57738286915658;2.81278445875872;1.09315324327592;1.06260656174941;-0.595268682373057;0.303318937175379;-0.35674339039726;0.164919439048353;1.24598025084655;-1.04651807032981;1.07190157688515;1.22154109137446;0.155436235406803;7.32423122439489;3.23459345298174;0.67019174699143;-0.832109371009098;0.57725366794414;0.0931311544710346;0.781032184934347
1.50074900427176;79.2484694077405;2.46280269503226;1.78758232473706;29.9840031321177;1.25796723840398;0.592430661091423;0.324566192354259;0.930500207898617;1.77223634950699;0.157188884889173;1.67955444529306;-0.0643732629590676;2.36387892209826;1.53503015925857;-0.782429714145013;-0.647603367682939;0.137425361668656;1.80078478253342;-0.116920764149164;-0.38696867132542;2.928422636311;-0.184954045532193;1.01782609849928;3.1321624962699;2.26500209820619;1.47695961648008;1.68716646146492;0.138725147541285;2.65751553173489;0.172809835766104;2.18299959722793;1.11973832956929;1.37105511722666;0.920180488687826;1.46384896399107;-0.254502494642992;7.93625325203229;6.18832884987069;0.891197728433559;-0.0164785289106821;1.03879862303284;-0.246231696287168;0.0186155583837532
3.00331237189715;81.5280070677573;2.42158813148418;3.10231026766366;26.2247045300953;1.88886308378781;0.179080757993634;0.964322945321992;1.0315997064952;1.51003884957927;2.37879349946839;1.75890320126966;0.0636508073336432;2.18529674289311;1.17624098531113;1.23049610769273;-0.719885160912229;-0.0768069510876577;0.963483100709439;0.765190953775386;0.107973028621031;1.23991508644901;0.278077105925156;0.726676482184343;1.37086115863839;1.56733340937079;1.76939367615758;1.83040744460251;0.289789132943257;0.610922427236907;2.09820664330128;1.47300817714055;0.982571795922171;0.0529275602054624;3.57114689857504;-0.288415062167873;0.338646796687988;8.05989701196107;3.10587774793111;-0.192588778119124;1.54681217767705;-0.584010176109887;0.275607443411329;0.916094548506285
1.70010190284273;78.6337923194278;2.42426018005114;2.24196375285225;27.9821716013404;0.466223881953084;1.55386344336042;0.291145085779252;0.985928050135686;0.220018626569746;0.349667551144684;2.14984354446337;0.0106535753127045;0.999850261493451;1.17785591533696;0.408991718683547;0.0207381559712181;0.826881966141752;0.640784106984673;-0.110002184974467;0.806126810307826;2.0275255820472;-0.202518302379428;2.9982349611931;3.00011384361409;1.44256447836708;1.82111781025701;1.2367878057399;0.360591769168928;0.206892714517792;-0.24249803726793;2.76908369252601;1.82757925975317;-0.0792588144266324;-0.111842459855719;2.16052821591941;0.340402372429241;8.06698878679929;3.75662341327552;1.20055582891448;-0.316789736509391;0.922470100748353;-0.162284815201116;0.562677557366056
3.04569199825978;80.9247827894517;3.07750475242815;3.02893455279888;31.0278086117575;1.47658693712298;1.99359987175494;1.44085893627475;1.11101157061475;0.253140370609308;1.04815251342159;2.77312337541732;0.793992667420472;2.31482900434677;1.36154429042933;1.19417596724882;-1.63349150964337;-0.674507329639406;0.932961635414407;0.249529608775724;0.892522954748828;0.909308368876927;0.701650927842052;0.613486869004625;2.0748426420593;1.26322083103719;1.62149646632481;1.9184476797582;-0.310545079875124;-0.480581404981127;0.416953168927606;0.89140403000105;2.1959316797849;0.750943466383217;2.83950475383668;0.0406984431059914;0.0837478735728988;7.59841349829594;4.47857557059635;0.275051281245579;1.65461766945127;0.631552458832455;-0.0834824231501324;-0.795829159676523
2.99189439074877;80.7436558826284;2.1141137816702;1.20335297614695;31.3964077085379;1.1590527914105;2.29212088829302;1.27154200453763;0.147129431091025;0.791291699444123;0.172410791666475;1.18707337415246;0.356731925286463;2.20443520856567;0.109393997788658;0.670059252093638;1.30222192117482;-0.463140680423948;1.52373035754597;-0.596663636757509;-1.09106700711156;0.59138726278476;-0.747629934257858;2.96735361929125;1.72007119974135;1.39101080297206;1.53007685725349;2.45393290070966;0.283510451532594;0.774748268491877;-0.0226023561281286;2.74457902728385;1.05095780488279;-0.226839368875615;0.736898265242621;-0.161019110792819;0.253340646245683;7.4571299390669;4.26928007910419;0.0783174865272949;-0.058352879439364;-0.85644751497734;0.167921652451399;0.172713061478605
2.59831219365922;69.1406482736048;2.71915868452501;1.29445271419553;30.0089710100355;0.413988433194287;2.86962040372755;0.949286615241895;1.49328640391839;3.1405475811136;1.69943583532886;2.20502058476221;0.677193709417905;0.860526492174275;1.66732025495109;1.34527714120304;-0.0667041343230608;0.191229823727122;1.04009043134359;0.0388209198766145;0.953551955263935;0.44560858383699;0.400735695648924;2.16727268452626;1.68744699672584;3.74971735865204;0.872509922791493;2.75817474805531;2.30778283686583;0.114591235884925;-0.133390352218058;1.35606455305268;1.74654138278602;0.550707512924228;1.24581402285733;-0.100301297199938;0.260493232320407;6.74781002895049;3.83367943234233;0.249365755560526;1.73811455333603;0.428690595188837;0.20244944319105;-0.827350804236071
1.564346904722;74.983336042994;2.85256516649518;1.70453702492083;23.8809279019953;1.83701794348665;0.549364662397471;0.143662137539141;0.798395986049956;0.680297247016729;0.439803378230655;2.42801547984401;0.425050383868183;2.3293302414819;1.61763294247255;0.506027861841723;0.536228334934907;0.0302427792242302;1.18997207208423;-0.123995581449181;0.140928881003395;1.77002501127984;-0.669377852565458;0.0545640694022025;1.69468567077676;2.41998524263653;1.43782736971725;0.496787048441333;-0.541264701796416;1.01241875052682;-0.95956202436958;1.5767971162452;2.60100016911423;0.989666491207678;1.55142007124773;1.31580721891204;0.092713914060741;7.78933129768444;3.25293929556738;0.250287136158856;0.626746864536763;0.334471255711696;-0.0429439700178522;0.163065042362769
2.88763843379361;69.8635705973797;3.04531084554099;2.7332380551632;30.3856505004894;1.41703113557715;1.38406321767692;0.439788353730326;0.101686458643722;0.372651897603668;0.72571011922434;1.88490508642042;0.174797063797283;1.62395396872977;2.43136969414055;-0.0176720903462714;0.745562194038642;0.768524713387946;2.04581348200037;0.722289311978647;0.647199311337344;1.0049720129122;0.13174986980406;0.874653984324315;2.06141011023066;1.83459269642209;1.36622842857774;0.901055539261956;-0.667903573795396;2.67633768280831;3.05419780154617;0.992016376055132;2.55745548082175;1.23051520788909;2.21843875792478;0.402270042570047;0.200517184598059;7.26318482306022;2.7181278931582;0.257978020273898;-1.23297816719395;1.56289965932597;-0.34246900126198;0.521145242017911
3.11957328287725;76.172361685107;3.36680764628391;2.67142743224978;30.7247739370984;2.35321347591004;1.79949190681792;1.66251883568877;0.604878234621018;3.01349231056363;1.56961430687335;1.79656571243603;0.278080859561232;3.41141652118212;0.781218714634083;1.43717667723349;0.37654221440028;0.53643715955967;0.916628284652081;1.36517293822916;-0.0919944226163777;1.0237218870382;0.183812559085891;-0.0702988512266375;2.26652042191398;1.49350709217158;1.93404142908381;2.04451078415655;-0.503540986002899;2.0433625761288;-0.243171969021828;0.641615054488007;1.04789003001916;1.12364051819397;2.20775165015211;0.222833331036616;0.259594218417863;7.34728923856597;3.13889134160999;0.2822964306425;0.544063603040632;-0.0356032960108515;0.332223356856392;1.13560275690765
2.24638790764083;70.5378052046387;1.96414628956215;2.22275347941608;31.5665981370025;0.975773130310114;0.79654797958059;1.81998339549818;0.501370223393467;-0.816129957916881;1.66416054320548;1.11716001603529;-0.134932488454766;1.11540772654957;1.2598815268018;-0.412475341362895;0.544180736508807;0.659202443238546;0.88141669346292;-0.0617656631866166;0.220535800751508;0.757853070544607;-0.0825712595613843;1.4721684934108;1.47445517232545;0.991866624663572;2.28659367347619;1.19261615341184;-0.120841915343338;0.865513810944156;0.869214161431206;1.4165211554486;2.1348089261055;0.787797805451245;1.163791596993;-0.0941115256729544;0.276305581401379;7.5926376922596;4.5599190770308;0.157608422919507;0.289632307717808;1.35287606314288;0.326434896124657;0.36091064653019
3.5562871934657;76.2185310842415;2.7185763997278;1.27383150301858;31.693173044905;2.07176974171146;2.63937061608979;-0.0608882702666711;1.99078652752484;0.373721353109645;0.906353922412144;2.23225525728081;0.476182969539717;1.81178942176741;1.4986344742909;1.04101862098716;1.14165433719188;0.164271623121433;2.30101425813353;1.22898457152049;0.16580860968908;1.60532685901584;0.106247576064989;1.92308140539521;2.43932250450087;1.38495179998839;2.42348202470453;1.06463188957977;1.45556231345796;1.37005947096773;-0.167174819050692;1.77754759970733;1.20406137753785;0.686256067707828;0.983730443423503;2.12824843364149;-0.131384675617772;6.5638330756448;3.81483653623935;0.587853348838713;0.126048150340904;1.33248781601799;-0.0402482232898737;-0.249530913051683
2.87238396943094;80.7877032820881;1.82579873476411;2.35835881082903;37.4621181952175;2.19212855573392;3.07413006942672;0.653237488748422;0.984472246733144;1.6234531489395;2.82576122973911;2.51519548283743;-0.243327787986001;0.625645443999613;2.88742388922697;1.75565791368326;0.74644285796284;1.12041542449596;0.76893883839654;0.393143764154045;1.08815325086586;1.41206495539298;-0.108882511293175;2.38996134624231;2.32412948077842;1.14407652396048;0.797789076054251;2.06309056425499;-0.537978280786844;1.24604443936067;1.67591438845903;1.49347697949834;3.24852705789129;1.61444348116145;2.1619642725852;0.9055257456308;0.436752690313176;8.15412580870296;3.81832787837765;1.28117218499896;-1.08868270618614;-0.409752105261315;-0.344032419528379;0.657297282740282
2.32274428845668;85.0231906270498;2.47477543112449;0.723222135015473;29.0606635083882;2.1320327458297;0.792880954109628;0.0406675509045171;1.72486272486819;0.853474763008189;0.0697331505988956;1.42396214454916;0.021641107602703;2.09970692376021;0.779166171871876;0.778920136627184;-1.15545394137668;1.23960302312123;4.29893477967266;0.537121095129894;0.0106118390931408;3.36589389033345;-0.0227482967237576;1.32631510410989;1.17300434457239;2.38269485816274;2.5139706623891;2.0292249850351;1.12472524019508;1.05635299434699;-1.51292660060596;2.72423360042206;0.384593273586793;0.401537946926007;1.69474172519106;0.217085462786981;-0.388959027579061;7.43744775470422;4.86407162762672;0.2269082218686;-0.227294083775556;-0.157687044356348;-0.0120410997765982;-0.353161806736129
3.01060271072177;72.5288542422922;2.57206554670029;1.73213412190354;26.9571237464769;3.29653209395974;1.57594461122354;1.09446248860393;-0.384945869563723;1.77828255942171;-0.400121120690733;2.02898825336201;-0.453506441584596;0.953997996098239;1.18782443765357;0.569277370015177;-0.339791614650608;0.439897799715957;0.56848761436279;1.32129326589952;-0.14114220962102;1.25026587171243;0.251757633447077;0.750176368342177;2.08942285756004;2.63525116520246;2.56607415444427;1.72649963122826;-0.681312667929329;0.62554047373433;-1.0277573955014;2.72745336917378;2.0820871910593;0.076463622824904;2.11715723025325;2.29511553874011;-0.0140680353087156;7.61489541625553;3.0924757176099;-0.577955846974216;0.192828645269016;-0.0481256784479452;0.456024411658658;0.522440209751138
1.98338736324612;78.6939001308431;2.25048389856431;1.03984498981824;32.6436600907352;1.67587765559384;1.79966011765244;0.121398937909804;1.88849375147959;0.582049730136039;2.04992082283142;2.42378575448264;-2.07386732855984;2.66463677865169;1.54263168656998;1.59139571428544;0.0585797739131016;-0.563353224242114;0.639962017310321;1.24135403664602;0.199637686051568;2.07123695696186;0.0378949159279025;0.577888359834179;2.61763784412157;1.27768547684884;1.37462241226625;0.370150628432604;0.912619831154622;0.900673228471925;1.09010417711458;0.527758993743483;3.34255623770057;0.967024623661851;-0.530165274878077;1.16020685037857;0.0429393971475282;7.84182315972797;3.59904310090984;0.692555207455011;0.305146088805338;0.962587556826725;0.341476897489982;0.565394236689928
2.66524764615986;74.8781347768206;2.96038203813499;2.37930805906407;31.5798632145281;1.19781389413887;0.451040576528967;2.62819756607892;-0.164136373535237;0.466469120431183;0.633278308518927;2.04626548415442;0.363420191424288;1.32445828869201;-0.0356126292843715;-0.0334084106308249;0.80360315594473;0.243006287364602;2.98881862710264;-0.446404551232163;-0.303883718005047;1.82540523233594;-0.178126154392924;1.32338101784273;1.25419187314053;2.4413014191785;2.22636735715651;1.17863529247489;0.7722101509095;0.946737969235353;0.954612386399143;0.0997148030811467;0.670877454044776;1.11779823979689;1.86085497864009;1.64230372251927;0.431807010313619;6.84888507571917;3.37170793437457;0.232737079307611;0.658898528423578;-0.228025773836137;0.369926322244258;0.871009884707131
2.15843108664865;75.7241722628723;2.12206345293136;2.12948195814447;29.7856120147936;0.753138454867099;3.41959828380317;1.68619670606864;2.13876605379941;2.61102696115895;-0.218449118559562;1.55747962780326;1.35071599449201;2.50761550667874;2.33645261795911;0.308872451703076;0.511680221610107;0.965945136133057;2.25828059204252;-0.134248040227135;0.71865530833473;0.335954586458697;0.261974483465056;1.24483753080945;1.62335526378805;1.29218332178659;1.47085329166072;1.79450765761005;1.39517872616545;1.2789020187108;0.137734156607508;1.87156370123531;1.31723239863387;1.22651759291724;1.60736575308048;0.74007013685607;-0.153362585409621;6.96354999048544;4.35106360744544;0.859780127048314;-0.655762906722824;0.683068735442509;0.0825313345215255;-0.473791607169026
2.63897204092922;72.5259361566646;2.94287620450795;1.40601501591118;31.1394182372972;1.59892064317498;2.22120668307817;1.4887355891959;0.644184496655973;1.21809067855205;1.21398691119677;1.73808600510127;0.0864458925836205;0.832803880799392;0.885368870614398;-0.00404619669260509;0.25996036959605;0.588032859976138;1.42191025438274;0.993868024733806;-1.41197713458852;2.15235641700416;-0.125768504073108;0.291735043394689;1.73242266009192;1.75545371747858;1.71577123266118;2.27414332613001;1.21607986868516;0.874638645667941;0.45498647742253;1.1495497305847;1.96762360822753;-0.236883935704975;0.668733303583752;0.170093172714136;-0.137160225679674;7.76586209933034;4.68403573385157;0.686591514875271;-0.190238274117679;-0.254560751142129;0.308832949212819;-0.211869474843816
1.90070058397024;74.499563333453;2.49504984209917;2.93625220259925;33.203846930199;1.6384534616033;0.52046494125677;2.31939634522077;0.379654561146858;1.60564019288549;-0.100314493413757;2.03542652814829;-0.142734842814878;0.88267054486618;0.68160633640965;-0.0643283428624029;-0.46269576445345;-0.270815868247005;1.49426372128482;0.814934277490801;0.382766325186558;0.692220911117253;0.577842437131811;2.32028568388392;1.98776184389649;2.31036565745377;1.5816173173804;0.369310562815331;-0.575085132196722;2.0148585321731;-0.168384891272289;2.27726989703669;0.501557687589467;-0.267729749362633;-0.621729684857269;1.70306137951199;-0.0498785826404972;7.27078679404791;4.88739357085615;0.332952019423395;1.05248875025445;1.07328711806724;0.248813498643042;0.0437122770610589
3.10576679738482;78.6551706326583;2.71661810170272;2.94960117439245;29.4587043356504;1.0301291788754;2.37233177377002;1.74287602166082;-0.423685636084892;0.889002497150233;1.88002665305206;1.64596843190159;-0.4829414076479;2.62149132132113;0.500154844522609;1.29318389549966;-0.718488837179924;1.08008978858282;0.672177215311291;0.805693357000667;-0.710109927271566;0.254637845003073;0.00380866881398101;1.40670855692278;2.21966090357067;1.84487870664133;1.70702681128579;1.80550949222268;0.301460177378865;0.0943653051375201;0.399927233494012;1.38109249762599;1.86310835563808;0.443205779538234;0.749649800991386;0.0452993439770897;0.153564284796621;7.83237098538154;4.00362007875464;-0.157466258614715;0.249685121457113;-0.137424027834515;0.802520448832127;0.0551445234171051
3.21612353085496;73.7828333099276;2.59995238367176;2.42068415271953;29.5262326960645;2.0119559698579;2.30254833565657;1.5386711039794;1.16770245270965;0.44484692408518;-0.611879859620275;1.99916413613175;-0.0646176491831681;2.06629614989959;1.58048436127626;0.686192672716038;0.507122736018312;0.715253530529382;1.32022062578416;0.430766255919029;0.0530912938523517;0.796024499971976;-0.0928485954220426;0.54011157964052;1.198218417968;1.92833788157649;2.2517215571716;1.85959115302361;0.527381317962677;0.953639756646247;1.30476486250196;1.50569513476829;2.17158616306518;0.56977309052164;-0.0942575717050191;0.00181649199058875;-0.241251901053899;7.07220680587143;4.01142778841167;1.92530495610247;1.16859406738623;0.060071957988043;0.144755415539169;0.000710253994194443
2.90443004360242;73.7189729455592;2.4796146973515;2.12427682409378;30.7460026421744;2.10617686624274;2.04878555342595;0.24782542774173;1.59056853313474;2.26432630839468;1.75803366329342;1.49773836325053;0.454262183619385;0.879637863408917;1.96725712014565;2.43103443012549;1.18312436542916;0.0429267924801575;0.0351549744977937;-0.302995263490567;0.585543356136079;2.66719091119901;-0.0996359802073183;1.73905409554269;2.33177096938935;1.12055542452319;1.24269441757707;2.05525645559842;0.519274226617106;0.167310230790187;0.457745740442212;3.05895109015049;3.52140533805439;0.0221740536567019;2.94102302309375;1.96052867588764;-0.290946074748308;7.3510657800958;3.33734001419509;0.186092879986228;0.750070361376096;0.13614592920698;0.0687284889240983;0.266065870150785
2.2532221220495;74.9360111457907;2.55225273941715;1.17085578802276;31.8873013077458;1.9709641675913;1.52301741289306;0.970987697886235;1.89340539212557;1.04465050109938;0.539998299945944;1.14207204557822;-0.546319092142935;1.68510230401391;2.61987365243104;1.01077117211043;0.845232477810158;0.981539472996908;1.90361414466103;1.16689728399931;0.232082906286926;1.48805396479703;0.208885747363267;1.93845482421017;2.86267689928905;1.67214655553686;1.44233470831552;0.346380509907063;0.735468933013614;0.398802088399093;1.82291912632713;2.13609451981991;2.72962899274544;0.328400930183404;0.910185121419303;-0.785534521836689;0.0321203881826867;8.16593969885245;2.83533503728873;0.746929302359202;-1.01144267986908;0.261188589875504;0.172054107218117;-0.278974025587458
2.22776260140416;79.6318127634537;2.5556433048667;2.86768582146924;35.0254261107106;1.01327141154581;0.4309802448001;0.64432811061606;0.773995953889759;0.589876600698736;0.310966503063016;1.15396205076294;-0.138510001680028;1.71186968885778;2.85649205437955;1.43869930927948;0.392426918020387;0.252794385887463;0.615563938777486;0.880563982726447;-0.657363825449805;1.66383236592645;0.191720808354016;1.06179737265874;1.88039972529657;-0.00776210176802539;1.35487318268567;1.16233762551496;1.28490102464364;1.97629804214072;0.229513188580392;1.4657468751628;1.01032595002668;-0.606852304673629;1.60407329784973;0.0953869684113884;-0.112687029505105;7.46409697952505;3.59420599579436;-0.0308218261581845;-0.371519236319904;0.0765701720932319;-0.0703475205443626;0.443451546037313
2.29879198348295;75.8558592904086;1.78937520012709;4.07327562931171;28.2648035711988;0.599928093362183;1.13447186813762;1.76529102711394;-0.527551446976852;3.88029240361546;0.54311680020192;1.20661552953236;0.598773492716626;1.19222512617061;2.26777496578952;0.311743415277971;0.725431102929053;-0.0877321925177833;0.875471070603841;-0.641041933831428;0.339589616327785;0.396824763428796;0.379892501077342;1.41413049427347;1.56417797630687;1.74165212265489;1.33412799827002;1.87852372009756;0.992133391698492;0.111306868551694;2.64641850564794;0.434652589441956;2.02666258588388;0.427963324718539;2.45220036118605;0.611300588601895;0.0707043519060684;7.81056528478938;4.50494333701106;0.45622142990082;0.575265660915038;0.238897121426183;-0.0344286390814306;0.190425234616893
1.87130540052649;73.3735304157921;3.07557484088079;2.10870155708517;24.6828783215934;0.456397383228702;2.42042124798998;2.11090334575803;-1.32978104692929;0.365446493820882;0.935694392892575;2.83840978911495;0.325827124888137;2.83268873610042;-0.185906975652433;1.37482512749489;-0.403551402946695;1.24111609011348;0.632826233349337;0.699486679374957;0.243534675021295;-0.390717831661231;-0.175475911279286;0.532044949970126;1.09516994374609;2.5349921998558;1.6815102415026;2.11931984511937;1.4290294189823;0.0481448221657298;0.264749287417868;1.95199717947428;0.732379273410401;1.02368171361148;1.2546021199752;1.7948091640472;0.0136376515597496;7.91288033170348;5.61387090553964;0.567851382294492;1.00110630964735;0.328622777224656;-0.0476474927546064;-0.681427359370611
2.57596051515773;82.1700396204399;2.57268450607619;2.78294604010893;34.1523582714835;-0.0312081900175074;1.74523524699549;2.26528929791404;0.769663394219362;1.24498898642982;0.898775120579008;1.79652418158953;0.0848360847943812;1.65664588594881;1.29796126786928;2.16057752476248;0.755768806487859;0.159691227478095;1.1231545233804;0.13233333303837;-0.255282583060207;0.948785665306134;0.13394272259257;1.65428789813754;2.17303026155272;1.88614853609074;1.35616972455815;1.76327325410945;-0.375507151634283;1.01058874324963;0.223442924290751;1.29865197692312;2.50838213209253;-1.28695454527361;0.543204258799992;-0.798152363393961;0.323766833882516;8.9891500741711;2.39829208308078;-1.0815271991676;-1.09221033141307;-0.542210627907044;-0.162720370171394;0.130693436864449
1.84983233426556;83.1666274702013;2.27026761571832;2.00561016270118;33.7691694766032;0.686965394953081;0.852647935169458;2.06862965016378;0.701100789218166;1.34820817007761;1.95973978970233;0.739945468487432;1.44061970484123;1.42400556413746;0.30837774313946;0.359129240083204;1.27412864542109;-1.11706642031095;1.9448687400705;0.517396680198141;0.550624297564537;-1.38597549192338;-0.00121726263295056;1.91647613376612;1.65634238925756;1.78829724571064;1.34133034282089;1.21066984077594;0.0382419766095822;1.79220327472141;0.55043769473616;-0.264949556390724;2.45251790353451;-0.337034191477237;1.31187775744704;0.184659282345218;-0.0113993802549844;8.01861152920551;3.16333344333995;0.945628945843276;1.44284144833877;0.550261660574051;0.0636540971458431;0.268785827488079
3.01732129124391;74.32796792574;3.05832518273344;1.55115717613859;31.4214550816855;2.95772408908726;2.4848537567785;1.01774297682937;1.56744723603242;-0.147422545830715;1.30082379256581;1.54725508960666;-0.0117985960230059;1.06491823104916;1.62527527534384;0.444438919718522;-0.338142199590224;0.190226336842172;2.82682464882738;-0.0880867892906804;0.0770799506486781;1.47090584264365;0.0636205998016988;1.67814444800571;1.49272673933003;2.18152232920766;2.32266292478657;1.23728049019386;1.90094988710691;1.63146823151257;0.920297616875788;3.77802688188848;2.75446831755974;0.984169876928975;0.461858716228796;0.0386535964358066;-0.524630733499747;7.2403362222498;3.73532936705455;0.288397833078243;-0.0895385784713011;-0.647199594995168;0.0485017611999002;-0.41028590214233
2.46554971031855;78.7253744822722;2.08665949737158;1.74332568968923;34.7714047752038;1.02302212485653;1.59919763678835;0.480865250993918;2.87531624499395;0.986334052503606;0.415112448062211;2.41410749272042;0.770315553995717;-0.0483891784652843;0.816407727867747;0.155356045784712;1.002432514882;0.941727179574084;2.04399947820265;-0.619513325863835;0.923821023855704;2.22015606587903;0.243204635709764;1.73881924738601;0.323580155131194;1.4012197600523;0.207649237181961;1.70475893783437;-0.155812127923395;-0.323608204460393;0.234378646593434;-0.808623820993218;1.92951286505434;0.0900648094419342;3.05899468002184;0.504468123521065;-0.0602764025183643;7.29095274384276;4.48066231237636;0.506846144478905;1.08723636840096;1.05231390309448;-0.0958686533745603;0.789627001258269
3.31555690885735;77.5001071271339;3.28843126911066;2.07452668110464;29.8321261738095;3.63516767498189;1.65340324728974;2.12057818997321;-0.576651338374657;1.63480667396996;0.49952454238963;2.19683527991001;1.41092488334631;-0.529226108088024;1.53220449041003;-0.190141733073452;0.54554305946579;-0.178452778360717;-0.553337663425248;0.0681117035218492;0.621054754363978;1.73391308218859;-0.505437726651526;0.3411529580949;1.86868372857297;1.65766884012022;1.33895877921693;1.00573217086224;-0.274832277711256;2.91510479089432;-0.570791442619821;-0.107209887939915;1.86671719437277;1.53909909931714;1.85209530730199;1.36754565953354;0.294089919377;8.48324004257933;4.08172300899724;0.158761339247839;-0.167144532521467;0.538827319272757;-0.0679041607624617;0.298563733277838
1.94849336616338;72.2099611438996;2.81635943324764;2.43604053741396;28.7813835560821;1.94108658506742;2.61050500031234;3.39907684697126;-1.36291648578295;0.485169387920878;0.116951662472505;1.04738305496452;0.101595181779281;2.00965459595223;2.68072491137995;-0.745665717632964;0.688850251345174;1.50135248741865;1.97100431958453;0.690828398744194;0.101812511394048;-0.131955830048332;0.0636401587645729;0.544324493837635;1.23111480525803;0.590384810732901;1.96179568043435;2.13762966525174;0.515082193028107;1.24103252935179;2.56084129166897;1.09504049694534;2.52008728913561;0.0912135710633722;1.41579027459571;0.576015600998924;-0.405333375803502;7.7319112721813;5.47363963198169;0.849177189429524;1.52897808379107;-1.36399138756077;-0.16544524795438;-0.632148476363281
2.16715583104965;77.4195176629172;1.5095641319671;1.6623624351492;33.2966831275642;0.265880607169471;1.00403273550827;0.00932025091046884;1.36746202426144;-0.0430999057075221;0.234236557752909;1.95227840979599;1.29092616163954;1.12604060660248;2.30122471329015;-0.169653020346344;-0.402619214120213;-0.242012400907204;2.03010700556839;-0.797274747847645;0.211565863052107;2.50173437460164;0.051005233421838;2.50160611276965;0.988713828029067;0.649072104589465;1.03225851243336;1.97080817586193;-1.32020989615424;1.5426740945659;0.619166049831366;0.379165897196718;2.1480975644476;0.544135551051792;2.09386531620252;0.323479113724925;-0.0688844263928496;7.55376051016684;3.60292045624203;-0.102718774739372;1.59269425269141;1.65412392852009;0.346434453103324;0.709833674345111
1.65488497112844;74.2083193099629;2.71426635268265;0.996673270030781;32.9738697227833;0.247117844018364;0.977657473215001;2.77648033774109;0.861698957049063;2.3436797556682;-1.24713847079706;1.69540069443315;-0.183284360989614;1.51151000599478;1.88914056536065;-0.106683122831987;1.55447804586397;0.440824064001131;2.03932495181209;-0.422193263963691;1.33429275028152;0.803914214132964;0.412047258357413;0.901408996637799;2.25852286176761;1.0194702343935;1.34706032625233;2.78384204942058;0.0431893259533505;2.2521011073395;-0.324462519010865;2.34136229575067;1.3232728070711;0.290613533667616;0.350478750985618;-0.0991080525668857;0.135300587158197;7.10721382055958;3.68975796606228;0.176051791706893;-0.813576390768813;-0.528175103294018;-0.330417191389666;0.531812359510775
2.44487254773524;67.8991300403086;2.31054496609989;2.7472523439325;32.3002511282147;2.36172929370844;0.703223928922794;1.74744434143749;1.65642924905824;1.49861458048363;0.550149432238876;1.89878769308859;0.532045176814873;1.71797038642709;1.39291192148819;-0.334958699802165;-0.0194072515800657;0.141335043225794;0.840484543482512;2.45912392102046;-0.100464447690439;0.656332194454604;-0.287866835489442;1.52764842885235;1.23087062298722;1.37298146958239;1.49863320817403;1.08674467884916;-0.524859149311151;0.336181650339645;0.655299379384281;-0.252872039094735;1.78777724473931;0.85149603494169;0.809150819092875;1.91201988458285;-0.239376877302295;6.75375229622109;4.04457661478477;-0.634900270999287;0.124758340730924;-0.939834477387055;0.22068873380467;0.693860466176189
2.08308895724938;78.1791035986032;2.49235603102859;2.01305029453172;30.645003264864;0.361698462712255;1.2812090615414;1.66057320350986;-0.257836898393444;1.21067600662588;0.458229373468118;1.2270282485208;-0.332602884434455;2.18556254129536;3.38579460845089;0.843058912908926;-0.512816784369361;0.111717582589022;1.13788174747678;1.09326409820667;-0.0261820409871012;1.30596407206387;-0.291220375152038;1.14690166808909;3.35897585823244;-0.00284753215978806;1.84221936450493;2.59310938455497;1.54295590218768;2.2187645538712;1.9003015715073;1.53970099901207;0.743765042246677;0.407887800168004;2.74911853369366;1.0405059678506;0.113614877078577;7.09998007656681;3.15746712914355;0.510404326394769;0.694284193092326;0.0623751832331619;-0.119113482800019;0.458546543994774
2.45701454420253;77.4342602456019;2.47446923761596;1.77547992709804;33.299338792318;1.18264988891409;2.91268219468487;3.12989774826626;0.208776970620308;-0.199326180644116;0.133658870821269;2.2408721639138;0.933629179570814;1.07464313013658;0.723239947416702;1.26353400747299;0.0597617071933894;1.58135898079056;0.90715917559279;0.0946952852732567;-0.164312111971838;-0.229358491190641;-0.0665493706406254;2.10528239281795;0.825554496208973;2.98160683259175;2.15872337134725;2.53899827848713;0.539611226283411;1.18767253205489;0.861964642802622;1.35932915256792;1.54142427437105;-0.0779513107477543;0.208016896637436;0.908810082097023;0.139187857049584;7.34851376391777;4.84244457049353;-0.27138521211423;-0.0938154264081943;-0.286185937594754;0.605992222862827;-0.952588857925216
2.32892326817131;74.8347011173608;2.63869994037893;3.21485012822981;31.8528228641156;2.04032357825064;3.35582655604052;2.09831819271554;1.34796784626164;-0.863636390947018;-1.28319828833353;2.00381173190593;-0.11878596209804;2.76446102440489;2.04804605867845;0.926664114095071;1.56911569356464;0.811217478355622;2.23549750107701;-0.362010745848505;0.87824252559782;1.63913754212932;0.0155594614892541;2.17632268754987;2.14864030957376;3.3604642359657;1.0613205068952;2.04446759199113;0.497813766205472;2.02649302641885;3.04948788931759;1.54761003517717;2.0290630136201;-0.495391395736183;1.17921283293606;-0.568667282167194;0.191208242838346;6.9419142684655;2.82017521669533;1.27300628300373;1.71735588093204;0.377688471208346;0.171293953400638;-0.0634568441996618
2.9792930716403;77.8615308534276;2.7711905010618;2.43188354537421;35.5110798973502;2.11458339038743;1.15451438805414;3.74545669350734;0.74413408325963;1.16151796834811;-0.380504345073879;2.41636300936803;-0.412302625681161;1.45896613167284;1.81013354981069;-0.0168139928553967;-0.277178227832484;0.137361221544433;-0.601507746308724;0.191458456458701;0.254026440486346;-0.366979150817202;-0.0870235033013447;0.935058707752871;1.40730781442294;2.30735779709048;1.94621276226267;2.11365893031114;0.526405455440172;1.20326228276152;0.924062281015205;1.37227487824793;1.85669302984111;-0.218291186287862;2.40398249495783;1.01029915475548;0.127916884124094;7.85123099776151;2.80036339705454;-0.00508712494410002;0.613548819277055;-0.457607293716918;0.238583503903592;0.200467601635797
2.77923676166139;72.4041030813003;2.56803117369315;2.47733944532916;30.9659671732094;1.26743249923217;2.57901345901243;1.84838821241566;0.314796045375709;2.86342875736647;-0.433419502382999;1.5821308723668;0.281765559241654;2.04415331730936;1.02009214750425;-0.569836750668954;-0.990394790786618;1.37166230619639;1.89243029146822;-0.755984192273277;0.241637458688754;0.898038308810587;0.263362142451583;2.81006504679314;1.28658180651077;2.90033443483378;2.02603743505805;0.885548915542445;-0.788865925831022;1.24181563708843;0.00550672144660336;2.70307014323592;0.0186186132212425;-0.108291351470617;0.0459300970777174;0.299138347736099;0.010349471268994;7.47307133744078;5.31022815678188;0.897710184479503;1.71148557168453;0.331668141985912;-0.061775970936445;-0.207266061445134
2.13014370714791;68.2681426451466;2.64626141295776;2.13050279645898;30.9673844214606;0.963791497737432;1.47934573360003;1.57136990279008;0.849252178823739;0.871532273844342;2.54108145267767;2.5849715026698;-0.162832726023274;1.19996461887075;1.65199950449025;-0.832287101719503;-0.0409371431440271;-0.208557807287205;2.11166719014304;0.780809255834429;0.0885688700277763;1.63665163111663;0.188329558200621;0.525161557197698;1.19373780399678;1.08990636751814;2.26878267348952;1.44177553919345;0.40147165046922;-0.0437682605137146;0.756604931452262;1.04340723727898;1.16198046370304;0.722362851485627;2.75579994699196;0.174812495398069;0.114301260081973;7.25051102328855;4.91925139105855;-0.0894877064162606;0.403028997551375;0.16532818257266;0.782359781429852;0.0584223464551069
2.32224254760206;75.9740162954336;2.35898051593609;1.96627890210734;35.7412248983706;0.593008399741885;2.31948453292664;1.5453400175147;2.57221111915583;2.97590883872314;-0.0971226057819549;1.76147857209889;0.718537736804781;0.242887158700712;0.375639887458031;1.15586210100622;1.70244987887928;0.0528464476978197;2.54326586950328;0.121150793430761;0.372797606120172;1.29732099837922;-0.0910757119853781;0.757663721229494;2.93261588711234;0.0745449988691602;1.60325750347534;1.56607355224575;0.408207991737473;1.16843285036665;0.959587312032057;0.681733276429943;0.895584912300832;-0.5643035744753;0.62919626677665;-0.0978518730832848;0.312508561347839;7.04155520934791;3.90554418615661;-0.797445065442107;-0.01075938033607;-0.300982990103814;0.193453909566215;-0.458708521170235
3.13882174121617;77.0757355994675;2.06656913934109;1.60178859259966;36.7705323717097;0.845973616497965;2.18371253048364;1.65840261800174;1.60814035264815;0.859229911495927;0.196637940195419;2.22186138780771;0.911094152768315;-0.750783468428865;1.42449645631524;0.418607077331998;0.922984299139759;0.924195541926925;0.17895271224479;-0.384316934598041;0.169229939540297;-0.00136164489510426;-0.055610413787543;1.68968806651624;2.55590623990102;1.38649782673533;1.39350019936733;2.0062240794644;-0.439760324906709;2.46161158771724;1.53509688939246;-0.592565995724513;1.11241487015703;0.779994115907916;-0.2669471776152;1.16305091892315;-0.608744718105303;8.1153507840309;3.48420002383198;0.199917359257523;-2.16201012242736;0.548486548351706;0.270239500407234;0.0811511970411702
2.49873568609819;82.7427539447883;2.75626962658479;1.90584883294522;33.8684914008842;0.873507876397585;1.90413027294583;-0.766940399619504;1.77224486099246;2.8879222514865;1.45425893626556;2.86441781862892;-0.156934417394839;1.52600131631272;0.172423033141347;0.238698934815267;-1.12803934687935;1.16617323798612;1.30643145660957;-0.445342136946645;0.973120259661238;4.224993595014;-0.085428605939246;0.354320023516441;1.67691491608597;3.23758474897311;0.815000287656185;2.30485321711234;0.810183718142071;1.0325458300359;-1.17067118911223;3.97308862904328;2.08910439186798;0.580988748791533;0.357953706680364;-1.06499459414483;0.124306182692939;7.44473143152429;3.81744014604658;-1.07390436183541;-1.38721648216938;-0.516427013893747;0.147782733917605;-0.925259275964774
2.06274626452817;74.4699975708659;2.67116622672465;2.69501211891344;29.1247140366923;-0.121545092437879;1.16224930142652;1.92039430864628;0.332757422165071;1.36183305875903;-0.0461388816632087;2.573755798622;-0.125890191832189;2.00684092182314;-0.0761356922906649;1.10239154456002;1.09066798206014;0.772899850142447;-0.67082139247584;-0.236866084579951;1.44355058001501;0.092595622772668;0.0781917403103828;0.77129442080571;1.45888596988661;0.899739260386576;1.373257221214;2.28285997120233;-0.219357875088324;0.497331414085935;0.165379573292891;0.642031379093627;1.31961584754822;0.378534226320229;0.12425024444248;1.72033709323079;0.328252621979768;7.586278813439;3.31862598843293;-0.477714799585007;0.704812871716668;0.243635527282391;0.273905754379881;0.785858249497685
2.74117356635754;76.5328630606208;3.40222066597658;2.85263971993886;32.5263527861777;1.26590361852925;0.480930691709377;2.36460705082593;1.24519312403991;2.19729034492505;3.74485824869611;2.30014788873245;0.835365355569071;2.2399900857049;2.11720197441649;-0.740239757813485;-0.488499617675729;1.0029854520582;1.52878464871268;-0.402690651629511;0.056053493219625;0.388674917535676;0.371141639557834;3.79339618374864;1.80636217938567;1.51536641141178;2.04431510029341;2.67859221342645;0.980087633985629;0.583861771327027;1.02652636560549;2.77315443050699;2.12304455863582;0.736251052925426;2.52343058551726;0.541649663702797;0.0103744939445071;7.57381599203539;3.01686293528906;0.374217968734994;0.232921184089039;-0.147141268382941;0.152039640992724;0.418374225130652
2.64307540534149;80.6230772756075;1.588225362153;0.588991110536434;35.4851922723964;2.27089019402743;1.07169694587875;1.39740219780173;0.595386407119289;2.90865545326376;0.258354048379177;1.77999528616379;0.654674683049391;0.819360136917593;1.79022540205653;0.499957901445648;-0.293207848598226;-0.953876873424132;1.78165502174548;1.30595456223719;-0.119739606008591;1.54131764644933;-0.119331803881835;1.62711859266183;1.81248126131458;0.366239631927853;1.5630884904836;2.01950520895772;0.267885097637524;1.90010263767805;-0.397262412710326;0.767232490196421;1.77779885618025;0.439741245489253;1.32033518020924;1.2480848201366;-0.00916733446498815;7.22428791746487;3.0795577745173;0.336234859219845;0.168630666403204;0.409089817715169;0.0408466088032951;0.859518114177001
2.05957749639958;72.6708918763879;1.79970838384521;1.46201898978771;28.7080528379566;0.240249823012357;0.670638224231387;1.71507317145207;0.642502653967957;1.27193981521371;-0.294667773566529;0.853977444195588;1.1312732062492;0.488561185870735;1.53359937233451;1.10652273782111;1.27660621482137;0.784921763928719;0.571463527827809;-0.587234819060052;0.0941424601171682;1.85922399248155;-0.199929051312461;2.15285746121698;1.41105373531108;1.52427604432661;2.61945286432325;2.4405960472191;0.750322802414109;2.22996604882045;1.61297637155704;2.07863795797104;2.23507314705628;0.718532227626267;0.745362424075175;-0.700499287057454;0.0239810413971503;7.74857406246811;4.23849835331751;0.833439521901905;-0.658534527592125;0.855337096880105;-0.127936392553459;0.122574521633744
2.43794937723878;76.0960024314473;2.81615901978216;3.48709371394112;34.209729330731;1.06243873214371;0.858115739334098;-0.184328739174173;0.730139498037722;1.91851632043739;1.19951033571661;2.65935425384606;1.2769619133066;0.89400969382201;1.37527739237161;0.314544830189103;0.442387774145907;0.0931269399829267;1.44942143798593;-0.349968469518594;1.27266211103046;-0.398376286739497;0.423272455725993;2.99762169998361;1.57434082746667;1.72444706468917;2.51846368724296;1.66977404922871;-0.0260249897494957;-0.0590942102742024;-1.31100876203879;0.782852839827928;2.86624858796865;-0.669066448032458;0.604265858557443;-0.262016523214967;-0.239382513087387;7.16478655255227;4.55366963372768;1.40987957465244;-1.10010661456957;-0.54413624594276;0.206164278970828;0.306869534747145
2.26918555860448;74.6730737971615;2.63400837985293;2.44485470475843;33.0752941297121;1.09005083902552;1.25971583887878;1.60400954029995;0.426380578966981;2.00410293647787;-0.0611667110409104;2.06698014054749;-0.190076912347985;1.25603200148255;2.53846830719518;1.06332421370845;0.764229402017528;1.16788850843174;0.1904899179384;0.772461045155399;1.2110161699665;1.34529656626899;0.229289100411038;1.58758232394467;2.59790099381285;2.12906862755883;3.00657332599031;1.73264177331284;0.176318866649088;2.36940938146439;0.958282496639613;1.99177731398832;1.05462593549345;1.02609989232148;1.31853701492843;1.00763252412438;0.0661892982797376;7.00230002173857;4.14647011484248;0.882764347299182;0.652062249944448;0.686577358003936;-0.450117613632963;0.713080947641168
2.1757027037043;76.4198806459839;1.92075916269566;1.49592868540665;34.0515880565063;2.01990237915101;1.74693020132922;0.316017617943728;0.55986699311166;-0.393924637030495;1.30975250065698;1.72984921068379;-0.200025630736446;2.11435323472419;1.54002161444153;-0.011345948461717;0.569268334380388;-0.141831679353782;1.48121129298544;0.355225621044406;0.469048676614554;0.99894679457185;-0.0663976859123302;2.38350118666993;2.06800448099328;1.86305777329699;2.30261771471149;1.02297591582233;0.126245747246058;2.65434936380175;3.05350894062065;0.735782747797961;2.4733260258026;0.28186034552138;1.44743971008282;1.45664586866727;0.228895770110227;7.65197359634875;3.95380407171354;-0.170821988773673;0.930282154874621;0.5255886694099;0.153534796254366;0.18232672615102
2.37455167115179;84.2262314294137;1.68370049449577;2.62116036877248;34.1232914153368;1.83223653974278;1.70486453169127;-0.392618859829195;0.256416931510512;3.0604503987868;-0.685346020708098;2.06486175132766;0.218972529939385;2.22481895323115;2.8530722535701;1.45685264800671;0.470877954358502;-1.19536973115986;1.47190915442745;-0.390899089706681;0.774925326816113;2.4613424931611;0.208890017551003;1.37143600891186;1.66007269811555;1.12968930447819;2.83759639382451;2.1740372490061;0.0109964084143532;-0.151631261189478;0.0993459684178548;-0.959524683714444;2.59070168997461;1.12901295587452;2.58172019441142;0.984928851817925;-0.089870767397378;7.22528983887595;3.68439451914163;0.0204014459430462;0.294299605159236;1.00250696523907;0.0655893441165236;0.98125801743626
2.61715424993226;72.6242989898757;1.8478584449059;1.25004948531936;30.6813686824885;1.66325198775561;1.415032820908;0.855204468719834;1.67663457860754;0.228236911162772;0.282550936244613;1.44684747927696;0.668439828411878;1.58560648999672;2.18491415479722;0.148013952299072;-0.10892475103042;1.20532319206896;0.926732255667867;0.636894111913745;0.248650426174669;2.2935159261896;-0.0842079903869431;1.43954525884293;2.09771851158139;2.18195678956675;-0.0920081523758796;0.986986903189278;0.432520410665827;0.453483806136986;0.862460809769179;2.48329097809996;2.12692544800931;1.70617106385965;1.48606197134449;1.19395148623475;-0.00885904335320004;8.32011597409702;3.69784698023883;-0.485292674945769;0.328178464260572;0.213004022152668;0.0160818915945126;0.615061425923027
2.89008920630477;75.2293021202992;2.63327423027588;2.53173701478199;35.0210527009672;1.93743818513286;2.19727647994967;1.83055345423821;0.557573082253589;0.714183870467391;2.17939488826172;2.5670729088825;0.871218575726855;2.53697573293921;2.87303776274797;0.233676035351861;0.377410787233954;0.2158486953914;0.400626922241381;0.240409339366973;-0.111387765157673;0.0657700796607619;-0.302162844554565;0.962216180550279;1.20589166433011;1.76537145593835;2.76385096144449;1.45497887027406;-1.46535781975258;-0.715126970251446;2.82124111201612;2.62623940587841;2.18342549030953;-0.919997468713707;1.31340736671433;1.34915660925338;0.255800756134415;7.09499389125696;5.32040938424804;-0.0797847024182221;0.704396452126491;0.0713993122274212;0.0355094494207445;0.356990229072827
2.3765089810153;77.1116131983747;2.48475283265243;0.980653629930522;25.0175633887848;0.419153950403645;2.13533483626011;1.63364096782786;2.92676941004819;0.441427969550583;0.247636892263719;1.40325934476367;1.27225780827854;1.79967955936519;2.74488782032436;0.678390593098875;0.86128177112981;1.09740613987434;2.44744572730694;0.359646009197235;0.200603292920643;1.11107555935546;-0.219865360145098;0.455015248173258;1.69247733109881;0.885039973019039;0.990709899668574;2.50314868814237;0.711187419248803;1.39687117655808;0.869571770692786;2.89965200746562;1.62483733920255;0.299928303782421;1.72147442537727;1.24960737628562;0.417871735046658;7.97039882822978;4.20590130988402;0.619013703194987;-0.194922301323142;0.800644903945382;0.692234594839627;0.595520220829337
2.60968497567994;80.2400378510438;2.56690293365291;1.13003170416431;32.6356682054388;3.19429567955436;1.43466715185749;0.409755313237102;0.309554993506548;-0.152779001071454;1.70936043615866;1.72015222541247;-0.147355612451259;2.34472614286501;0.887478932849737;0.944716675128871;-0.0319976839972027;-0.378323849184036;3.47955670385052;1.21604608166485;0.0996871113339559;-0.42449158014769;0.0975523213567403;0.533176626864718;2.43238175245046;2.3005123490612;1.21377173387716;2.39729399738853;0.881716607164726;2.10541877705974;1.34488278975728;0.850112056243916;1.28079042638066;0.119700845990042;2.65932340645616;1.40734405847036;-0.642659138579342;7.57633121934822;2.80640341479585;-0.324375696323224;-0.38647941081574;0.0778999287261322;-0.110935928820771;-0.094228043690492
2.46099996022936;78.7786882061742;2.66835418722077;2.83960813916116;27.6848319505665;0.524758134160578;0.952589430500843;0.833105810455545;-0.760068326069018;1.82944119532639;0.198449872723274;1.56177397669025;0.464518961883588;1.28749823233988;0.622353159920043;-0.255601463356432;0.293107148052099;0.271278020221864;1.74043077255821;-0.553945528418481;0.0509938914350051;2.28310544787431;0.144890419986222;0.904433444403647;2.25326265295133;2.25565866188537;1.49997739185886;1.46125874662922;-0.989183621761391;1.58864557637856;1.00194107702081;2.0382457396991;2.45470855193317;0.505566159277213;2.11658658634557;0.0862602467629719;0.223475746374255;7.4922724422867;4.25700977658914;0.209184506136573;-0.168424665604819;-1.07551000373746;0.0773391754764206;0.145966273816869
2.08416819125668;79.3089769473484;1.93522749248933;2.58971007475657;34.9443847359261;0.0342481949512674;-0.144962780936904;1.20558004211962;0.920898047052382;1.08237267685018;0.348750627375193;0.96779144921154;0.992065130532723;1.86636434633148;2.14901189519354;0.495485950657314;0.321270304166575;0.484194473597;1.03348082814501;-0.678194396024363;0.559633808295091;1.20617419466566;0.352903833659034;1.44780500706359;1.81120827683896;2.21977128855977;2.07072096762737;2.2150613731603;0.778094818622935;1.17472432547794;1.37671641738343;0.231246115574437;1.34966929397913;1.10880616257455;2.70510825256613;0.849259512172464;-0.165111938046138;7.5172284407819;5.39555503530997;-0.551957083701685;-1.59467698177296;-0.0512389875254448;0.431148352894333;0.984352321448164
2.91903040063176;80.0287136924363;2.67846987447844;3.04274849450741;29.4152172817785;1.50492859175521;1.52163192203524;1.15627789084326;0.820195519747197;-0.163002879112993;0.608516515433612;0.885623071188702;-0.0868286789861968;0.996667586233882;1.158209806646;-0.282462773057955;0.859096348761428;0.07221015089027;1.72217057258277;0.171749042046384;0.30592853361196;0.400997081138813;-0.0480206028859117;3.00574529403342;1.35266805813745;1.78583695692464;2.32302705434453;1.95363959316966;-0.26650735628961;1.79528028044159;1.22952420824727;1.29754537904639;1.93620823931805;0.138323116386217;0.293262275195223;-0.428238642907502;-0.374826343712848;7.53199897791914;3.1827270111284;-0.314290635231465;3.18559698745249;0.212110028787403;-0.0210878545108;-0.56944805268616
3.1578929124743;72.6313531528222;2.09689687418761;2.22814773333512;33.1727800550392;1.80963912138161;2.3851312648253;1.34308791731287;2.29911064965258;0.687066166773003;1.64028628036603;1.50862418919549;-0.0370439403608673;1.99505803725717;1.65674737500323;0.574499960700384;-0.18654146061248;1.34024799772443;0.481996859381454;1.02483125751473;0.849723311600349;1.78717803893273;0.176333392641675;-0.537966865806155;1.13962116995799;0.832904905552681;0.369058572993707;0.877285931955716;-0.26404453360403;0.912788423862613;0.917459790897481;2.46403850826635;1.34080106926684;0.212026137482296;3.54481282541891;0.955700967132319;-0.19381506094157;7.6004726412874;5.80646422881001;-0.199154462796723;0.5581816177394;0.922167241697848;-0.0418794758997078;-0.459737989944674
2.29344877186914;80.1044448203424;1.8988043144156;1.83479631629742;29.7897722119555;1.37052280362545;2.97955809478935;1.40468016244211;-0.0116571350816321;-0.238321023195529;0.575376038532428;1.68765920410602;0.318538265751721;0.662758994039908;2.24210576873649;0.182974956510874;1.21953211782842;0.147228101972725;0.940683703895805;0.544727430146378;1.02934971129542;1.01360258558053;-0.366623135617221;2.46278231925801;2.35225247422941;2.60647155794079;2.72659225626983;2.00224994781273;-0.645877041834831;0.856093206494871;1.25157866708443;1.24508786078242;1.34493138956674;0.52737132372665;2.49961535107852;0.34511155940534;-0.121974725563354;7.3950060043004;3.92779683480955;0.222657860534162;-0.941429116363206;0.516714248313514;0.0157719441497389;-0.507716103639202
2.42096338555842;73.3453937221901;2.97663845231795;2.22942802157882;36.9190483637536;0.480116292255568;1.54329034025162;2.1322255472985;-0.92010066132076;1.52258329814203;0.356668850047691;1.65192747629679;-0.0362763150062221;1.37811135054431;2.53027447516792;0.0300107878648869;-0.271968974562925;0.377439921863801;1.02892085353431;0.158915777263855;-0.160985919063074;0.44799278095072;0.317652422938418;0.774395658833735;2.47084046376872;2.6608367172932;1.93337534913815;2.04216059980891;-0.00285457767821223;0.610181297192631;-0.280449603241147;0.916234693592336;1.58024347344911;-0.746050079881227;0.477778110129252;0.351654969877669;-0.263401825973594;7.42345644979903;4.31077861114747;0.957087710811494;0.205508546361044;0.950777901028605;0.113965759119342;0.0210388897289638
2.49350738485927;78.2083757949605;1.68227527501461;1.76745966793867;34.8560154210962;2.24947128883728;-0.0422498326432104;2.27202565523015;-0.0307998392695918;0.54366481244908;-0.144277517189601;2.35837336041434;0.567656183346203;1.18843474633895;1.2601656439799;0.383274413705233;-0.324129527479651;0.21484328566912;1.44280402370527;0.609913197747401;0.123658467138246;1.65913631333503;-0.0300381596745566;1.80710404356358;0.937623940410445;2.18664693947489;2.76471435176917;2.43944367594357;0.714734018598062;0.381829579915802;2.19900956295804;-0.220160947571148;2.17143235605639;0.0560767583394852;3.29396084046274;1.54272463050539;-0.0847673868883926;8.61239656893172;4.16957550924276;-0.258586319222519;-0.987201605350395;-0.505194956750882;-0.142151263934538;0.387972830404215
2.79914737273044;67.7578640027017;2.94611965582505;2.76451722630058;31.5523006903262;-0.521972254072682;1.81266299667017;1.31006737997874;1.08436958163238;1.67541314150367;0.761356380261374;2.15865652876561;0.500551518968362;1.79666319282662;1.74993812809532;1.79053795136637;0.264473448565713;-0.75632239366765;1.34856900760738;1.23221820095802;-0.135598731713358;2.24398425739881;0.289250478997951;0.636041527225496;1.76445446252397;1.34309536563745;2.63389878274435;2.5941104022991;-0.149853408536769;1.52230368512147;-1.14222239088124;-0.398401956873016;0.683580284169557;-0.436484380584962;0.820941040197095;0.936845190318284;0.106154770855876;7.53020965834335;3.69473254352497;-0.326557810791414;1.23468366043766;0.96426163507044;-0.0665676647252506;0.800346554129995
2.13496754591659;75.0066952574831;2.77431010035022;3.27824344484553;28.0449018536397;1.34474083815492;1.17226750730729;1.66305799816078;1.63600214544473;2.39794738206666;0.455779803040284;2.80596136942451;0.0510267784352321;1.58300885101577;0.59736833240643;0.114530850136658;0.423878369992109;0.391503360102082;2.80780836935504;-0.0193861819104877;-0.287337572765466;-0.179071400916762;0.207152477547153;0.837215941163239;1.04615094194004;2.23220287481003;1.72750655124459;1.78865056903065;-0.678014350393999;0.0701954403561122;1.01746245426296;0.220000049281664;0.976186806299775;-0.17277783202049;3.27087184127068;0.687099830065818;0.0564588326041234;8.07611939320697;3.47705689738324;0.599581707728246;1.26089637368004;0.756463304352886;0.174767013327847;0.294301763981676
2.19589633307302;75.275035958991;2.81130884545091;2.53583236610612;30.441499194393;2.04079294980172;2.03814171296146;2.05512060195425;1.12823058217173;0.127482603851561;1.26032805466656;1.4077437896073;-0.635220082911642;1.68446319691893;2.8632983313561;1.99762062532643;1.4782157776;1.23956268326696;0.308345091607028;0.285460020725952;-0.763026340937355;1.6517380534649;-0.303986711921859;3.47782637076692;2.16899789083516;2.43652551368793;1.54802001839028;0.620034434205111;-0.225626870058026;0.462796998496444;1.83835958525748;2.06393559905836;1.86858382819785;-0.0945021669105206;0.932145005420319;2.21158719860908;0.127299477703894;6.2865513148568;3.26580956671723;1.18835204472747;0.926024550439396;1.63843214053727;0.513791939906128;-0.190501991826039
1.86636913368378;74.2401752156865;2.11064509530258;2.29144577511943;31.7024742147159;-0.104273330645017;3.01234300738832;0.833058801086927;-0.515479450268556;-0.554255054066122;1.1310313653551;1.54316886545915;0.406778031938093;2.41157231885288;0.996677421652647;-0.58458182091948;0.492897840933515;1.14131657361831;-0.555386719389035;1.09327436656899;-0.560647046096087;2.0560061318407;0.132171966950905;2.39630204794311;2.95885491232772;1.29999756174756;2.14073559930097;2.37845973251174;0.745825530862111;-0.296905687096774;1.07277258433978;0.999865335546217;2.92915721748251;1.29735391180253;1.63191955817416;1.76384568698066;-0.0880270320662537;7.15484086084894;4.64406174173023;1.36289158504459;1.73469617199448;0.684499465427895;-0.154377727739057;0.19373213804785
2.34292566265344;77.0740227257281;2.76080731904165;1.97811083324827;34.2728183456298;1.15027566918031;2.14468192687753;2.37140162529919;0.0571612145760896;-0.616548687580602;0.967313019988394;1.7776888066866;0.514780536284443;1.20099076664465;3.14347764846978;1.2577378829885;-1.5176049668175;0.205980824984554;1.07418369773541;-0.527678784723497;0.146590520690665;1.54847833877898;-0.093148938986411;1.35427576843192;4.00214925380478;1.84199935995447;0.680323483405991;1.02633622447548;1.1394868754547;-0.258276886535078;0.823037818532498;3.36921056616364;0.848349690302647;0.429246106421023;1.47450943435833;0.720488263369084;-0.064540841128094;7.40378723419529;3.67460185465092;0.432672603160466;0.337977955630627;1.21834996245279;0.289950700086607;0.514697962426069
2.39184728320797;78.5810105303397;2.01834977790091;1.94706100381847;32.1030293775467;0.56972060047888;2.12533154726616;0.517234858486731;1.59305204216548;1.68749717291977;1.04955098648756;1.93393555523435;-0.373587284744329;-0.00951350704469189;1.82449970880959;1.98365129880142;0.285198681086139;0.314165649886145;3.06312946988197;0.212384665933439;0.243233717398689;2.23553405713504;-0.19076053379626;-0.780475552936252;0.937536467418874;-0.311967066349574;2.13001792617692;1.78872043018701;0.868511922430559;-0.651860629996752;1.03702244406052;0.626141116860534;0.510104679957314;0.149500046583177;1.05326911541844;1.01611526499186;0.409849337930362;7.56935096447225;4.1760360889266;0.438536799232995;-0.70935757710596;1.60979970484629;0.0477173224602107;-0.298097051873299
1.96212532716062;68.5025595639378;1.61425332774697;1.70835506085731;31.4497601557663;1.42211988036867;1.59140904128095;1.38876271356696;1.8086793967275;-0.461569103183242;0.115037802083253;1.85219726238045;0.0423166987751764;2.52408474764295;2.48627074341387;0.166768448562789;1.10503515318046;-0.0787488392449603;1.82224315517211;-0.304507530781079;0.508835131823268;1.4587813628794;-0.170882856435406;0.852426041629611;2.26279160704269;2.17171499550273;1.27215049775105;1.98902383543237;0.27810764212524;0.647564791203708;0.89679584756216;1.18266697744936;0.239295932151997;-0.268946332572502;2.98047469370804;1.38762904295608;-0.0282023625118205;6.80991715333487;3.10059225855676;-0.362158243926972;0.739937865554466;0.368393275847565;-0.0478981788044614;0.877144689970546
2.6918903846083;75.3624753753408;2.35346501410184;1.58204478325734;26.6250180243843;2.51235140363367;1.14017320156584;1.53319357785982;3.17300982027514;1.23209303263289;0.0866058208578084;2.38763992893415;-0.0186665343950151;2.34379407346727;0.588169262496974;0.575556211932086;0.825450949958953;-0.182093659750646;0.496985382400962;-0.276755275134554;-0.0965947560075022;3.21449100538888;0.063549415847939;0.711063941388985;0.537461724104367;2.35689781120894;2.05427615710073;1.77049603665146;1.16868305072739;1.83219752012905;0.351366410086751;-0.859527282547926;1.30272582881755;-0.658897939149455;0.651303941203017;0.804748205083245;0.48009138637781;6.98756035539023;3.87471676012887;0.275397953127942;-0.218512919550874;0.495065713253748;0.190175660125773;0.0237456825264027
2.47360814663937;74.8342904357576;2.46444100732122;2.81186684944748;31.6760939488202;1.92272443728574;2.41023622053454;1.95763149600768;-0.416877865986805;1.06009799102227;1.95136595591128;1.97622722429478;-0.393278997153044;1.42972735616891;1.48890302074615;1.35311120565373;0.130309517038243;1.30978919722515;-0.225766835472774;-0.828557770876253;-0.0261613570677603;1.19641250500715;-0.105942468781162;1.58669140066498;1.38346425512639;1.29476429913693;2.06753341955463;3.27673505933003;0.830760514514185;-1.09607005672371;0.693409488067016;1.53190039219197;2.54448792145683;0.253864448370435;1.43696609712206;2.34102166743916;0.11253808890616;6.60172524787992;4.86471548919937;-0.269920889065559;1.18440410054952;0.831983313419859;-0.305655758884336;-0.783848630878527
2.52871609143206;81.2258570394586;1.99335942902923;1.77468738671878;30.9426544866833;0.907503126441455;2.14824943172067;1.37845298225804;0.171473488694995;1.54929687967432;0.918047162266704;2.49794768691884;-0.212504604402488;3.0371130722723;2.40696423274635;1.0545026337752;0.482753246347761;-0.399997745332119;2.87549808734609;0.342775411435769;-0.529280330243833;0.062405719951441;-0.174641910277945;1.66688983135503;1.73442336838571;0.268070229989551;2.02003152454458;2.48283728486282;-0.10981754112652;2.21693928812149;1.48378574532747;1.00453480750859;2.73693785856061;-0.00427515715271794;1.60130391554563;-0.873043204315758;-0.13574180201107;7.86224122246732;5.76364707915102;1.26227292844346;0.422151138803439;0.35928881848256;0.17572422552598;-0.319498460192685
2.06624385326514;82.4573537916228;2.47101659733247;1.26197941349653;28.2676927613351;0.348180187384206;0.97558543459923;1.32015909266939;2.045597314158;2.58249767369803;1.02434969474073;1.59229673422694;-0.391847034311716;1.42320706285862;0.81854517798789;1.49185059112169;0.61778958078261;1.24807647434377;1.6837377967891;0.777128152434565;0.774251527160111;1.86661498947614;-0.102852178410918;0.840821406229595;1.05256872289544;3.36568866660493;0.804933674221111;2.46412061645764;-0.498354568635344;1.44173304686002;1.76658182580819;0.720647778301677;2.09580862065689;0.684296934067474;2.1151284187638;1.53434337344747;0.297584482749382;7.97619516676386;3.42915019681348;0.349485004406453;-0.248137895487285;-0.490315531277959;-0.357347780276257;0.299427844187057
2.60688872825759;69.1060205960018;2.62162798471595;1.30020488925792;32.0713661913719;2.36339822264336;1.90099665833106;1.21837387002632;0.0834377682452166;0.903845019327948;-0.555287662853572;2.34956391098867;0.44562425140771;1.4219655970216;2.22725481114159;0.385115137107212;1.41404399821697;0.246520222990455;1.27697880108618;-0.0283676711738028;-0.448127513647631;0.0295951023047737;-0.0234952164817594;0.901990055649782;1.22176825159177;1.23445316803727;1.44643636646154;1.54629355415402;-0.56738995498509;2.47156449011164;0.396237847465446;0.361247460852945;0.518603397835425;1.1069196606193;1.58844924493434;2.75271802605255;-0.276951206215366;7.16702359414895;4.48481809481916;-0.415936826507817;-0.310345402387706;-0.535487233576225;0.0979416816892274;0.534981787058698
2.51671165817766;75.4591322236267;2.13078640752362;2.70073920084012;28.235926476257;1.41230560831806;2.2461401346316;1.33143356835064;0.578746579627772;2.12697978141372;-0.00231269941700851;2.15350544473199;-0.194444458621898;2.11134570291991;0.698867420836874;0.38238694187801;1.88947341660543;-0.818465319478712;1.80549643690453;1.17833087164617;-0.0792161066814276;0.419348284222517;0.286110402524855;1.63346397468158;1.78076085466794;1.60262193977284;2.18030436160331;1.28477130253939;1.14287714685048;-0.594799606329146;-0.306438975749297;1.13758352247339;2.95320136043394;-0.416491522919688;1.97289156215412;1.6213251740563;0.0776379122290104;8.25686851483518;5.3330957712308;0.891397708091099;-0.0280222881219927;0.970273471344612;-0.0648266565967555;0.77213885088676
2.4081829561727;79.0454469193497;2.06041847184163;2.69394998997896;33.2083016156779;0.861704342105296;3.02917768409529;2.1647706399838;-0.462930601091848;1.4120322475588;0.340811280594303;1.68965748142853;0.882195482896522;0.179019262012211;-0.234432604691156;0.705021457513062;-0.161199560602647;0.252371514126233;2.51248612666355;0.609982740387146;0.112297067706744;1.00101768469179;-0.129988446252451;1.14357736024904;1.48368907502086;3.09426763443136;1.20568425993366;1.87948906019433;-0.756132286734744;0.0666672519164054;-0.135193575900421;2.2314581220606;2.02426200659951;-0.245841103774113;2.5269651405913;-0.321856148352918;0.214645179911335;7.75559815147123;3.86413885488993;1.03010579228177;0.58689794792623;-0.555188993316377;0.167942156125544;-0.214501939368437
2.71096915556415;75.3456183701747;2.64451588366173;2.4684434729482;36.1985852848774;1.53179464820727;3.32295936076227;1.77054221267665;1.18537444644274;1.31873881444621;1.99495039871985;2.03563750583966;0.649965164054237;1.45428944260103;0.948811265472995;0.405864862065742;-0.289372031051069;-0.35810053019463;0.545667642150855;0.195284329154923;1.06291365574113;0.724290675764391;0.38825686735973;1.4832348779533;2.0914683939668;2.33193590913187;1.00649459845536;2.18342828795139;1.52070710974391;0.0190720468120941;0.895209967021904;1.17970414842428;0.656738704554319;-0.218200561768781;1.43406760465667;1.4629668633145;0.0436083067636437;7.3368623292901;4.06994354780589;-0.475711863888172;1.707871118088;-0.871717777501241;-0.391237814340991;-0.973484834876936
2.88810408818528;79.1374120997605;2.75565308303504;2.01838999684132;27.5586153563749;1.81082694750709;0.540006147553263;3.48303584782739;0.452103231306536;3.06556914888783;1.1466783948501;1.36088841726167;0.1951843040089;1.78694771302402;2.20443559089337;-0.0648555697733284;-0.602382694313278;0.555280911383373;1.95763195044579;1.47845728747691;0.211753720139133;0.518256533793308;0.60724957842416;0.682259143366928;1.72778510868534;1.457777467719;2.63089906486309;1.45172361933764;0.927728441154781;0.42285766967852;0.683973429626148;1.930582732698;1.42229194563292;-0.744854370564115;0.403882704823873;0.531050717680252;0.156954901410398;6.8529965702807;2.70212938763418;-0.92429150530504;-1.20447683888727;-0.120991411029286;0.14135775449327;0.040828266991458
1.89368267172381;76.2059408294962;2.4789478540148;1.94837660602368;31.5785362239453;1.42065432574584;0.713999905318052;0.851254410642344;0.308018665159783;2.90334062199;1.39894172026873;1.78485710789686;0.756676125448948;-0.561849026263917;1.33109330083044;1.63559366237924;0.176753958200111;0.266804831507637;0.751342528583634;0.207871560174982;-0.220022599272393;1.70183976712023;-0.0148309746879213;2.29905950844035;0.937981893445295;1.16771305587926;1.85102163922263;1.40035800712121;0.236758546510276;2.38136311076187;1.1094062869643;1.52975263899499;1.69045816254529;0.276172537279595;0.382418161749568;-1.19127038193442;-0.298977351099375;6.42602600717574;3.33908323150257;0.575589441566769;0.899596364423397;0.228575962458578;0.0546334109496602;0.47795757753465
2.53943617661611;67.7911860328184;2.1420168078259;3.13044674203366;28.0657088465274;0.896287281586729;1.01296855532775;2.64127503327516;0.579079145226133;1.56653054352002;0.776077546241299;1.7335338502903;0.280540559672607;1.68058123133807;2.5039263398034;0.619297118791433;1.11317891795861;-0.37748782641034;0.896284292458267;1.66591212653865;1.35885719642188;-0.187886270354503;0.196131570232249;1.39519728190652;2.15412717747988;2.02077135468053;2.13913450173858;1.30949322003825;0.195568830228474;0.918107271436954;2.12236794162702;1.22019264596668;2.0246232042993;-0.695787644727446;1.87609844371186;1.00886296358612;0.100365948211419;7.21394768513271;5.12584761236562;0.689490435346037;0.554290728848634;0.0491000941753608;-0.279302684498261;0.369339589698179
2.02192556259149;69.2181962914123;1.74262283346102;1.52478493304114;27.8775366491627;1.47856706911052;0.775206642694072;1.40293514537981;0.290866952200031;0.942641727256355;0.929333395563059;0.764286276580002;0.397922896630246;1.57961255639368;2.80164478663323;-0.625367321983443;1.72487910469209;0.899574457903146;1.375665146027;0.403773990574763;1.07265402457158;0.102543591444464;-0.14289283891714;0.672181939999857;1.38629634446766;2.14010650282429;2.21518832190517;1.04637367511052;1.21051144705167;1.71806602248609;0.0508221852583906;1.26902122669217;0.662299776796272;0.405645595429371;1.17667742871348;0.688100970302886;-0.101981797832613;7.21687825943326;3.89924729531772;0.378106457240024;-0.770560142778775;-0.112062550610937;0.0943008660777284;0.151970872830389
2.14036276389805;72.449972613892;1.89234774451623;3.72462897815949;33.4020057143794;1.16891061231754;1.12360824435215;2.73079353783439;0.241830611742978;1.00233743666448;0.17279097185327;0.844281551736538;0.25012988618042;1.72631401737347;0.619906316895009;0.639702945120499;0.548512260748701;-0.080191239394878;1.03453402340682;0.515849032620921;0.468304553954273;0.923560778641405;0.259670206613147;1.77739231783698;2.13734679831829;-0.15578404455639;1.82886365211858;2.99909591456581;1.12852336953286;-0.492641674088334;0.438280124632879;0.855251983979765;1.65561720350344;0.70368892589117;0.634329955193581;-0.206245327701423;0.0845597303295356;6.74974483382217;2.59093450357334;0.530940354190167;0.329709367982948;0.486045926015428;0.127366493380109;0.569404863457039
2.70314120475719;75.2642278837677;2.69783442409435;1.34938878288479;29.4413960236044;2.76162961502767;2.47268235765131;1.27219503349224;1.08082040040929;0.551609493618334;1.23498006456153;1.98030715897433;-0.147716276802522;1.62097108232738;0.564903534672825;-0.410816628396025;0.65447618912437;0.056854043732178;1.82423749675936;0.623695028551118;0.38176431580325;0.230333077799822;-0.451280776675304;0.55107439294127;2.67629575751297;0.668437247505031;1.84257944218456;1.86443286222334;0.356057346715479;0.536936702697983;1.4661790664609;2.3473551835905;1.09735498302317;1.21043780665964;1.65725859234318;1.53381647623334;0.0524460378949255;7.44984332965135;3.24457737793144;0.499465389920866;0.867842655083075;-0.635759618106445;0.0268297970145997;-0.0366335381576891
2.64769275294409;72.3342528230756;1.87332395896658;3.04494116145328;30.9613420936057;1.07108536940584;1.51445597502512;1.32886231303965;1.07959485270359;2.67250106620842;2.09437909255486;1.70350119034792;-0.421464684930085;2.20663912859542;-0.188644651615296;1.74857913534999;1.60268401676523;0.740891337173504;2.3026570806818;0.454414657961268;0.0409339401077455;0.721637118640805;-0.499831259858044;0.04718211840633;1.39537870459303;0.985829163969901;2.67265677526853;2.19392542905952;1.61432031199932;1.59742369003419;1.52439667267676;1.84446373541593;2.08065064764997;0.886129565321847;1.54190902993957;-0.785985159828482;0.665665932732066;6.74194475264621;3.08188998285296;0.718547807372234;2.60122529603518;-0.364085867241616;-0.24538332208043;-0.329021240546031
2.43776851355719;79.1477132330469;2.19434619336532;1.89961347056527;33.4984572502799;0.952400606375285;1.93187662927684;0.811652980544389;0.928385983598793;1.92637440957491;1.9159072654958;1.31705925983891;-0.1219489276992;0.103259263151379;0.5141178941543;-0.669430282323623;-0.345976979677321;-0.159256187093368;-0.0963467881643476;-0.377311026916247;0.452511304945063;0.930126606467491;0.206541126448922;1.05764938825708;2.07167718214165;2.21732432064655;1.9836006117729;0.642847621037314;0.911068133878625;0.957241460009246;2.15548566595457;0.952418347947512;1.4043320277093;1.95141199290026;2.10686652026089;0.337774128870598;-0.439324125263802;7.06304206242638;5.84637820295324;0.534405521879808;1.31235810612462;0.553311016384583;0.27434372831996;-0.0828507188629643
2.14401999808059;74.6883906603372;1.56898979469571;2.95857726609972;39.0385589727555;1.43956181379852;1.90978932790986;2.23022554515995;1.58783830735702;0.554623610782246;0.0839808508937242;1.78193466747374;0.558140196821607;1.05168131453339;2.09558490802931;-0.167668150642221;0.852492526428012;-1.26083782060497;0.522191814254412;0.977584783673031;1.26183977902621;2.33703594703977;0.236129436473394;1.34679181967546;1.68089397382995;0.82459092030974;1.7899491251158;1.50744182580211;1.65156077178536;-0.311539790676686;-0.18493414752409;0.719780430107178;2.80579010157378;-0.0916246902139733;1.96035593917435;1.02297596897138;0.63590054724025;7.04184809563498;4.57153973806511;0.293706923091968;1.7393854578712;0.247011678094362;0.0751627753185131;-0.865731485330451
2.07542709184683;70.0706543428297;2.5353447945328;2.98396515047493;29.1061077120889;0.883436720564501;1.99473799566201;-0.163251577643327;-0.822879754724779;2.23057603012734;-0.0801821485967252;2.15489893491641;-0.957220747540281;2.07483012610317;2.27494609656794;-1.45345634276555;0.16948260771596;0.403726883564649;-0.160896366165465;1.00513913873747;0.670367452827844;2.23847828707167;-0.319906544551551;2.91602825025796;1.79395582117607;0.0573442742409727;2.43541248733523;1.16002473361617;0.872616355910517;0.786929798369301;2.49170018813251;1.03667196252896;2.07564862531885;-0.222108351240812;0.891888728109841;1.45839485330309;-0.352644095602219;8.0911616064923;4.92104698118813;0.697135787259725;0.809752590802023;0.0858393402628923;-0.137995875162663;0.258684319879195
2.30473535336129;69.3148903578193;2.29262489493152;3.66244148762002;27.5169496518188;-0.3210397500641;2.25356735053865;0.998971945021754;1.45663930170208;1.70029754042587;1.20126964488674;1.75888678148258;-0.277648767415519;1.12614477129861;1.09476778380751;0.459634297126949;1.08920672301493;0.765700822139264;1.17460314503907;0.269683586942014;0.665888420393352;-0.186605247960483;-0.542292077709794;0.532656875662129;1.12856558096112;1.48061559645747;1.51629977264667;1.55334339327354;-0.955579899909234;1.19650886784383;2.05665701238503;0.276599735942219;2.38593358906952;-0.0117682127187689;2.61528763177457;0.700675616252996;-0.0373439938989273;7.39441117981512;3.42259699964243;1.96551640219724;-0.166308567555947;0.411680846567298;-0.102516970587543;0.527931900912684
2.53220183226159;77.406768371042;1.4582792764677;3.00392262437205;32.9452582057478;1.64052987023855;1.721753197565;3.69511025935264;0.404013870088744;2.05880405383353;-1.62040696232438;2.17139140243031;0.673657929828569;1.53376609557379;2.04735988355327;-0.00892945405277196;-0.198585673587249;0.0464238461751093;1.93478321605654;0.483215824271769;0.35274593242137;-0.169967456461852;0.0238879578313983;2.73873934994494;1.26102480919293;0.500211348897226;2.02739712114032;2.10234211774167;1.4613029921651;0.584389069931442;1.74527879897919;-1.28714645405106;1.9954832938606;0.0730436689107993;1.00076054141594;2.07879432918375;-0.14211304507251;7.50773661172388;3.29663556392479;0.634665679320671;0.23653046485424;-0.595455468426496;0.11846806289136;0.516597310682134
2.78066683991489;78.6097504000957;2.92751594433046;2.42350864903632;34.3550187864317;1.39922915757944;4.07185423668409;0.388006201001616;-1.05993100412354;0.162797554485858;1.52134364189418;2.06507320639168;1.10327297751759;1.11202941472722;0.30118249226709;1.87810787224567;1.39131056724335;0.454954846646326;1.67224616385778;-1.19305042334064;0.11624441856281;2.0005661196058;-0.000749981600556379;0.569666114966842;1.26115758432767;-0.338803989654638;1.9993333909846;2.90842911130721;-0.156158025991678;1.88339136555803;1.29399540486183;0.296082577292223;1.54921097288087;0.266654189026029;0.806057986584955;-1.43194234147994;0.00666666001799814;7.32525765367871;4.27968238621309;0.286356887741095;0.715459854748802;0.371933216463197;0.441122097203395;-0.241208534578236
3.29600072330611;76.6204985985775;2.66001019025235;3.01280895452365;35.5414923469725;1.50466389540058;0.627367921593139;1.41992871765526;0.772786380143009;2.06335328092117;3.39151790901447;2.60215232345768;0.0360552227158242;1.76159836392866;0.482775540588531;-0.429379496332384;0.309714129567051;-0.411351882369153;0.643092134543751;0.30763339758901;0.83699109743716;1.12856495111674;0.321351119093245;0.900300268464218;2.02501866631758;0.993272542071264;2.20902496327272;2.63299112535286;0.576580571048535;1.34072318285065;0.405296151428222;0.714547275267481;2.38554505004951;0.356182634512925;-0.40335429046264;1.93359080112688;0.533608589256768;7.61916345617198;5.23657801506964;0.742008363424316;1.42600736708413;-0.112690122280598;0.357790959599795;0.344093775878221
2.57736475501549;82.902051606211;3.05083340615041;2.31127665126722;29.0277896887892;1.69158325583596;0.295954856421804;2.01259778124505;0.927321534520814;2.03802025750557;1.73157019599387;1.46131359712129;0.851081301319849;1.94681372720572;1.73984836716832;0.357101448619168;-0.51208690087884;0.0522102884444124;1.81140160197041;0.607973611281159;-0.154457514671918;-0.0556158612099756;0.215242347182979;-0.87133564869662;2.16945979137559;2.51431889390739;1.58365730295589;2.24817898580213;1.42290302685225;1.50430825839835;0.241683319380961;0.223992255977747;0.27277573392806;0.0818537293278083;1.29848373941258;0.67711693922799;-0.242038223904158;8.0951065689816;3.4565730411379;0.637105330627866;0.965204865065662;0.754317301690543;-0.095941661422053;0.765956560999191
2.4584018405021;77.293491730175;1.85169662829812;1.96858968295877;32.5836431163062;2.20942822078198;1.75428225074344;0.192499059549532;2.62520144968646;1.01189398440682;1.32960991708096;1.72888310551531;0.248428954942242;0.430387387537214;3.17185751537653;1.3125828747527;-1.071499327895;-0.267394823232598;2.88367455954178;1.06942818544953;1.51595874781092;1.21102640814855;0.141522033828297;1.29820330678202;1.91799903659651;2.24266200343461;1.07982150438397;0.239835488648345;-0.0720345091104901;-0.90422113398375;1.35246077107811;1.55705133573293;1.89900183778032;1.28586612450991;0.819805648306573;1.2377763591517;0.120751454870943;6.96382305336579;3.97220158638666;1.51254139722761;0.316343819136692;-0.628851101849894;-0.0278599238249495;-0.230326258071418
2.20629687369774;75.4291363437556;2.56261678761449;2.70382904692588;29.2859379870739;0.652696229327541;0.330389107370358;2.39240856220511;1.26380549948592;0.933792696313944;0.539076562650542;2.05259943946719;0.38013361046817;1.47254878577917;1.79596156968996;0.665691297092675;1.33832686739723;0.0472530805960939;0.478739475156771;0.168077566098747;0.226020860294942;-0.300777559798038;0.337554757392949;1.9692043409894;1.41192584283339;1.06253411734691;1.59452130309655;2.41290101585293;1.31294462213023;1.5540951742984;0.233221925856689;1.30514575438922;1.41809288584606;-0.430340052186664;1.21730686269772;0.742024075167091;0.22389224960372;7.45819822757931;2.37213525665558;-0.167712473300132;0.159068275510602;0.891514917161949;0.0545862251370137;0.605949253832494
2.51066795633653;77.696195774483;2.44153963941876;2.80758389126497;36.9264924567694;0.401631416399499;1.02466673077369;1.59588262677642;0.333571703294186;1.87370551402342;-0.655321925412235;2.72561701610172;-0.198953750305653;0.237858799132451;2.69488744092395;0.696191864004638;0.574821129590057;-0.416792298489747;1.86144678734928;0.651408022630113;0.508397335899563;1.40131107969571;0.396538028054454;1.57631991235486;1.86854764194507;1.49464684932693;1.62014534731025;1.95251226551453;0.813485380861041;0.401947183003302;1.24037912748118;1.41501820423571;3.71370689864603;-1.22799384598698;0.996831847474167;1.14186257540385;0.247240801381906;7.75433513777559;5.62261133072976;-0.88634399982896;2.36320122962047;-0.40636377508783;0.350595966609832;-0.287245302566062
2.10142065716656;69.5741251439675;2.00571855122126;3.01958395691128;35.9328146807937;1.56038824357209;-0.345066850077098;1.58292430811652;1.47774595008213;1.96739120830755;0.0902523428825931;2.09867023904137;0.656735964575123;0.418622560240618;2.44876299106483;-0.0733985209583607;0.792732471874861;-0.145700557043705;-0.0996349928763156;1.75938800055652;0.244983028846645;-0.197480863787711;0.433316875597605;0.893152631641375;1.3170822696063;1.30431940802161;0.548360727019881;2.45020319716799;0.0551571847318527;0.403219292056625;1.41018362955336;0.656806902691462;1.87971451738797;0.645121520408135;2.58160626621231;0.77227652010454;0.0104983315233316;7.9967943815628;4.06516832709674;-0.151578452751098;0.0759813093200837;-0.229869622358988;0.35984411183712;1.19688230972408
2.34487382439252;75.7786897691407;2.48735398648819;2.4556959430218;33.4021900825527;1.10190700422148;0.698310913147013;1.79690796142113;1.66491521667087;2.09103630491055;1.1047343454824;1.5880888534632;0.977987597015352;2.19323129836377;0.85357025658558;0.870754286696272;-0.285523558595747;-0.990370713426123;1.48014703481336;0.44436408976797;0.354091485679393;1.95036828223464;-0.213100883282247;1.80164164452465;2.29392835025262;2.50269473599102;1.32740432185884;0.248447133808687;-0.191148556792516;1.08434652508377;1.19584964509012;-0.846068502384001;1.72975177966515;1.42861248481847;2.79643113804778;0.79961580042249;0.24733740326962;7.73780019312551;4.05520048802499;0.76231227801715;0.753377680904534;-0.458909278839186;0.0709861268291878;0.608342459959757
2.51236662521138;81.2456761741547;2.49459501958025;1.79277703491779;36.0617408045613;2.13940846400846;1.81625270857266;1.25101255088494;-0.79697796966901;2.00385758861603;0.864886823718837;1.06012264273269;-0.27769971206725;2.83678849986691;1.46497014661174;1.54644647172139;0.0257049043054188;0.872777116257346;2.12269537030052;-0.324502201407809;-0.709132083786787;-0.390174108087554;0.175040904894945;1.38118599143776;1.47779987352906;-0.255047920119234;2.55863583077589;1.91201195697943;0.27464656337518;0.751967288063939;0.655667471036468;2.11188005060595;1.62792570576916;0.703163172345958;1.69857738667582;0.477091211492928;-0.303219212335497;6.70475984883159;4.92594506615659;1.4558688896815;1.28599092234202;0.233294468494019;0.018273754029916;-0.299907518386708
2.6381534030001;76.4321124861283;2.19602558372645;2.32202004950294;39.4761445492297;2.72826513616141;0.895550822226922;1.2923993174634;0.972539325571347;1.14353257830825;1.28390076990303;1.32864687434539;-0.552565269913884;1.73340854763432;1.83873728522291;0.700185293439261;1.181440755446;-0.136673600612166;1.32313153697433;1.41681293960403;-0.273702675809478;2.77581536450591;-0.1102727051538;2.18846930586411;0.784931318937862;1.41328892834435;2.12351533240211;1.41747404681471;-0.269198200608635;0.883872778753194;2.1848379926539;0.457298887715233;1.790730292536;-0.00583119224640444;0.035855460993462;0.611215409490899;0.17461254202093;6.05481436989367;4.1270035886844;1.23524937470195;0.336624395445653;0.159513551643727;0.102325956159434;0.11057483368379
1.87076226156991;74.5407947736635;2.58969629649599;2.11868101267124;30.7308408440778;1.13770687453439;1.74588839234035;0.575262861607669;-0.0488075015921724;0.0291212553488991;-1.18980038414088;1.99471675195307;-0.375054905557364;1.1093288558192;2.74500015784454;-0.449300406800865;0.262758650961326;-0.0460766208142916;2.32265619551378;1.32988068872176;0.728024143316092;0.433619207244686;-0.21696349053628;0.826249743852191;1.0874368073274;1.32506677900727;2.75217858885933;1.39579424074425;0.710237385569499;2.36446001515274;1.72201496082391;-0.0542693825947418;1.15226122924189;-1.43115345674168;0.869139579756032;0.616099688353143;-0.00192559173113546;7.64263220760881;5.10162069654208;-0.0203978757224208;-0.375404181412895;-0.194190201316087;-0.0820379326448912;-0.159999371736585
2.3033038276259;78.392777002422;2.56423185144114;1.54183639973497;29.5013310983139;1.48936663113729;1.14710586089271;0.869902203732226;-0.338049780921887;0.206953400119178;-1.54750656602198;1.82665079385856;0.429033217988326;2.40040935318369;0.562525182364532;-0.02077077310423;0.028651200605931;-0.106331964747403;0.800428796740333;0.796180542027291;0.123573696090646;0.87252891156576;0.296722741525718;2.05873383929341;1.40823580557725;2.78997278566405;2.57605458477923;2.25672801639442;0.569583727333036;1.51197161178391;1.43338484513708;-0.428922356135493;1.27569878503389;-1.11652683472054;-1.01227929275783;0.840311529367539;-0.307644535676933;6.9253478382427;5.10225642025115;-0.114492293814519;0.328186666853333;0.378648344361019;-0.187808999353063;-0.242104463888521
2.58004745249272;82.6709826301738;2.06780539782382;2.16206561991516;33.8806067144779;1.34096911633451;1.52361779206468;-0.0536286573738805;1.72466046910805;1.01430912463597;1.29872975714338;2.16948438120222;1.65152970323874;0.327517077556073;0.95769190490512;1.97969269742147;0.976493754139318;0.773817575313688;2.19320454227402;0.075764952578588;1.11635750174007;1.75193985173669;-0.23864674404462;2.01229561237563;1.8139631883553;1.92385707963828;2.30229112421947;1.99483852908875;-0.666380143401473;2.57869365291406;0.721373769630877;1.44689400669093;1.60818438919466;0.0691166269877793;1.22326777397432;0.598987497310631;0.0396944235289423;7.40648494864993;2.89250700816491;0.207492974020481;1.20916709458421;0.323952973444278;0.199731556600561;-0.276013790289175
2.7312371666178;74.8741182106947;2.96389348493773;2.1772082510966;29.5411380331458;1.48573114334702;0.622337647845074;2.90042183985004;0.773119712980392;1.89790900463134;0.657284797653886;1.77384490293574;0.665238520092747;2.28644175308509;2.77731984710533;1.08212845451676;0.871786304259115;0.531858492047119;2.49329499738337;0.66848457440349;-0.104047444501648;1.46139103701708;-0.287832412760633;0.699246643453729;2.91375060540646;1.67705835189757;1.16552198318029;1.70771676858524;-0.264428125519661;-0.629113739173983;0.25651060241422;1.91565601110734;1.26941715927059;0.738033665800756;1.24952901680795;-0.0971029693352226;0.157278098975373;7.69122038637161;2.53514659017583;-0.358978585490619;0.907718360849514;0.434004985430363;0.0237582925149306;0.98405383588179
3.14768248632597;80.830163074827;2.73552407827693;3.10378746997346;30.831808961788;3.09688387765731;1.13410470350162;2.04629061832708;-0.749539369590948;2.13456971275528;1.18300165248038;2.13385081243683;0.935260297799189;1.15781032036838;0.948061503474091;1.7837735864576;0.0954871277896735;-0.686687106087346;3.14568302791381;0.33396597090267;0.820742940032793;0.165909760558318;-0.0998772725368834;1.49737749474851;2.1267423547004;1.51451387034166;2.26117196068608;1.5869553421572;0.125028152581083;1.92856966316324;-1.08556969124389;1.98823679372488;0.900053269430589;0.938264225752495;0.342702072942047;0.376897312701087;-0.54198292860227;7.1112980807127;3.96724252934385;-0.652306074254969;0.542033858096938;0.582857043026853;0.643753916954902;0.416353129495799
2.39388811529414;74.8382403856989;3.36286350182727;3.81262296022521;26.3093213025612;1.53236089249358;1.87101314092795;1.53607946963872;0.15970787180662;1.57215998750992;0.539563317087442;1.9236292155099;1.48949900520061;0.877562620340392;1.53689000625671;-0.714176703037144;1.18077259237625;1.052850097601;0.777408864451284;1.64577011830253;0.825680279329626;1.01563851626022;-0.0112904624953533;2.32028673599459;2.47695134692527;1.28633556878024;2.69616448594935;2.46747695324563;0.646180230640012;1.69003942225238;1.93263349277155;2.30998033794641;1.48763178367156;0.885319260539529;0.898807331796495;1.19358490307361;0.110008343180758;8.49958524373076;5.27977513688737;0.106642932112681;1.07691820522906;-0.15140779091434;-0.313318867256071;0.488828146102106
2.27265821491943;72.2875326301374;2.05875144403769;2.87624719327482;28.066100582863;1.92240315703916;0.465352930070466;0.873518712365503;-0.387696049279884;1.49185681150425;0.05416507566115;2.67011359978931;1.43781103194337;0.970916165879739;1.10286235869345;0.4485641428677;0.175833522455674;0.977345001703675;0.687046396544315;0.466733085509744;0.891370498882714;2.07194183795644;-0.103925305202416;1.88277022936667;1.88524737819051;1.16194947594669;1.67620042813617;1.69581175202652;-1.10499665825559;2.31848467090184;1.71893864630489;2.66562611948391;1.98502567769763;0.782175149088436;1.35731473666922;2.37329636996876;0.330821506736882;7.79523601333425;3.30254574738015;-0.119195392048822;-1.72131217904287;0.995093843194575;0.311104822556789;0.756684758844516
2.7523321237025;78.132699875713;2.22851410197026;3.02834012492104;33.5817335972057;0.866185766348462;1.40997395050008;1.67534988604844;1.66790333382167;1.76235845261351;1.10542682746468;2.07666478551689;0.450275728949704;1.6856312325555;2.06913969986679;0.436514730770982;-0.335402332531575;0.341517317760449;-1.37056532521297;1.04513145275624;-0.121811032335204;-0.772617507637076;0.142332804976707;0.461425602523877;1.14396250966239;-0.0742163219317007;1.82515315819271;1.6416014381091;-0.303069148808826;0.992836216048876;2.20077918352366;2.7632657969615;1.51415476472324;1.17637939453255;0.89377428412672;-0.497434968431229;-0.0469311041850629;8.13272660508841;3.74538470729524;0.57310852652816;1.0101231542471;0.711457924232171;0.139489119113566;0.898799671030389
2.48672312603181;75.9309929174317;2.65306685831064;2.51299086583765;28.0672834728659;2.08418973621272;0.202438197270948;1.11163475999306;-0.326400359852012;2.17159912220085;0.604201651098104;1.60394761094311;1.14941428537391;1.9968901589384;1.4963320840219;3.62540068802385;0.487656557705896;0.220034002066501;1.22237312730489;0.67502880689541;-0.561108194798326;0.382026107832434;-0.300976300509165;0.73717605604393;3.71337792644278;1.43598898072847;1.41902425159167;2.18237626571827;-0.0127375918058746;2.41403044542306;1.35145380628763;2.22162927107854;-0.355604280182054;0.415930254187941;-0.517696687392774;1.28200071282921;-0.145765704797892;7.52581450611238;3.51223584644362;0.806173141821563;-1.02274762250843;0.275365865939008;-0.178945937911828;0.828847253673368
1.87797959224082;76.6593881728526;2.15885860086461;1.46746584286219;33.3685580231598;1.54988678368935;0.0392724863488333;1.04870555473162;0.0560586463352645;1.21784338535329;-0.253238145917388;1.0812500784694;0.253039164339076;0.896358890048026;1.75714727655765;1.3538487782158;1.82258825967464;-1.30223141444439;2.64432704812749;0.436725378714954;0.201983760021019;0.276905488454054;0.0345109068270007;0.211023153244248;0.982358877169914;3.37393817234217;1.81763458209177;1.80341538698857;-0.335823642689044;0.923389887336104;-1.12380948237407;0.726083305538915;0.426347244247273;0.1909774141631;1.46230719231466;-0.582931914353279;0.112747159900855;7.21981284295539;2.98576405545088;-0.506996065725487;-0.823731330413137;0.273956755578159;-0.159451787094699;0.320144070967581
2.00330731837915;78.0550019277562;2.82223935919005;0.771399963220739;26.7236453282171;1.23443582568716;0.915064232206423;1.71595645816835;1.26688270593982;2.3746146560105;-0.7464833709884;1.82653767096522;-0.0198723184285838;1.59166562407386;1.02231726397805;0.0337928617089908;-0.494920595511138;2.22520479921999;1.42692119547795;-0.293352158151098;-0.256423880005113;2.22984070564536;0.0595242873191667;0.224299881677829;1.47124744649975;-0.294972990105523;0.292140908440427;0.991685602821148;0.60665263592341;1.29625768772929;0.846863453803531;2.30463325439211;2.14079044314248;0.0948075836253469;1.33126074145485;0.159066469866036;0.0584070826622967;6.91099775744294;2.90708668876444;-0.104065360311355;-0.277159981193609;0.864908966525177;0.00450653140907072;-0.551633756217418
2.35060885296455;75.3679319518019;1.99424722095432;3.34756519540959;33.7233911682923;-0.528618207833117;1.6702475576047;1.26137312135553;-0.266290336684429;1.76586013734102;1.87110496617782;2.13339370480654;-0.166680918257716;2.32117733361985;2.00420139888384;1.35705010137903;-0.0348001314603382;1.30859438635045;-0.203188487519704;0.0727185848824267;0.694992777581725;1.66614515321171;-0.253766393353144;2.11834471398882;1.85329237784261;1.3728882192403;1.56705081330203;2.46453367969063;0.674134117312637;1.51871184003094;1.95204894679736;1.25675444779241;2.32502764202359;0.70314190611907;0.635831140458218;0.60815406948972;-0.245356490506237;7.63654359166455;2.88966914552135;0.712309990978461;0.0740682573118076;0.493659237104343;-0.250970336899357;-1.01044111612762
2.7406897116898;76.3457618637333;3.01882163025569;3.60645058133668;33.8238144383513;1.77356322422636;1.66551778682598;2.30828672087688;-0.38776206274079;0.52471277870072;-0.196692699350103;1.53429626416554;0.981650581127465;1.9873316508269;0.981459959908989;1.06295073853866;0.369613813599311;0.287443067619444;2.65907482359054;-0.552182373836986;-0.108090971263961;1.22674112229711;0.275104878077736;1.74930443718687;1.50342566100537;1.88313199188456;1.98419973690866;1.81770856629122;-2.15489948993088;0.590537249634474;0.881461140923399;-1.29918651866791;1.03001035649969;0.0584227303927448;0.156317574175941;-0.44243113576906;0.118619765090156;7.62483386300875;3.27219294112544;0.705647331048472;0.541552466874794;0.0844890948819687;0.327121423301056;0.0702499579677676
1.84699570059915;82.3768774388886;2.06273437885717;1.05318135091517;32.7817147327038;0.705998626060325;0.825857743490927;1.90240355044941;0.622215320826138;1.39586517133477;-0.0796492176343537;2.08601663585568;0.95982222397222;2.55306884423846;2.04483627475831;2.43376129257068;-0.469545104112503;0.453143918094769;2.29481504485733;-0.387965745112857;0.472943092225417;-0.0624827021596718;0.0334075746296373;0.101169306784533;1.47216326356337;1.60158445010752;2.10147396234667;0.730664284824714;0.482783768958915;0.358409015074734;1.10060985278141;0.0531456339243547;3.07368925421937;0.626565675676963;2.40228632815511;2.1456867524306;-0.173904871255533;7.54750724371574;4.36747229428792;0.457096921218145;0.401863890689486;0.482161617618606;0.311686982874603;0.630805532081241
2.70109746789339;73.5814353839714;3.28662435393128;3.87970382763254;29.0638066688818;1.03395604571353;2.3508444450236;0.89833458419434;-0.420869333644952;-1.54239678081275;1.84585831421903;0.849062594530324;-0.730800747005051;0.711794471774664;2.56050163856076;-0.9082051646444;0.781249632814059;1.412851750326;1.95551224982395;-0.298560506980102;0.804837462480138;1.44317228541074;0.167425534133395;0.748801984554326;1.79750634388566;1.44415481120905;1.6398884569889;2.14444012169674;1.27204069494476;1.21583925102373;0.552450702524009;2.83897898054155;2.27005421959388;0.970936198866532;1.80699791785691;1.78132555458124;0.179055565779239;7.42107519529022;3.69048495081573;0.149222993697008;-0.354912202481473;-0.796538159174108;0.56622064571899;-0.242170979075074
1.26802472668361;82.4043081906781;1.34779967340467;2.4647200389213;38.8985995206614;-1.61486574858201;0.937932876438015;2.90995844330164;0.328110739011788;1.93513958759;-1.44232861516416;2.02002884585932;-0.0597807671712268;2.48371668100599;0.573681899151907;2.01567852180189;0.715898250125044;-0.55915388727793;2.42134098950644;0.98234845073369;0.216938079764856;0.874360610795401;0.149189942715558;1.5948682446496;0.819750271106965;1.44312386784881;1.70841708680758;1.45141089517716;0.573063765896076;1.64624107259439;0.382053252713492;1.81086122398083;1.53399615111989;1.08261564329206;1.6778090778595;-0.194400099116793;0.470825198276092;6.06118075709231;4.47391408922937;-0.306041963963617;-0.039817305499433;-0.487049509280373;-0.131980709341734;0.547064090703182
3.1141049180834;75.0643863885352;2.89508601622076;1.81415903230333;36.7872803680488;2.22562976253133;1.88460696441609;1.37003915534902;1.91187661810938;3.31222197691572;0.121633734170911;1.38763296885614;0.68647734924623;0.974034388615439;2.55577118297907;1.85871111491114;0.0807237417030247;-0.806773244208449;2.94626686871509;-0.190493645483349;0.349720640523463;1.3232264036424;0.0926319275862968;1.27065061671685;1.05321014874972;1.00435272992998;1.88798868874246;1.23942017976805;0.509928267187662;0.218843723747296;0.881463830346019;0.722291725317702;1.66027512841879;0.0516685704349319;1.46834209962138;2.23910246223613;-0.0524838212185141;7.74751696607547;3.92127403696795;-0.0412214077921234;1.24350856742335;-0.0932202409483101;0.224984659453357;-0.164283601525362
2.55917950383647;76.2710620516252;2.6153531632928;2.95260050107552;33.1756710477174;2.12608460545635;2.89466664481612;0.530900060884621;1.69449548837119;0.952528910135006;0.0945732107927966;2.35523177271216;-0.472316721945172;0.696846711551919;2.46422163355748;-0.183164832283866;0.282332259054734;0.0134216241610646;1.19867656404512;0.806248970774331;-0.33114919862888;-0.478146813557689;0.339655351060945;1.73332114346009;-0.618783197410868;1.67815718276259;0.26005072628454;1.57113524293456;0.424538669995525;2.18959607995164;-0.430049828940338;3.11745360755535;2.08873651014595;0.468940284066613;1.89050937780183;2.46934293906366;-0.147903542128401;6.79097984236499;3.86666370618643;0.66126151243355;0.672145701059929;-0.0390780044688848;-0.194788908321103;0.154558525672376
1.8100708762826;82.5335535901402;2.32742538945134;0.977106199819015;29.4829947161478;0.551614282016493;0.20570717392641;0.131904079375358;0.437980214695035;2.5855992762629;1.87103344324515;2.80931006682414;-0.227614028626071;1.02687464929086;-0.0955227870171973;1.66196272085692;-0.427170396341927;0.488685173853522;2.57786664013181;-0.2804473998211;0.834530979292077;0.939764771604887;-0.353555416240134;0.668985073615504;2.0408668533807;0.300238232142618;1.88381698303578;2.0825893087336;-1.12350368799033;2.38501021023939;-1.38149137898934;2.27413327379194;0.910038703434333;0.306710307754961;-1.13704303101167;0.41408256197594;-0.230813716503481;7.36308424329651;4.73415446127236;-0.988454257940287;-0.486653522297391;0.419305270082532;-0.154547978135476;0.0546256271373182
2.0242010815188;73.1598686994074;2.0617637298148;2.51910920048067;25.0471965311569;1.52670868341283;0.684625485635493;0.787615721592884;-0.0829801283866338;2.01248092197074;2.46881544101537;2.59996605476042;0.167385551593611;0.901702395372724;2.14547598745266;1.36663095301073;0.700996134417285;0.747846886232031;1.29427410555488;-0.409167522814733;0.769914891275143;0.86189782469775;0.0734081587380495;-0.565935524458997;2.41792937372613;1.82710672291791;0.876436470164721;3.10667854791025;1.55202759036685;-0.621687921352634;-0.841424886910194;0.549768022909466;2.40698202499815;0.093173031341241;0.997640850067499;1.77618044017356;-0.212280110860958;7.02010445467101;4.73483996029415;0.436265680985368;-0.917978224863584;0.712609529451141;-0.229477635203856;0.930568405521377
3.00935862253785;76.3287765866436;2.56953019758275;1.99375651253797;32.9995332231549;3.0357631073653;1.54479051608061;0.749395657604179;1.84756432002552;0.988567494373109;0.943038443290837;1.56035746876443;0.261592747219338;2.34825089447454;2.58112084837067;0.254816257276842;-0.134817584334421;-0.143326775742018;2.21630668847769;0.189612031677246;-0.147673117798567;1.58442322017006;-0.226884251758912;1.92056290297277;0.892319527442646;2.42464799208865;1.83121955549539;2.12754701962069;-0.234102606126003;0.275682119490548;-0.61610267871696;1.30804952187886;2.50373992828659;-0.465532647097033;-0.841616464212354;1.50095536451853;0.0456183301088493;7.44252253137048;3.80725749581598;0.215702682823729;1.5978946808733;-0.0126877483516521;-0.07140118467283;0.0721308833588976
3.12593442541566;76.768386483914;2.77656119621374;3.15336317434821;32.422656479172;1.2028175073376;1.27209902584708;1.81231154658446;3.02661774563483;1.73131687884931;-0.124704391579711;2.24527780759133;0.757561317372289;1.74334738316959;1.74490801215608;0.386135829995686;0.658164295863269;0.195447512433628;2.29849588641331;0.811352614208101;0.539425758804688;1.39109954786935;-0.159223381654126;0.733091180764084;2.01536465976493;2.59358178540725;0.642453358357535;1.94490315159747;1.42727222831631;1.51057830546128;1.41003312837105;2.30913212897261;1.09211576852816;-1.14356866827607;-0.226503832915901;0.253496535361024;0.240340075956953;7.08253539469854;4.66126355553533;0.0660359997171955;0.317570873388959;0.273250859183192;0.534349592430682;1.25511395856053
2.01478371302264;76.043371604841;2.44874478583808;2.02099689747604;32.2573396505381;0.970157100754605;0.378964934043685;1.06579488054654;0.0881372422341986;3.01610065377616;0.493875878162604;1.91285046287633;-0.219792266056708;2.50742755966317;1.11560267548061;1.09253737885175;-0.486960447507214;0.434076783361894;2.21645574646538;0.575966178770822;-0.101036221317544;1.33568913932194;0.109886235974017;1.950076253731;2.2546796543745;2.73016769019261;2.55640503911947;1.1503903454364;-0.125926690987726;2.04245608325843;1.24290857650658;2.59374494761767;0.794887019076213;0.917678417033192;1.78046732431968;1.34470587728793;0.503301862523301;6.95217532656614;3.2911697477437;-1.19956578406278;1.19343236620058;-0.440270740837918;0.2065629690137;0.979712110907869
2.51531253884983;80.099778885314;3.62018628002325;0.738021646505486;28.5147748916591;0.902700029024306;0.304890685814616;2.86251502458887;0.0845396872581567;2.1430734437465;0.0923462042304304;1.22585392851307;0.784403066127293;1.09943197934115;1.60523889623826;1.20489798675909;1.70444226002778;-0.095069492981619;1.64317994779909;-0.990161038860031;-0.534989311600088;0.598560296766648;0.028907676124496;-0.0756916274682201;1.45632372553447;2.05008517824432;2.24863253135844;1.58981868405523;0.606779409104238;1.22707126703119;1.76256501523157;1.48374201627917;1.80035853952391;-0.351652575744659;3.25242239634857;1.26821758446177;-0.143659141591678;7.96870050628953;4.40174780778482;0.011231385955176;1.65558521799335;0.243247808927441;-0.269258450559169;0.43866359495225
3.21706210008477;77.2678355354118;2.59888082736382;3.75476046362153;31.0022182975538;2.0993588127784;1.32182742196323;1.7153234510547;1.88833649836035;1.30732437128736;0.655386363351034;1.63354729081762;1.354460530087;-0.300093199937318;1.81365910679003;0.309738723318288;1.37801694508337;0.391024343861279;1.02511813445641;-0.190717705660085;0.157519823785374;-1.05235798274007;0.234615583646074;1.51421402207204;2.55516826415378;1.49107899236015;1.81968998850926;2.57426133993361;0.0605587733812402;-0.595620653136642;0.0968201585990033;2.47996790867978;0.505460464723234;0.751110795477598;1.07322990770579;2.05671328421803;0.247657059827819;7.79082548900582;5.20251699750134;0.161694405572147;0.678865731291766;0.156449011793884;0.0965303633258396;0.22338634907257
2.21975814739289;75.4131310026577;1.79124419854339;2.08103352674711;32.0763317999203;1.99352180028228;1.58307989888557;2.11125071599038;0.322188600824091;0.432594539370622;-0.361163755943758;2.13562190337629;0.934473554236401;2.81444766400265;-0.133730314970722;-0.862153441722955;1.72368831381109;-0.0759411763256317;1.20624917956763;0.701996127168956;0.764176125968943;0.686629204637297;-0.348682288499413;2.40721942990311;1.15720401369994;2.47683405904915;1.26582039517443;2.91182998593346;0.0289553724369041;0.493993404769669;-0.0961309074746161;0.976780061008523;2.30059776137057;0.430987177054972;1.78857031632939;1.88063844819746;0.319976426721506;7.37158874045258;4.01218399493642;1.29136448829673;1.50283869191896;0.633140869755425;0.267764356091765;0.203038762247039
1.7536698368933;78.4390767032126;2.28430791533883;2.38994148787931;36.1983844898934;-1.41356575501705;1.79698609689703;1.43479857360625;0.264517251828501;1.22584989186143;-1.13287022323604;1.61710192337459;-0.266921545057176;1.45590489752699;1.67151234634415;1.37455412445442;0.569643578910707;0.70657287945596;1.66245654765363;1.05076217258633;-0.524746384224855;1.27185940636895;0.375583109495405;0.72768892334548;1.47461712331093;1.68635533918831;1.33662429081788;2.14826889789622;-0.615577897363733;1.38855540726455;3.09857396911995;2.42143598047771;1.65069335662785;0.341761922440854;0.445396377458019;0.0414749129008677;-0.0791705750262976;7.25166861017663;2.52735458689289;0.544245988599659;0.451925710764433;0.702910583497013;0.0996647533976519;-0.420064354925168
2.80660698430165;79.3418645386858;2.31860712402074;3.09414563176697;31.0499215022229;1.42955267067873;0.64657368803583;0.333083051962954;1.0179292829505;1.89115213998336;-0.0698318595522714;2.19952091975812;0.254302280978858;0.250666932466264;2.77735614926882;-0.0916535007469935;-0.0302982568237127;0.0375693509794047;2.77380850571681;-1.64160189386628;0.0138965407216856;2.75395252452754;-0.0395938548500371;1.95207629735817;1.89692235988307;-0.122936589351466;3.13969973435818;2.03161763479241;0.323613331055134;1.05231355060178;-0.420442550973699;1.34297694536548;0.349155010017496;0.25475709842618;1.87434554670905;0.376598420983313;0.11513759189957;6.99258801465367;3.99557994656693;-0.540031922033078;0.54673046456411;0.85070924769966;-0.149640488197271;0.683071107883059
2.83260143691277;72.914211376471;2.67164985435757;2.05611800199907;32.5717594690734;2.2381587971536;2.76119115905737;2.20523356629287;0.821394744112653;0.987444097599228;-0.978568687734932;1.93766101324756;-0.584136418536469;0.786726141210638;3.63528245954121;2.56234137613709;0.995197770616849;0.833667556815555;2.99474111903549;-0.144997755493963;0.612573802718357;1.26821972334313;-0.127016646511637;0.941595287021402;1.50759379139889;1.44327328464462;1.62315323920824;3.35659267283438;-0.271992228350298;1.67669858836944;0.928259444016216;0.847093942867082;1.4722903280116;-1.12039664011065;1.48531958880377;1.36531595260614;-0.153381895076348;7.48468902369687;3.22258759956499;0.146785013052562;0.526801875580751;-0.200860726995507;0.174293144446623;-0.400164360347695
2.69623620757071;78.8298056244267;2.72037365716491;3.70159302699203;33.2126265412981;1.48097579077131;1.04339648661668;2.12320846235993;-0.467599345204161;0.571263082867721;1.49211200578734;1.7377619549223;0.400500302270092;1.89026446606332;2.77162159062732;1.48896795852647;-0.0669793764746958;1.26736176861612;1.29060415668581;-0.112339314785532;0.341630348658899;0.764417151016073;0.124843034704781;0.934666298200486;2.08470373002554;1.52121893641856;1.66143456246568;3.06172807442609;1.268146894659;0.469913716288908;1.90589911012286;2.1513628790546;0.517627083872989;0.784948524137844;1.18757412582224;-0.693921401459554;-0.0578536382200069;8.62473634278255;5.43119180559786;-0.478093273137172;0.858504488693632;-0.235018770980186;0.318869192876554;0.348940308357777
1.82861520730613;67.1034964954523;2.92669879418755;1.12447344879312;29.3741174521566;1.75901877387395;1.66489965374502;2.20305534834875;0.58615921274512;0.479848349623368;0.229578538993513;1.40580253461349;0.0557481239707744;1.30186239732662;2.03172422403036;0.380746214292591;-0.424970252871463;0.43226787776818;0.459183034838352;0.588341020031168;1.11116517705343;0.563518211281308;0.213081745883347;0.0615291423726938;2.03595498020047;1.61651581407872;1.38880061331474;2.42054038890166;0.344541915375046;1.61588785625574;1.76671848281942;2.69883043559374;2.23508694298992;0.129180403349581;1.6066582570369;0.207874850389339;-0.275209131571942;7.01612658005762;5.5188404472578;-0.955927636147461;2.09568008678267;0.448124158458951;0.352383580230724;0.512271616803931
2.37486297165555;74.5700748690409;2.38313990546068;2.43016273648818;26.2633212945545;1.7216594705839;1.05896704891701;-0.289470619312336;1.42263584182761;-0.234625611188848;1.22297098114976;1.17863856539434;-0.242642927754768;0.82141061929907;2.20820470272888;1.77111179204374;0.0974495126388326;2.26907207044234;0.66670454497539;0.511971836153743;-0.362763571992819;1.47321910689852;0.331077782604691;1.16515491271973;2.72335336116279;1.25883973699426;1.25066653850714;0.980244699821421;0.959386629858269;-1.11517675328252;1.37574745134222;1.25363898733992;0.763196265222112;0.37984365043857;0.416624621262914;0.571510080617492;-0.220546309803307;7.86652958343429;4.08815727645068;0.581381955037156;0.113585087885948;0.0933183855235042;-0.106765848836045;0.200940821353082
2.69900461518721;78.4587883489517;2.99190666251478;2.00233794343293;35.9382782931512;2.142086232682;2.44268613084511;2.57040711070434;-0.401527966632396;1.45927823545203;1.1141677783617;0.975310044121958;-0.827835304275092;1.70315135568139;1.89678530988495;1.03287199258388;0.330812470847772;0.759362613378909;-0.361549245064146;0.480460940649376;0.167279819276907;0.338106168183412;0.390607487991559;0.854781300569855;1.39567791768101;1.41116862865922;1.61027873936902;0.797392402323943;0.211339828292894;0.518506319942784;1.98033156787105;0.965907375426083;2.09899074360411;0.407016351096064;-1.11206627490712;0.343593051694269;0.175684025007485;7.10123525512086;4.2478716352255;-0.267710486948617;0.33860025263992;-0.218055624202745;-0.12109721509347;0.0165209626124878
2.06214723445621;74.292315161211;2.45778961692035;2.60805727580519;31.0693620317795;0.0478787959243474;2.16975836795877;1.52110253224379;1.63941272733;1.35029798723853;0.844828655602742;2.36396492739058;0.375839173197957;1.37163456551031;1.56172271860242;0.340473194963927;0.307610688991578;2.0861672222017;2.25525757741849;-0.86110408482051;0.686963261393799;-0.15610086054692;-0.292835240505204;2.08011210256023;1.1844252375843;1.99425142016444;1.44039572411435;1.27009049261158;0.679445750514676;0.998172228948614;2.24169950831379;1.27290819145898;1.86174928628576;1.04358120567954;2.28177599667922;0.720734571587142;0.0647265516672472;7.50281667816384;3.89355096813279;1.21606994297039;-0.245383272726927;0.615518036580516;-0.514276137729807;0.536477276537354
2.83350286112241;81.4923134702434;2.4710836332444;2.36718529580616;30.9778343246773;1.37206429072838;1.01063606977223;0.26942798552082;2.02969774696974;0.703218185926817;-0.686986718521133;1.8673312535926;-0.17686764923905;1.84711219962504;1.79539489049522;1.38274126611281;-1.06022093902692;0.767386373108697;-0.0451732816774226;0.309355733822305;0.412202754373917;1.05458871817661;0.140892879353062;1.18976844496313;2.8919010996035;2.22277797462995;2.02039400459461;1.96691712083587;0.204815768863519;1.26142195404733;1.57572449993898;1.3765267229071;1.6122858157471;0.832104685627044;0.138338647660653;1.08607384863025;-0.053966135490928;8.06650854842592;3.24735783267665;0.489519051429965;-0.0895869627567409;0.742177123795212;0.17656780824397;0.298418546489807
2.12354083734113;72.4510267838014;2.81011821207163;1.87101213970088;26.1373749274967;2.16076039061595;0.698909369626261;1.31741492870966;1.24852720692584;0.723701932060311;-0.94155415265634;2.11856904970019;0.334759350434263;1.17118867018134;1.96633518527966;0.842692663540346;1.40053176604454;0.187731253627428;1.25746155197853;0.257713770256104;0.262096490007073;2.04120538126154;-0.187343927949055;0.961644594905031;2.00744128142888;2.89426175960823;1.26503384318071;1.0792678515097;0.0346242855576872;-0.129823219171125;0.0331360314954605;2.63518470252661;1.77327101880411;1.53428780064234;1.89880595742805;0.0644968749425191;0.0746463848868302;7.12169613260726;3.4331118779378;-1.12590655683856;0.0347709405623388;-0.269972989836267;-0.220305176069884;0.604338299022437
2.47456419634136;79.694479906753;2.45737076328348;3.03598809916513;25.4149982988208;1.74179164170639;0.197824151170726;2.08209237237727;0.793120008770212;1.05771168580365;0.341563221029185;2.19913554780744;0.0399131603663816;3.39827122518793;2.02919250913005;0.570708091321488;-0.773958383700944;0.929408440359119;1.47619226514755;0.144499758585774;0.689635011281575;0.893068413709394;0.305859639878352;0.107917596790224;1.76448171679776;1.00677791919917;1.42385462447434;1.91636795525659;0.165894509781099;0.938530799436828;0.0887438843862171;2.44528761973151;2.0948637707898;-1.00874436621778;1.62614220286352;0.519295592175538;0.195193179593729;7.40826009998699;3.680545331668;-0.411040312612796;-0.569376127912303;-0.160034493824115;-0.161397641754362;0.0521047631339607
3.19753340063232;80.3313483571908;3.05986439770555;3.11313268846739;28.5933701147557;2.60483746479339;2.86992667840502;2.35291496205216;1.46548493272351;1.97685898237217;1.45385056372689;0.950198325649868;2.42253507590634;1.93104076873053;2.10821617489511;-0.179086437694358;-0.0679737934668947;0.223181007235602;2.65738461582292;-0.0684307974858345;0.0347614102237079;-0.286842426535071;-0.659737842196986;2.37174443798018;1.75306240068994;1.18863085614819;2.9014561711158;2.04561332122153;1.00790239405101;1.82931814778247;1.09422866565523;-0.249959829319107;0.940166503192724;0.744676260106905;2.53022644467558;2.72750021255666;0.0341382415257936;7.51780816135433;3.92897465754729;0.604943393821079;-0.451993677647401;0.132481505308937;0.454531361847825;-0.0549095155731361
2.46161899146151;74.9711992486638;2.46352565201841;2.68478311654927;34.5230755749128;1.46415397193636;2.41952782714801;0.165604636009739;2.38740052913472;1.3582887395659;-0.149488032007699;2.62093044722988;1.62943753588207;0.488159009357488;0.606345238173964;1.81689986494629;0.967569269731687;0.441443568058415;1.15452798181835;0.309350236676441;0.210394165866719;2.9734509716919;-0.454199522842989;1.78256029287161;2.08262047523057;2.04483091393738;0.993820316941015;0.555715170516843;0.770718743938554;0.891504209292149;2.37444596383897;1.2782813417045;1.92560433365558;-0.80500033642026;1.43777788682898;2.41144050376798;-0.0502480861482983;7.01014985758944;3.98437713615286;-0.971646241610342;0.18238822005868;0.371392299922036;-0.272851643428526;-1.0652887588277
2.28339608694857;82.8446359735909;1.98013984420484;2.58723281332831;28.9022295281176;0.66791084251891;1.98064416207663;2.52630847248029;0.95826287031918;1.16528233295306;1.4241085233753;1.63270397601945;0.212769880759392;1.64823473950604;1.74331053926577;-0.346189926997848;-0.300345344387621;0.306004926183933;2.81404274228251;-0.807862348254381;-0.375740245800303;1.1900396416214;0.0953615542217217;1.7108278275978;1.57581549333214;1.08202972700484;1.78730409145905;1.46692971188812;0.124238539831579;2.57112994470054;1.82944967981312;2.93101297159158;2.07209014489677;0.768049217351827;0.568051304732684;1.70188770932304;0.288067391831853;7.89291639173607;3.4788614044412;0.0943744140660367;0.52553310588635;0.138012827417033;-0.120565198245814;0.363619500117547
2.44034014648236;79.4736610910401;2.2993945948143;2.56581752208946;32.5529679504484;1.47660246647483;1.07826808814105;1.95240941165041;0.100985152459043;1.43245394958055;-0.398890106949002;2.12609992435465;0.182409515547268;0.633607042091613;1.62450638499394;2.86119851838995;0.735433262215787;-0.364516048107338;1.31297122265083;-0.657381690539945;0.416580382088736;1.53300395178838;-0.0678034321236632;0.250958624161655;2.84707951507013;0.61356750603059;1.25973721773578;1.85038183451192;-0.638814051917988;2.38106204230528;0.0746741897199622;0.887298719173155;1.87738999850645;0.142027847511841;0.698790555580126;-0.523624100721411;-0.0271615279074661;7.9325048599764;4.32926958647868;1.58112580561738;0.353004240846629;-0.59076805470116;0.183703627139846;-0.135755160210121
2.00197381930286;71.1184150341807;2.27163466183734;3.01809023562535;29.3232729021622;1.43883245820158;0.879708128961358;3.04610118409552;-0.128111673395784;1.41735735601515;-0.711118417581636;1.88109053436441;-0.566308404037571;1.74627665543124;1.86079221637315;0.619397167755257;0.350993420999145;0.46703304023903;0.960126563535549;0.535904886266354;0.982694554042604;0.998061092454982;0.150746982581427;1.07364823564837;0.527551940881748;0.956704011407232;1.215347531047;1.80437576481385;0.276221263222208;0.44804572073;0.361144174436008;0.172924093735977;1.58057557225971;0.297018358101898;0.935666022613;0.860889031052642;0.401898742509423;7.43279635978887;4.54961286446417;0.00347053519048751;2.37876736553596;0.3128935352878;0.573036640212733;0.145351505028397
1.9866534166541;70.1579538837765;2.18032993074051;2.20176341015269;26.8116635025485;0.741404545261124;0.972909003589032;1.5355802393566;1.2031018841972;0.413691804080135;0.329985871369246;1.24730193460982;1.4567782822599;2.18804676339791;2.16528378242618;1.50688514694856;0.198075529584234;1.43709172576808;-1.65371962959526;0.367546936650675;0.775733644345983;1.85509969434699;-0.353364397718268;-0.125998429354072;2.05660457765695;2.46053102187512;1.84393041721764;1.88960545978471;-0.484923780494216;0.506269857014241;0.910893250590888;0.798134841202019;1.37024518446602;0.850912674272575;1.76058231943593;-1.34256248951696;0.233341375746299;7.51136610037261;3.76132694763826;-0.658107986064575;1.56842824645513;1.10824912250653;0.432928834422743;0.18344070068779
2.04845990342775;76.0779867078531;2.78023433733758;2.83936508167234;34.6204623305626;1.52950640954928;1.35579794219608;2.09550094640846;1.20655370071603;0.89682539948799;0.738951877821428;2.40629298683203;0.380481844526444;1.75184540058332;1.31158565014506;0.527839508619742;0.693810010641262;1.30315571889198;0.635618295080606;0.609142030632197;0.0653465672535091;0.512288199111742;-0.16111504867045;0.695799791580651;2.09542409746916;2.13724890831292;0.468560671593362;1.69965183756359;0.676060168718293;1.10963027893671;1.66756257627849;2.71035073486595;2.53490386926051;0.0939649675469228;0.862492044722341;0.749016440664491;0.303311962072013;7.41531184686195;3.74945399405135;0.670664594904449;-0.345744818707022;-0.591493388370643;0.141255005895686;1.14440062574991
1.78930272921889;77.888672153151;1.90257545861438;2.56516106047049;30.9808090495582;0.943447027929803;1.30958679303163;-0.125038727458249;1.86359196484938;3.33162758220178;1.58955549454629;3.36055260263102;-0.17604896009296;1.72820622239968;0.904737128899621;1.09780250799656;0.741675146423443;1.01224275731835;2.28877558832703;-0.106514534481074;0.600696083215252;1.77344273253946;0.353147830614888;1.86849990204599;1.91816290451968;1.48628746727107;1.03339714305724;1.32500767897302;-0.296571586876091;0.704955302050222;1.24891415119465;1.86182295698334;2.36180398553306;-0.787514066924042;1.25064834091551;2.5023968271903;-0.17495287129108;7.46886393401677;3.00886943827545;0.38877877750446;1.25179339308067;0.00103802813122783;0.00572679396422811;0.0894693047408808
2.42628013397764;74.9630577557771;2.01829370634385;2.49969032824605;33.6716947302404;0.382333362265614;2.03666903697717;1.19858308206938;0.414748695286144;0.112352248824963;1.36894584412284;1.36385648446221;0.783081157752497;2.44636475232686;2.34013218929775;0.901035278361247;0.616747913143639;0.571504951656388;0.178192928707416;1.80721651231927;1.23349211340814;0.962175759024059;-0.108294773346068;0.873143198180669;1.49993621137345;1.45440399130949;2.09865416035097;1.17369749203504;-0.186896127455336;2.13454181575844;2.02694499757783;2.8980001915765;2.88204976253461;0.641154437860442;1.21338801058736;-0.299235762959439;0.0447154427341693;7.39574545171267;4.4868211724879;0.403815722307021;0.613319915061136;0.721316038532343;0.184186616650953;-0.838193996672208
2.25055444568187;71.9345639842131;2.45178557434269;3.13670932142522;33.5483970482357;1.30893135739978;1.36977597160221;1.64204828654958;0.376120179593198;1.02843061063168;0.360436439020103;1.16928309661977;0.339694361855898;0.941849864900798;2.38265561143276;0.46993478134099;0.298769052376241;1.42239621196804;2.0202759048346;1.05429745559754;1.09443644735302;0.881659900759212;0.169666020022584;0.975044538753004;1.37958951866194;2.20860867410574;2.51764690963669;2.12453306963124;0.300532598249094;0.731349339190308;1.49803282811271;2.84322447860101;1.75528144524217;1.94529436812162;2.90473187920994;1.32586692669084;-0.0521733635461755;7.37258612471757;3.5306056204751;0.229730967040509;0.0345592757293661;-0.932549683713154;0.192569291435691;-0.283505240564107
2.67822594667788;76.5460634312127;2.53414040767586;3.10502520028474;32.6717402525599;1.86607684979646;2.18141601866371;2.21512069434169;2.42283041037559;-0.213851213771509;1.67889876867772;1.13732922415992;0.330835044037807;1.3246940839886;0.686950692391136;1.00630524420587;0.112139249696797;0.907588466479875;0.138158486761015;0.708621354799011;0.890947376153271;-0.885031575286368;-0.280173975260047;0.951428130062;1.54988786747615;0.821452306632774;1.11089893111103;1.64144158337047;1.66565793324475;1.75544814865754;0.474585401226074;1.98103756076674;1.39451619573047;0.448245037781488;0.620034855815167;0.458725889597275;-0.370507332543484;6.91319535299107;3.96210962643075;-0.188284659141121;2.20943230495375;-0.622935655305233;-0.214452800408883;0.068464676416396
2.58426394278819;77.5362227796749;2.93465690645823;1.65881933443557;35.099495361509;1.64180340275442;1.70130063216889;0.991458815698282;2.63510939711515;1.29900344892691;1.80651093187236;1.83145575812357;-0.327055418000231;2.0749583840579;1.95453186868794;0.54467083690314;0.635047237972555;-1.27374662165828;2.5854574776149;0.218962625867008;1.46484010282337;1.22911064552839;-0.0871125929712425;1.37575830303224;2.41005022166931;2.15038535706609;1.70712644515211;1.51305405181041;1.0680029373481;1.34489740491673;1.52523509270101;0.891406715319612;1.59980047623061;-1.07999345989876;1.64213582917267;0.884908976070927;-0.0410505323325068;7.04968687482333;5.35958035194596;0.229261782195123;0.315748502502988;-0.070373286503717;-0.105045422544112;0.191351086032771
2.9709957565392;75.7459628182202;2.27637898256752;2.09678403772162;34.4092179853014;1.73267080785581;1.93434184084597;1.20156686216866;0.165746055047124;1.03696968939613;0.921999592964314;1.03526459703799;0.05371368266322;1.37443185209686;1.40239454724447;1.61341910712908;0.34316755072003;0.803673821911872;0.499355869655506;0.404203127425225;0.0107134199275676;1.61514937344533;-0.0292506825495814;1.74130259452721;2.78537898456553;0.417145079504945;3.06406360663344;1.35091039590146;0.454086524515332;0.359081119874457;-0.805006895893766;2.48487310076609;1.91634870169588;0.436843967218437;0.62896190493253;2.75720268432855;-0.125222707764472;7.26149130726026;4.29638437761635;0.187499629718336;-0.175327614229432;0.84628515430881;0.146480055078441;0.135787112481533
2.55150833204609;76.6481237001506;2.80185471112938;2.22571310672254;31.7202192174468;1.08742314344097;2.43058354567627;1.79163784531481;-0.452596488490725;1.86603770600116;-0.204273253674833;0.918450244214867;0.187846270809333;2.3743216843667;0.387884054051139;0.114627001805894;0.497252064838563;1.41431646659338;2.05183638752515;-0.694946559171991;-0.507003193071984;0.979844760400199;0.0536419201077178;1.67521269070438;1.21930822978155;1.45074303210155;2.84091687262638;1.17893625098163;-0.381215474138944;0.198606672594629;0.0571206622566042;1.33431369214566;1.2265871190764;-0.0422705582419129;1.94175457911985;2.81692990100679;-0.204712956024421;7.24484527344697;3.92414542883235;0.0954848522597388;0.0955590238289509;0.609722800230302;-0.0184092999398936;-0.479816373256326
2.31648315104794;71.7005157353064;2.70294242655898;3.03274733384184;30.9963772845956;0.722290617781317;1.48541127357283;0.922780367041602;1.12955777444273;0.963042875761306;0.674873419146919;1.99059273703576;-0.238442777117877;1.19948316191188;2.92436523981237;-0.91923159338334;-0.321053589460427;-0.380055567341579;1.45247750465858;0.576277128545379;0.57419043864814;-0.682234278881962;0.240838019198805;0.991545997712789;0.806707368935962;1.7348896488711;1.98146281439285;1.62404049460372;1.53103630675123;2.60616592580564;1.90301366891825;0.332322085278676;0.203094433899048;0.251610171739718;1.17599896073578;1.8491006895158;-0.536297998082039;7.59345627515147;5.48066301826658;0.170757507261115;-0.80994509455024;0.746078074823114;-0.143399212820051;0.368435143320604
2.78900136256145;72.6856584538391;2.81672214374533;2.86937891433731;32.0761371664286;1.57636560986615;1.26946478948384;0.518910917548732;0.482323681780587;1.34280970424755;1.3996561553239;1.23036439084625;0.49679770295657;0.921812704220857;3.62067988931887;2.8372138906229;1.0618305222781;0.202300872564925;2.76668316462899;0.12703447433016;1.20054802333372;0.0773637665725213;0.0324372905232237;1.84316089196085;0.342648197311277;0.97351514646718;1.52566458307752;0.705973576689785;0.925874450142198;2.06044911146217;-2.09244992192238;2.1952314969156;2.43643489456662;0.967726129269868;1.79940455548583;-0.280847734685487;0.0818437084911252;7.75455742147063;5.29796480073576;-0.0162929360905253;0.509873179132661;0.101062668471958;0.392044473300619;0.737413837925823
1.77539570551873;75.4849176269348;1.57253353956605;1.14181273477642;34.3614678859878;0.526222490817103;1.19614077296236;1.99820799362776;0.782005714641416;0.0929585100069688;0.0509802266840942;1.8810043888219;0.633728278911003;3.21846294571919;1.51511299442571;-0.119649500359939;0.0173813141619332;2.48841836014362;1.60210462208911;0.171425251221207;0.109290473496515;0.654623369775776;-0.450869265942692;4.34996464935532;2.62693349873322;0.557231951394017;1.02932823528566;1.84292598312418;0.764762741585493;0.837678438593923;2.39308458667704;2.02277346345457;1.48489214768088;0.561537698206557;-0.272492054826089;0.520293934802595;-0.418296799883123;7.59032168416664;4.69589284838904;0.228291965008634;0.451396077281969;-0.84424034520763;-0.259778694278259;0.13985036045803
2.60091585970056;78.7399320163565;3.08176679517379;3.13303927185968;30.9775229210247;3.72648581839613;1.8618406444088;1.00871697106281;0.892308748960405;0.964482532741821;2.8991103254721;2.5997715114763;-0.105759129179617;2.38665793729562;2.08946531681369;1.24162312623382;0.491973545328089;-0.812320556146864;-0.029615775403071;0.213343967256728;-0.255527010323952;1.97626658190361;0.717117907718214;1.35098719639551;1.1069196664825;4.23270713066645;2.575782056232;1.06693735156888;-0.0176796125330226;-0.882866656350564;0.137304350815532;0.849176146765125;1.15603766410716;-0.0712028709224855;2.33949495352756;1.74856005320874;0.438069303669371;8.17646235086381;5.2335855470254;0.262186917270476;0.467069184509531;0.820592530127356;0.444058335103448;-0.253922261021106
2.81533530658362;79.1781974678273;2.90648112736199;3.26091884385078;32.8215962093167;0.955749940566892;1.13293387164061;1.02566704291139;-0.579627916215743;0.622942346244934;0.0580560718911575;1.66268228825394;-0.362114027098763;2.64876366817872;0.923599489612177;-0.164860613757219;-0.00648191805215526;-0.741423731121358;0.727740919820784;1.32796276272087;-0.238585058247733;1.89999951614854;-0.108928476989862;3.74355602301583;1.62761894052015;3.19457067302464;2.76309853248304;2.61913847294047;-0.243790542469439;-0.319803825049153;1.11360921471981;2.67305919972698;1.39434373473757;0.189618805895489;1.02121094109322;0.85915672969098;-0.235678083867132;7.37968632390009;4.75630176698499;0.879964274685631;0.844205728322939;0.431648070146705;0.163044796577596;1.00118547621898
2.5046864652248;83.9169115729437;2.25497824009043;2.42945300926437;31.5158497085908;1.14798231125427;1.9760779869418;1.97371480464431;-0.836323761279241;1.09478919570403;2.14010591946416;1.44919384422376;0.290131406304824;-0.577311202552647;3.16241937331911;0.87686368865454;-1.61308476963133;-0.659339523360314;0.991584143413504;-0.0158646785080235;-0.00403070758741328;-0.0721967397531732;0.247238353568957;1.4839428637958;0.637956266866639;1.49769631227366;1.60533295938686;2.45366867165695;1.35490905458954;1.06369687309776;1.81965491555801;-0.0250481224124523;1.61477672974701;-0.536275923245331;1.13818377943203;0.499111459438288;0.00937011670891448;7.80074553551228;4.30962539505064;0.401604038487068;-0.113102323030034;0.619921920824122;0.124530641100882;0.667539336407231
2.2409889281112;70.5648859175522;2.08412356482497;0.339213943267032;30.7170323829246;0.649601681425283;1.69390067464341;2.36438459226105;-1.31546487711141;0.690678290416861;-1.1719865352359;1.24131705528786;1.12143592187293;1.95222342552232;2.23152436025047;0.0348339866785594;0.910552561737445;0.164155973466653;1.16723608349735;0.825428035592917;-0.240804361022811;1.36278710263193;-0.178757717278087;2.15745610324676;1.53718957362174;1.41338932937239;1.64488810995959;2.10883214862295;0.166563361170191;1.6286282030595;2.37237425061194;3.06523105046897;1.30689166496071;-0.544925391314765;0.879078395819384;0.756013031142219;0.108105319930103;6.73794643825067;3.0040338370993;0.178871763633097;-0.622250749694843;-0.33585070734082;-0.244477783610152;0.108569638417959
2.55670907540861;75.2752883492919;2.43736241344925;3.92640880906756;32.0868589958686;1.14638866708238;1.61921601608;1.33250711367466;-0.254785383035074;-0.248498777710499;1.16055419173843;1.73036691274289;-1.09681308966104;1.31457602918927;1.66423337914141;1.43361018216659;-0.002202727395332;0.106945742521712;2.78451645917337;-0.0151893093519807;0.699456524898245;0.43866430295784;0.187598580993231;1.10941919318656;2.36192331824689;1.20237278446174;2.25659802844957;0.271832781414242;0.552784849842155;0.377222816493204;1.98559487301422;1.87413184063133;2.04962527596327;0.0150132806392858;0.989000433891711;0.604847186519952;0.00517373502785824;7.51374470733332;4.42806558378413;-0.0304852739692132;0.69197937724172;0.117403195994452;0.260637215320987;-0.331668412912588
2.25631170579661;75.2009447365466;1.82061109956548;2.53145845797035;30.1686614887933;0.713138174908176;2.01746953707111;2.17499979585079;0.30572078657364;0.342542281974919;0.951485868487582;0.820204867272413;0.05665542421029;0.927743445145247;2.66517252615357;1.04668646260578;-0.84412308632168;-0.942197808908013;0.0118007289640549;0.842519561940163;1.45533600446009;0.279983819190073;0.442395423329923;0.693982634224471;1.1969933150629;1.65508720353745;2.61398790117181;1.76433495840363;0.15632591374858;1.61424217334306;3.68240985531349;0.415913318057405;1.92738308191464;-0.215498321618223;2.02194969188354;-0.39172104454585;0.0884992264971857;6.89807532539569;3.58817479690085;-0.642289310804795;0.0079629386454681;-0.329564451408261;-0.0261007876276863;-0.0512804176522466
2.95924594839563;69.6941318109175;1.90258165349482;2.05574370213131;34.6579785582133;0.566328359409294;2.62216025898132;1.20032632870339;0.561079314054055;0.789187203509444;1.68799263312274;1.9628138664485;0.0767159032981245;1.94599072922115;2.58172251969995;-0.254992187097822;0.590932279574226;0.834643065766967;0.441717104229375;-0.476013062300039;-0.192586642513898;1.53377376970267;0.0149428367870642;3.35601637714;0.836520778687985;2.51116841239808;1.50845475046592;1.93631213287937;1.63284552882057;-0.00171565160560072;-0.344800651192317;-0.219376802381862;1.42674821329273;0.519022539176012;0.892911104368304;0.0643563412459704;0.225420034289686;7.35558089283083;4.39394263983087;-0.269747061020394;0.464562741239416;-0.105536764053417;0.252700746724136;-0.382374982093852
2.3362633631712;71.1057576440771;3.06319619935684;1.64682547890536;28.611210393417;-0.1394947436455;2.2173530483681;1.55251509746214;2.01218443707438;2.63692267322911;2.67716651098721;1.71952546003221;0.540190450000997;0.811163518634402;0.622479303597221;-0.294049600179932;1.17297474184167;1.10444964987295;2.47824283012522;1.55023764002466;0.5732371040074;1.1955027408332;0.217770407924578;0.745922721427915;2.29271771222595;1.56005447365915;0.389438246537919;2.43167531575447;0.903066271658408;0.405056358420255;0.0836060449887711;0.265880980454497;2.51296670078147;0.753737513073836;0.924540120960451;0.720467014717763;0.0605531159900168;7.33039372142749;2.74760101281005;1.48354446158305;1.16849012875557;-0.532189088772303;0.204613941357238;-0.299126958568136
2.14091318995316;79.4415578979135;2.1746902569335;2.24175209220824;36.1807363534553;0.438789436120979;1.37627337381468;2.1378958581228;1.32635648857857;1.67704028480987;1.3799916947884;1.68562812753473;0.865530011055307;2.51546095313673;1.64493238928155;3.26288240915796;-0.0768058285624527;-0.114949708812215;-0.29911200448363;0.0802752665199541;0.535695233800291;1.22717523621088;-0.353915429390865;0.911064360947592;1.98970659552422;0.940574947307541;1.85248829320899;1.49926300960771;1.10430819670537;1.35733858297246;0.0825280376590279;1.30038366837297;2.42515037468598;1.15430799348568;1.89340097418656;0.369873465905228;0.0899110053594197;6.9926630364095;2.11288804707163;0.0711235955121176;-0.837324071923136;-0.155693066877867;0.101797553262369;0.027403050840546
2.60549629250995;79.2401234085406;2.52381319445621;2.18261432378502;33.0750985904808;2.19591562964121;3.62048268899827;2.20642008711679;-0.367154433068161;-0.70985234113053;-1.48008206033417;2.11184159129954;0.024168894839083;2.63156605241314;0.951628820005396;0.875884711028522;0.539070898375893;-0.305471895552758;0.747939401834934;-0.460959216414006;0.455458971615551;0.350850556442911;0.0561951968631038;0.998734536850486;0.248148923879724;2.17031033180246;1.49611403811871;1.74908301277486;0.802278885417917;1.48360610020002;2.34961777361806;0.808174954844976;2.63816480519431;-1.8303351300171;0.542242625901838;-0.00352958236876799;0.215983453277745;6.60890192454066;3.58095342775018;0.331002716736814;0.283932838876132;0.491903292784258;0.484302091324985;-0.819459763702417
2.37329603987149;78.753290880709;2.64434674348164;1.95988651539736;33.7518159173558;1.36633974419666;3.24599158452882;0.849542905033092;0.354398046277951;0.460292125576283;1.50881550314653;2.11828544702086;0.276358789414046;2.78168629068492;1.75487252005822;0.220512160705013;0.601048691816167;-0.218548323617306;1.88565026168139;-1.22364872769219;-0.310624005446142;1.90923979137981;0.452607806080917;1.14424632336767;1.65291063562074;2.33479484549877;2.25090343803149;1.16761684354222;2.43746810535011;0.34514175856967;1.39701548174128;0.313162424504953;2.05006213468786;0.741938806709078;0.953731206243998;0.723002141382921;-0.0960980735110134;7.21941623545966;4.69231038952451;0.560405383291987;-0.145868789470439;0.26927158019958;-0.155891685696504;-0.376629538301999
2.54936704635451;75.9763756115692;3.04150102848013;2.9657288428918;28.7562920600995;1.70651564511423;1.06334436817945;2.50677901940789;0.779371649096923;-0.156410805541492;0.941920240473075;2.24221491860606;0.922376417234036;2.62821146889487;-0.00256961470777539;-0.674064367585627;2.25849033945439;0.898737101290751;1.30788406062641;0.940001795317157;0.782003551441307;-0.141111704480223;0.134319183771601;1.07432645699712;0.764974649748197;0.985156644301344;1.74158823821507;2.3955173289371;0.171058983011845;1.86847053399724;0.655456913057541;1.41868911081805;1.51732781164541;-0.000550457758980522;1.63239088422138;1.45853374191736;0.257472436411486;7.40851111194847;5.56319397714144;0.819988730744883;-0.985975884181611;0.364617633393949;-0.107236581242519;-0.0584569485870569
2.18406274485365;74.8189383508381;2.31245563866504;3.56619590448931;38.629731567381;0.321772214088061;1.51709855026357;1.43255411518994;1.2778343942236;-0.0755592674092289;0.535562381480952;1.63227010554429;-0.947461602411328;2.01474194636087;2.62384265866327;-1.00668207498831;-0.513672951842076;-0.279893401565928;1.26811148699866;0.351367191659639;0.135455268071345;2.43789721971914;-0.445579424332305;-0.775877503931832;2.38511157611485;0.503152398523112;2.94815017137528;1.33396679924413;0.376670091211598;1.78939142095813;1.90772221095013;1.75215886388147;3.38915574143818;0.169629012168284;1.68690628815582;-0.965797959611132;-0.0733273967053155;6.25080625755646;4.85103215854018;-1.23028613386645;0.925754885901811;0.514246467241027;0.498340559083836;0.00762038550452532
2.11688964481073;80.917988529709;2.55595344475614;2.38797455398165;29.6812698666155;1.80709503403837;2.12102377619354;1.71289361394351;1.00025172910144;1.07393452212463;2.10343010061534;1.50262402391426;1.54510335582362;2.79336314441733;-0.604134011416054;1.3217496595568;-0.0921767868799961;-1.19279874054964;-0.118530897126622;0.999161745214305;1.40287824873052;0.438666678726283;0.0504394465785592;1.52792428909878;2.78036961000357;0.954571364301066;1.84184900537736;2.23591367805381;-0.532383895770718;0.768632508465352;0.566436797380023;1.2146322740787;2.59109504720553;-0.362379089812958;2.51854346634776;2.17128334577363;0.365509221360978;7.67840523483815;2.16517984512106;0.704545297068495;-0.25263207783125;0.478293273898362;-0.216866149759326;-0.601434835069223
2.76722594295643;73.7867302143968;1.87463347594852;3.08401016787203;35.4780399875555;1.19406367871967;0.845314539925504;2.9039139535758;0.66269974452886;2.28898857384907;1.93537248306093;3.20124997594671;-1.04416199367103;2.40353699920166;1.75585005551198;-0.757362156347555;-0.765870832845638;0.915919024303887;0.476944852062856;0.630336545483752;0.915319825433035;0.44226942199472;0.105433206021844;0.0636600815484551;2.34112448536906;1.44917801639359;1.61406965665165;1.24414114810467;0.343583996432479;1.94203644147571;1.87326663217619;1.82957915289223;0.924974063360794;0.123945637729393;0.0722544663217268;1.07848309779079;0.428544928420087;7.30651855129901;4.06524589543155;0.00121739300013049;-0.2845638777476;-0.907041521308662;0.265932770567352;0.503134243805115
2.45143353137625;78.7762407406906;2.21998573413631;1.7533982351194;23.2524880304443;1.94778332150423;1.87519125978298;0.619191163630382;0.248918331073502;1.96630484629403;1.47122594844798;1.27575746723655;0.696113635863616;2.43737893310255;2.81696303461283;0.943655441814308;0.411722452926877;1.5158105029779;1.29308463763675;-0.590086813533419;1.07786541025349;3.92377976516825;-0.704781781578951;0.482806224408217;1.73367692321085;1.72384627574927;2.1351985410104;1.7858938472405;0.278785561040449;1.21331947704671;0.913510360283798;2.40200500677228;2.70216088677602;0.22503703578138;2.06534636330776;-0.544580294977394;0.215004792765516;7.75510793827981;4.39256574944071;0.806471281944252;0.375905891992666;1.08390135518981;0.175307446869551;-0.0711384231098632
2.7716491481043;75.0585884386668;2.40840084977959;2.63070522678026;34.4136090720608;2.64794044047306;1.53630212938399;1.62545374693166;0.50921238874095;2.76537512905534;1.1934981152142;2.25259406218858;0.698946552168917;1.99125302613586;0.0442744704249924;0.131130448166346;-0.351377666707543;1.1483034363175;2.11506391187648;0.576096511195861;1.39992996205655;-0.25802719667795;0.603587865419397;1.77351543145067;0.931189607552121;1.5970926762094;2.033250922015;0.964828552207522;0.394158457047178;2.59978402173148;0.958039369152147;1.02557634173699;0.844083948117268;1.77596848865584;1.46701151222366;0.827227387816568;0.0645472034544693;6.99622566765186;5.00924609854235;1.62784231005817;0.131954164714447;-0.515549241168294;0.0161448215159604;0.138549916449189
2.55606962482294;77.8006291662632;1.71045963511277;2.91321857599527;34.8993939240532;1.81175099858393;0.761102854272163;0.857584851817317;0.775620862913175;1.2985285069366;0.904031813511655;1.52032708498431;1.74460978384451;1.51692729670534;2.19666443335606;1.06777562400632;-0.307304901669978;-0.163974560130619;-0.0622848736635309;1.35410370121426;-0.337714196996736;2.24922255043713;-0.113323465756479;2.40610333978453;1.32214626830993;2.01865057116781;0.810325316273839;1.04063089996083;0.875525474961282;0.725837040286155;0.28861322825697;1.77124985312584;1.40148772437782;1.12196635783501;0.676511960383378;0.530942350739269;0.456683214654831;6.8189893217797;3.68231160588743;-0.127581955486437;0.696743086264011;0.687201820973414;0.189007714266579;1.23019053577536
2.39318166300981;72.8621081956054;1.31260845006751;1.18849424935772;36.2199820590737;1.73452002027334;1.29348685403454;1.43565555503341;2.40175967716868;1.10729229270032;1.29276116730959;2.16203219554965;0.19327500350565;1.30180410395865;1.94784978649183;0.0363923077820115;0.498571571267659;-0.0916119724747656;1.53040038709499;1.28192698897796;0.179103552173814;2.16647376795784;0.177354037984535;1.10346753937816;1.73267185602962;2.6422925555972;1.43366361166873;2.09416302188603;0.0621870367060165;0.490732354672414;2.05639698595427;1.29419047032953;2.87334487615618;0.0413471189348939;1.68994687792739;1.18446411598121;0.285157351016787;7.6801642165848;3.61252826259678;0.519057970009805;0.390337886266771;-0.451467513894492;-0.0785940952318159;0.215600590556117
2.69478353590959;82.1926215995201;2.70444210558194;0.605890435535391;33.2844089224379;1.65186554421301;2.82502627614359;1.60882683772082;0.26308248650865;-0.104530217331944;1.06604274825097;2.44898803037154;-0.0390750100742612;0.793316182784997;3.1704093613835;0.869535070568912;0.200102613890323;-0.494183589485832;0.823292705532253;0.476198715855222;-0.622496153414517;0.133385015609521;0.248950702599918;1.23748812317389;1.93809627771461;1.48267431192746;2.69658650494757;1.3078559784612;0.560330661423761;0.911422411160553;1.82317269194767;0.0298804098697173;2.68567005914355;0.361705776423424;2.22671110201921;1.11064719329414;-0.014359568636189;7.68721322412578;3.67031322054907;0.1348656889466;1.39109068723401;-0.263229664522906;0.251902308557836;-0.345768967996633
2.18337637597463;73.472139232277;3.10536510452955;2.41046470730873;30.806950560787;0.707870181081464;1.49651687080388;1.76671758443782;-0.0698980418288149;0.262819744444691;-0.614319924352435;2.0046030503242;0.552235396826248;3.35494190110981;1.1562114739249;2.24406673712929;0.1097899942321;0.377875802771561;0.305908141020383;1.11433876779455;-0.151471416890663;-0.0727484475168445;-0.173144985814815;1.14082617513919;2.08517045191106;0.343431740309977;1.18697077449535;1.53424381956716;0.651215292214277;1.40327463753776;-0.01246055794238;0.44174015707254;1.9422519909859;0.875273535261037;1.88317095864173;1.01013584522714;0.124653676064738;7.7351079767037;4.22652580307237;0.576507252067393;0.008414434414653;0.72292181213442;0.429947197203717;0.132506013463133
3.26366996914099;82.5977990160072;3.08265512920634;2.95363101719648;31.2139728818421;3.10252091041404;2.02002176393559;1.98480563644769;1.87780192999862;0.214487431842368;1.94892281342834;1.89420417593529;0.557260803763663;-0.244468398911441;1.37125370893614;0.938832750592971;-0.597545379910161;0.38952064925156;1.86461955109592;-0.370674665157115;0.914214669839343;1.21296064831799;-0.0956797253682364;1.41516614068744;1.74963482749417;1.1981856046752;0.797070178284119;2.07574292068352;-0.970012685664501;0.276468830986737;0.660557746281583;1.68736347124766;1.71940360603857;-0.510582677040792;0.555622469343532;1.75694240532923;-0.283558855418544;7.80100137989639;3.84371737122821;-0.658053404068584;0.805633008398874;0.407011281943944;0.296459025529354;0.616293884517995
2.23172463882392;79.043444202893;1.96776041394659;2.11765942505624;34.822817329647;0.79085406671596;2.21884207076474;0.397336325008339;0.738662381170029;1.26719195215628;1.24861068243039;2.14884204026691;0.0360364693802171;1.22666615714625;1.21043326324879;0.514381126232076;-0.652930588858168;-0.146355080897218;0.162114372168763;1.00398005771577;0.708031699186742;-0.300147481833544;0.16982976857128;2.52465091989166;2.1438703374512;2.11471726119396;1.97967477979697;1.55090460229776;0.341794222970212;0.226204823624389;0.331199320627662;1.983309366417;1.76108359586262;-0.723261326456765;0.420173252547864;0.964135614715145;-0.585220786876891;6.81999605167484;5.57411993214236;1.34428759909878;-0.504723243596904;0.224607764610873;0.00619861010369348;0.636381841294761
3.17840386891776;82.7057359226884;2.86423374396669;1.41527091093827;33.2455635702484;2.69209134405004;1.39133967667213;1.38873524526427;2.01080860974149;3.30422166818508;1.23042213393731;1.7786776643889;0.0932665197335079;0.265228111850592;0.798260538507677;1.3244880248201;0.611769132421541;-0.209607115013723;2.67666381923939;0.335930642719645;-0.405090699807592;1.19871464724088;0.00513210540081702;0.77283165093296;1.94042372814592;3.04287677993567;1.98894997103267;1.98608980859557;-0.573708369292635;2.25724655778826;1.19335383598087;1.58300782594377;3.03750137762045;0.790042442628313;0.996482544844458;0.787358477814063;-0.278537601375092;7.32386607498723;2.99435538607365;-0.285701669040156;0.16908705229675;0.0929068569944103;-0.0878305142198353;-0.579128033502417
2.77758663355872;77.3872216246772;2.42744002389142;3.47150162829706;32.0975171884639;1.25536343407226;2.01126707615453;0.0284550725868089;-0.276147023585267;2.44478181965222;0.620610174904543;1.79708378403261;-0.158441843426917;0.919585420799586;2.47689016343265;1.83599699474021;0.834371238722514;0.615954033281406;1.6174270814351;-0.330467706159816;1.01093632952118;1.12076614794481;0.351457797707966;3.5586204893077;2.71517865112336;2.74354074428104;1.94910659545158;1.70978407114291;-0.711750818109402;1.6604453981146;0.774570120453152;1.75288747200274;1.77401647633123;0.167048256217019;1.86042940678248;-0.802543866194565;-0.484749394815754;7.44123692310066;4.45130485363964;1.35945002266767;3.64282493098736;0.323922790646677;0.178441045364701;0.447437009839409
2.30014128630355;81.5584353374825;2.75787296644378;1.56609501284296;27.3188750084809;1.32498010941522;2.30075307967991;0.141092221822961;0.411389102527633;1.89858342764365;0.498171939154929;1.20359425636871;0.211655357036823;4.05771246814066;1.36092175991793;0.334715277021666;0.553682971973399;-0.401025958413398;2.97013881166047;0.633081238974596;-0.568237852846213;1.06201830591278;-0.263839998926791;0.978909983257778;1.84283374547342;0.824463369184901;2.64201921376131;2.16548849964355;-0.519842329943512;-2.30122696695816;0.83806742631864;-0.39835021066149;1.48800500650698;1.83405474297807;-0.777414263217121;0.0858146486487014;-0.108289770631044;6.72623110620318;4.96124205286379;-0.637993613611238;0.856843796555271;0.526979443240402;-0.380842629434451;0.310782857220141
2.7753427319875;74.2154417758449;1.94844521244509;2.69923495358517;34.8455029229392;1.17032697674419;3.42919857804147;2.15527639971987;0.709786453097954;0.983383982602002;0.89741639203307;0.945586276596167;1.61317887505339;2.0285027226281;1.17376305471789;-0.377766022513256;0.171318467577929;0.866008008392819;1.06042752209866;1.98973264137085;0.902012806645654;0.727025823667925;0.347809816980938;2.15148788074009;0.92301789639726;2.26877583571281;2.94737874041917;0.454762819675216;-0.257441477388817;-0.375697244755629;1.25285011664841;2.01922094935834;2.95763518772845;0.112232879189172;0.934498107687502;1.35939142090816;0.264505376373111;7.10581340145631;4.4105676694575;-0.440142989936935;1.94210999569374;0.0945915608983725;-0.371909912955673;-0.641848591449687
2.26962322249077;77.4813462396947;2.10423561666893;0.952772824109843;32.8210673533357;1.49649646301682;1.145812136624;1.23007758606278;0.687962773452733;1.25745979485715;-0.645700543499337;2.3204825798163;-0.0142985365502235;2.44083405621511;1.82396488343126;0.528047771688568;0.6972951709342;0.262376057587359;1.19090160919284;1.73743090622161;0.645520908800532;1.3318784305082;-0.034282014311349;1.28797131383231;2.01994528584362;1.59626423258419;1.59827837346438;1.44095910205256;-0.357242236476426;1.52307447694754;0.426843422349665;0.943861478689854;2.55726795758097;1.27804110926662;1.10703250918936;2.27138235845228;0.250173203611003;7.45535233648819;4.77731213034314;0.792565499578582;-0.778502852070097;0.533233343660411;0.065287754482596;0.618102774546531
2.07782045261824;73.8335912595338;2.50743810690734;1.66378925253424;37.6589454715656;-0.0439421671873594;0.541553574921992;1.75196468552458;0.633933545930878;1.48706817074827;2.15905061321288;2.1738430460675;0.12245256588303;3.26532881729841;1.76411826482976;-0.155987259916839;-0.100135015106422;1.0147500581515;0.231276484812567;-0.629581388484035;1.50428838990004;1.22209341654518;-0.140313656502234;-0.461261237843721;1.34086479088083;0.990321094563619;2.32029608931064;2.07458278600408;0.53023428546278;0.4240384736806;0.96751749832654;1.0829195553946;0.748031924447387;1.23133920166112;1.83842447021103;-0.220132118196446;0.0139029973677903;7.79006791073745;4.40219468975076;-1.06173756660965;-0.0542150853990552;0.673168309592594;0.328622261838122;0.938119467432856
1.85593704943714;75.3643632403558;2.10146734432938;1.97772102721807;32.681501596398;1.02446410234167;2.7889510751653;1.33641011925121;-0.725597358613497;0.232912373566703;0.559658804249879;1.1125850453228;-0.201081787617267;2.41836103119486;2.48311499986758;0.444860043930224;-0.281336147295405;0.0771519850613162;-0.376025154947693;0.637261321931841;0.185623148885972;1.00900273183376;0.322359160017558;0.718313568218236;2.12601388059407;2.06732656554321;1.1842806501414;1.57979029891908;0.300909723951427;0.570426264458328;1.95027984803192;1.4902320724509;1.72439225873922;0.0820701751156584;0.56820053427238;2.59180238349027;0.365944804314266;7.10587243265703;2.27566655771369;1.55252848364547;-0.328978297268121;-0.392231459710368;0.631197969349133;-0.136231938499622
2.01677985068389;70.0282841900655;2.35232909099938;1.50717170805166;31.4978423727464;0.607945399344086;1.39083592337755;1.36026553285718;-0.114937072549849;1.25400754999124;0.609635440825791;0.967713815556548;0.535865112329016;1.22886662639349;3.06727352051911;0.324969378039534;1.37850316752656;0.965049837562725;1.91918989707091;0.843525360423155;0.0387127661038669;0.281279319638892;-0.262609780110003;2.31239239148451;1.99683716892106;2.02944711870982;2.11382606854923;1.7773549132454;-1.03030615236342;1.25003531465858;2.21540012826217;1.96110593532746;1.51191652681294;0.959581152536877;3.25155394338723;-0.992890554893733;0.139266813128916;7.19498031253349;3.65773386072921;-0.348146601681162;0.561538100078115;-0.0783256967577299;-0.108251212488429;0.866989041355818
3.24095009485388;75.2992708103042;2.60846601842957;2.65328782604979;33.0822279554971;1.49430150027587;2.55891697519772;1.60129305629316;1.40390634428882;2.66571926902545;0.914870817186785;2.09674603811619;0.217858162439008;0.943384763948288;1.62737297028655;1.95640562394178;1.05842986745802;1.63135752915316;1.5274151442906;-0.320810414520539;0.578463843011493;0.87114473941838;-0.0445790817148581;2.08075680129421;2.06762450575569;1.63126966795936;1.98074439828755;1.88478094745705;1.35205633696818;1.69011748674037;0.0999847371223378;1.99272489152503;2.69773447427111;1.12423248509309;2.2500235910866;1.22056228889793;0.123175525045454;7.47539858208757;4.13404255622405;-0.254808218805759;0.75818934252326;0.0340496547617364;0.0584470947527565;0.639470474890741
2.38761739878924;72.0542712426816;2.1740618900523;4.60574236338851;32.729275578794;0.173138788192446;0.572743715335394;1.03420966005894;-0.70343239023726;1.77683504729116;2.36890738282564;1.41093783749299;0.129216235186676;1.52170695767014;0.641689446714069;0.972943074370064;-0.412259048518098;0.411911475304409;0.776225742623865;0.826274470559085;-0.169529392415912;1.24050001708144;0.727097642265911;2.47674865421342;2.69261436209627;1.23837231486575;1.31229837675697;0.452058341177474;1.26278046232361;0.118070859354412;1.12247008708139;1.70536188591868;1.074677370663;0.386271918014461;0.142387102810841;-1.34192337063485;-0.14089807958411;6.75532994840011;7.40684620758797;-0.267888471053854;-0.0808193981920887;0.412093070748703;-0.134848658305785;0.250434881286265
2.07762369192438;74.5806416051697;3.02846413059381;1.76099579999528;25.65031318208;1.66016139801438;1.37801877285203;0.26425262117261;-0.189249080526562;1.19237424548601;-0.65771355571174;1.7036959628499;1.07867522391079;1.79235583920427;1.04354178283547;0.364948281597417;0.309660807983861;1.46182534742897;-0.0840914673832953;-0.197735904576491;-0.63756451572956;0.534529205025575;0.0836852027761443;0.228285027340169;0.760622727805465;1.54096240417525;2.14818102244281;1.59768765596703;-0.060946287470005;2.43160140368997;-0.800527924281912;1.05235012257435;1.05765774425197;0.605012786033884;2.51450625748344;1.55100665847742;-0.0218390812308766;7.85573164665568;5.23854563539513;0.357209365982752;1.19845895845114;0.656961028553055;0.0194247466187449;0.359809540209474
3.42712786266977;73.4292586201987;3.05379373162805;2.66539595106632;33.2116874444502;4.61765420268252;2.22737348518114;0.112720017517295;1.9904280783049;2.5339874133849;1.00211305394907;1.86287287770635;0.454653504414336;1.77358563836199;2.07873944698987;-0.346663198331489;0.659675720366788;0.368235000435689;-0.208045444472549;-0.229585268249946;-0.466091920241682;0.89195526942225;-0.0992499508075171;2.42997440793622;1.05505226046368;1.96131913630436;1.28089450640089;1.94660718410969;1.78262253032939;0.711584092505869;0.980553763318819;2.72220376775734;3.07050257283442;-0.180669219921796;-0.0218103619047805;4.00438674549627;0.295188847034074;7.0798127808153;4.95495123995194;-0.343902586854819;0.246459045494152;-0.0407514581426472;0.273589771578896;-0.967173378129892
2.47417694368991;75.4513401407384;2.48776934366903;3.59173467440922;31.1913820718933;2.21721318633091;0.968998747024985;0.294626473311389;-0.203613793312622;-0.403107340721538;1.54637219920302;1.29061547777351;0.898269989009713;2.24578343595482;1.59895204182951;1.87691997121566;0.943122751121708;-0.325190709319374;0.657236674208793;-0.135998798878191;0.518924330964853;1.78037098921087;0.245690696520287;-0.873560057657874;2.14831416497634;0.724509480222044;2.54900575682235;1.30976997896061;-0.0018117021606186;-0.630942977607173;0.241374104249804;1.35876164457416;0.697571253862874;-0.67456762506316;2.03645225961952;-0.993677314304701;0.212562984342097;7.78862392519742;4.25962927272454;-0.32529734958619;1.78269696738509;0.669134573507298;0.351961173553449;0.182956652967808
2.37332457052349;69.9201816543208;2.1676483712438;2.58017841502588;32.4418455176054;1.67006857190954;2.37484782172014;1.97070539799497;2.38622606388904;0.0751070007088115;0.232490960652064;1.5326405287059;-1.00131816320806;2.85737721876158;1.18769121638796;0.214198657515418;1.03861544028407;1.73749496483903;1.58637552827387;0.820857472538963;0.0798521196859564;1.47266202240457;0.357503206248131;1.5411849621453;2.42975212967421;1.26869934312082;1.66769843433423;1.67056132260369;0.850968399532907;1.04785942413542;0.216270053849729;1.95735755899559;2.87597488619738;1.15037404743053;1.57448909742235;2.07571860513052;-0.0392712679840679;7.59777298171597;4.15965550354024;-0.127069400553358;1.12744703929377;0.831985577449811;0.147521242996925;-0.105138444476672
2.69915174457941;75.5039762962712;2.19040336733677;3.68911930735401;34.2935886435212;-0.792475507441809;2.27580154320612;3.25041000750246;-0.368577962423294;1.89433287034175;-0.132085168501809;1.24270871242076;0.698979517039336;1.54824366192323;1.12082767555047;-0.567050406274423;0.418885589280859;0.27027279141201;0.633326875458107;0.631940350013569;0.535309187463844;0.441248643769848;0.0394572927051897;0.939765771672283;0.971915571612157;2.86619239402632;2.0203608317361;1.39997502387974;0.280076899950903;1.47327665190845;0.563306896499505;0.157625391316467;1.35098134088041;0.613305355674511;2.50489537906333;0.427353411916537;0.16941179976622;6.74910167993094;3.52227979674767;-0.67569415495089;0.526621033589006;-0.000595709212012491;0.0607920252082345;0.135153067948557
2.33409508565368;66.9997582783773;1.96384139373161;1.9120291457263;35.0699336837794;2.29729325969493;1.1035159939609;0.453428965078347;-0.203399902065778;0.515838849054237;2.72711209129054;1.24246246824702;0.127239087155898;0.281174938359782;2.15539778858599;-0.767408393026567;0.162030293663242;1.04592353836122;1.83114559956956;-0.89985795667177;0.0347980843685941;1.38460900318054;0.138095310703306;1.80828698261445;0.65742166483712;3.520898477931;1.00200534898479;0.70226828462212;-0.536638992919532;0.687022041825383;0.222378232417798;0.945844067823382;1.79472049388874;0.399267042876869;-0.425827897320016;-0.563915400875569;-0.0336239056449179;6.54840814498557;4.03246161076445;-0.308183251593802;-0.0870783909680359;0.118068117077778;0.564311347469651;-0.00489557044342892
2.16668066600702;70.4928317335243;2.01563854569804;2.94666004844719;31.7902269922295;-0.15971905425124;1.50059215559025;1.99813957369764;2.34390638956181;0.953631367012373;1.55364798110755;1.72390171411304;0.529105870545831;1.84465518989969;2.83883022764582;1.83736360502033;0.220748627944164;1.05349434277781;1.92898161366601;0.12343195264424;0.582385756277167;1.53209998838597;0.196634759138908;0.508354198756866;1.37125967666305;1.74724941451664;1.06424221906551;0.729297041581657;0.0650820316892006;0.640301774503365;-1.16206751349628;2.17651120796939;1.3075886245129;0.847205498350873;0.0679770697028796;-0.672547457012711;0.0641141249830958;7.62531717950048;4.59628243810013;-0.275151939137815;2.2230485671092;-0.185367760420223;-0.199007580857334;0.525715569206572
2.32402298225638;73.95212252605;1.56722652196551;2.39051791790912;38.0938663968823;1.28582778408516;1.33259738568113;1.74304058478605;0.687130552565204;2.58007564859253;0.180464613555371;0.919703483713653;-0.393932363352093;1.24539564487827;1.69395630655712;-0.139770594368278;0.263594452102467;-0.041420481016422;0.348384486961282;0.876978634138687;0.258216373326063;1.34005728593703;0.153238555568741;2.37360127855676;2.25969530666369;-0.208099613339406;2.7331078745446;2.71506509550535;-0.640561993571914;2.06239734951851;0.423754995536458;2.47381750396597;2.70176069024742;0.722284962701052;2.22015075960159;-1.45069064587057;0.432745154340182;6.65829772574988;4.24721991462478;0.701367757240238;-0.198126286805963;-0.290547014831397;0.0759402597224919;0.670606991999193
3.04851039190987;74.9403716373686;2.71523227020884;2.82082124783431;34.7868056541054;2.68970496469613;0.515476318851351;0.641445206320904;1.88812312787087;1.63508895980911;0.569550576310683;2.87250421655805;-0.726437072439075;2.75263586595765;2.2492311854704;-0.22808923377416;-0.841589123160953;-0.909102284505397;0.589533476357379;-0.020056087274228;0.136810000257379;2.03473531447007;-0.0492981582157426;0.62094261211756;0.805365422249691;2.35991698635933;2.12204457466905;1.40654640877598;1.21283082010136;-0.288574214210044;-0.804312803741635;-0.443386868836857;0.367515876335826;-0.49114263329978;0.814254959919394;0.483609709832131;-0.142912832227622;7.10433776223111;4.38220928114698;1.09340721300233;1.30713202339704;0.130467574759177;0.282029756086371;0.482811690475771
3.14760890109075;77.4694606520624;1.97999752472928;1.8889431249779;35.4258969505121;2.6951493809642;1.84908519363938;2.75405505438452;0.219896666748226;0.747804986551087;-0.41884848913119;3.51348695045382;0.156135893633293;2.46269226030603;1.59666354572203;2.03985826311908;0.622529671899919;-0.592606710304075;0.830292227720755;0.572062764082996;0.213081382717355;-1.06725920640145;-0.103483818321764;2.69844936450414;1.74363006530541;0.834855005329381;2.26420167121469;1.55919202787851;-0.0414688988158609;2.01631461951275;1.79713316698712;0.481212493015249;1.5591019860258;-1.04801666802318;0.979046018248228;1.92039656160436;0.416766143892508;8.35288408963012;4.18222797194651;0.039917235521495;0.599332943421537;-0.289277901423777;0.484078488208431;-0.150324645470166
2.32363745498247;73.8143821703888;2.0124191995079;2.9343969031796;35.7509598713562;-0.363809284006529;1.42531013315678;0.0565302735420161;1.880964080401;1.12687724041463;0.78352287516582;1.42288464848447;-0.516097068715423;1.7154275428002;2.1789878866398;0.449624999846945;-0.182193777057953;0.255733014980322;0.873363545146965;0.837563745697021;-0.921907043956274;2.22087187597073;-0.309417001778347;2.74601660792514;1.6452012678755;1.94012506047701;0.327412117591871;1.07055249942058;0.48910094750259;1.76057701054649;1.68241607265365;0.8305429578889;1.97344573783859;0.806380840494829;1.53433842356195;-0.621244686473385;0.0195276956325883;7.23134960029447;5.30221205600825;0.786073947836012;-0.674729402332207;0.761941987741249;-0.450424745002458;-0.0578687889004075
1.61565330240182;79.9194784107743;1.52597427749472;2.08626473960381;29.545211805461;0.650310321597478;1.83451266826408;1.62930376251467;1.59004638653649;0.387526513290311;1.50697681613609;1.72581562851401;0.592716955181946;0.546183792752793;1.9728930318917;1.1760256205994;0.615577002901709;1.6827771730959;1.21829215813926;-0.759911190375297;-0.21585630752774;1.11589939730532;0.188702422567284;1.89288178228125;1.89853363644414;1.90370835933865;2.63533548435386;1.53947071296837;1.45298993175854;2.98294305368119;1.73119273185632;2.03580264064231;2.64547613811074;0.814893366416793;2.34391536858893;0.899734768536504;0.34603117625675;7.15504195294357;3.94645314356106;0.0529285145245585;-0.84509763477658;-0.829488424364182;0.255019278792339;0.0958463987879033
2.16909322837511;77.9128963849827;2.95758397695218;2.17909820082062;37.6066569765075;2.24205332219648;0.15047372929824;0.186807050698548;1.76824489805158;-0.0252397944168439;-0.119605449106491;1.25949730108503;0.423499596987931;1.66046723534422;1.65050334889302;1.0909158907582;1.21775896210936;-0.588677425319492;1.08082264782005;1.26043838342663;-0.514971235404267;0.97942895471946;-0.0313636468729353;0.285580242394415;1.11297627172228;2.28573716869138;1.82874639575533;1.07036426603151;1.73796490731819;-0.0387928124971114;0.644363007754151;0.773124444090404;1.30010514179899;-0.167251313082359;0.886252333482933;1.03219264445942;0.0647528168757404;6.70105865198028;3.65767995753307;0.409232218679907;1.29108803779279;0.0717839950614435;-0.197833279986092;0.971633326329167
2.10076528582591;78.3466378501937;2.36196854850327;2.06871447221872;30.8488608133521;1.44719767673723;1.67024760272863;0.0299883427777337;1.44514023745958;-0.0707895754810357;0.670971848530309;1.79845329660264;0.263199810185395;2.44712760420798;-1.58486248083385;-0.281514241233382;0.0370844763807137;1.02476902469876;0.635707173210625;-0.284029505448924;0.376626165590717;0.680683671445496;0.0988877545939876;0.00745101106984428;2.53050507094223;1.20308484531964;1.39373567107021;1.18359618734935;0.798723411618787;1.48025651130109;2.056039973859;1.24962585235443;1.36986416492515;0.41024075488535;1.30550561767578;0.323397636590559;-0.868665794749904;7.15048037580304;4.52977024346003;0.244094937504258;1.97803349405647;0.738150849956438;0.044029618225638;0.227400053689922
3.22928984605912;74.2120977007115;1.75631575724103;3.4173814230972;30.1691202340466;1.77341459557165;0.969834884011104;1.6679622682242;0.0677487150790383;1.57659462669741;-0.0685038696111494;1.50245291918392;1.83589127259019;1.21233387661537;1.93846339707405;0.229713246705544;-0.832023677796867;0.107351035173912;1.58594486518951;0.489675544675058;1.68485323815175;2.05004089179661;0.0972448835157759;1.62755146898228;1.23880413554201;0.0049333245626515;2.67681582478345;2.56266641684525;-0.105159561732215;0.842577894530233;1.20843439452055;0.978449823908771;1.27787217479678;-0.209374797325871;0.917099979975272;0.528090155108232;-0.113189327263021;7.68396393750868;5.6577097360754;-0.185641592437232;1.38030721774809;-0.442300289194276;0.0465215068308021;0.0142847629259749
3.48440072701065;78.8792010055891;2.56623747352807;2.44274097313498;30.7825837979978;2.72347937624052;1.45475482740309;2.27778649595666;0.111951486918301;2.35080433170966;0.71982439655748;1.74459681366165;0.0686110345479094;0.662252181069845;2.0821222130892;2.12008686200937;1.27804967229829;-0.108332770449248;0.237406178323132;0.0631858372127719;0.45237421472744;-0.2068324846611;-0.0479084069085239;0.863810166557095;1.84656280710458;0.925161557341229;2.20225476181891;1.85642989002054;-0.0508685377516542;0.801073716764986;1.16174962864338;0.890137352856841;3.69811728724008;0.527120227025711;1.31415149806053;1.23350139831879;-0.306173108874977;7.62473105857745;2.91214411231436;-0.785289950463395;-0.663161999780803;0.827614711976389;-0.0704759050260529;0.128327519772784
2.31565938137387;80.0906546819015;2.02190615064435;0.949494258306728;35.0479721928543;1.13996039256388;1.69558406422383;2.02497250379269;1.68786456463767;1.01569666800254;0.808500526825235;1.85863194288714;-0.213909285772353;1.56607476034505;0.924581772237475;0.415646980688796;-0.447612335022691;0.87246579823825;0.0614685486135278;0.959082762799495;-1.12894748675868;-0.696416088893375;-0.288713709343504;2.51246917670113;2.02346688258778;0.701295240959285;1.80390031360827;2.48301115211417;-0.870958217698384;0.974296681406537;0.572519255486628;2.83576499562873;1.72394985776771;0.990510558788698;1.05314381029411;2.41864159826376;-0.0524945666477591;7.93956237631816;4.5214415721833;0.908861122254118;-0.980223300749002;0.134892230891537;0.0781376710845035;0.123179386683518
2.84979399610988;78.3387041547223;2.45587388984877;3.4600053864383;32.9832438640141;1.31722989511223;2.22650971471109;1.92327932711724;0.939738931262423;-0.152456739129762;-0.398103201443267;2.50771117545093;0.952052346521071;0.773043692357962;2.81177798038381;1.16982855523794;-1.34173998335184;0.86875373996089;1.63838672779522;0.0344174719020952;0.194999961476173;2.7189746332523;-0.513578217524329;0.769928603265278;0.650273563789181;1.04371870775824;1.98696473765646;0.876720586680901;1.12443099290734;0.410323484328639;0.53901673661435;0.416889078583692;0.702236786740227;1.21332366098609;2.1693515397362;2.32218882037136;0.35452506530666;7.90077472043416;3.28932268861572;0.189032337410156;0.0399312329278061;0.989608657426921;0.033430519844409;-1.24433242873781
2.15131332510717;77.2342817781622;1.56545414756425;3.24121272984144;33.0528561186674;0.728978214119622;-0.0650191409078541;1.66255768916237;-0.76779534344239;2.02495802053199;1.2876937162439;1.470117323936;-1.39606445089733;2.15144503968481;1.33717579551629;0.756366604866654;1.69758027273314;0.623752824190475;2.93076503828165;1.06459075823953;0.120100885958361;1.92996192849125;0.303062796006486;0.239099474886304;1.75253394821105;0.905283356872357;1.86543825986596;0.719660143248334;1.16214660248581;-0.0487078608348962;0.812453584662604;1.67298776652293;2.27500795227684;0.513870373229918;0.0725980349576587;1.5327111227751;0.367165995554814;7.33769825018836;4.70060362313006;0.719928147392671;0.0493374592866291;0.272294052798401;-0.289886795771866;0.331669023497151
2.22051300650877;77.9572672517219;2.27623485253086;2.49796671706045;26.7835795926173;2.72959071350001;1.94736794734672;1.30243330173441;-0.0863983592971519;2.39287187555353;0.378487707803238;1.61348427077302;-1.11984961304017;1.94190157496914;0.28007428648318;1.07032199854316;-0.183045447078395;0.629637951595192;2.2610113152921;0.217683413865571;0.561215008471291;2.29871631496271;0.395694547318962;2.17110232019727;1.25257286717596;2.87806212254968;2.33636710327434;2.55157765621917;-0.4946475846891;2.18952964507344;0.957428605481846;2.10506231644324;2.49319489774642;0.865682878342201;1.19094893232194;0.299639453807501;0.15274512490636;7.2928568460905;3.25586944911082;0.289882338952114;0.139837704118886;1.06447294944514;0.485734390390787;-0.205178277588419
3.2773580901152;78.1246190530945;2.51200712365822;3.66512726338008;29.4958678960881;1.6201136734145;2.26828374296777;1.95384567347594;1.60522649659691;0.811616357153449;0.0221811741492639;2.86729093839206;-0.186694084015694;2.17185606269303;1.30811063781889;1.208271452696;0.10403546070715;0.316290532098012;1.36671400526568;0.757187808002148;0.897431295813777;0.0167341748244335;-0.0606558576364209;0.768723693083154;1.57017439587535;2.08758125125453;2.0914825523221;1.97802633180635;0.249449068128931;0.515205891741737;2.11550658601159;0.123075847738302;1.64673729540622;-0.437887148804988;1.69069343165936;-0.454085638259756;0.24804631770955;7.41701160505939;4.21037823596156;-1.45208611886147;0.967077402170163;0.0868040557779955;-0.0219065475553475;-0.165103267966959
2.11406499769238;77.5532602575514;2.57779623471373;3.14033090083232;28.4086744209862;1.99379431899392;0.62353130144132;0.775472049463412;-0.134396963847134;0.869572761020992;0.707547553751264;1.72276420129258;0.204463722667478;2.10213490653757;1.50944987462744;0.990161110314218;1.27463254318376;-0.403811263424084;1.27127447506596;-0.0850784530185485;-0.54606785547253;0.336355142259363;0.272314290211437;1.00515363702878;1.91454178393202;1.32868054943324;2.55728760791939;2.02736220822711;0.614465114106315;0.800928945453614;1.86214340245756;-0.0499853124362354;1.94835849997991;0.485608690338157;0.535207164028787;0.581840943680965;-0.487800342837156;7.58702955347883;3.97234371045812;0.959882832065616;1.62511945800484;0.126477909144569;0.485869330462031;0.366252236386708
3.37405215578981;73.2359047035132;2.62306668501593;1.65993679872014;29.4010347052125;3.52182555970009;3.24343944028095;2.15885127352853;0.0327378876333461;3.43978458524921;-0.29203881686064;2.21562000967465;0.310276268851979;1.60892069307899;2.55903490412221;0.40869936386819;1.27043108820644;-0.521170392562118;2.44572355021872;1.1293118169227;-0.291398429272065;0.871312667518556;0.00241830801918717;1.62110067740061;1.21632268720846;1.9846478005616;1.87605434135586;3.16962165443427;0.258533517967383;-0.0332453527521821;0.136212258131542;0.136449083668765;1.50965578407967;0.892189104562552;1.4267462661177;2.03999298132653;-0.209662817153017;7.7975328981018;4.21851031040606;-1.08435167574908;0.144967885085741;-0.0479627957529328;0.120834819054694;-0.473071764911698
2.84867428090237;78.3326974461256;3.00664145622629;1.35451116163833;35.6515574495861;3.23561922736661;1.85816633290076;1.40062265617189;0.943247309485101;0.952806005844317;1.43405157935936;1.97848299375048;-0.682218219078444;2.30127533044483;1.75876829045195;0.450539294297895;0.258457465140633;-0.70136855167309;-0.572662123204959;-1.04397293480084;0.642332733275445;1.47353074859999;-0.172345216655207;0.140035512695226;2.40916509971747;1.3829554237245;2.30977342975612;1.70399253847161;0.836240064221576;0.897017902813189;0.223778787212847;0.565484975509065;2.17769561784986;0.179654649484986;2.73792865825194;0.190538460239923;0.23343801202831;7.21852701435902;3.45131287522383;0.821475697137036;0.950774206830909;0.753664004419604;0.880500018830278;0.290881346625924
2.56079397449041;78.0166832296174;2.67220259982935;2.51894710850585;28.7768785118154;0.783817570976775;2.05182855621862;-0.247112349653572;0.0753761798185529;3.08723300271101;1.33003397728962;1.9907181843812;0.648431841052996;2.61462973156114;3.15609719627325;0.662504767046202;0.214164071888623;1.21713139062195;0.906381960540646;0.944300081726965;0.273230596443966;2.82522660820577;0.137350297999315;1.35638213893422;2.42778221627434;2.0223147480428;1.21309477499599;2.27575828954659;0.944626607815194;0.685444035051133;1.69283883840941;1.82511255491057;1.00723254262151;0.574364183094615;1.75982397242535;2.34496680960185;0.0335279849746348;8.40753884955068;2.71352059734198;1.6171373957977;0.484522872603678;0.213269529948844;0.146250437246249;-0.775284411327509
2.27370150163868;78.1121197928472;2.51160094538517;1.59287775545498;26.5491849453663;3.09571277357597;0.406491749255095;2.15071986182873;0.93879281695991;2.6005161241799;1.65139008945701;3.29803346179585;-0.317812914313253;0.60346973458686;2.98664866547483;1.78859855497573;-0.668004274615806;1.32315055597284;2.1237799392195;-0.373563281744303;1.04795347557762;1.60293939372104;-0.252087391640425;1.35232251044374;2.02306980161576;0.501393740280029;0.989737739519693;1.92873914864093;0.666199575695181;2.3163823629858;0.698957390243667;0.787048289011876;1.44176645142662;1.42596407549008;2.30276060685882;2.06272945081685;0.21665176484557;7.74303184385778;3.54710113284225;0.290043085198867;-0.174683672756521;-0.532961990538118;0.388658697353316;0.106005392350828
2.70515677414529;82.7836465699751;1.83592638455802;2.24127811249483;30.6606868986484;0.918863750417946;2.06643409311143;0.884993770882655;2.47135771848089;0.771355889684681;0.7885895353721;0.134430779614246;-0.130368880677576;1.35927154752072;1.40340585898932;1.99351225472592;1.34654621179199;-0.0261720741640659;1.06577133569153;0.164036145576023;0.671971497904391;2.21526078931013;0.124026640784762;3.11976005558614;1.01979214776964;1.57488102287875;1.98397267008581;1.97367027876123;0.179372752732374;0.521592379773705;-0.892643844767317;2.52861610698679;2.04567651085494;0.879719137027363;3.57260060630693;-0.34995099031386;-0.0468231740352541;7.09153857992236;3.59241863698223;0.0961630456653902;0.459522268865935;0.211736599338737;0.00463523509057182;0.540808238891486
2.14767721723369;80.323810450154;2.82316462428739;2.12929847297835;27.1572925706328;2.3197890666854;3.03216302054679;1.01814065247058;1.01872917098772;1.56742794508466;1.42824782151309;2.54495839476261;0.235614933649827;0.978885759694903;0.621663383515758;0.71167096011047;0.817771723120188;0.61177282022984;3.11369444703724;0.939911761869585;-0.371066286432832;1.64274498084503;-0.349655056520467;-0.989891326304151;2.09425813313384;1.51274589609049;1.36122470747533;2.54130378918465;-0.285823428682974;1.08887070979139;2.33171900892049;1.51111745093862;1.21729735674436;-0.210188870043873;1.61238284961188;1.19821770610448;-0.252152160291147;7.95573372027116;4.87862867523873;0.413986773031336;0.380282973025405;0.0993009022425529;-0.059015404705151;0.623574590264279
3.09316072570291;78.476448097471;2.55524579431081;3.48443537103918;33.7383995962837;1.92773714234193;0.749608867378547;0.378445665305719;2.2687001367555;1.30214780466787;0.765344245852543;2.05298978458739;0.606256982068175;2.02916044949724;1.43240216582564;1.03020527379812;-0.0182896903333263;-0.26161964781823;1.8248236496322;-0.491362802305131;0.468667893527436;1.31404754659254;0.0792434239100236;3.60035998809045;2.47789992481729;0.296267930772316;1.6464672385178;1.82413436907608;0.383230930870963;-0.494360039747097;-0.258803592177057;2.06658611077952;1.07570464905106;0.209289850804685;0.55125513623381;0.111625518751205;0.222275059883675;7.20169690306052;3.87063436821929;0.402209404241859;-0.308892019362295;0.312202453592459;0.411690713912803;1.0168425767654
2.20747363508368;82.6945995976238;3.27128297156145;2.75982454327095;35.318106031161;1.09695901426295;1.73191813959223;1.01399717163289;0.541692655475819;0.631938954632375;0.540375170246741;1.55464107698252;1.00297290191602;2.63314389833006;0.617299338730809;1.24303802462954;1.04279118312183;-0.388911405854398;1.59815576553216;0.12627357494155;0.125713144765261;1.42505248034487;-0.105116036091314;1.66784317283855;2.4840524370381;0.839962570755882;1.48059822168596;1.62183379706425;0.210074944841582;-0.33664519741793;0.0358054081650864;1.4788931968627;1.48915292572487;1.26324640593079;0.475345880418372;1.19052513042971;-0.138008263573701;6.5452089769307;3.98960674108254;1.57442949721229;-0.197954115062768;1.01918149453609;0.0222624995392243;-0.567646015863835
2.80850252425143;78.5276834962432;2.13309360042853;1.84142454887793;35.1923997386256;0.388718548882652;3.04284145248334;3.09154775739858;0.786024943036801;1.29917287320036;1.29142815013001;1.28086343373598;1.08804864379267;0.798378455480838;1.48724808347326;-0.100964879702105;-0.371794713286038;0.296161229869689;2.05106055647832;-0.181772674920916;-0.507888077377155;0.0709431142627575;0.259339685611536;1.78094271148124;2.95057812414879;1.90359218920228;2.0044115208903;1.21855759865245;0.309383736262515;1.07880778445832;-0.378864647590117;3.30586233808236;0.945382034778354;0.19374060835837;2.42090680459448;1.26690688062117;0.283192937634449;6.94703242752595;4.18287761780143;-1.21315880521949;0.587585233311456;0.489308628314148;0.168584626227961;-0.245641421477757
2.38096628634753;78.8206020133887;1.87347841764003;1.61578148861639;31.989775288414;0.747911048246385;2.30367175444727;2.07582410285334;-0.164704852495746;2.26855864554793;1.8734772104996;3.26597501227822;0.515512320335076;2.03259339304842;0.999818457954801;0.785259473845643;0.312766123139984;0.715024754580967;3.166434169683;-0.210515514590559;0.234935794401473;0.205685523877596;0.0418112768764507;0.4744878973915;1.7886807559321;1.18936131758217;3.22679971520246;1.03716660115607;0.438878101877699;0.514993482792565;0.13576321543152;1.05963449017459;1.65113796544119;1.08692794047766;1.74278938192753;0.533394774012739;0.496000588209071;7.50775945757829;5.17513701563374;-0.711318124866962;-0.205799067014637;0.298271575502328;-0.0807588475294677;-0.50640640162939
2.18407712707751;78.5800982080138;2.58390011339038;1.1756226328374;27.5141754158239;0.46757454130338;0.703395448202362;1.33993858321745;1.44595082416848;1.41488108028589;0.0182148129162284;1.50150729178702;-1.293775664233;0.610806145899353;1.83680168656081;-0.733775274244055;-0.301715723696591;0.198536058666867;2.85177913846498;0.764787196142069;0.709621167278845;0.576812027990669;-0.0837005307407608;0.801429966511063;1.5239116515982;1.9096321015622;1.66508524193693;1.69855296675278;0.632692936516429;2.29871074337648;2.31086393581574;1.7374800021007;2.07827455154187;0.061884171319899;2.07951211915684;1.76884759214492;0.115377836077715;7.42708633032369;4.77155596983981;0.885447540618319;-0.280345900926404;0.37249432977273;0.133521729665964;0.127009643869538
2.31807897997919;71.6348780250092;2.05538500579542;2.01242193173699;29.7149187977132;2.65746137489483;2.05727008340708;1.18086572835207;0.798267476659082;1.86172101543381;-0.50149618873026;1.190760414965;-0.0730978412828127;1.77972794299314;1.95124464985183;0.27795243875152;0.75414074853536;-0.257835265820735;1.96081522140719;-0.692344820221421;0.724289517102049;0.925122925160903;0.142093219483926;0.165969565585879;2.08017478251959;1.01137685391379;2.12104611725165;1.38706552785586;-0.683152566182626;0.4838098681951;1.51441280986064;0.0715969127106978;1.00883622292151;-0.847690753929773;0.0506741676930882;3.08924777850102;-0.0263936793501426;7.64734418584725;3.1783712614458;-0.125917644354708;1.3236811698993;-0.173391432321935;0.640828125371442;-0.724479629833261
2.48126844449024;77.8902964057941;2.77998686269822;2.04827672752297;33.4753049813282;2.43548840869248;1.76366334316229;0.403469687268165;0.358706009273676;1.76989868380672;0.197386895590717;1.74596143314562;0.00486509774720481;1.11543136725705;0.140360452025839;1.20001073014692;0.978572684326646;-0.0592393291612976;-0.407393752548131;1.11582458463915;1.00118134156717;2.26191218688553;0.28817173215628;0.817449423131163;2.74113622252642;1.42153756132926;2.26036540570634;1.97397931030341;0.637196253369367;0.0700695140204846;1.19908905519245;2.17074047117009;3.07830648213177;-0.941505884358057;1.93375732841545;2.06163333810111;0.230427587284004;6.82580492173676;2.87988118743613;0.720052094440959;0.73304265254033;-0.868169166309195;0.459331743012871;0.265976225921002
2.15820392425957;77.7419247341036;2.14470740376584;1.66732986456942;34.6614739111425;-0.166923989050041;0.821678760978831;1.85998236862096;-1.10328544840557;0.838011569582682;1.25481842941907;2.30169456390486;-1.40801621885437;2.604699341272;2.05522552734474;0.0821002201492247;-0.364507995519005;1.37065637437045;1.85272379353197;-0.470865093353924;-0.289619678200312;1.41629865093236;0.250065069277363;0.489186743275621;0.74952784071032;2.73504625811693;2.83448251284793;1.4765197650901;1.26125444337473;-0.13985493830377;-0.859106666798467;1.05804823033337;1.68068474286833;0.620712799463864;0.85621588357178;-0.165313758332752;0.140949831219839;7.10108891086932;5.12839055868394;-0.618014881048701;-0.0581379879067945;0.564555604484049;0.182798718672321;0.316091818794337
2.45385411594737;82.6094169263939;3.66202604289935;1.59044856367609;26.3313259636136;3.48423163135553;1.27123339577756;0.707805751118338;0.0590706364690904;-0.179394194960955;1.34929893322834;2.68727767989811;-0.0983261965717647;0.18262964002312;2.4161358018565;1.94250032230996;0.465490025403005;1.45899092622474;1.197500706785;-0.609653657245882;-0.000812731546388751;1.18304443632979;-0.190177235873154;0.599716092737552;0.861249021720766;1.63677511155218;2.27877481724638;2.38336859839339;-0.584245558857185;0.351380350867714;0.0984387878781421;3.19714963908768;3.69791381375692;1.28910401044944;1.63435498953562;1.29714206249644;-0.0490221989904308;8.04937635696239;2.79044117798145;0.0776452284466831;-0.379857163435575;0.598482930477708;0.156130918829312;0.0148798927670588
2.04588504210146;81.4682421763647;2.61651394042181;2.54349057295018;33.8551475586524;0.253666234400294;0.679405790982436;1.90150792939618;0.700612904240403;1.40740026400147;1.1064079725483;1.74792600036519;-0.0194325150761631;2.36245277810007;2.51040718298277;-0.11828520339549;0.53684939991444;-0.533309701885924;1.7241598793264;0.411022027162401;-0.0573585006557327;2.8729913718539;0.363153796598079;1.06085965178534;0.643757471419994;0.725548658266107;1.93207464201814;1.63811345620378;0.125493097292356;0.203906840229686;1.4653232573898;-0.366272747913703;0.808110875536879;-1.31392692151455;2.57529692898689;-0.377759016165565;0.566978848961262;7.6764291245448;2.81902167415025;-0.0143830211376434;0.401911257749697;0.850161127124684;-0.0422422768996853;0.485117697922716
2.92518474397616;72.2898977253869;2.7331767758722;1.37773259447589;31.8996204227911;1.43586712833454;3.13793136621922;1.33399610983413;-0.635581576009995;1.49624653287285;1.67437591007997;2.07468237778761;1.19214678307778;1.28899391887092;3.88375663256741;0.276299279609326;0.0872959661489887;-0.424192397271281;1.38234072032359;1.14964093373405;0.499122389215016;1.0635646994535;-0.30006160259256;0.135917343852061;1.79051196332391;1.72473838643306;2.17781510616352;1.52730895539607;0.379407945804893;3.20235704058754;0.0380552897613912;2.32090789149409;2.68297077925001;1.16447595184588;1.90240124994368;0.590507923008212;-0.327703537970435;7.96037214209882;3.63334723205381;0.312476412336429;0.934213725090956;0.0170197252774913;0.195104569794069;-0.490424826544037
2.74883007869735;76.9003991719074;2.85971703039144;2.98114812385689;29.8134821234072;1.50929129957989;1.49951656322671;1.13473227210223;1.67689850526888;0.28417900440334;-1.93806590645891;1.17654538425315;0.821764645348833;2.04834011996489;1.47235617568447;-0.333380988267815;0.465093953011054;0.447144993370652;0.473468213287758;0.848061300066346;0.187512240037516;1.41441005894381;0.641194488076357;0.476861336978936;1.0001052023325;3.37561538953429;1.25129152387465;1.43223787073591;0.425793729786916;-0.238219495471428;1.85883626686454;1.44562406592552;0.803907966132185;0.561417815089316;1.81673821868561;0.450139145321366;-0.21033588767166;6.66804762473716;4.12048193281435;0.0342133492691992;-0.400183814022705;0.899410944668844;0.313942500932878;0.313039473317969
2.89870734067967;77.9012279025771;1.8192195016933;3.29437283454921;30.9706525229188;1.08369510670422;1.63034030172643;1.51423072363174;2.36367624621668;1.14392257668624;2.07197607377222;1.23845844941064;1.11985486984333;0.572454656833884;2.12396098392809;0.1810203297425;-2.10151427623265;0.793300963486722;1.35562792268346;-0.329543466677426;1.14775788927239;1.0783397151381;0.244761871150346;0.880024425696401;1.32069594734898;0.482178681393434;1.54665555466847;1.68398826244487;-0.0789162442071528;-0.332389135217026;2.48423233008612;0.16870882095831;2.47118187222746;-0.132403665415928;0.32638168217688;-0.738866827899797;0.0670139806743368;7.38029571489202;3.77737839122875;0.620315097379413;1.80306073362392;0.196059843338528;0.319728622503987;-0.365524018164351
2.36867511748835;74.7118464371976;2.03983294350582;1.72041578981588;34.8991053661082;1.17651212852443;0.245728984481546;0.0695483954428757;0.00101140389317256;1.31719642092933;1.90830427581283;2.87451716369984;0.159373283926947;0.414214314317127;1.43168945651938;-0.0621817605707883;0.629283106766225;-0.588526206142763;2.74983661455331;0.761382035757981;1.29960228509209;2.43486971973852;-0.0347103874051452;2.46602359331213;2.02464475170607;1.14795058091586;1.96853801049844;1.13725811632923;-0.0832374125452306;0.956087887087954;2.00218600592151;2.1826938378042;0.756018020326126;0.134749235373408;0.617343319089187;0.531013091728873;0.402766088431288;7.1497187289913;5.01272101914442;-0.503287758621532;1.17363738601586;0.901476301607854;0.33731917516516;0.375269356097091
3.26755303368932;74.9643042300823;2.53146237954585;3.12755457891569;27.2798346314188;2.95032209836682;1.65548581849213;1.50097912201867;-0.179582721898855;1.91571492354466;1.77472077185821;2.49829014109667;0.129074327819869;2.64631512890611;0.00447459370694681;1.93882478817871;-0.437837125438182;0.313892369900032;1.09525299402018;-0.548008047889192;0.182059669224045;0.604338887870969;-0.264175702599181;1.26850762608987;1.5267839490676;2.00514844612537;2.45146171720743;2.25694751418149;2.52552090280928;1.24167008663752;-0.255758226281526;0.399780712753405;2.00550535979358;0.0552838376680835;1.07027661025826;2.62141776696051;-0.25048727721973;7.95689448705958;4.24688723169069;-0.808294836760322;0.960259993431376;-0.0391740072485886;0.295840601904177;0.0520036113091739
2.28893519297941;77.4435419357603;1.77137436980208;1.84723749984719;33.8646491661085;0.587168659976491;2.03991854596137;0.720109712613613;-0.697609884579603;1.36774319382197;1.86198569967607;2.25316454305996;0.48787401424698;1.2543954979529;3.0284780659083;1.55366177324359;0.483667289310804;1.1594377757369;0.738047407279512;0.997764148809613;-0.00790395061249669;4.05966127029805;-0.228817268676408;2.51485427022555;2.00037355485244;3.2133723227411;1.2770524433873;2.40380689196955;0.074888319352954;1.12029687647287;1.62516844538194;1.6129464535295;0.731540936155389;0.282378814855211;0.756350862574037;0.769302968568121;-0.0363720721068931;7.02011692715715;2.48558653015497;0.401675868919705;-0.54970167222061;0.546812633336396;-0.00173952548839556;-0.36596506180603
2.75923709963332;80.3140051409043;2.34185643578673;3.95757669519302;32.1113728836561;1.15529950938556;1.18115315883184;2.6981233678406;1.00726010979765;1.00747129787399;0.354589930156156;2.06959536427975;1.13291630815986;2.85664121425288;2.28400466433552;1.92969952357571;0.85748253779538;0.885523615742097;1.5435534144602;-0.296485847776051;0.0269121001713448;1.72232824527058;0.0861813214518214;2.25338292194242;1.44725795636104;2.84179046992437;2.31821575704394;2.29758210161979;1.11828077265133;1.1423476469819;1.31862663786803;0.802337136106915;1.91631191356204;0.983745300623142;2.58280184633616;0.154304611651862;0.317163290458301;7.6541782697338;3.82249401606508;0.918154597320794;1.90025008528069;0.754030851631686;0.302177213680505;0.661592326378442
2.4054815721059;80.7551555346318;2.23217422991345;1.95260248700341;30.612316938863;2.03266106418293;2.66527766385089;0.890026860912359;0.424274432440265;2.59252345805279;-0.859271438487489;2.25245905744729;-0.928611820581801;2.54696880105795;-0.031884603774333;-0.427724493115774;0.257760230800794;0.226425204504079;0.306113791287285;0.676018681963563;-0.335137203955166;2.47844944542338;-0.0282929353961748;0.163285735367109;1.01227090496452;0.928238266100379;1.84483258351953;1.57901487284307;0.443220797380159;1.92989085450225;1.3064613284864;1.99818539619331;2.14817272196657;-0.08534411403387;1.15509024368566;0.487301518862379;0.280313999743364;6.43747255962624;4.1482797124422;0.88723316036838;-0.535675542752683;-0.669722919066238;0.123929879995726;-0.300107683367944
2.36415909318179;86.631100136399;1.90770024440394;1.06312694062419;40.1299671055995;1.14709832048941;0.825573195574649;3.01098057628884;-0.327587308770812;1.99544095322122;0.502130062773109;2.44584462828146;0.244723060386357;1.45339334222553;0.81648306862049;0.271641174081102;-0.878267624692304;-0.329304697372844;1.42288403935455;-0.193926933914202;0.347505473088102;-0.132769849325023;-0.196799034330876;0.992033997896144;1.77168499186431;1.37839065588385;1.46764924069817;3.25067335392867;-0.136223873565172;-1.33175924488872;1.39909807151343;-0.201555998880625;3.11578327577492;-0.48824506129405;2.90048103109312;-1.30946592648003;0.580656492683907;7.63734273558359;4.32938540003072;0.249887412543905;-0.184748099712848;-0.169502728600281;-0.0390205711892919;-0.399974633512865
2.18988897172848;77.4973826661303;2.8740369736356;1.40936986747763;28.9352251817758;1.74504195346361;1.82486047800739;-0.61076942927955;0.324572228091654;0.991592637375442;1.93525939196123;2.3722422358316;1.29744779427643;2.8529157392041;1.75818214028834;-1.89467533007303;-0.958929851444238;-0.307653822980406;2.23990256113984;0.100672414736717;1.31846684650153;1.50469327292612;0.471280192393285;0.64563776089678;1.17126508119296;1.35496995030125;1.85298288389896;1.76130039170726;0.0793277323482496;1.49304473030061;-0.589267095285967;1.23578459378532;1.86238896177131;0.196520338770149;2.60360788098474;0.855060601274425;-0.051374908968877;7.84000931754141;5.02560326519704;0.312853853707642;-0.732417309977283;0.81639535855988;-0.0176089346330336;0.878271456044721
2.20753311233314;73.6359372617307;2.34644968551034;1.50328261306309;36.2751715078619;1.05136473588782;1.32607270666375;0.79142833673063;1.53874425948309;0.456289061281428;0.580738926965988;1.20468828739484;-0.202978928866508;2.22657301967645;1.02818306686874;0.440484815887392;0.411179698156228;-0.646891922273222;1.55570849561558;0.152293242161511;-0.87772565927858;1.29027864075089;0.0164954035257548;1.3802735825547;2.23854860718968;2.40162649625929;1.37773234773258;3.37027121714898;-0.777447706066752;0.117467606597322;-1.27130201973221;0.103467162958536;1.88052567590052;-0.869175120751979;-1.24230664228908;-0.14852199861824;0.117251833697846;6.71568182326521;2.49317644522078;0.49421236796576;0.346969378431573;0.121936267343575;0.320005886865655;0.340154078602063
2.96638965668726;82.3997534109618;2.92863160123919;2.70301805515544;33.5788722119094;0.883098617440872;3.02184397377342;1.04289530363644;0.370248353490617;2.84937432567373;0.699705720182486;2.18395528278345;0.351827117001222;1.56095970281825;2.59077262125126;1.92008350222384;-0.0935381101509055;-0.234419127997481;0.0806402468200678;0.564663484852484;-0.508280881363352;1.05780547529666;-0.21555502340797;2.97573650967328;1.56341085496927;1.90519927346963;1.57990816650216;3.34724423705321;0.528565918923039;0.968054174905181;0.164121467541316;0.435141854235126;1.91047353139228;0.945440639852942;2.11562501366647;0.163419120989389;0.393225003919525;7.7236150917245;4.12163916003969;-0.27689721565146;1.25985570180461;0.309085490157662;-0.322105995307235;-0.0384850693297791
2.01193199427178;77.2206640754773;2.41623811155448;2.28163788458958;33.3744299072423;0.0891614225799093;2.54807122656708;1.95263961706755;1.15214816479476;0.872963987918169;1.58965106166025;1.37416753439283;0.182721425320989;0.88551673370024;1.88816743837525;-0.484115287015161;0.554682227303243;0.798132231593098;0.70653868608554;0.250162334643361;-0.244172136989392;1.29078102780752;0.539728856643109;1.40232334671337;2.55296324783294;-1.37180218805611;2.128946849515;2.89154341926149;-0.197077726170633;0.485309698731263;0.43011252388805;2.32461334358546;1.09675203988182;-0.92999222121322;1.38746752655557;0.456852972933177;0.318748054602865;7.30984930928604;3.1289140552655;0.675469751188254;-0.468643156267472;0.0557142950819068;0.320471063128386;-0.0383146849877739
2.58170892625784;79.5481363977277;3.05833598781656;2.23922468161765;33.3910490308;2.3032478328254;0.233784805967069;0.421602577490358;0.00405134289919507;0.999745811820794;1.56886252342493;2.34921809877028;0.0365032807884682;1.52880392215966;1.31142501949275;0.906342100442615;1.76385235401061;-0.301125591990188;0.301097878477858;0.0978122013116685;-1.13411375038332;1.48704918363695;0.00520651936547764;1.61183842383374;1.64718720457557;0.681945962018938;1.04272940809968;1.95866848977618;-0.0749958753193562;3.47950584339065;0.298798815143776;1.81865983346879;1.54718728224833;0.604094558936231;2.29976156604627;1.59110133400779;0.0181285681391091;6.91324713281431;3.36247488966264;0.590246573502479;-0.223882852833591;0.589346771648387;0.491999446978746;0.430341377361693
2.62364842320176;76.6834474745751;1.92802202142071;1.77665994493418;33.1024944258076;2.54778932775576;1.40276939346644;1.50151815754008;0.532040286268381;1.10086268268648;0.958525519616817;0.43226647496854;0.979601486331742;2.25604501062358;0.335862552199862;-0.469328713605108;0.654475119654962;1.16803084179157;1.5060223152191;0.611129222748976;0.309668211613092;0.37490683897081;0.465720930460831;2.09347354453652;0.526592791968012;1.25088777288599;0.330711872997689;2.3971369133386;1.50353608100543;0.0834847871288364;1.17681594702761;0.320064300391559;1.15571522784684;0.763070065695172;0.970955087250922;2.0390932353963;0.328154881834973;7.21557546176127;4.66140204802576;-0.336605432552706;-0.506181087175485;-0.461808141242281;-0.177015018974977;0.165955910628954
2.70267854715481;74.0940223890957;2.87030457414991;2.51972408313773;26.151966275568;1.78867664748249;1.68377811740366;0.989321711034575;0.404073265761059;2.14747505189691;1.53107426500689;1.14433283479118;0.418130687253284;1.6266109410612;0.538474181156213;0.223972623632144;0.178410109883162;0.689784675845233;2.51129499688318;-0.0751499120610185;0.808454195114579;1.76685273417049;0.0243812847369626;1.97088226445934;2.70975148900862;1.28265087501507;1.93884315211707;2.67964991091723;0.800447521520529;2.34500120345922;1.78279784519486;3.29947882189507;0.628548417848461;0.339937949696319;-0.480962610550665;1.68542728525113;-0.251974043198802;7.97924346560689;5.23913382000908;0.77437810428365;0.336662562069861;-0.0435155363811066;0.0622947886723189;-0.588994982025082
2.29728733371204;80.7931577942006;1.9741533516417;3.51546575650543;34.5160336820185;0.645666057445389;1.05251314573543;1.65068753736016;1.1990873699812;2.40587854238761;-0.21515961830176;2.79918560035248;-0.0653314969075273;0.583809454200448;1.25655710667617;1.26748690685406;0.55389704580614;-1.21489208598378;2.00898831808517;-0.549559666080851;-0.0111579154385053;1.22170020944751;0.136412581121823;1.75709993277023;0.671846476881596;0.90348563214492;0.486330005494982;2.87500557890424;0.313175271783722;1.36679526168676;1.78037981834482;-0.655094464615386;2.61897660629314;-0.504133870561281;0.910571437873818;0.536761697159794;-0.0799117587511314;7.15308999110636;3.14146246428463;0.400949346802705;0.811802840112419;-0.0908637039889293;-0.102141500694159;-0.642713483457621
2.09545195346403;75.5252572521789;1.5657630368899;2.82988828703112;37.3101460772616;1.33152420292913;2.68754536753943;4.17125734028992;-1.39362114816555;0.302610086921735;0.414229694966286;0.608602866091804;-0.16395773098712;1.45310047134508;1.29768731455842;-0.207615808145833;0.424660273728458;0.776844086711159;-0.645016772882925;0.293042136946965;0.403129531801544;-0.265667277839939;0.157416407625056;1.27276361429934;1.14708942571332;1.11789688520938;1.88870860611284;2.20529622929151;0.696294810254637;-0.377449691760349;1.27705748969298;-0.725209631107587;3.05263451806535;-0.715559457341326;1.90132581693655;1.48514141936067;0.286797233942015;6.93034305161486;5.08180502165055;0.0863664187945999;0.0955032950214554;-1.23789595463779;0.504953757113284;0.00564837535456031
2.52587105626022;79.7589808606155;3.15823012273604;1.56621062113221;32.8691120347032;1.28103403899419;1.71919210711168;0.383376426792567;1.22920051874477;2.41494010680339;-0.639837404005636;1.66324137007461;0.594565474532104;0.812027599633783;0.193815300676625;1.8695817734046;0.946775428646012;0.356294139405508;-0.245882875599787;0.998776533132752;-0.558778875370639;-0.00258911076015658;0.250080189399082;2.20358232976666;2.20620035746531;0.537161310904535;2.95805573526539;1.4617160368838;-0.196567319191806;2.0636478420511;-0.220539479454056;1.49463366990415;1.79139632999343;0.161494095221135;1.08712680130057;1.15030986625443;0.126970646644438;7.03536918027166;4.38591000171763;1.26580899659993;-0.04118928228034;0.0186277152879634;0.0757976308513408;0.580714722867855
3.00484540341759;78.8538887984562;2.53080552476386;2.13553950069681;34.8918226968946;1.71308837435073;1.23313399905201;2.02100013710248;1.95209887673447;0.866193088790622;1.30501729558362;1.22730587747324;-0.633241258915035;0.989789296433851;1.66668379475127;0.548538885843476;-0.19104594868061;-0.763110982308385;2.73521001709104;-0.950073591193763;1.07729617064409;1.02738879094705;0.24523388720313;1.67326308363782;2.01760879295543;1.05738051258808;1.26539140244053;1.80421794120389;0.804277646374794;-1.22148264390356;-0.141552416497717;1.28662637251453;2.19952223589388;-0.1228954623582;1.17507910518965;0.135570751667215;0.153924945517068;6.87176091638718;3.88016500323983;-0.22918119513967;0.863551656156499;-0.0852758264057139;0.109974304971232;-0.363216593519563
2.98892429533487;84.1695577641527;2.21928033297026;1.84327865216394;32.2367228807995;3.09760882876765;0.897208689117039;2.76513721264657;0.168267419163613;1.61475177030706;-0.334056758955351;1.59421030764781;0.452229176448313;2.14426148541877;1.63382325645097;2.13788948211784;-0.845909103827654;-0.697130101589418;1.95415089427305;-0.416443947349817;-0.68874480025089;-0.33667533167519;0.203820245385257;1.31936876835425;2.5894834647774;1.6607767803663;2.71268895509203;1.18160410823863;0.689184902303256;1.68363207180929;0.257633082759765;1.6625046691325;1.39023134751647;-0.290526017030885;1.37483329843265;2.22625863922037;0.340798685955292;6.92297551340524;5.52527948181205;1.29365064592061;1.049399043459;-0.680490269134439;0.21589873057801;0.0769513863033035
1.94655063808144;77.9784519348929;1.76845033721153;2.41816244036374;32.4374256217056;0.578256060617199;0.521747696397607;0.86764259382925;1.83260882564966;0.209208664678722;1.30286774036638;1.67630705713275;0.742584486493477;1.79975842940926;0.489783222547333;1.61818956673322;0.698048688783762;-0.00824685654034249;-0.835316983421091;1.64468725764399;0.249607305601144;1.20911027395692;-0.481084403253148;2.08435614077831;1.13297992925531;1.47550936887929;0.643438667417974;2.21917704309155;0.658620863031949;1.16321329957178;0.769492911360004;0.140519644721652;0.999973586654561;0.341047527915593;1.63437260873656;0.73894045957936;-0.282838176588342;7.51505453553141;4.12156027384933;-0.458165290832524;-0.172930171017894;-0.0479321229465657;0.00839960491156001;0.538194476981819
2.47781145261798;76.538716238453;2.10656284393031;2.03182828677944;32.5294702968792;0.0762087832209204;2.17665331227864;1.61103277918773;0.367063481899975;1.7857380908655;0.758596871843623;2.50200990139596;-0.254748732392407;2.01110779035971;0.76780618252762;0.367469061126175;0.525879882371768;0.235431043208586;1.09266779753674;-0.01530995553839;0.727230903307237;0.426521653293824;-0.186937076630884;1.98265106317671;1.74229312354687;0.22854597753547;1.73943900856942;2.38939048745891;0.192534588804481;0.257509745170573;1.19635921332334;1.47300886952977;1.83828747413417;0.00976937049042297;2.06210693847996;0.815619106954053;-0.131143736241061;6.70129809211981;3.69305980163879;0.276770430806337;-0.0558701060028582;1.21333024330659;0.050970123424792;-0.0662564854237135
2.33884296978948;72.9642532140424;3.25674486461986;1.27279510862815;31.5471070741128;1.80318866202235;1.81249338255918;0.39715223677963;0.592109269327324;0.679520588756587;0.340736808178731;1.75104329647519;-0.728610508396833;2.58753080224788;1.80969755194589;-0.240666464863889;0.68753544777943;0.479754322965075;-0.0845183222749215;0.877939779940502;-0.600414298711482;1.70438571779334;0.217276588329893;1.98595144834142;1.91869989729899;1.9237877375932;2.47787572343251;1.75517763713039;-0.455972193155287;-0.0862516964682448;0.821206294538425;2.98434238601959;2.59086272657981;0.581813939140358;2.83032693674221;1.01451596162188;-0.143083335510679;7.41761230736645;3.96762671771416;-0.747541631498865;-0.187291326229965;-1.20040945398485;0.16511023723271;0.821716860161794
1.93769299033591;77.8057819655779;2.64790756960234;1.90605624369106;25.0425910032147;1.02567645396956;1.11321574936726;-0.285665066878788;1.10474657735619;1.38136146480191;-0.406814869116907;1.12061382397684;0.0328919497339319;3.30627495633537;0.746089477979393;0.272999311169625;-0.170727785525802;0.9860089202836;0.760351800022292;0.508172292257819;0.0500190827629158;2.11065297783815;-0.26059849555235;1.65168805071316;2.34143525040639;1.89618475101448;2.07188211187853;0.89089891424588;0.105582615157138;1.33065445321056;0.553886105795677;2.16090115569716;2.24866478133401;1.12977686734094;2.65092263391838;-0.0754454289022407;-0.0950731117823338;7.35750168742693;5.56102052817064;1.5533647101075;1.4764606385988;0.153270693066018;-0.46957721153577;-0.136884410634218
2.59427769148876;71.8775436585442;2.29805270830808;2.29687323466831;31.6512445646114;0.91529085961371;2.64195039610815;0.723138937986568;0.000568823438868438;1.68569073532195;1.15011765921872;1.44231415560561;-0.021895245186421;1.83884754831244;0.713040784138026;-0.0334371209440386;2.64087121450873;0.591801223649592;-1.24308168072416;-0.552859707769386;-0.597090027694695;0.709610229216075;0.212503177407921;1.29432745424276;1.33833938644936;0.615903490419366;2.84804835056663;2.37466802993009;0.367510211595194;0.374085646530946;1.61882860476529;-0.694364399037526;2.4490638583971;1.47480573023527;2.64573044951398;-0.0150173026359866;0.356876531143964;6.71115575926284;6.05614901539958;-0.534856113632401;0.721570638367877;1.05140582216421;0.35601256153374;-0.00945339381730026
2.66517069141912;80.9245132759024;1.99064600983378;1.95335341444905;34.8475247360707;1.52512760714812;2.23707001965205;0.90235161872806;0.77558751473457;2.82903365947084;-0.31848094578452;1.8938735574109;-0.105529081989436;0.416506864016394;1.38842128184103;1.66795638946814;-0.934966018252531;0.243810507881966;2.65343227426339;1.00055859323171;0.777731900600266;0.370914409798896;-0.139890706476609;1.93434005779553;2.30088286269977;2.20800660031929;1.33949189555627;2.57607779585271;0.866082352538001;-0.0705093769968498;0.503335831022603;2.64622649792258;3.14384702778616;0.184779160729906;0.433882790445295;2.33300401391873;0.243681587076001;7.4280558771799;3.85418513374674;-0.810937898815478;-0.607665762198117;-0.256840762088019;0.413846181009618;0.146249632549543
3.26063500355671;85.9379027439154;1.88540758031624;2.86001126615571;30.6542162820029;2.13139252377016;-0.0477728328201651;1.62831805598793;2.14818598634288;1.89642405128232;1.75857389372812;2.04414800238324;-0.156793483227388;2.10447961238288;1.36598087777822;3.47581339808396;-0.131914635088276;0.634052050915732;3.26808060232513;0.683343630134752;1.68724865908099;0.103054243484681;0.345800801621054;0.883009585877628;1.85609253172338;1.19465285353176;1.47134693971762;0.647982791514427;0.54446850461394;-0.480418640381801;-0.97941102306597;-0.732167596050982;1.76726265186697;0.964485311282791;2.26802294458855;1.84696730910181;-0.0366933799042143;8.00646918134001;3.30289754033657;0.055330980238473;0.533789867601854;-0.0964437801658247;0.53303124663645;0.488578037535391
3.2901394857408;73.9172351100683;3.13938206892097;2.79834403954428;27.8537105328732;2.96321753957149;2.27233149062143;2.20064169158792;2.26608613970114;-0.69665893420004;-0.778539489890669;2.38581129541159;0.989816470210227;2.07573035733499;1.20366698645384;0.61199665387555;0.228982870353482;-0.104956041090998;1.7307315356586;-0.979560660425137;-0.440340826100933;-0.71963209460314;0.39526041021481;1.55893017469176;2.18453993846774;0.551215900441662;1.52699376706322;1.53512077117988;0.357760590874601;-0.869528550608687;0.126048382342211;0.524891384063954;0.813856407840077;0.418218095567802;0.423049312395468;1.34794757290948;0.363820610190353;7.24767362360809;2.59900540867731;-0.591039693638568;0.718281791802855;0.853284868168955;0.416224296339472;0.100555976540717
2.87712887890358;76.6504571943515;2.94505833059645;1.55076585167478;29.7825544732597;2.88164567251174;3.19524514760217;0.515352537737975;-0.201887621812888;1.82081491425559;0.564856669543351;1.62743305092782;-0.241509237674832;0.735231553905396;2.37864308635207;0.208483735789854;-0.0790272605351635;-0.177157171973526;1.34282758217232;0.407225353179217;0.721932554213996;1.13974481650034;-0.293563112277976;0.872932577372886;1.54374254403165;2.00822845242928;2.16683389790849;3.3351877602571;1.31702888361789;0.336225170338664;-0.213767292760264;-0.0173503132724712;0.405647190019546;0.442309634646716;-0.464624135723528;0.845397362714731;-0.173419613787092;6.05408802852896;4.60480094890161;0.00873862444161164;0.127394760217749;0.887715107105706;0.225268811768172;-0.231702871931858
2.22092888937477;76.2824867968203;2.43976093479049;1.87532856243757;31.1994884273784;0.75227680389525;2.08110396967824;1.31661585516039;-1.3192411055047;1.53706969256108;2.52466835325207;2.10837961104355;-0.548184999175142;1.62805388166386;2.5684948981743;0.842073743786787;-0.195362957833252;-0.319246099225752;1.28488718717921;0.468818767617127;-0.0176342666936731;0.458900062771215;0.713524677797196;1.72638142078878;1.98059287687193;1.26883475119454;1.24755896619332;1.82185241977724;-0.55296475186234;2.17766920955247;1.0951806917194;0.664220742437886;2.15380811365613;0.559588090433959;-0.166786737603025;2.47982486690332;0.265282965570165;7.36398706920669;4.29848180844913;-0.301352331470181;-0.100073547375378;0.308477858084717;-0.0762835625258287;0.388844934064982
3.49134957356854;76.6622187099413;2.54860062980682;2.48734560864921;35.146225819148;2.62363789928734;2.7116847247829;1.85532346356587;1.17238436141633;1.40037794205455;2.03346805450112;2.47536921149669;-0.621182580469763;1.24259159747358;-0.00167504320729739;1.52903888666282;0.841522470572773;-0.303359147774611;-0.0295081732295626;0.868291367429465;0.817690621870456;1.70393353360349;-0.291986913662702;1.49101087369366;1.30799067503147;1.2964432811612;1.94723956801836;2.72228576192677;-0.359484337136222;0.734252316281877;1.80700620311835;0.647434758228587;2.25692247052553;-0.416482990870595;1.17901327667059;0.696927855446985;0.364193772836778;7.62402572639583;4.90456577828962;-0.197670328950053;-0.437490381088692;0.482610729932449;0.966111956977368;-0.248433198038877
2.54876566011297;77.5884251311768;2.86701299322911;1.40428002153517;34.1329267798023;0.672744616786071;1.22796635581165;2.1988178746808;-0.710765958944927;0.247391762879506;1.74093022892584;1.74485265252792;0.169855679254469;0.657354645006989;1.71951925748043;3.06651264827066;1.31120824972871;-0.607437784772549;1.25187459290798;0.0269077824732581;0.710078221313528;1.25999960766974;0.113858582796687;1.64188805100773;0.907202597548762;1.08845614648268;1.69198273719267;2.08848966322605;0.337547394498598;2.49856043383661;0.56780046972943;0.869090840814511;2.8295605156977;-0.890432206322981;1.20976636677498;0.556541165976834;0.255599252068629;6.60037023488035;2.63959451034855;-0.806407712967013;-0.167837644288243;0.157909771875662;-0.442955067819313;0.216101145334561
2.45236768191269;74.2290764864608;2.45956489241545;2.55718523477735;30.8109470028656;1.15255965968705;1.80902771057694;2.79323336215599;0.411297036261422;1.55280604598503;1.79414344854459;2.09045496510522;0.138838729365222;3.3330627137609;2.24116274383579;0.133351900292305;-0.471523267634699;-0.290496248013463;1.95555180128799;0.555416073348435;-0.669229652234256;0.509986680557998;0.24400783944184;2.54162222233728;1.56768212191474;2.19030716767875;2.11915902896149;1.61592065568708;1.55019417911186;2.40079362802577;1.83088780851056;1.15516617721858;0.136805715594222;-0.788834942247867;0.886044413200852;-0.900070478865344;-0.13252697134665;7.04672112169711;6.43809924622818;1.58986933518618;-0.870695331226678;0.943317323464359;-0.0989019769137141;0.380594372665272
3.06386301435196;76.2244956145738;3.2451489736363;2.18688664016836;31.7814513802282;1.99421550834287;1.28876499497145;3.23538589730949;0.747243831634679;1.98025909054334;2.29215625210309;2.43793083090488;0.308476910825656;0.998679182115177;1.98604798893871;0.267092668401639;0.95327187739721;1.60370811378317;0.968205581952679;0.0282596144999515;-0.500345618034086;0.293169735866776;-0.334997510865351;0.23423190767827;1.21749706004966;1.9558568608884;2.45231428417052;1.31055101037143;0.0287289358978008;0.850250479108489;2.33775526278535;0.771424217107762;0.945362328696832;1.96210774741819;1.10161564087395;-0.247494580331934;0.318961594735081;7.15047157805936;4.51686931125469;-0.75143532605754;0.367125324563408;0.56638079700486;0.597120217243714;-0.388958411962424
2.5025835045635;78.2809767744886;2.23659147581415;1.48201014782045;29.9738276236895;1.37394724395919;1.43797312675753;2.11958688063899;0.671103487522684;1.67656917606945;1.66767331145109;1.88750756228615;1.06598890614427;2.4765002933042;1.49013904614042;-0.00975761227607608;-0.207009083692417;0.386009373953005;1.9609695133942;-0.450366496165433;-0.305702549583153;0.329531102967761;-0.244575707055216;0.0737638954166947;2.07509407832792;1.22090700507279;2.03676482997457;2.75623693299899;-0.372697627955303;2.1620611754773;0.141944649789915;2.64671153602109;0.958272938731974;1.28363051290587;1.96068142989269;-0.490145110868818;-0.0663830813891495;8.08264955976122;4.10357207644592;0.33652131303657;2.02940258810444;0.670131556854009;0.102630460202792;0.557995224946904
2.97209812880415;77.2344053847763;3.09999920341826;2.55012976101351;27.6313187041408;1.815741405992;1.33951155854593;0.239350331410275;0.854196314038837;-0.0666331244200342;0.12683428408065;2.40780685057912;0.703268885075155;2.66748751815971;1.82861834380401;1.48087648480036;1.4528422054911;1.33478667158393;-0.140984355518252;2.74767672048084;0.0734853641425573;2.32465982188582;0.446000199812341;0.657506744618845;1.82593182432729;1.03501757044476;1.97447348925697;2.16574462590022;1.9426014352629;0.670222114215219;0.723238522798608;0.863259647469753;1.50917372797795;-0.781766397438683;1.15731493646566;1.35662349544355;0.0652826994391506;7.47828261974987;3.61945686621859;-1.3160276269023;-1.35509326858871;-0.523137221397226;-0.391402746408928;0.152729279245105
2.70971703693809;76.7459560233807;1.88331255482357;1.54698880442075;33.5296021555984;2.55934210447987;1.33718576973818;0.393151598822648;0.680266246292199;1.0829035805769;-0.175474700345468;1.863920272801;0.965518697207864;0.9724831542007;1.51153923547791;0.339466587748757;1.28412668117315;0.92357641212198;1.34524247930594;-0.212084966632045;0.523989509712688;2.8995095503317;-0.319100629573816;1.34975547753272;1.41811154614822;2.35980151662821;1.50161210851811;1.42051279207366;-0.0824860409800467;-0.667035092079355;1.40465278043404;2.14237653507078;0.541157108449046;0.170738521621172;1.09456340346502;1.8120591085097;0.212860207743485;7.17589464531683;3.64814975908174;0.114394511688638;1.79430648293182;1.74896340728491;0.648220549891247;1.51339496089779
2.11784513397695;77.6930321529545;2.17390844283809;3.88885338511817;32.0925669946191;0.560092169462832;1.90527130178524;1.72532623675278;-0.327421737063286;1.8065301939827;0.543168366642103;1.95247602248854;-1.2675367910346;2.47649138508759;0.867138394820792;0.751322686955681;0.0893241037300502;0.519726924778634;2.01159565753564;-0.901243100444002;0.207116261462767;2.70754714900361;0.0868435536205111;2.05054229807194;2.61108368020326;0.798285890202401;2.9373320641338;2.8342138122176;1.83659567605522;2.21370023758687;0.950892614079944;0.9458851358512;2.38912210137797;-0.235836091969925;1.92455645284072;0.876360376652882;0.629254512410684;6.95195446089038;4.81273706004259;0.656348238605057;-0.764296668248284;-0.133834404167427;-0.0882994267922486;0.214090974038414
2.52832660794159;78.8063735954178;3.62003157736401;1.36818718337612;30.5373970068726;1.91281513555062;2.82892832205536;2.55597667146259;0.280408222431062;0.718842217258006;0.749875147229389;1.54623441610757;-0.0372527219096218;1.56006413690853;1.96199770750656;1.4676443926798;0.102751986062074;-0.732741384565876;2.9301140292666;-0.439062789178836;-1.17625628964836;-0.835816565679651;-0.363597272253296;2.35044768988668;1.94950187067606;0.860094751148539;3.05705318794755;2.19290424938987;1.4926954821399;-0.938102712882828;-1.72798532011952;1.12316801941875;1.17071027161055;-0.594783598955849;1.71675536200536;0.986948387922085;-0.0915338577060253;7.58939272366255;4.26765850232202;0.906524235783262;-0.899527210635044;-0.43769448308007;-0.00239922669166381;0.273429976005375
2.26901743858609;76.0785681405881;2.43111287263033;1.24300596239296;35.4914753550953;-0.239531705916345;1.11677913380384;2.88856898746219;-0.152543435931307;1.77147246091066;4.95457041280638;1.575102227983;0.6014443199846;-0.0366224198658107;1.01690512450037;0.137606972689313;0.767458777550317;-0.346704955033819;1.12471517466553;0.377309364227164;0.679167044506125;1.74011848929374;-0.466997644600316;0.922569678430571;0.887330608832306;0.673400553184575;1.46438556536207;1.98675357734562;-0.635019504266895;0.0558444740189404;-0.102197080157039;0.288908505487981;1.85650600745169;-0.16449373343301;2.65106494375908;-1.1379278820484;0.334703564991693;6.96460691841034;3.81307881573504;1.61893378916212;1.75229474364952;-0.928602169574195;0.179791516250485;0.0521274008170068
2.97766976391584;71.3949105565301;2.13029861654368;3.170502213929;24.3230336178624;1.37040259657478;2.51750364881771;3.10684693725269;0.718412737445666;1.6740461318381;2.93779199219535;1.12573198774099;-0.194849001823575;0.561364139412337;1.88699471349988;-0.539244593839886;0.195130634981559;0.781775968210322;-0.447116874551955;0.236159888353345;0.999985715122536;0.78023057852247;0.15977477154273;2.00976892100093;1.95753955868074;0.740954428699889;3.2442046462771;1.86182214575947;0.807340719693882;-0.682350204156964;-0.184065684631391;1.19139280286442;-0.151395773341061;0.0583534928517526;2.90018843201789;1.97195262976804;0.343413271699115;7.51949297633263;5.20842892617974;0.116681070493652;0.839066016036868;0.496395854254958;-0.0612121610965083;-0.361611050325223
2.3077007035502;75.0961877966287;2.39003422676171;1.8748452315892;25.5998702830801;2.86064462737479;1.96499087593643;1.21931974241536;-1.48124250776126;1.08065722945084;-0.236436317227354;1.61660832548953;0.500939633359198;2.24836212079994;0.787909815752463;0.500706882945537;-1.21142720521496;0.372977370263416;1.88599409990355;0.288750881744513;0.544056540974676;2.01838770373957;-0.217049324679983;1.0101361423139;1.47210095780444;0.97756002191706;2.31397824516925;1.58318022123462;0.275497341748221;1.0342079917728;0.0762575275195373;1.17683351402075;0.574806790984125;0.449164630370836;2.15973285607691;1.87592060827637;-0.473817861108292;6.90266630918982;4.86232118330642;0.16214951193868;1.55380864291778;-0.769415222820812;0.275913657739635;0.172385715108737
1.99889326174335;70.6898329207052;2.83212853947165;1.97148646410551;28.1383602084649;0.841903934501144;1.64302539363744;2.54963625251512;-0.696213330594761;-0.685640042432246;2.34237317155037;1.69627927143759;0.866051636543938;0.558743517212184;1.99361017398951;-0.327935237029618;0.390571756746615;1.97184154100002;1.01978850978868;0.911242225863661;-0.488674573918236;0.840190030260431;0.238238827718767;2.15976188195152;1.30063368747155;2.2310089670833;1.46392882028037;1.51376334230676;1.29569270448243;0.554976546686349;1.35522484797014;1.62097475091023;2.88624990036937;1.5696739461341;0.940135200633073;-0.0644578234764074;0.139432814923127;7.82564600735036;4.54615157483381;0.813499045267001;0.839795182792801;0.229336867166646;0.472865913589769;-0.00193000792295567
2.41967627248777;74.9434944291274;1.52593159857361;1.94937887334205;29.9184903823827;1.97044668395931;1.36874924776794;1.14707630917494;1.18140331939168;1.63932592476858;-0.0836664753775505;2.45385484430229;-0.713427911249958;0.286675775625594;0.498218635461744;1.08847178483438;0.593241620829942;0.808357144074798;1.30098114929208;0.600779006058512;0.0563559392334887;3.50027862533446;0.297970311871737;0.496384655928169;2.32215760552644;0.935266050751862;1.06920321288772;1.27708963773268;-0.095707083067125;-0.15921034799818;-0.0153346761622627;1.4849354584048;1.90037903048903;0.732561788141515;1.78300070024256;1.1887489354508;-0.0110169636393277;7.31385609225689;2.28590798344348;-0.388244326907048;1.3332242257467;0.398325454856682;-0.135200872016961;0.840997944399993
2.13906674500662;77.3468467459336;2.4758141370785;1.49602227183261;28.6031013189832;0.0316941088707974;1.99698901172529;1.30181518022982;1.14298640471105;1.99424195666965;0.528981975424696;1.97691746199876;0.229611577169203;1.50195387918065;2.12969474163204;0.551061030068816;0.0257885606337649;1.9311499294032;1.64613865047956;-1.54313007964914;0.7935340801681;1.32952174958627;-0.0934153912152289;1.07287475918281;2.20717714394284;0.795034433890726;2.10082745139124;1.34280958242526;-0.576915473317475;2.81305964603882;-0.0257239458683325;-0.320524546600784;1.97863158911601;0.231524267393338;0.634362047156693;0.258846848298231;-0.213239002300444;7.82250187319524;3.61500632108853;0.17263830310588;-0.634802749985031;0.704128180752583;0.214906785829259;-0.463769172509637
2.22134362628433;77.1932820415;2.36410159927985;2.56809853645504;30.881381924261;3.05689792070393;1.31372495993481;0.208662021397365;0.633941358547606;0.762761684972705;-1.57333358363359;2.79515524750531;-0.163787813932063;1.75680523098152;3.63289727323239;1.14981778117697;-0.636103173712271;1.14551112049609;0.796381059843418;0.18673610554169;0.115390560603043;0.336979800888623;0.136007409001498;1.84771685041216;1.36555837675502;1.16347672679032;1.97298341063418;1.26982919848189;-0.166032515343364;2.00876141219778;0.990398914465907;0.15758809744713;1.7790698339514;0.339867001854258;1.83455376235198;2.38285887111317;-0.242434928944019;8.10449408065562;3.33822680022888;0.711758119690287;0.360043489438865;0.621821524394965;0.147263522820869;0.120581761805915
2.06794928785213;78.4704016062937;1.86354964770946;3.05487513431866;28.1503188873682;0.767046527950031;1.82900506801769;0.144344134274618;0.390787224191632;0.631114556536612;0.469449076149609;2.19893859505635;0.466179971895489;1.91094024276153;2.67211871738303;0.565199541223037;-0.49222804885777;-0.838480534335287;2.4357118139402;-0.737468129896133;0.406545224978893;0.917983144641372;0.311942476878765;2.87320879917782;0.218930281349954;2.42808733506403;2.18465350422879;1.04424700049328;1.22026985994351;2.30432513876954;1.23963796017748;-1.05237780900287;1.62303959216082;-0.242478625545054;0.895452455824556;1.15315520288342;-0.104616208343666;7.62959406045708;3.69413367801608;-0.296840177365425;0.794856253103244;0.714356208506799;0.415203822540035;0.903067884280983
2.4843002628044;74.5603518732328;2.27379028571543;1.83363111998895;28.9806556505959;1.60519931359428;2.56374446313583;1.98130152969892;1.55396996694552;2.23841142517112;0.06639680936916;1.13928763072871;1.4160902060158;1.15514741793736;2.47126150979104;-0.738740726009865;0.644520499515866;1.01525147294765;1.97008642567609;1.04801372920109;0.49282394125301;-0.0506807152543965;0.0935139663143743;0.74189070660274;1.76018246000273;1.48930464265644;0.334647336116856;1.68671028058699;0.387274660619522;1.31583613677674;-0.740235652593625;0.283779911088053;1.82195569669038;-0.0485066930759205;1.64846011044544;0.543832948906452;0.155034113142555;7.86236683960977;5.33850402140886;-0.35882331663154;0.572186624789733;0.731294308899684;0.179487834340641;0.146147187322621
2.23350267962109;78.5101059948697;2.67919164381434;1.94483778656587;33.019363474023;0.828293116198078;2.42573941411581;1.88952226756743;2.31060383806673;-0.5987347360596;0.824868173256146;2.1612040332557;0.763977291108233;2.37321874742374;1.14614570069582;-0.687133746196357;0.0501211523306121;0.810271007532484;1.55231780878726;0.513616400039226;0.989481215205704;0.717854669362682;-0.0823692924401305;0.761786053856237;1.047198084548;0.677507770945103;1.90470421969173;2.08986865590705;0.49637968016206;1.48218391910185;1.21730894815069;1.93921145228527;0.675337711700244;-0.390153806624253;0.824472451591826;1.56903922046641;-0.209604672404186;6.99075939970383;4.50732352804922;0.0913025423518478;0.45448255712462;-0.0461892527300664;0.179726601500581;-0.208946827128812
2.51446377281145;77.5115005360991;2.85069561579642;3.38963792610925;33.6096558592997;2.039007260049;1.01906225147131;0.412056231009696;0.931574394770208;1.45925246927381;0.962370089131864;1.11978294950598;0.0569947818861315;0.945764701686449;1.58694573758431;1.51368653287977;0.87435944682053;-0.142503153770127;-0.495653780670932;0.747263171062677;-0.699457033394916;2.03074925120021;0.349667412217952;1.96158782572367;0.818792187380554;0.665128917908903;1.9635357769748;2.08902366658134;-0.366729386220725;-1.00719158895094;1.87742209319342;2.71903228367689;2.09743585152006;-0.152272308405271;0.262844287376163;-1.24641000932721;-0.00310923300192676;6.51989659429049;4.36718273945425;0.316753543502668;1.84168946054396;0.237946969864676;-0.248516350914485;-0.0627356343060523
3.04463763061365;76.2837504938955;2.42604818768911;3.03436406699402;27.1399374813814;1.57104899552989;1.64218726038107;-0.197586707968424;0.933135581522078;-0.51299614167772;2.31263831774488;1.51787350537652;0.663422200394036;2.48702403726354;1.81545104097968;0.887438761756981;0.795398171018619;0.803816740605658;0.650701490087961;-0.293884967696118;-0.140042653362994;1.30211755666781;0.0727748729941065;1.40445533798898;1.77946997141861;1.59850741050685;2.6561289639059;2.71712361900669;-0.0321502344071095;1.13299169560773;1.00650138230154;2.87090665104176;1.15458362638405;-0.358181440533709;0.910770898331115;3.74621361781083;0.356891757110897;6.47019733522809;4.24161178084963;-1.07023975983631;-0.122384759355486;0.320394455334655;0.038156044405508;0.264126388371963
3.36013254910688;70.708313491128;3.89196648321463;1.41319762973693;30.9292274851121;1.93478379305525;1.76572384479624;1.31470939659808;0.237484712836338;1.96615901882115;0.34593911081819;1.12995108094518;0.449655824292955;2.24252689616848;1.27724640270199;-1.55305895819286;-0.634582125673921;-0.18612469327177;-0.497747324270679;0.2416563151085;0.0709139842721885;0.883773429469817;-0.198012106348605;-0.595577479238383;2.67877192567165;2.20181061499214;1.65593901198729;0.454827703287481;0.564380197632898;2.70122691117307;0.383028789511691;1.31051651601853;2.28293879008407;-0.0230642397635218;0.0746802119668055;1.04419179565817;-0.0433880461652205;7.5897263372952;3.80828345229211;-0.97678838985354;-0.423920328192584;-0.0156791117819758;0.146899403978823;0.74829639568624
2.02086929940904;77.254481433011;2.86600412166917;2.55697729866715;26.8985951977339;1.34747885054197;2.26338119103885;1.39864064967943;0.709060231430413;0.727661643867328;0.681735249966445;1.8182010465378;-0.41594110924608;1.46171706481661;3.47791530709724;0.0508587388933843;0.417169925971177;0.895888991433772;0.597804080522505;-0.40200222440606;0.135977718710725;0.0180355857340404;0.327018580083953;1.61094080665277;2.43802097095053;0.68478296610028;2.10028378589614;2.40628040303745;0.113369677872127;-0.234139561198956;1.32129173346805;2.15372283672935;0.644348575979249;0.846565439864623;0.996017544074519;-0.482510632952775;0.143837082154123;8.40434035137184;4.64056426930015;1.27900134559514;1.4241087328355;0.259729031236588;-0.204453701598465;-1.09057227565718
2.48198823592723;81.5665251452145;3.00498752471834;1.60826685037488;29.2421572000733;1.1458820758091;2.51539531487094;1.1308190014976;1.60838350809194;2.08924423340311;0.97617323911872;0.997002239733817;-0.372995030666954;1.72151046116494;2.13088883033054;1.39024714135249;1.21612818896375;0.116503413092884;1.13446021857034;0.918017479948701;-0.892396968427185;0.341927033151646;0.478333902917807;-0.316440250525498;0.429182585749564;3.1170584790606;1.76810271676258;2.07085178736759;0.056443134745185;1.41550845738885;1.2517665423175;2.32356818022993;1.00848818277139;1.58580583908071;1.51842853885479;0.205283209460076;0.244000470561328;8.29251961120738;3.83997647158611;-0.44853451026733;0.242183955948206;0.703417597986789;0.0894398042065812;0.0175587125493941
1.8547127163799;77.5062840242666;2.07679111532997;3.49059724928;28.6496985050142;0.540473218530393;-0.0452789092595265;1.95949914387816;0.118936400116155;0.606195430203139;-0.772878440620843;1.92713122626085;-0.623518137746296;1.06830713063383;0.918308404199012;0.99593158849915;0.361678100646754;1.17234041531438;1.90433855041774;0.337554181643178;-0.369984441595832;1.14917975415773;-0.239377490822347;2.03433747652995;1.69442138971569;1.03658192023509;2.51837204265279;0.825387444135945;-0.682157618077748;0.992368290247877;1.64648260396157;2.77617530779171;1.5319480614982;-0.437806218184743;1.998881316067;-0.804864293559974;0.151785651287824;7.76427807008583;3.59150504665989;-0.272376720354784;0.534376533263493;0.444283585914579;0.0748939739884664;1.54221014939775
2.70297660750409;81.6555870787129;2.13041342051248;3.0923472507183;36.0629771459792;2.20087532990605;0.647521803783687;2.54781681441303;0.929050925131141;0.618291924986104;0.34862915200541;0.456290323701771;-0.129457841158854;1.82535026164353;1.71245059735277;-0.397320751533218;-0.248728103126683;-0.353923079756217;1.76753960845028;0.19867975472106;0.16710178886887;0.0718363287782251;-0.0103876667772484;0.258642515575211;2.04755431996786;1.14262056806477;2.21842050070027;2.06154788300292;0.187676340696081;1.60938577555015;-0.716800206876038;2.48450448354652;1.26652230966824;-0.382119689016814;0.306235975857895;-0.78237966280929;0.460109135521621;7.22894775414246;3.71855162126129;0.164657662732375;-1.41849810987945;-0.131800860815883;0.240948006511405;-0.162010156770797
1.90119008021245;72.0467754702998;1.74190796460323;1.01890555433519;28.787128868018;0.144910716719924;1.07618838586286;1.70739421226866;0.265895969340594;-0.48097166199681;1.58685482518146;1.18443370889319;0.446544909512115;-0.101103989918838;1.98693634577264;0.668070298067708;0.668853358745298;0.211179069909765;-0.346090445563705;-0.0548295859823281;0.992570155255797;1.92810054479253;0.262963943206308;1.79871355526682;1.52610318682443;2.29871839582266;1.26090142075862;3.16751820403354;1.02930136010001;2.46407242036296;-0.949697921851367;2.15212498446336;2.00989241644596;0.267056035123161;3.33852479778384;-0.533019855685516;0.117160075625442;6.78395680044181;3.514074086941;-0.873683694527848;-0.417115831930246;0.339760068077584;-0.00330021214580325;0.59119442875877
2.05933351050484;80.2768887261659;2.49931975427538;2.2270458029545;30.4881898668097;0.588189829393247;0.542569422292303;0.132024144081875;2.03309354444476;-0.875190887349659;0.238266076904035;1.62423951922917;0.417041218517286;0.153108045708839;0.965841590593425;1.80153406539167;-0.221395737500725;1.35805159320802;1.98053488577649;0.329695848057628;0.53955920607151;1.00083954626217;0.2927686381845;1.42708524648864;2.69373687116986;2.82162375495515;1.78568073094109;0.0430378023868461;-0.691585797966324;2.16380451619688;0.0926409423482967;3.41855521926243;0.712120663049543;-0.109017309542026;-0.445832001533534;1.51144767653974;-0.0029072183384452;6.63547404061652;4.04601211794952;-0.50456944871421;-0.876951341179824;0.231391452041545;0.107173675989159;0.752180520917321
2.5073398481827;77.0080482204247;2.27172704153961;1.97099656266709;38.8435032999686;1.24171774291854;0.544965742824871;0.787911510383362;1.98450651368351;0.979653616165368;-0.821135365358454;1.61864935961711;-0.257932305437276;3.29292154875524;-0.0911331603860941;1.28693213309932;0.506842714238471;-0.179978645791165;0.558494513876992;-0.200693012048138;0.962282417349628;3.14958177036487;-0.280111509304594;1.12257711717233;1.31870966748423;0.762926490712417;1.04023937627659;1.73970581003638;-1.11724845457377;-0.53181141179536;0.684086575007416;0.819297713974744;2.30443559149948;1.01854770297783;0.312441825567541;-0.762627427480802;0.255875486617384;6.72675309621342;3.63617898893447;-0.825394680026214;-0.222762901797457;0.208192112819651;-0.219818707710688;1.10054975003085
2.38244892287162;74.5146410612228;3.12516014155135;1.81749937187043;33.7453829294758;1.51136882175888;1.19093376157442;2.20537578308381;1.92083640804519;0.136265438253327;-0.189707393573433;2.44877679785686;1.47349921505962;1.7808360645348;2.31519071580161;0.125043965483087;0.917692197760953;-0.582297807333608;0.0662400326123642;0.743927552472764;-0.608752020587182;0.683600120344421;-0.292574239382006;0.19554334431068;1.47733987054266;2.17838418147471;-0.183911887823773;1.75414876383745;0.441494397827829;0.0736647241561319;2.17532321767519;0.217186602250725;2.47943210357088;-0.499675244091039;1.18049414198732;0.165708679323269;0.110350809867677;7.62974338766153;1.92123769460201;-0.928857445955619;1.58899961790506;-1.23698023911236;-0.33200935130067;0.586664417796037
2.04728604785745;74.6111748807005;1.66560591025161;2.29689492195154;32.8975564976577;0.564810738626621;-0.271551007515457;-0.678937405738983;0.740682921993536;0.273065964266191;0.112636721022564;2.15687672078863;-0.349156113166227;1.8169287853236;1.41962635086172;0.420491237505308;-0.00768104121586582;-0.760163943508975;1.33880339316313;0.839724616217828;0.223162638288462;1.66911906746333;-0.0573179526981161;0.737681311053073;2.31600146905776;1.50955651976043;1.48563430187655;1.53845916928233;0.736526228911788;1.61668904925066;1.66823600896995;2.59735264958957;-0.291135672480456;0.32212443560305;1.96708831537641;-0.646852765202842;0.283558851209357;7.80595797901302;3.58678221954253;0.401612780632757;1.0677029360084;-0.355980864089023;0.285703775292517;1.17278167838723
3.18271699142207;80.6189292315969;2.12659994048195;3.24861031122563;35.3392576641323;2.74051069982005;0.897791349286231;2.30303091740997;1.24349311283031;2.24354550847815;1.73129957120989;1.93162172316501;-0.337248166812304;2.4820072601626;-1.36229496994305;1.0081843810308;1.88163649787819;-0.218247630678545;1.3128392188075;-0.90410154416915;-0.595162555912556;0.154659878015287;0.0399519362104272;1.98116491879263;1.50633611794775;1.79261917620972;2.16538741904431;2.02135726155068;0.655447270523072;1.27730155965693;1.8118563028095;0.781050926023017;1.93191221676018;0.611397161963244;2.15409542492274;2.78551888674712;0.654984292914619;6.94888931065127;4.709178238711;0.451242324858554;-0.346349994144034;-0.140844911638433;-0.129538786432092;0.666665998536654
2.43696114223882;77.8798969201665;2.16802299633843;2.23001992378416;31.5538849400144;0.974589586833853;3.26112613940206;3.79506159777549;1.780693811389;1.11119140484702;1.25786584239993;1.97890667478624;0.655104446892799;1.35735882346356;1.46410073516078;0.532390925776397;0.426315132760734;-0.288218574135392;0.910772308599001;0.192079646325919;-0.106075934783815;-0.31025186708023;-0.215647040320433;0.316933331738454;1.42172619485542;-0.0634540049072529;-0.304004909979947;1.64085409921073;0.101641153167224;0.469543057258855;0.333868295015994;1.21896380121675;1.23564554311726;0.0830083462091284;1.67875170540567;0.58180790364393;0.22772269169506;7.28396910650735;3.6476368721041;0.388786736353472;-0.723266684455068;1.52805712678936;0.0135342748216296;-0.269988748557638
3.738884247016;78.8133491422045;3.5520716554162;2.01120667314128;29.6516462003588;4.48204750153337;2.22801427664498;1.93205943385298;-1.11153491668053;1.28127231863056;2.94265448469087;1.8448979436576;-0.44911396765964;0.36494137639423;1.11965035137825;0.440705505480499;-0.690464936409331;-0.0516340864687;1.25318678697331;-0.748906366717118;0.12148184574082;1.48498027078014;-0.291429776790251;1.73836632122566;2.5393419550584;2.29649492634497;0.885011631859088;2.11152068569827;0.609420151169624;2.25063589215161;1.92371761982277;1.23332645516322;0.891778713281014;1.46904221250761;3.2578375888133;2.30603055315613;-0.245866113140254;7.71930338955984;3.46677743273093;-1.23461006436903;-0.574375223891158;0.0525134443825354;0.00811854456768202;-0.240287566842734
2.5868633326497;72.7164496433994;1.75037412139516;2.68497659455443;32.9138744221561;1.1876039180021;1.22961928753477;1.47001978198724;1.54169581183175;0.385634318272987;1.75114208763178;1.99417658576157;0.416976903329126;1.77469386088957;1.65212840617262;0.170394989733009;0.0914998433326947;0.570939806094456;-0.906044089973608;0.191546990182801;1.61853910048896;0.378779754566414;-0.492949986111877;0.343227543539212;0.412433891866428;2.24723790469651;1.78805059224101;0.853624723309793;-0.0510625654004586;0.357034031334978;1.98279640496919;-0.152110422400881;1.24761189458148;1.03683716247243;2.54196231371333;2.60062628503518;0.167782670198393;6.78959069334044;3.99166648958165;0.404228581526714;1.48570547865;0.0894875659233469;0.540692625351082;0.350038458854686
2.62935451224543;71.8042106611448;2.83446040333659;2.4779590424119;34.5361201605896;0.829507677762333;2.66341866582213;1.76655552675652;1.0634714423886;0.941713726806562;0.301160521251846;2.59611383974671;1.59223820847544;1.11851347643911;2.3959952572323;-0.0548369878038425;1.82296054068976;0.155749129000595;2.17781086412545;-0.551469704315698;-0.382207258445306;-0.511476140950256;-0.324456205277178;1.5782075736498;1.67143873872434;1.36195518291464;2.34493163857884;2.59228958607537;0.773325623989098;0.797586099255769;0.547142379651877;1.022771005135;1.52136680515901;0.160362583013285;1.02820802686636;-0.945117418141325;-0.368006337051948;7.2456985241826;3.54901519174534;1.37608374225644;1.28171114791575;0.230976012476969;-0.0598004076741923;0.112880650724567
2.7543639721709;79.73295234739;1.63840074286801;1.20883539844271;30.9006204676507;0.983143144516963;1.27806607688599;1.32911594718649;2.51088714472579;1.26806965411749;1.64865191462412;1.39832966323128;0.755562386836926;2.21706833274785;2.49779329021667;3.43960794613487;1.44468147405916;-0.431351939982634;2.34027628068933;0.536482088467137;1.01966816986123;0.973334787072923;0.00492493790362492;0.804475536261799;2.34259723939474;1.59973221907947;0.590641296423865;1.27977794433078;-0.472791627033876;2.26313672088634;-0.48996376574845;2.35297572454555;0.610621640329436;-0.276269015601726;2.17080933010324;-0.518412114554998;0.368795568086255;7.32121354395432;2.55412537109976;0.813966896554643;0.862394447179481;0.522594339430201;0.151219625737043;0.331504038144302
2.89763953631119;69.7283331429042;2.61366659833256;3.25534634252824;25.2310412447038;1.83942111627727;1.61065770285988;2.52404433532769;0.680817283452786;2.30979859482119;1.08859747092418;1.07064592169779;0.136913841220672;2.40471047900015;2.31838086601206;0.468945600006209;0.458557336342959;-0.0470927603416301;0.619386375134114;0.190425342733214;0.645017597413204;0.145162272216224;-0.260305019435509;2.65696617670448;1.36863271707281;2.58842064832977;0.906781512457239;1.14335133184746;0.356395902790258;1.54436198552788;1.99022040575615;-0.249347380520229;1.25410347690664;0.759863113202444;2.31481891426147;1.00969033302666;-0.59812358045051;7.57102408159887;4.39842598244643;0.293338380114658;0.2064862673272;1.09843293093398;0.264439560204435;0.518351737000105
3.39426498488073;79.0913962088615;2.46041536962927;2.81321356221121;32.8788542247958;2.88877713480212;1.40081029038586;1.63109219868602;0.541931278698348;1.17064838357955;1.33608424254347;2.13779639326913;-0.0102770535843473;1.93607455177918;3.13673681328338;1.0969518291749;0.0480105117008346;-0.136062962658958;1.4537992163412;0.0440508983291303;1.42147011688651;0.926841150196299;0.307390893048115;0.60227559992736;1.8838529544909;1.48598313930421;0.834583111952316;1.61855323476705;0.615969236247198;-0.136666368612902;2.59010955205925;0.082251916840883;1.03316069656676;0.262338970915127;0.0467109545886666;-0.115446085083778;-0.104022684124803;7.69108121087769;3.2843930682972;0.495202938953055;1.80488481807765;1.44298230150124;0.370152763335478;0.0694074260178683
2.02688901752027;77.8814100444349;2.48301388978708;2.24910719135698;29.9494731212779;1.04830748663181;0.996153913431632;0.45769499877939;1.85816630357278;-0.18930496533483;-1.31711636033297;2.67142144319936;1.43833699454307;1.0644374840338;1.54951823634772;1.88359157186734;0.756824731063251;0.962637136555293;-1.39274378515287;0.228880733188364;-0.0485989232319427;-0.0430779088366217;0.475921495604434;3.09758843685239;1.33343593674064;2.08812387220057;2.90651735940735;0.38558645451476;1.01015327125371;0.312663379892221;1.81240042702749;-0.269677481695247;1.06480912672993;0.975220562593256;2.96651743943447;1.13010253851563;0.165106737620426;8.68215768214863;4.83637847203362;-0.120362282171753;0.415063663456051;0.774572490865372;-0.0493021934770266;0.324046373957318
2.64859359632499;78.7223437310577;2.28959432965676;1.70477435522768;26.6056473359919;2.35362218084888;1.55908759459574;-1.0190787742489;-0.076564842931297;2.95652504622266;0.203670285305843;2.40023351237937;-0.794108081355728;1.17186841398781;1.96288173690057;1.88707357148593;0.41045488846048;0.433693028272926;1.34922147566534;-0.294002577793405;0.300914798785062;2.22630681960004;0.0938067549810126;0.401774556341081;2.3113417538662;1.47474868248696;1.98210209179761;2.019981107882;0.67900978795292;0.873019885996615;-0.144344757812049;-0.240583564890505;1.08009805523737;-0.263629107727747;2.41997343671615;1.83638781349177;-0.23278179331778;8.32025524975017;4.90067853856875;0.502218293202317;-0.309106606404552;1.55005831996685;0.0426345089859291;-0.484022082023051
1.83041777647039;76.8954612895183;1.48360728680049;0.919272822725172;33.4772091909741;1.19260053086743;0.773443480124971;0.847313199611524;1.13533148540122;1.1802919202465;1.3733454749041;2.11203750613658;-0.919388983754827;0.222017540240579;-0.415217882737749;0.629065300586875;1.05203717920711;-0.315972571186863;0.240444436706862;1.51991744850295;-0.0788534651843112;2.64539199658267;-0.505838579166861;1.80103214982168;0.26447067844908;-0.261134334436508;2.56150484810766;2.62437314696866;0.3218701716984;1.96679410419223;1.08669198506637;1.62641579653525;2.08427358170126;-0.696645642912177;0.914365755727896;0.470160884544685;0.211149882340112;6.47394542774981;3.29097328783965;0.105575934943931;0.812861813833517;0.400537299843769;0.299889407019074;-0.203683762271802
1.76227069398628;71.5948880753843;1.82996269130752;1.03652743935583;33.7208188795935;0.574477527150644;1.409013955588;-0.615607893850245;2.27112135083627;1.65549359427834;0.955522472929442;1.95033299408083;0.563353327085352;1.79229087256092;1.8291341109105;0.319247649519458;0.978920971088922;0.642143921991279;0.133326998934704;1.22960800602356;1.24414305312398;2.67341138669339;0.0179450591804827;2.28140022376967;2.14230901850373;2.30273742893403;0.835631478496377;0.964645600496053;-0.779732657306304;1.50282660686151;1.9953006224497;2.43751269888807;1.88108329941106;0.359228800744985;1.55407340989605;-0.308926002146396;0.364810537300569;7.69181006484519;4.43326966159836;0.804482607366937;1.09555712327116;0.314082495082969;-0.00449803296522213;0.51853038968297
2.4714894300671;77.9033548954647;2.73134259860879;1.09498397666752;33.4372681463491;1.73619126767642;0.679567867427898;0.525528850567278;1.92697832491137;0.260142469681862;0.725029366344796;1.63002780181944;0.205923487114874;2.94529711672524;1.26942810575035;0.938403149185889;-0.211359645133015;0.391398799046432;1.14658893116991;0.748927217274715;0.445967461205768;0.921455417116693;0.172764295043929;-0.10864460766232;1.2938971331795;1.11747214351864;0.937081509411492;1.17231236473701;-0.243362818476875;-0.40640245245506;-0.332642551677887;0.0149467278841545;1.79274880781462;-0.545314263614424;0.745575212124163;0.89480811837893;-0.098387476550884;7.62751046988517;3.08842835794229;0.957408851701388;0.546108209142388;-0.57440818959974;0.273574034192791;0.226700329455276
1.91841322493702;81.9689035533187;1.98070299742263;2.52383690475356;30.5613194369889;0.974500097956082;2.44581689350988;1.15299909711491;1.70909631772824;0.647672618219711;0.736574372840591;1.67739432744317;0.530380157238403;1.23681445568849;2.24635126947821;0.745137332403917;0.99928506501286;0.442336638039856;0.393621147589466;0.330697943801913;0.119426050292938;0.23528398553153;0.478463541162192;1.03366118858238;2.21961198543364;1.21105749128016;1.35181725480897;2.15770229174552;0.430117559312311;2.5190400647602;1.672157674155;1.01815499025686;0.0193617466334881;0.297465065859917;1.20166725857596;2.33146257668446;-0.0867385663548363;7.53642069377295;3.80374549389794;0.66296644757678;0.047255629094954;0.56690254888381;-0.152531514770819;-0.289063640523137
2.80502084544766;79.2476972418413;2.64936776524202;3.03480830707267;29.2591421545104;1.32059105872728;1.42361766006251;3.17589521354713;2.58347573540379;2.90830091537578;1.45076633125102;1.335564403954;0.116016909047382;2.34313269278477;1.12621322185845;1.15045128231645;1.43197982261177;0.923769599368929;1.10806879790457;0.166256790073057;0.741278135932772;-0.0207513352715032;0.268911342629616;0.69704231799339;1.21023755087793;0.409129530313524;1.81754485773187;1.89397072632712;-0.0277748323892709;0.0873490298634101;2.02174402312288;2.07940769316657;2.74891883104343;0.555458597470491;0.437960858165893;1.31337464379079;0.347957026642292;7.28272318406947;4.53856661143357;0.82884863558472;-0.040191963053558;0.574663713837985;0.0811752460144833;0.573428512989041
3.10244324460273;77.3763267126112;2.84124113218446;3.88311657613895;34.6731961598223;2.11612535178632;2.30062817686818;0.909607634410912;1.85966767338699;0.431803293654981;0.717613041186478;2.75234599387891;0.816391851810993;0.381453170426319;1.46148064941781;1.68354991536036;0.661557715165386;0.719312416517616;1.48392731245379;0.325083456218217;-0.302193205818244;0.374983792926899;0.289292321413332;2.42479832875547;0.866616438043973;1.52088557771661;1.9816999170083;2.83816496989633;0.452271691478845;1.52618503032124;1.18582943899857;0.716363349588653;1.77958831206761;1.23790758566088;1.41674124463623;0.0327682588205148;-0.190647892629058;7.13926300245726;3.5605768657066;0.769398306843299;-0.073012288685619;-0.388160349709911;-0.0130860570504043;0.0741342161771796
2.48473566928318;84.6313955353741;2.45167129603722;2.11512251932212;35.3974348767819;2.37542452025821;1.12931954620679;-0.136711703728849;-0.508255121814294;2.59458697287147;-0.449978126931055;2.34447897434379;0.687358768459769;2.28963316681576;2.7610361893814;1.48641182151333;-0.232615168874843;0.591036286630602;2.92899246856195;-0.705051202220847;0.47488022667364;0.961234475665809;0.273636793639072;2.55531312314157;2.23330308993282;1.80244854359338;1.64555436883548;2.07020234796375;-0.163532968250749;1.97390757019802;0.328809832801999;0.779369531000837;1.15482066181811;-0.76861424412596;1.65476738159935;0.269014911733891;0.455413207258145;8.43471257480003;2.0141849607584;0.953746303377564;0.538226119721577;0.257888944347948;0.355587062306646;0.525612948979765
1.42477535336785;75.323763704449;2.65923130986182;1.23754640032267;31.5144097864272;-0.703723195854218;1.45620804392963;-0.776768261226525;1.74823914193181;2.39824432741434;0.921196580252985;1.84863762801611;0.481953708533759;2.43665611502107;0.270205529292139;1.13243739497351;0.346197954734127;-0.110928042936995;-0.97900069408005;0.199397545002051;0.0884202111441436;2.70789993791084;-0.225105246733134;2.53094315484546;1.64451819736937;1.74054514553896;1.27556133345792;1.03249394470035;0.220319341294455;1.59327382626567;-1.28984759097105;0.637326171190092;1.3456982077354;-0.317729535865058;1.61146202367602;0.23019126364543;-0.163629782185314;6.9797432499841;4.09424345725974;-0.138048639636413;0.137354977356529;-0.719256927113225;-0.250347155058824;-0.853518271855169
2.68754747885439;77.0184926680878;2.88584822507106;2.24409518049337;36.1227976150091;1.92196902384689;0.67511086622494;2.43212363760012;3.37064408136225;1.35786079457439;0.522017169158874;1.6869639965421;-0.296166276610761;0.15770171771481;3.42566188231908;-0.149250132937697;-0.611267059324039;-0.506266877799023;2.47194712027356;1.06123116882689;-0.304236249795942;2.65854395036515;-0.038209985788333;1.0664582047135;1.97741655444963;2.75573525647524;0.858426070986198;1.44569732505579;0.880587971500304;1.18616837832578;0.970126129106174;-1.54110101084045;0.342038520041254;1.32950192709164;1.81986922496944;1.29486239068518;0.30639496144981;8.57676489663605;4.85786962792872;0.532059908334813;1.08690525169547;0.324480315266479;-0.391948447663665;-0.142549025242654
2.50613560112354;77.5218450097529;2.22063573741103;1.5593679741296;27.9266056819547;1.84667130571607;0.862652348048459;2.42614205458603;2.2210394704511;0.434101846352025;-0.0308081171755461;2.57457835739698;-0.919147077458998;2.08680959587929;-0.045017888014069;-0.537445478472753;1.06646168017123;0.237581532899368;-0.554166714385618;-0.269769051923233;-0.938357829103934;1.61968557955471;-0.489072251442923;1.65269338934478;1.23916044307443;0.991589246502283;0.933269513956466;1.21397788609085;-1.14011095391049;1.70249120924729;-1.41346500562065;1.9583915134978;1.84807681226701;0.207617899949971;2.11053116520619;0.0432310335301717;0.292316669826022;7.77093462474429;4.38010858285715;-0.174837843693352;0.536849607786559;0.604475719280099;0.353468492054095;-0.0047544859148044
2.58291676719694;76.2951505695044;2.32763961542897;2.99445537184289;34.5229571704633;1.70704923609942;-0.0868062179285457;2.28887126509126;1.43990826984025;-0.158157708863821;1.75620383925079;1.00707063968394;-0.78622982590041;1.57922670531197;2.64652395483463;0.721027030856609;0.0648840632980048;-0.390586884398291;1.95811695698604;1.14080837759997;0.359775993785625;0.676858327583255;0.0885779982985163;1.97447188302816;2.59344313653423;1.55161467943496;2.20822699268664;0.803535530270149;1.2051222681224;0.423754580660941;0.71654003625516;2.53954300481912;2.80661362844161;0.86179247643582;1.37683448454861;0.972340563293412;0.107488078224223;7.99776934606744;4.31966677778496;0.278874652467314;-0.142489125598102;0.320711173191398;0.0941990120364905;0.147786611832089
2.04409007606074;72.0897510831581;2.62801681028013;3.07856927834349;35.5670386352102;0.220083999373841;2.89565312187358;1.06037245234983;3.09144875887882;1.57713352051638;2.31408822631276;1.36375875720746;-0.221540375532004;1.23711243214454;0.70586747444507;-0.836946200176158;-0.51169900668333;0.922511262723574;1.74810980177701;0.860169610835294;-0.310272827998392;1.54749779378371;0.196451991094893;-0.637591577569235;2.82474027825913;2.03222152933753;2.3417883836748;1.34174907230116;-0.795540910925177;0.794760294752014;0.757573569613226;2.44449179875169;0.811780044133599;-0.0251372137259361;0.487574823693661;0.2326461139539;0.250703517155182;6.89294839928263;4.83062386987841;0.726400261076887;-0.621199412742174;0.287648642492707;0.0852208517952216;0.196515411962351
2.76626732547424;76.5440402798671;2.38704012678622;1.69598073181446;34.8458476495783;2.208222630744;2.72899148827616;1.49763875271084;0.218954136161384;0.051441291473096;0.834777872851038;1.77626279223205;0.101866730305129;2.171323347564;0.66592193888033;0.971307148350214;0.475305737041572;-0.393870755283487;0.410043997222053;-0.338168377723838;0.239401867953215;0.56741599391587;0.276820855915964;1.06002702621641;0.534418933661438;2.19556085001317;2.13221283506242;3.03315388779074;-0.223054036418377;2.80525220985778;0.646125587960197;-0.371309252819856;2.1125177089578;-0.239417005514807;-0.296242627710859;1.77574879409398;-0.244233261226249;7.4264118445051;4.81560271499859;0.731588217233717;-0.536687280074229;-0.754260123679046;0.391537379445657;-0.832629692546198
2.84678011796054;79.4642547567477;2.57974869752409;2.48753999653391;33.688311712981;2.19218595720505;-0.336436865526232;0.10229444866599;0.813321286137782;2.78550775583849;0.643713360441256;1.28832420508618;0.860695880349253;3.47915790774382;0.926780497110368;-0.0812359924206537;-1.48654998475236;-0.102624071538437;1.59305047620693;1.27893116216168;0.785670277952953;0.727116302208448;0.272375488338122;0.652535070914739;1.42992759556155;1.53819437305213;1.09239197327562;0.737938784126104;0.231057461955764;1.42513882119119;0.717987589868685;1.24712916909682;1.62979723641403;0.363448438087582;2.04937065337488;0.879080744617514;-0.198244299048683;7.48199530793997;3.38483974913634;-0.775439707828393;0.32297035571916;1.40617837378131;-0.209789775168973;1.19209834172439
3.37575734431872;80.8441615077184;2.59387400934571;3.04326479663011;36.5424182606638;0.60992740877244;2.48949078962106;1.24671938171733;1.17395640490052;0.127952282052119;2.68082056687252;2.87470399767343;0.997597134796207;1.50378820696991;1.3838948405351;0.341995341653661;0.0890855718118365;0.54671612913217;0.849210268752033;0.00347739021749799;0.0319741865890127;1.39052672236397;-0.0408298152580029;0.687604928677668;1.27121787741097;2.6676605319008;0.881173502362015;1.17093941003566;0.269595881825683;-0.539564379958258;1.26564368964043;1.01805107596201;2.13278816116053;0.482437130858833;1.50168750741026;0.104081646248451;-0.0534419891950297;7.60789347812654;4.00523237280868;0.00667949234623585;0.869827822336232;-0.0547187392824863;-0.531898620780371;0.0320384150607984
2.96663828507998;80.1286138221574;2.47727356772304;2.38189706021993;26.3894196911915;2.49524229092967;1.20151819409555;1.31859042866653;-1.00129404097915;0.783162680330374;1.02069851744385;1.8716356265054;0.169971198899421;0.367690363482512;0.357407401415149;1.35367368241101;0.0879922712348404;1.24478875119035;1.46078723978174;0.555285346997967;0.319861998875308;1.02985037282831;-0.357394475000365;0.626767457465068;1.12268819409847;2.3662679405428;2.89809383269434;1.79695266475123;0.89598778399741;0.602052968592319;1.0588993129731;1.151537413105;1.37772843586527;0.424638016243445;1.46703196598604;0.892043079702063;0.0539406505915344;8.12292061679932;3.918125045297;0.841403998638762;0.300215544031699;0.159212162645603;0.133426824619926;0.267483114056734
1.6991055740483;76.1340502432383;1.96842633080126;1.6954972047731;33.7211073472079;0.657307498583114;0.313405773138915;2.79972152991135;0.119424821102355;0.839832853464196;1.04418320312945;2.28972079361635;-0.651730308288699;1.18261704285587;1.59828116833979;0.753412703053003;0.804112811074159;0.423467818462508;1.09951203390989;1.29129206363966;0.375629521266457;-0.254849538809086;0.0759050622746816;-0.720515757015223;1.53672406019821;2.18658246074984;1.40516850570857;0.725237542221403;-0.598970176588021;0.301446241404849;1.66421755742471;2.22189199540328;0.673584282593322;0.921112803194785;1.5567266624141;-0.271216715586913;-0.0615235509139182;7.3533356496209;3.69596158785364;0.120580323740776;1.02482486552111;0.345863420555381;-0.00120224226740855;1.20727879949555
2.51661382680843;76.7022949211089;2.50021212002269;2.6043722786033;34.4976126596204;1.6184460345741;1.53921181245267;2.71099200951087;1.39659038393132;1.90817307307968;-0.775355215976043;2.66949993218731;0.0493744672836636;1.59036143787602;2.25972677632548;-0.0605250066756069;-0.179661716638126;1.56791604567788;1.82865604286075;-0.195468651482025;0.755757373327968;-0.807640692216108;0.379900994447221;1.77103536793335;1.85165034436506;2.6159441105969;1.75281448701967;1.6571390169752;0.613872565603736;0.423553092711023;0.566687612167898;1.50808802553505;0.662838391094974;0.667977715363451;1.07263770611025;1.4583128753184;0.209565711065696;6.94983632261429;3.6592908619542;0.387759882918793;0.101952676193973;0.761548487735568;-0.00702297066438924;0.0235839084341025
2.54041131817614;71.2984222235889;2.62487841729307;1.82959424799166;34.7283469315022;2.79920593789711;2.51724348576911;0.548498702995514;2.15113557670015;0.326578722428517;0.955114232266372;1.77577295148629;-0.0620709133583672;1.78031516488486;3.75552664586305;-0.304611844005576;0.594053053282777;0.690263447932971;1.43772343478436;0.526559886105115;-0.251953698002126;0.554675361003739;0.722880858245607;-0.0970178609046346;2.28426540694412;1.91023416625486;1.12011054756532;1.51187337320465;0.937663493750999;0.650489089176136;1.9929742065011;3.19581439966563;2.45347203723923;0.633346702066671;-0.799402847709229;1.43764816820744;0.464226628755277;6.75637243227617;4.80047765437112;-1.36898630321068;0.312651543078044;0.816881396086642;0.226320311379511;-0.164116963226024
1.89624176841134;80.2732165852177;1.70185688239652;3.52422880745501;31.7852920592094;0.993480425036523;0.695472684077453;2.55778801388405;0.765942290771937;-0.0231993647260043;1.49207080516371;1.63913997883808;-0.802467807180697;1.24106965329226;1.13154794206038;0.932255441248144;1.53026333790949;-1.18388901895366;0.813397360519308;0.588899226633677;0.537229848310562;1.02562319552959;0.0478903574565596;1.70151470120604;1.71616289332291;1.03495912211189;1.7060663176605;2.70727532308226;0.787362912391805;-0.186517110462481;1.93883762822914;1.42877941461405;1.01526614236357;0.681094175735484;1.45432873287005;-0.0545678768228746;0.577875688379833;8.23749132736136;4.04367107940273;1.07873246610586;-0.332862885620901;-0.0530040542617181;0.405364303083054;0.206633935132417
2.60613798375787;76.4183939866527;1.72687358773337;3.35827807634569;31.3563407631864;1.6479139007479;1.62409739198259;0.588600117296167;1.37208599476273;1.28178218872866;1.04874668161595;1.58039392202327;-0.234352673059342;0.203616279742706;2.83256321338602;0.392113235010184;1.207094165636;0.193630224730138;1.99171591575292;1.17617169257446;0.172585121311101;1.08179104821562;-0.316183837725006;1.22039906587909;1.95847965407739;1.48591900914984;1.25065699634372;1.62714124508817;0.315973755908476;2.40286133368309;0.656774048048042;1.33782269107361;0.540939806944091;0.100584192895437;2.70737292842295;0.0346319846369939;0.068183762010144;7.25736986534762;3.51722845828512;-0.531496352792152;0.836938726745756;-0.0388818202266483;-0.00801901998204058;-0.0103573147045701
2.62159974981319;70.3407644906564;2.43688655578064;2.77744162833107;32.0336444592077;1.42401541149647;1.72219061133674;2.36419013507372;1.91194011369934;1.09880110233412;1.64927361150699;2.17839212623885;-0.309369274466459;0.759930961989619;0.545329416816186;0.150540172065208;-0.100165225691706;0.926145203413951;1.71762121941552;0.615524400549324;0.355461489220725;-1.05579878661594;-0.0181414172569929;1.03119092184181;2.66701459127905;1.69805425429166;1.64481550211032;1.42691497949027;0.0304980460139787;2.22590437788064;0.62192018045847;1.42416081405798;0.296006388370197;-0.489512908678851;2.22404126087444;1.21751027312644;-0.169394800069952;6.61625979272711;3.14355601605915;0.613895056611696;0.165394818969883;0.350966623256167;-0.132859096786951;0.905186904691568
3.19693642612568;78.3747710489768;2.24096995339608;2.83968214841989;30.8976954756853;0.887483709896278;2.60075262458792;-0.109446052848462;-0.22022756769391;1.95302156363386;1.03596416627614;1.39505615767918;0.424621743029524;1.39086136858166;1.80249225997395;1.57422794692634;0.854255308408587;0.489117603888423;0.411760737186001;-1.01590576928988;0.222529835178437;1.52692242795584;0.204176949189094;0.621007855230598;1.08501310341924;0.943524457290771;2.32946509135925;2.16589854016915;-0.584998808157148;0.840108748460666;1.01174033886514;0.497055678133992;2.358158041631;0.275066876970898;0.8456776257264;1.70416410747462;-0.42850441869034;7.46887878243066;2.07333569140381;-0.0627932753041834;0.539013786689992;-0.0550471558569232;-0.0542472896126184;-0.909264719994241
2.99649450180515;71.8686381918135;2.62501054342227;1.54026118051383;30.5228788132581;2.857859378267;1.62262870033386;1.27915494884101;2.20393136619385;2.39714739719748;1.35168124285979;2.19507746398517;0.280953400217068;2.41115747095459;0.4496903902241;-1.21533781483142;-0.626092111168806;0.446958435965972;1.62222192130062;0.953695291320537;0.782526580507829;3.23695913533638;-0.131772951961883;0.354219081791238;1.76269542135855;-0.374520198894831;1.33259097738725;1.62101436158886;1.29849322988418;0.268385987344251;1.15088492766498;1.25859551971072;1.4810860291719;0.646954762466067;0.861761412419345;2.46591472539434;-0.104990041639248;7.01048405802518;3.84948190009266;-0.27668207039697;-1.33844684578732;0.199421770306349;-0.133753246800466;-0.36552102669876
2.76461324717117;78.4868541211305;2.83306433632209;2.53650113911302;32.3238022568873;1.43035748879189;3.25289024228794;1.9380934610599;1.64852922891597;0.47966120343671;0.907282771505198;1.94379597302612;-0.249337771926559;1.93272556289227;2.14151440537716;-0.556416072139858;-0.181788940577821;1.77399101923446;0.440265606108348;0.703790680139366;0.773556585037609;2.96066641395762;-0.0239204248581829;-0.344189470409241;1.21330725916152;2.57384797887011;2.37183618541702;2.74207188806364;1.95452114453611;-0.441649262826987;2.30095007383051;0.23262207156397;2.51789934020729;0.865369480799942;0.694726970553035;1.24129362393781;0.579678716250552;7.58770139944926;4.60356534043733;0.45911913881831;-0.852550081386838;0.696861281748181;0.0190238426355034;-0.755577053665356
3.01905530222156;80.7030375957351;2.3711156441269;3.1672673160045;27.6787134938237;1.7109377013315;2.31629836981778;1.72945703318936;1.51648813653772;0.930152374852146;2.62430578632351;1.83389702625875;0.779669889679236;1.33798108975605;-0.427019203601942;1.4317383420385;0.411746114310606;-0.217692934425104;-0.186346248991687;0.430035825279809;-0.727664772195593;0.0182835876465248;0.393699045192823;0.304556902798125;1.65059108001876;0.263730786299107;1.03843942547699;2.20579117241925;-8.65705168005548e-05;0.631352956492893;2.29710989411286;1.83233559221592;0.785545978363252;1.03758907281924;1.71037692870216;0.785676886395088;-0.0628499779772544;8.03263475086358;3.84521502554769;0.66317050825873;1.24806911189868;0.56533226558911;-0.381847280665221;0.897463135792706
2.85153939801844;84.8437439446956;3.13577858314826;1.73885787240493;28.9153104955359;0.875265891766741;1.01311045523406;1.17359749405642;1.51495170209843;3.12566994069061;0.413306438418063;1.44367352061705;-1.18895058881312;2.51157240030666;1.48078038453328;0.966116443395881;-0.868206011541641;0.145529550266755;-0.0434577608919022;0.167312955427255;-0.111138374922984;1.51337311716706;0.211251296183386;1.70510066295185;1.26278246993329;1.10949196856974;1.33849408586327;1.62891024374923;-0.545794888983998;-0.255895932107557;-0.408739372952462;0.848772600139885;-0.35188302114774;-0.027901727003709;2.82721260183698;3.00010218104754;-0.239969948034917;8.1464693753897;3.22508288363759;0.474507428453303;-0.651027110313965;0.233542238813794;-0.596131853095765;0.254695006878388
2.05169429825015;76.3399085826102;2.28748870884567;1.38385730637267;30.6181892891566;1.19067190657333;2.2259730022711;1.51837966005585;1.55997493722439;0.281104297883738;-0.917365139139027;1.27455263429367;-0.0291064862003531;1.03712012737132;1.80524474086329;1.18857391458999;2.06641370871344;-0.16552836756456;2.98313456887262;-0.831095545719659;0.324523147348095;0.9201764614782;-0.246846899381055;0.22103883550613;1.11031502207835;1.58336528577399;1.82981720439908;1.720556876658;0.529622096303379;1.79078279953187;0.560929400966276;0.824674730477539;1.45825870900806;-0.289934369830972;1.28787283595391;2.77411706640128;-0.102025964043813;7.66991022475535;2.7956864627249;-0.44990050681005;2.31893845604649;1.79096656779299;0.178287055136367;0.463754501602751
2.39946093571855;78.7640533176447;2.11075230035066;1.93017594364453;32.4959172884041;0.812626220180885;1.57145824435958;1.79594451009057;-1.449300653094;1.5284489720693;0.539000290030828;3.21093063948674;-0.11485602143723;1.57944893221659;1.69033918226551;1.12699952615836;1.06058167859907;0.0336070936722828;1.90636085934404;0.495573226715667;0.487348977737059;0.911130218608711;-0.183627877149681;0.876672987713566;2.10321203191355;0.542509719525441;2.64531372418617;2.40604361147859;-0.318931227133296;3.09491649125569;0.266759141116756;2.36993205168036;0.699185343830022;-0.349367420942364;1.66432902932577;-0.367519343846444;0.0873750424888664;7.36300426113574;4.08681631853457;-1.69399939708936;-0.713861332439504;0.0176497389149543;0.0129725823384752;1.02061034398403
2.93098687503922;74.5143259684727;3.52874377222485;1.24772691046713;29.2222155508992;3.05965943597824;2.16227392563777;1.26744892707321;0.485253605554564;1.41205199599913;-0.0293786198794495;1.88017639484613;0.840268560676716;2.68221587756707;2.55451530020649;0.291241572990018;0.666742909114011;0.646340233317517;0.304024488253373;0.906821277278629;0.845649196333364;0.421035163737939;0.0997837513843935;0.59306530297963;3.69781654957047;2.49010407203874;1.88889142556198;1.78533002780746;-0.0501147042597959;0.661806387665521;1.46738864274136;2.61969398970736;2.66171924363413;0.828334829628597;0.346476634222527;0.523070704212167;-0.248105477808943;7.78098726640656;4.33416641874421;0.474026002733682;-0.567744350663233;-0.272487016223574;-0.305047265855224;-0.0799487587454966
2.95292591995418;72.5168036119167;3.2361307744857;1.24244155693179;29.6383438718411;3.59555125500502;1.96210678245055;0.0216132907226432;2.32400931631648;0.475885088108015;1.85072078022742;2.87340372214635;0.608194055989797;0.797819467741656;0.168111780215519;1.09636086094065;-0.104149188958309;0.916022044459803;0.709302647023617;0.935467255843757;-0.591523585258439;1.47092145219136;-0.337949516495335;1.59248765571079;0.0852130515945853;1.07208624306595;2.02927564313971;2.39574313642341;0.0839822764859784;1.26770854448088;2.47413532346089;1.47929451777757;1.87748669999302;1.01354455893832;0.63364576523277;1.46351162449335;-0.321334031505796;7.26429474869346;4.97187523159766;1.08510423019318;1.65583396363931;0.70421408990571;0.288052851049408;0.247988885277308
2.25316759576368;77.7764086339917;2.91427183623992;2.70691117637226;28.0401292571752;1.25386376774172;1.1443893885991;1.78394934113085;-0.292546748982758;2.71407764883452;1.73625886047311;1.76407184270921;-0.106115089156661;1.23437989380454;0.139803162349567;0.654952413710447;0.201792883057221;0.346726518293603;1.334207170098;-0.597651903380953;0.372690680385773;1.3893801518359;-0.280002919153323;1.09583429915115;2.12944605059779;1.52553569252799;1.56565432250452;1.78174784374821;-0.435571835746516;0.261881951915264;0.0731851383852007;1.46567567632938;2.55018822202759;-0.391743920847783;2.50140422177086;1.39758092551659;0.0139557428046508;8.14653841809196;3.88557657468486;-0.276296303137918;1.03839365488544;-0.269620623013364;0.311397338968998;0.391310623032854
2.63610133115944;72.0891867538159;2.39696934708999;1.52775615389968;27.7215152161768;0.846995203931679;1.82756871971881;1.23786985474841;0.150976853539747;0.148345374018397;0.504913173316299;2.29549374715715;-0.383790582536112;0.969528167288878;2.36990901417355;0.341284058594064;1.03004349011421;1.95756286016351;0.480611681177697;0.167310907885363;1.48885921550752;1.58297803569469;-0.0430525810399967;1.31527788120113;2.36146135921661;1.90217471586985;0.121334761560303;1.94391123082382;0.988655468444517;-0.917844286121708;0.72200978862915;3.26490531168888;2.15840772050004;-0.314846756289672;2.17821189502218;-0.0992960118937706;0.181529674339633;7.76551221652895;3.68513903440109;1.43921964890307;1.0431229095276;-0.0510059273768437;-0.0565070956371551;1.01008500001231
3.04445757903903;72.1036861751454;2.55607447239302;3.05676842216083;33.3772222996086;1.55805773082986;0.381299964110736;1.65619339782995;0.410298570290099;0.573752498347842;0.0202655099143559;2.08780586749163;0.316962293666687;0.141866692220549;0.623738377175062;0.0145778780290526;0.681088779217955;0.602919881656358;2.83599179341374;-0.846044645199801;0.650723423094754;0.485742698865246;-0.147296772949992;2.17528862011774;1.30407994595143;1.44599506853533;2.20011224129718;0.715097197160142;0.810296279978112;0.71658797125309;0.423066494985162;2.32292598362019;2.49146581102085;0.267651376650329;1.00916943648647;-0.689603885813923;0.221195240587644;7.57200900194235;4.93846533704225;-0.55578656571539;1.95107273318436;0.208701361268517;0.440975870574811;0.902972632523994
2.91306494004776;80.3886838783165;2.48934012850081;0.360337088121115;32.4287099549381;1.93962357892359;1.15999000209055;1.9173456113332;-0.197412641723892;-1.0052209840613;1.48278409825346;1.53182349916459;-0.633015577563131;1.42248058447916;2.25245454105718;1.507474170342;-0.0952828990411764;0.153917112129224;-0.862083120528686;1.55729703486927;0.412341423290889;0.973673591975537;-0.195650781789152;1.98892890254775;2.510108614609;1.44552746014833;1.92942254041796;1.80211547268714;0.453340568020182;-0.320243090612782;2.21429655567588;1.68776396419674;-0.272129236021165;0.328135382014664;2.12702224650749;0.703374491551111;0.0260976397219741;7.08963714497695;4.36616985867332;0.886421766165688;-0.717957025805576;0.420577300858675;-0.0595889977367532;0.634277211141245
1.8064173681829;75.1064805870967;2.29119996813238;2.01054307122361;37.3365145077679;0.147613021462297;0.409757122547688;1.1360909202226;0.668882520655107;2.59781674892818;-0.078814412249265;2.40945026497336;0.126122715460448;0.67782098697233;2.22890076925511;-0.458171228561086;-0.105136804978976;0.222168572604884;-1.14456682046009;1.51809908624712;-0.626455125278291;0.705078637053145;-0.257640899296325;0.0591336962426864;1.01449374580986;2.0620030938449;1.69083524624298;1.56861764490412;0.808508173779684;1.63980053604741;-1.11244132559802;1.38971114460232;1.9697040706772;0.471129798020486;1.74469271360204;-0.0792960321025026;0.161339215745084;7.51851837656898;5.57070545639349;-0.598840341849705;0.154015615007365;-0.534874731284633;0.256770198069116;0.819286072953809
2.91890680011286;77.0269955012499;2.32586931782028;2.33625024656594;31.6412510460682;0.714712722273521;0.447222790227756;2.53803200216943;0.631333330776115;0.300192022409741;0.116206222280643;2.31841248800592;-0.771515606544836;1.85013087225994;1.87003135691548;2.51768702625256;0.800929340986021;-0.568479008975239;1.35322994928319;0.0534351858083713;0.53557304472951;-0.0822946354491569;0.240607162731174;1.75333128440626;2.53199833107859;1.92166742941378;1.05004487782922;1.1350644653443;0.199276620968416;0.997331115273028;2.06498262798941;1.18805670366111;2.02465718303031;0.664609175752183;1.69872390187282;0.95131322994544;0.360858211886601;7.42999111097236;4.27941621146923;0.803628650152633;-0.450514851958119;1.02516542741257;-0.221171560101861;-0.554054226301649
2.13899316159039;78.1102092970204;2.07027630129345;2.26282240181221;29.3553391876249;-0.202102105266822;2.19910757826069;0.712721169591587;0.364843057194;1.23875537075398;0.495281143888372;2.14225760838562;1.82927305425903;1.46895964021646;2.64103149397341;1.9440324202049;0.211329451399156;0.412557977289062;2.62885957647745;-0.395286249220815;0.874706888715927;0.716166813792195;0.079479242468723;2.65692817510805;1.53547683798893;1.06235949978768;2.00273243342541;1.94345535065404;0.417811042533266;2.07254633698576;0.989478885408232;0.805861296143921;1.30938332080015;-0.387349307411505;-0.191710538947071;-1.4599911367819;-0.306896294594325;8.08107288696451;2.78173451371171;0.0521775353662408;1.1807430784526;0.0654448586678074;0.117022887509134;0.262982866410226
2.06998674203415;72.1351659771618;1.84723824571369;2.03390199496928;28.8036503434913;0.805911964347263;-0.502105446065609;0.230340561414493;2.32050258685624;-0.699229812964573;-0.10122595481945;1.79012409004935;0.550997793840648;0.917064362409774;1.40870725571848;-1.41266358352329;-0.726568028218795;0.258458690989445;1.69477902859696;0.70160429356665;0.052517019266056;1.8756971223483;-0.0289564687033249;1.27584427339269;1.57286240688488;1.63747761438246;1.8068511483552;1.37645034867739;-0.316240773295915;1.38292233641393;-1.31482969657175;1.23023337189383;-0.103080228177357;-0.835078405128887;0.680933381584607;0.809804582020969;-0.376650352134953;8.05332934186868;3.50123020040012;-0.847617094967213;1.96995574556409;-0.438551223203971;-0.151962927261472;0.779918796878376
2.64957462049638;67.718805663791;2.28741060328398;1.83566638536541;29.8365969671256;1.84823225644452;2.12390571396691;2.21311877114802;0.982021688208593;1.27092628782836;-0.758359436727395;1.21190055501633;0.65015540930991;0.869113850558584;1.17202267895259;-0.369022630009885;1.28987610443125;1.18471810193683;1.30416175689129;0.587230918931256;0.996764480528395;2.44029723433944;0.0429580289442679;1.83331002311095;1.21284606399384;2.09732039257512;2.03614735607872;1.36388859405919;0.421405534906378;2.58361144829107;0.301671790719627;1.51671779247918;1.13164384197723;-0.11453783129478;-0.0802460154385733;1.85033450221094;-0.237440048298253;7.30643669204236;4.3514191830295;0.245683168505627;-0.169925998011194;-0.242448326499988;0.126899683049863;-0.120629981569872
3.15624788482492;86.630889930512;2.49604958134077;2.05635303385885;30.1934616627123;1.70006388779156;2.92595020021001;0.817610449764479;0.618156699524788;1.7403534511528;1.99990309769905;0.841439873691518;-0.0834089002196132;0.750411855508207;1.31979809303861;1.72206627901944;-0.620192261742685;1.14669579714654;2.02873436060486;-0.15287192906744;2.22319295783226;0.375980160527533;-0.178110991911361;0.332735617222912;0.697197908004067;2.73545965168704;2.38698909053215;1.62943422828272;-0.796084654357761;0.689938189103645;0.695924602826008;1.32507098455826;1.59720318134223;-0.380206740847772;2.23298550980502;1.67051442024969;-0.3136164516582;6.81430143926512;1.20888364972536;-0.396804035333939;-0.618300711769377;0.391269888840925;-0.269427870964593;-0.410623751813179
2.95629062350103;79.0494965887284;2.37911349714937;1.60877281477533;35.0850974196813;1.95956969677505;1.57739387952629;1.31839960354507;0.519796793238375;0.758587560225744;1.37831811289857;2.13885669940943;-0.470561922286005;1.69382362226019;1.84048205281642;1.27763579181057;-0.146826463186694;-0.00191591349835889;0.41321314751783;0.0486089825843685;0.434937383085754;0.4097637758652;0.0110243188673881;3.02313264867503;0.882839547932604;1.34081195153256;0.920658045574067;1.70179736393745;0.0156984937850326;-0.107472037817401;-0.473065901369455;0.737886413509057;0.932018874262835;-0.688860572054329;0.28187966252415;-0.157235713033597;-0.480824009099938;7.61669773370409;3.51060507846169;1.13063011990107;1.07980551879574;0.739520693493813;-0.391731848835319;-0.395719125009037
2.71843196303671;75.5250317376383;2.76889077791422;1.274478068232;33.3060625516021;2.28878781231459;2.25069624118524;1.71854550594051;0.0222146732302528;1.26988997451115;0.351226040307517;1.75549754254287;0.73316493884944;1.60049407786668;1.95432040265498;-0.106943584818441;0.189066283997715;1.09105560917364;2.12514454203411;0.971313098949047;0.586620167670266;0.93392136451712;-0.0420793526718715;1.64285981647431;1.00811093640913;1.97067323123576;1.34600010748021;2.0154525826474;1.68196096401371;0.327302128743108;1.63203009251674;0.463360070335977;3.21403854650995;0.517774502584115;1.62284752796131;1.48975644210897;-0.223472754569507;6.78243878401676;3.26067710246442;-0.0691695815310943;-0.284082088890586;0.139750416614525;-0.0214184710390797;-0.481989175026185
2.3967215134762;80.917234184554;2.91618743620491;2.35384794156158;31.04628578314;0.84279154076666;0.411329408144462;1.87524138043108;0.189910283645966;2.11602681561247;1.74157684460099;2.77457495178218;0.609667089585151;1.84974754268146;1.17800093346698;-0.832247019686597;1.2376833260789;0.838627378486609;0.811351090690081;0.66242805008805;0.503690877317694;-0.0695927344098065;0.393132771896237;0.940766714952826;1.24179534178951;1.82954112050512;2.05735353341754;2.5422002967501;-0.503312233182514;-0.233187687843527;0.910590105949949;1.03949121379571;1.70447119322293;-0.254796482537511;0.708331811706751;3.15764040292813;-0.218607432280762;7.68668627999687;5.51226964027892;0.10474450739789;-0.239742520175795;0.161278840600093;-0.253352541257451;0.534900092100765
2.74402078238018;79.2600275267719;2.59668427989805;3.21442983449622;33.0201210490601;0.695870298407881;1.83808933272115;1.01716890153698;-0.535322734499329;2.08426755833398;0.912240102050159;1.34950394875485;0.58067223577414;1.48352682385716;1.528105665235;0.939670323649942;-0.817925020807512;1.45107065641878;1.5819386380676;2.41013280063434;0.290079428485296;0.871897285469287;-0.0928587394439631;0.251513542284496;1.33144544687997;2.76843836732624;1.68832316004751;2.05646310742943;0.605768695590351;1.8555269352716;1.33202426337039;1.7350876685069;1.00164264459618;-0.285541976836305;1.31976850086914;0.372598180705909;0.364216637713324;7.30524483787798;4.2747139128874;-0.861009714641987;0.532454451961741;0.640766535734753;-0.0309064076304951;0.773221234138541
2.77127305157501;81.3811087208474;2.33702497019904;1.60660796086305;32.3689521949819;1.59213654054471;2.24258028556359;-0.753471086386733;1.95854261905414;1.74271652804656;1.87904661123121;2.50680604383324;0.585921178655123;2.51423482919638;0.898877721815667;1.04314621535303;-0.832625658620191;-0.00519251462917114;1.71438937862368;0.889495379717122;0.175406882325321;2.25658281299817;0.41702095298577;1.21325782242886;2.81146890812757;2.1837706626139;1.18726655902768;0.400981025608609;0.857916458282872;1.27773226348624;1.27006668341321;1.83050403589439;2.46650618995035;-0.193747288870686;1.35737960166883;2.61838581537453;-0.224366081403151;7.13694986175668;4.53185278063098;-0.309462181723906;-0.403778429249441;-0.223482552889568;0.173362268951375;-0.0309163239586218
2.32400956633961;73.1347939725014;1.95906397763636;2.81363196519188;36.7065788214499;1.02803829905811;1.0189523932547;2.75105674567987;0.42392207014273;0.977715603667292;1.46889455463773;3.02792184279623;0.600221291946232;1.9267295813708;0.381537261370197;-0.106462119976124;0.552988179143251;-0.282461034178985;2.32069437290127;-0.175576848575806;0.192695581858609;0.318417676408942;0.219295783399808;2.66291094884008;0.47481900662716;-0.520898528547369;2.55281767528271;2.55887969632418;-0.0215063988866971;2.65645130529522;0.581313012390463;0.894855859139222;2.34409400358845;0.159514514424958;2.04170457448384;1.38335171633604;0.331474866117725;6.66278371929835;3.78857118554392;-0.156905184474406;-0.118506208254405;0.624388983990788;0.20266481324122;1.60365995772112
2.13939658900314;70.3918230790557;1.67596419840498;2.06384299222224;30.5555599658458;-0.51282175451061;2.08448124864561;1.31258929831826;2.95226816685605;0.845734240821942;1.41964022501687;1.72665192678165;-0.835931996801245;0.611895231486784;1.73137508156427;0.444018387211953;-0.776437546022945;1.0465030497342;-0.379230628347689;0.604250103311615;0.163212806185698;2.44384870290071;0.0351280577773281;2.12876052523071;0.0583599650051516;2.03196043138185;0.862492207746524;1.62705968632359;-0.0314784639896644;0.451626446804178;1.75874097890911;0.690489203859998;0.39913631579595;-0.975901161091478;2.51623913714871;-0.328890149152093;0.134715779211382;7.08342099404079;3.67138817725949;-0.1092736875418;0.204288001851355;1.36694956508717;0.0141117491343417;0.143173512196478
2.55573309178468;72.1386256921891;2.69207511085119;3.48052548063196;35.7123443639685;2.08923689573005;1.53446216302495;2.45680864107384;2.67385961040808;-0.349565434562312;1.94316047817992;1.01886733025988;0.373443726669883;0.455505639845817;1.34591210202593;0.62024001649497;0.656877520673396;1.27118471288807;1.2393669621656;-0.104919713621877;-1.25880973383087;0.81607188438642;0.496799498568302;1.97509935650103;1.7581788048181;1.50835265979231;1.57606136676994;0.696600965964487;-0.252327558246612;3.26458757360156;-0.312812978236385;2.41716028511126;2.01540569875022;1.11184770248766;1.53733146540879;0.411068932562807;0.142193728713179;6.78365525993158;5.27157505104012;-0.0881177606564377;0.668294424523394;0.885301984584966;-0.0840515115428361;0.415231501440559
2.53671424006923;75.3423527312039;3.36509791853961;2.17166890503005;28.327535901513;1.45320386043909;2.53972396724433;1.15273942093962;0.275217532386806;-0.781571546681835;0.0578390564024341;1.49457673874443;0.499352191487801;1.40191895711024;0.570364520182138;1.18668721601744;0.195335779979986;0.274653632048363;2.2786220898519;0.88780053483966;1.01651400690501;1.54452866552789;-0.0597189509713763;1.40560136036601;2.37582441765686;3.39658064244984;2.27971366194273;2.74588567495861;-0.256403552850082;-1.32650056691337;1.88569069124018;1.41680307683438;0.972609285168711;0.0918981525203781;0.528134028430264;-0.317376966021933;0.00763503575664894;8.5045855955726;3.4649810257529;0.338056705993507;-0.323327982256423;0.64316112365644;-0.282224651919729;-0.420763414963965
2.26674510809305;75.8960282412047;2.150655810187;3.82501166226324;39.1112810734226;2.98609342567423;0.0868401969992099;1.52581115444178;1.73347840987479;0.740076011436251;0.53052455200278;1.95479207950655;1.05732852236983;0.398805905074133;0.347650507832728;1.32673913540088;0.439571669735216;-0.355333303215027;1.22661083434746;0.0865926316907686;0.526211425415516;2.56827736200718;0.253905790292445;0.936470465052022;1.75722175392466;2.62364438139525;1.09137128645133;1.31228395357356;-0.0834871114965129;1.09603364398463;0.722181535487821;1.53427177962678;2.10958830071463;0.24432751295498;1.76023964675429;0.295951282561327;-0.0569373741344396;6.81555896548598;5.40520754686518;-0.857891321377823;1.21715008245489;1.26579950324833;0.250216541430748;0.238767965738675
2.81036975324461;80.5417827316608;3.26490381613346;2.4325786301432;22.219384263412;1.48083514891253;1.68920457557794;2.77287495834954;-0.358452614780508;1.30642406830078;0.671241260944508;1.72624199173632;-0.456532324637819;2.01655942750201;2.4476076208957;1.89933900250666;-0.838215994879891;0.224385027912674;1.24587198256938;0.0855746147714101;-0.123337614466207;0.568331551854284;0.354639851863589;2.06846717883096;2.45475046293009;3.1749057423049;2.00754770128243;0.943920676269675;-0.227137217600977;0.866266118783883;-1.49370502794578;1.61509103834989;1.26134243843749;0.110560876906425;2.58316229155467;1.5972546986893;0.261932696613938;8.16834554297341;4.82171017191278;0.324492939012008;0.840091376408622;0.293543835137551;0.141531937477565;0.426697481514236
2.77215408596573;74.0098620862263;2.17394048524102;2.71979895664642;35.1464305400183;1.7115926377471;1.68539857359068;1.69901336503847;0.547827581454509;1.69452115873095;1.2688829523122;1.64392213326087;0.132459316618018;0.524110640660595;2.26005574523576;-0.465016775301598;-0.501679719342747;0.705000571019663;3.60209101143587;0.508613303815148;1.09884791440857;-0.116742322791616;-0.386825877494241;1.51122331058174;0.907704881593339;1.54742877802534;2.39288384021823;1.24221608936951;-0.40360016800543;0.0749561177478274;1.27572901017767;0.519097176201329;2.5722116693254;-0.564124336947305;-0.0197516166048139;0.560999191926993;-0.289783547946417;6.88041934892562;6.3532937537288;0.866979347694791;-0.124463765221196;0.377006983839113;0.394042680036443;-0.650133529855925
3.33449785790032;84.5975966144489;1.97218402317106;1.72886843993427;34.5484632181877;2.02037894424294;2.71500666092706;2.87719982489084;0.643837880536294;0.337915604505564;1.69202709540714;0.304442685062384;0.480595046160421;2.14782066226325;0.643700990967956;2.2018344183413;0.284539055721156;0.375968990808899;2.50078026166214;-0.658810563191671;0.714998918777374;-0.103568585432801;-0.148128316943493;1.08853370292299;1.68488486824884;1.96240886354863;1.97458232056381;2.52928995077126;1.32107175152282;3.20046252862035;1.83255192766393;0.856169891034677;1.30298681186246;0.0481793225926053;2.26933726969565;1.44263730569878;-0.0488095030878004;7.12699448639458;3.29876265219465;-0.127417263535165;-0.74112494207782;-0.882832505177328;0.07731576294227;0.75826806234469
2.83693029074975;76.6931786713799;2.91279702393329;2.45989787268243;27.1372765337358;0.483728457774859;1.24167935036194;1.00113149359907;2.12945503325851;2.58085497529365;1.85708688959116;2.56889172982545;-0.497640632116134;1.6684691282032;1.57786918184239;0.784217233767797;1.63935933525902;0.024337475547457;1.84070991665298;0.226607414813706;0.105563026129035;2.75484338902851;-0.141196058670588;0.86254322615035;1.66621063734679;2.08516010410396;1.36084994562064;1.21110682292372;1.00223402247492;-0.184240155501262;-0.493788827398964;0.720018729632785;2.11192151843815;-0.278707383657256;1.67597217082934;-0.415005297466727;-0.151978725262748;7.78657259893456;4.55010919953172;0.216515535636525;1.02384765612467;0.756575028283661;-0.610408870925246;0.853671343037265
2.68298210761504;70.8289600927363;2.26036826353377;3.98068096052231;30.574302601427;0.498328001062145;3.43662878423565;1.63018681853514;1.27141471915091;-1.37346179874819;0.31536728601969;2.35762239371403;0.0881822411229031;0.615291892248381;0.75100546134836;0.315470001588045;-0.435964714354361;0.903693734441749;0.375703808854617;0.572788880746642;0.356102483756412;1.20759606072997;-0.0942908414049476;2.84987172807434;0.953360451818357;2.36629636453109;1.86418387536653;2.31020882852752;0.0950028893565971;0.493101316792281;2.15493391655506;0.476012530256333;2.52638158883771;-1.16316315748557;3.03891537929307;1.25647267669101;0.0936784753676657;6.91933878238992;2.92929418155864;0.780495975807115;-0.505851820591525;0.665746107474253;0.272258263939672;0.480855505980583
3.14373509675141;78.4853130053118;2.52328074896046;2.23980116616569;30.5405267578044;2.8695863531829;1.67311635055703;1.45842006063549;1.21382388800721;2.97859290205893;-1.84144202425993;1.31159267163383;1.79664980578095;0.124063114556604;1.26400619153609;0.180508809265009;-0.388330734044838;0.615318518605867;0.866589802079811;-0.168463076293938;0.0859325217380249;0.726811713287345;0.415771455187147;2.26543347688447;2.166362230381;1.16066421520323;1.8662293291808;1.1280800868824;0.0787352276918827;0.908924911118414;1.48118039948688;2.52609602719933;0.723825029182671;0.247736374375983;1.29786583218872;1.18378190007065;-0.0655757873896703;7.31512515746166;4.36596205528065;0.411365752464911;-0.125615365962747;0.00622543106757897;-0.0142091586161469;-0.333386159867037
2.33577331625838;76.2433498592395;3.17218408388471;3.32668906831432;29.65139006542;-0.308150398830534;2.02662924489542;1.24566707083716;0.927078528332067;1.50503295926822;-1.26698519290261;1.84679217541731;0.496226705528869;0.445254351199567;2.72274556509277;1.6015741876377;0.51475846042866;1.52473781634559;1.01641726692038;0.536426795062412;0.921206239847139;0.525025991246843;0.167337965100124;0.317762519355184;1.84145533838544;2.05093554731423;0.388582864230629;2.17149526614449;0.790068463580782;1.35419760686143;1.33049172159812;2.14133176392211;2.07112927794811;0.572306896053033;0.666223460770432;0.191983170875469;-0.0869252085148177;8.11034063959335;4.20189360805754;-1.26194390027271;-0.51754185840213;-1.12721768679842;0.0957289619905789;0.0484776704791582
2.61536963585546;79.6591389355815;2.87775099485153;2.69795049573052;34.3504405891039;0.876355290552505;1.54905795875961;1.49090771479065;1.56461530072679;0.409028679779287;0.385879766406117;1.90623439626332;-0.311700384721273;0.912045870692069;-0.49096505900278;2.30274547846796;1.25346036711912;0.142135018481618;0.807077818355944;-0.0865348086880741;0.654163369903438;0.0896809269856472;0.226196832209849;2.09836063846792;1.12378352177286;1.48319587968439;1.11544482998728;2.32587104389084;0.820037093915094;2.57711720797893;1.20866770080012;1.998935080584;1.97986712782375;0.0374264775716059;-0.835002208820043;0.514186418991314;0.0565634519899351;7.28955110002462;4.52998934114239;0.434025465484991;-0.671639195705973;0.035703979572161;0.308538197676369;0.264597243809689
2.78398465563515;83.3656727543391;2.88269153486088;2.1156727581463;34.2113389351258;2.55765502290129;-0.68682048524382;1.47333795103842;2.01143799501089;2.54827072939205;-0.107977556946792;1.24556667588266;-0.831169235879786;-0.0106162903451466;1.24586141137431;0.283722061366503;0.0619015453997759;-0.229011007763081;0.936235197566311;0.340968468827305;-0.635685322970104;0.839868394385186;-0.229162634659904;1.86554054631716;1.39596251517783;2.9305823147772;1.9285032839861;1.19140314174156;-0.304796676340867;1.92562615257112;0.943038727170435;-0.353615176237934;1.87293388171238;-0.487711999072837;0.676601487808978;0.652694536259519;0.180223629560149;7.45925668750283;3.78397783908661;0.462593673691479;0.881736765883721;0.703395655530198;-0.000526660184504854;0.691594480445091
2.35901872000198;79.9733272798078;2.01895875713744;1.7173551665199;30.1435973089874;1.01391998918772;2.30840647855435;1.35484892972466;0.829623417796107;1.53966059495195;2.25767540824604;1.81117526154979;1.22649274772601;0.976168538114458;2.04379288972181;0.546826351853446;0.745288082630357;0.772045102157012;3.19125951995963;-0.436221856944038;-0.140234333181137;1.47976810792923;0.225359601247186;2.96389575758256;1.99737149145944;1.50912644610371;2.43931846975989;2.12157241007974;0.798617013068723;1.06691517073067;-0.0633008313100705;1.32878207773219;2.12346734731369;-0.199119904164728;1.7316506246069;0.32097827257887;-0.154944726441218;7.67996430687082;3.56322510073265;-0.270414998663189;-0.580009879891725;0.533909326632478;-0.213229775105257;-0.068065096203248
2.63034466280264;83.1065880291595;2.33579769315344;2.71149569265167;37.5131669639695;2.84077699097917;2.44680349885212;3.12285645854152;1.53451244940049;-0.350003549708253;1.41639001826906;0.65760467468512;0.277410717224337;2.06927341004336;-0.920688022227713;1.50237438232476;0.0171080923705998;0.240797286443804;0.961790462279809;2.25936072011159;0.000567718005461237;0.0345239746151689;-0.268451613904541;1.38654983596773;1.40544797382945;0.842913275584416;2.77642767300704;1.07854514931629;0.955219314657836;0.374003571984831;0.662203331044312;2.30362002868854;3.8419301522995;0.178175671606536;-0.639950580407936;0.557804166390931;0.232047466163197;7.6894749866335;3.77035968170753;-0.445343631204263;0.508382057417697;-1.26779938848686;0.0476446471912397;-0.0214292601843472
2.7762210516112;84.9696860021544;2.37700785869355;3.20545302000646;33.7435796252728;0.457372920484557;1.51241895782885;1.76529364684744;0.710267611098854;1.27184807319994;0.380034769776872;1.85443258245876;0.0200855828040013;1.52903053173535;1.52431155392261;1.14378720933844;-0.0557660134061155;-0.890731258766926;0.739595392252492;0.48844667895424;-0.8843198467544;0.707769083246846;0.237059584228661;1.99568749955963;2.38703567191966;0.493532283832495;2.62253154563689;2.7810800469583;0.0972910372147125;1.34763678443609;0.877726725930026;1.19450285406195;1.38818648237942;-0.785138457783626;2.56853696214356;0.0180753363718046;0.129766511761988;7.54653742235729;3.79036303147486;0.776918088552127;0.245591532873338;-0.338743595198607;0.138305742130144;-0.143225065662661
2.1132396005708;81.7795689428007;3.19088822992805;1.55076469026698;29.2313198760877;0.5583408029368;1.06504665397952;1.53013109518529;1.55743904339496;0.536975779812129;3.04060035940493;1.39180052937136;-0.110462866582289;0.947527202708934;1.65918329830084;0.734227683017443;1.25321113016393;-0.211282704255531;2.13899702829395;-0.896795157882972;0.687696162685487;1.9291448315498;-0.369522337180774;-0.98739942039538;1.63911095756799;2.30752481693843;1.41390910472098;2.2400823474065;-0.225834359558074;0.939294492467646;1.64021461811969;0.528226055948814;1.93852079218941;-0.335710848990264;1.55337243411285;0.356960902136974;0.327475458435586;7.5365861389808;4.53869939174218;-1.09021973356166;0.313846462333604;0.514525595746797;0.128876019062769;0.661373985899317
3.14836416992315;79.4085876743189;2.69011895492783;0.868381922147252;31.5440582699242;2.59169367601652;1.89071597379567;1.71976558339902;1.28556317802021;3.04746697377366;1.52854878755425;1.17415426133927;0.425980935081648;2.2003349179614;-0.722720366182212;0.329824013007613;1.35454131891209;0.619330551324956;2.54781561380749;-2.26339760802296;0.326827673044361;2.40310944127019;0.284857152617576;1.31522239504445;2.94823435360821;1.43087430895274;0.762587574482093;0.633174872698833;-0.640448704848412;0.846258915701987;0.984867966122816;0.839111149618706;2.25183952083209;0.0981062033912591;2.09475903930293;2.99665461177884;0.391770991549162;7.98621997646659;3.55716500125188;-0.60988436278153;1.25568368297366;0.147760864395498;0.235652711892579;-0.212740016719932
2.97266286542422;70.7690944974289;2.75001058469992;2.13903427856362;29.8348522755791;0.914507197071321;2.12971203601709;2.48841133570544;1.68572651156321;2.85567926919071;1.49645244707303;0.200407350925053;-0.610801903232981;1.3219281146783;0.858688401331377;0.517544683842069;0.076029898379188;-0.0659859709679581;-0.584723612171071;1.32475284562321;0.211059800203643;-0.559302205320987;0.20705314832262;1.02544981251417;2.54460210799411;0.648923118105872;1.37986695890679;1.56054505098271;-1.69522724840899;1.26305907018066;0.0817526624366275;1.59661156941292;1.96764672926009;-0.463080909936455;1.9146594472511;1.17229062780387;-0.26774659072086;6.85974834763014;4.38966804023353;0.12037649774652;-0.205462092200708;-0.012405840934797;-0.00772419508160271;-1.05000020384616
2.90520864250141;78.3673642586482;3.11177891926402;2.8094832699275;34.4244898998709;1.10171454177433;1.22235872230853;1.14909163318083;0.279770889965384;1.92974631277225;1.24548621962739;2.19057479703478;0.0430960864509547;0.641497401587688;2.22725861798264;1.00702282062401;-1.27855563384441;0.808684289051335;1.65678358577723;0.458047251887874;0.0841290347633522;1.49576061961103;-0.14188396494804;0.794971126978192;0.67289559682604;1.9462057891395;1.25644855113217;1.84187829378318;0.114942200235656;0.751011949922471;0.426468664542908;0.948896686022331;1.69395466244383;1.86169404115688;0.374767837221861;1.17612460414142;-0.217865682430055;6.34101442015076;3.74677549134707;0.467640879928688;1.04912080315775;-0.966877693670354;0.039426108781987;0.509230031324819
1.85333430954664;80.170391801065;1.76428179245345;1.03854441573087;30.3728237614765;1.02884917633167;2.23917907887002;2.08231204190079;0.550052706589;1.04287874559521;0.95450237390009;2.48012049478243;1.11827927293166;1.7484203377432;1.18963786608275;0.286589717625925;-0.156761570919277;0.70489734702525;1.48006408342796;0.182720217794139;0.573081194577534;2.39494799206097;-0.112207581189238;1.40310622138539;1.91647904757981;1.38744802146285;1.33050020544577;2.36533908762814;0.84436172959152;1.93972037752484;-0.648042643509441;0.524294075971154;0.832178795365625;0.717508509382959;1.08896800720405;1.61193038479665;0.293030357251027;7.29822757414856;3.53009346333963;-0.291079180167785;1.63247708246152;0.728367215792594;0.0258797039357068;-0.172629686390613
2.87384391923902;68.0637782655216;2.6777220163787;2.10233163185826;27.5765166558601;1.11807446868366;0.982031830208781;2.15325833020255;0.838038282780429;0.820508069789213;1.13869102492172;2.14473986153482;0.333867665010003;1.8435497076676;2.28990296206332;0.73785870670619;0.858560421661564;0.00751196298872851;2.02651436945986;0.977877636626495;-0.67830956486117;-0.773204304080206;0.196991489548158;-0.812492850781984;2.56099060812716;0.600288927690754;1.31646381574066;2.2747004696316;-0.605492841021445;-0.52708587389979;1.09723797158178;0.378048464166082;1.23325935937881;-0.0539437903608196;4.04520744346674;1.73894309859441;-0.173476334005262;7.42654649659603;3.07528504523521;-0.876371733343588;-0.0173204170724045;-0.114531856979335;0.596772808508727;0.593454491586776
2.62186394398746;78.2567237880555;1.61201994541634;1.86511036610899;37.6930281584555;0.614179751463183;1.3886376272531;1.45458442942403;1.89732431232934;2.8519593471999;1.16430993957573;1.20679415212493;0.836063926206706;1.67597234202808;2.87126560497138;1.18293999927702;1.47837257076614;-0.154063121005001;1.37593400423458;0.591385024453013;0.199752502385728;1.0469083720366;0.45515377532543;1.71104679442492;0.948179273493611;0.522729766540913;0.690048845794443;1.66216472865045;-0.672945290314162;0.282857142263552;0.955457445931941;2.44947622803489;1.67949383920186;0.256215130819371;0.670318249093917;-0.696164377260277;0.426694176512672;7.98789259126082;2.34979682387281;-0.246213573469972;1.25127057487206;-0.58739666088139;-0.0127890824839757;0.110476504664852
3.38202223055934;77.1443685470934;2.72588331668652;1.78437167796107;30.7628121116212;1.81308950355554;1.83436209379003;3.33045472059249;-0.571405315745221;1.14621652568614;1.94732623555282;0.688623684381693;-0.462438801363392;1.3188664230142;-1.18420178013597;2.19693875844004;0.526815772495852;1.05674751105619;1.65444630196481;0.0406061811147002;-0.00400298159861015;0.64080211099689;-0.163540351776456;0.2441192548085;2.0139551883192;0.403878769911125;1.66532481894308;1.63762479706374;1.00882816337033;0.902225609721308;2.48743729270069;1.93960115571185;1.28082723422961;0.214877938371308;1.39481107356431;2.9182360103275;0.337147680978064;5.98245323895562;4.61623338020377;0.657792600511254;0.0371816630451525;-0.0709918172705085;0.513394231438189;-0.315875206559793
2.302728982365;78.2753707582009;2.23100782135905;2.58848749125596;30.3791580547174;1.32866282303918;1.51744784398777;1.50313494963014;0.139366046596138;-0.16472936090585;0.299852956407356;1.74690521486035;1.09893371626656;2.40996190100154;1.70825679747281;-1.39295764507137;-0.478263620052533;-0.298806275111762;1.25589052521805;-0.313903223146574;-0.644309745812989;3.33839835447603;-0.133507725523146;1.58432707526566;1.91549722403218;0.260029566824731;1.00111405415645;2.75044412071405;0.268923036175949;-0.0313321319427289;0.748797788308818;0.889318007783421;1.47661180216961;-0.00521126819093254;1.40698509296156;2.71156161496318;0.302248644317023;7.33042298188026;4.25302163517149;0.392016692034707;-0.13793249612774;0.490743323399539;0.0406494982416831;0.196825398803673
3.01601537398432;78.614921738261;2.35400826283506;1.88756918426998;28.8775574326896;1.42742462913526;1.0501329233358;2.56854720011362;1.03224246377787;2.10675076644918;-0.0413064221988856;1.77115902637244;-0.616805309663044;0.412012123073934;1.38884998912201;-0.132442604778388;-0.12545565811633;0.275175471177648;1.97951779672494;-0.368183064092616;0.267819900084243;0.204101859558167;0.048454199626826;1.68018175498138;2.36012769779139;0.639718437379301;1.99565368028997;1.96701948596848;-0.123845314861455;0.46784851361633;1.87223145818242;0.978671667339455;0.763457365436741;0.954308195089091;3.8906093722831;1.12402725881546;0.280268958495559;7.16002605322763;5.04798566063055;0.773450698496212;0.641185175823177;-0.26921211033324;-0.119877709874922;-0.692262975810725
2.29986051004732;79.394337075026;2.66024596378022;2.70558445493766;28.520747845155;1.87796471404137;1.24587352222683;2.88629553256262;0.366155651079789;1.03423933016001;1.66412246187607;1.61268965807672;0.570729375182661;1.31430073429823;2.08384847540266;1.25535694218023;-0.297512475046399;0.429746316765491;1.37933767545827;0.010748434387117;0.38076887249621;-0.23598940880785;0.0340980771442197;0.875947092784658;1.65954901877711;0.256809236553535;0.931019494818578;1.54912722137416;0.230615058582791;0.0146287280998987;1.70212396489949;2.62432308551917;1.86488489522478;0.363336518342224;1.51736763354411;-0.819845446872896;-0.151406400247948;7.42199975113751;3.13333554406719;0.739728917074577;0.42943985943324;0.066035190967908;0.0672024028748959;0.859238485797545
2.93926347773021;85.5168415486245;2.85237748803154;-0.576853144735666;35.2375010420566;2.3901624956449;1.20349833226864;0.969598538009162;0.226159326702856;-0.646580537706704;-0.706119406092239;1.37545326745074;-0.102528237516875;1.90579464675947;0.514348214140905;1.20407252920107;-0.773467845656978;1.53533127922064;2.28025206672972;0.618628330953314;0.0585563151281503;0.743566580507426;-0.710677839053731;1.91544981903307;1.19314179569375;3.45725164030033;1.74956678616426;2.95969263757311;2.1801508874711;1.11819411703615;0.665348360579064;0.936065190976621;1.26387349876407;0.406994973914358;2.22818397046323;1.6080968308672;-0.0553135902623836;7.24708331805689;3.05626473554614;0.257757337300346;0.234524314881622;0.448580392991401;0.404473543917702;0.707753291751138
2.02974697365025;79.6251719714472;2.01198109121294;1.03973079458515;30.1486453659917;0.455186171215173;1.5767331123616;0.156755954335635;-0.389232928501958;2.85564093124284;0.331090729739738;2.3368009036421;-0.35520099746037;1.53001813324319;1.88436640498104;0.497077015230487;-0.02368285526954;0.946466980060401;1.23729421663616;-0.757839131198842;0.705362580484616;2.98373127890603;-0.425380438226233;2.25976518997602;0.822137244750839;2.02094860911904;2.45324512480067;1.34348491989394;0.733882376223567;1.48530600319012;-0.00739623423815972;0.989683018724932;1.54375178215275;0.948722744533669;3.35552152461874;-1.19250257246555;0.0356694299538435;8.29430663416592;3.07980844440578;2.26968691921089;-0.37329743035265;1.01545650114965;-0.0709732898109412;-0.299644752148022
3.11831553245894;83.6796580299591;2.3069115081776;1.83816233429876;33.3219304936963;0.960716184316559;1.27575139939596;2.57620694587651;1.43738922697118;1.58043974779405;2.69296888778855;0.500379189969485;-0.0265740212007342;1.22665760912553;0.20603458455741;1.91586229602777;1.05494415219986;0.613380844467432;2.4085517777844;0.0225306621161438;-0.133325100740542;0.484680936709643;0.0439892860111245;1.53744057658663;0.817282201353067;0.530379839325105;2.40348517141341;1.41944736006626;1.20651218186343;0.681387707169172;-0.398827545856875;1.31919916109797;1.98401695931178;0.450408187578217;0.445999006617469;0.527108973448861;0.291052302196974;7.3854777339399;5.07921821278286;-0.49015496969946;1.41859945946707;-0.0884629283268732;-0.218019902922354;0.0226261459005939
3.01686444816388;72.1971140807066;2.46780511218868;1.69902734886763;27.1668713471794;1.89706970036333;0.874465899013478;1.63549294132641;1.93216070307164;2.19088199333408;0.784044448675283;1.1251232667078;0.467361018116291;2.49799056228047;0.543645024289945;0.0883779297311179;0.221912509802179;0.150434987147223;0.183877472716104;-0.635720020444385;0.141199914575106;2.07442753769297;0.233100827122449;1.79378874691491;1.99647841610831;1.407280663084;1.28277903544316;0.989095315870146;-0.223734059561789;0.90264563957636;0.680921063438764;2.50897889111445;1.35518283700019;-0.249113866817523;3.24256629350732;0.543591362869164;0.604222922451648;7.54376210681174;3.29107895344019;0.490141226917698;0.750796898067426;-0.0171260760001505;0.111937617999886;-0.375976981086931
2.31684323420444;71.3381459323971;2.20836226155856;1.99799428428219;35.2395158668161;0.327290272954746;2.38249398189383;0.77984038771568;0.837659084427441;0.318466936953201;1.04533844662412;1.77949431240628;-0.0375101347193797;0.683183256344325;0.851477919850958;1.02214641600227;2.20560912179801;-2.01372513198454;-0.387492830569929;0.0100219337500824;0.578431700842749;2.39724223282224;0.383048600351421;1.53768305160669;1.39455841509374;1.58279714363683;1.14852045921156;2.11104156629275;1.44170348650498;2.00754248434254;1.78049424563153;0.196989020263951;1.08478484043154;-0.0800794479405368;0.127900917530945;0.618756633470145;0.265477353515736;6.16192051179462;5.58502162586831;1.50741298436253;1.18541688467395;-0.127081950951936;0.230407307234841;-0.155217737958397
1.77109429873656;78.2566670439102;2.02725903697719;2.08267810144007;36.3453590891276;1.01890366597875;3.10467096114542;1.21263352057549;1.71433148720746;1.46057909589423;0.1964227864726;1.75888729965352;-0.273781997779191;0.613335906046691;2.49050769491282;1.78583448865456;0.291589398119669;0.00440426773821451;2.19159021620411;1.52799980120843;0.672717842911681;-0.0165079569148465;0.410750319195872;0.0207808987427097;2.00312813788882;2.2721507652898;0.994755620745053;2.43607760776643;0.450785656497011;2.02907770537414;-0.915596626458292;1.13672763355372;1.40933562372205;-0.0309219849930805;0.723457058813104;0.357224110074347;0.388414618875809;6.89877752766113;2.79712106026846;-0.933673196189839;1.74805730471477;-0.500989189929607;0.03466343667394;-0.171682390719628
3.01044791820873;78.460339754554;2.91125385095486;2.30094463480771;30.5944527360123;1.68571322213039;2.30301470089427;1.54357162475908;0.085954248514913;0.934566123186186;1.94914266167883;1.63169014527514;0.265662506186569;2.34668820412895;1.43413512564364;0.166435788386553;0.446620122568404;0.235639536775181;-0.404997584995081;0.498001220731352;-0.3788949761604;1.88160402582032;-0.189381753947683;0.745621012761893;2.49767711223441;1.88978727875255;2.01228026259004;2.60206578133838;-0.691019009284357;-1.36411033870473;-0.465329067823521;1.02801563915721;2.59526498561966;1.5525935150812;3.7947820874262;1.61550167204566;0.409629424942293;6.91442044011128;3.85060187079672;0.473947547994903;2.22230721284936;0.743774211448847;0.670398934399427;-0.58045594919448
2.90904617807289;78.1559849575462;2.89096437118234;3.1162925162618;24.4608769721463;3.06014692890216;1.51917525321053;1.95466497209615;1.54889690903518;1.27283428484558;0.964398560628294;2.16742315166715;0.337545670875226;1.05821864755866;1.70423022353163;1.63229167787741;-0.783396731419302;1.10503232592328;0.160527346328045;0.549347170724135;0.876320065408386;0.5154014226101;0.133753191822346;1.29127135005991;0.171245337919476;1.42497702743868;1.06734013211535;1.41841652428078;-0.834591595239439;0.243258867060772;0.806803123226709;1.54942530695788;1.58404796869965;0.748740937393262;1.5902171980795;0.916221425036437;0.209834883470151;7.77299954998915;2.75527802507343;0.421137458026541;0.487973039444181;1.03982904966478;0.215912508353962;0.329334630181964
2.18186221546738;81.7312434349305;2.48156068110942;2.94382598735745;29.6433847241793;1.44983747154925;-0.11463651423171;0.993137906880745;0.00785241141377857;0.939115423710758;1.54185230953726;1.32489626642438;-0.311497421761234;1.47843425436344;2.01397379606538;1.28287268416176;-0.418182834743306;-0.0430825510919788;2.03324364089789;1.00474242637402;0.25091222595845;0.00907582094703013;-0.0931308761568669;0.798479721121867;2.17152492542122;0.260959645218406;2.10510987860544;1.43981380388642;-0.830299901449019;0.702122621241918;0.546700816270035;0.865656093273775;0.3263614155605;0.154395192112756;1.93066008678647;1.3471703647917;-0.0478387869105402;6.92189970830198;3.08656107069299;0.295892281000649;1.14718233745973;0.489970005607188;0.133651653362864;-0.0390923641049903
3.25303803156742;79.4687475942065;3.74909491037534;2.23437730448893;31.0350773154379;1.45472922316827;1.88745832948396;0.929901125010562;1.04529224402089;1.93051270563027;0.340315863078556;2.50093881184969;-0.928942551383537;1.90907918606932;-0.511420410391439;0.238219175701544;0.581109851364183;-0.200689302650205;2.94915773728812;0.026227245073007;0.393415163357457;0.48870590895079;0.356699856004326;1.80919697689795;1.06695589059079;3.02767221456158;2.05475473582589;1.92012495912073;-0.716051433497886;0.659931861685668;1.08414705532613;1.5444919649732;1.09878798407903;-0.447739735373692;0.812468866036182;0.85232014573951;-0.265159404641422;8.01188128867235;3.33395315038077;-0.570203023818546;0.130447888993284;1.36606017450124;-0.0405520047182633;0.72370482925792
2.83599551846975;79.0084843506392;2.20253500661573;2.08595462881795;29.4622778169125;1.78135571722862;2.62628887460089;0.769195655267892;-0.13092848945823;0.787879105536366;1.80476538733468;1.27329865758387;1.02105418086065;1.32012185153112;2.57592416343207;-0.832428639425749;-0.283641727361316;0.409852634510169;0.401090206380083;0.447863405158171;1.20927084646349;1.53775241415252;-0.0974629768940881;1.28996643445279;1.55274556998311;2.18824078596042;1.27041096038381;1.10096420166967;0.789996456877512;0.0307362875418399;0.796855287682769;2.72051980031128;1.06966582720459;0.860644590605561;0.965852668280124;1.49952813532239;-0.370279711595973;7.85057579688975;3.37619768782234;-0.557527580372671;-0.510312698831069;0.806368241989528;-0.0413519866335939;-0.689786272522394
2.53199321082061;73.634073850797;2.39724129646417;1.55964786278175;34.1534977202244;1.25861976879515;1.60106029906408;1.71660760178149;0.222751305244033;1.69980098957263;1.74917304770852;1.22749192674632;1.04809166186836;0.922057722816376;1.32030204454675;2.49223051900216;-0.382649899252341;-0.1611360864345;0.581123355594434;0.340665441280283;0.735190219153427;1.44633183696331;0.160270135463352;2.1031774988977;2.71470584079184;2.03948573378784;1.19150924976958;2.05690094576167;0.130861820030702;2.45495172277979;2.00153942708766;1.93611488516118;1.39634062405866;0.262572280299101;1.5872368762548;2.26948300674103;0.0817230869678659;7.71137796135554;2.97124701386871;-0.54604935572896;0.614290647715028;0.85768125015561;-0.34073784811362;0.40981470532904
2.06670379125021;80.900389218935;2.27790592888739;2.32151397220073;33.3683260720994;-0.217623435117145;2.4304227166848;2.16264820654173;2.00268750036074;2.58627582595088;0.0934145533280897;0.600299917902568;0.732992517062286;0.517379941536649;1.4102548898201;1.82414107703651;-0.600501796593659;-0.422074229302379;1.63232676580385;-1.37386969687839;-0.642672222928778;1.08266131639504;-0.525084337569924;1.19826667976062;1.87876872795103;4.06065316185292;1.17836640814554;1.53838757237988;1.25442907586332;1.68279605914822;0.245826806126832;0.908798341504313;0.983344081963173;-0.649188227944949;2.08434016652324;0.37251394405287;-0.272581744305554;7.6139104112257;3.35914408771715;0.121533314696798;0.0973559787595106;0.352968379322522;-0.0119090511860801;-0.326173689970409
2.33789669918788;71.6571332366187;2.05447545140321;2.44147339804658;34.759434226177;2.49176870522774;3.54484015557953;0.655780411616327;0.037934324124227;1.66402263067921;0.602397010978524;2.99182288392465;0.360170386135171;3.83030669475644;0.951409415359901;0.8244390192229;0.20287562610093;0.0887968644951168;1.34015301401662;-0.00592431647453212;-0.373537355582858;0.610816350858111;0.325881677755201;0.883966639214829;1.07971568118031;2.08709916406675;2.07953545449761;1.93099816890393;-0.115538594935563;1.8349711947771;1.57619177543833;1.79288467831448;0.0436711470891737;0.493864501275995;1.76850230495644;-0.788690675099471;-0.0647158844576285;6.77611667244893;3.79516998471761;0.413357884902146;0.616385652353756;0.806752045188197;-0.215818010414281;-0.449564858079581
2.51198486570394;74.8979177938033;2.31741593976558;2.3650476201148;31.3101627859275;0.668756017248133;1.47328438073253;0.556152876876338;-0.365279924032249;1.3519013321081;1.22817579297631;1.58344242579395;-0.678954224309543;2.19684142202843;0.688113927097006;0.925145419988717;-0.775111907973689;-0.508769075065717;2.42253107796198;0.429717765018267;0.45420532665565;1.68961106704877;-0.249941894387117;1.98225560354157;2.32118680056895;1.73754942778105;2.37712113902312;1.3101703275604;0.603799494913642;0.841774288280551;1.57068889572227;0.20076720311111;0.709386127583591;0.565561890258168;-0.00760422947012285;0.987073126721462;0.244277545552216;8.05569474720872;2.94806774753205;0.035206450425802;0.625553667100344;1.63757336484381;-0.150382727812845;0.415224397136362
2.62108003819701;75.0884351503623;2.98437005041493;2.49173694515175;22.668115728796;0.0177480084634014;1.24523277815076;1.51476274244853;2.74240209478823;0.229937961806218;0.85764297690721;1.74552991657706;1.04520091746062;1.23889013501296;2.44342986445437;0.621651974516995;1.5324415832646;0.899965592500024;1.41402629012723;0.175539749794324;-0.0115406280180059;0.377593085045603;0.0981988742810709;0.85833714648175;1.52587555092877;1.47394006251031;1.32676805157435;0.782048525114276;0.435569571202257;1.07473886385728;2.61398983699256;2.10922335348153;1.61992975835389;0.338196501905981;2.36541533187583;-0.352782818622232;-0.180487358759781;6.52902408621543;3.41057657764244;-1.03904365439069;-0.389706922389708;0.19977042964939;0.0728030539882267;-0.158082167286331
2.28961210254689;76.2473370151476;2.25844344424725;1.47765737135013;29.1809684288761;2.15641780154817;2.18927687790509;1.22210941056425;-0.309605251962245;1.4207024276714;0.771538018009907;2.76327719840164;0.0687249837493394;1.38941925439348;0.351344385262257;0.331325769897807;-0.0513696951125963;0.665573346716772;1.98666814922482;0.848371530245094;0.492545652645692;1.92629350292665;-0.0050037253519265;1.21250855113792;2.16392202577463;0.306035313206087;2.70013521088197;2.25348963579022;-0.384146290261117;0.279911392624217;0.123412711870579;1.44374237097483;1.71183255746442;0.938241912996098;0.727173508826758;1.44419229813649;0.250916461527504;7.311732249021;4.08371815621094;0.359185278045035;1.32050915068334;-0.291423607241484;-0.0718486071020412;0.359426852471383
2.23235308716557;76.04502229727;2.79998268823676;2.11477155440716;31.0153490004386;1.96449529703814;1.60520354970034;-0.223085422834931;0.375968987353291;1.95076655387903;0.274785497021417;1.00339752993846;-0.761188893118253;1.90271777058261;0.386612872104968;0.550552482843404;1.00805301182889;0.762562368320135;0.805196542649984;1.04302925172946;0.987283223188427;1.92689784581364;0.0518794381162124;1.30123022008972;2.30153754860211;1.56891048832086;1.00334150091554;1.15114228715751;-0.393078927866682;0.756390808282414;1.22503393135027;0.799150292581108;1.56714827104487;1.42661010124957;1.78887731348909;0.436502592636641;-0.0718306231014181;6.89724452156511;4.51271055027148;0.132960574938589;0.089818863350513;-0.457665558835292;-0.00571036102315747;0.308948599913159
2.14357767335593;68.3239105107031;2.91869501658186;0.689045334244027;25.1120485106603;0.58946840761604;3.30143041718605;-0.416518918275099;0.716876154832922;2.16815161907082;-0.605237166051451;1.48599132613527;0.00488264289932774;1.14177117596369;2.27661541261956;-0.106200238243644;0.278973885653523;1.04650598387397;1.89079382820239;1.37938192522238;-0.658685705175214;1.44214210321381;-0.328479550590577;0.931242850291116;2.44297649516025;0.847694848593875;2.01165218600307;3.18605168552867;0.0311778223965463;0.727397077820433;1.74728302838084;2.49299251294104;1.88087709546624;-0.0831291850055274;2.06747391392276;0.369427498752407;-0.146784179883285;8.06256980459335;4.9428139051701;-0.0514815891855807;-0.475811926447316;1.33172146297196;0.609216322281183;0.410020903265785
3.51957273213781;76.8773373756976;3.25938260376223;2.22653083488377;28.1988112903559;2.35051381084925;2.42196719746495;1.93674515363707;0.602802525260966;1.01168485267499;0.947187894063896;1.75115605779003;1.82369024890258;1.78457055159783;0.143390341450182;0.963323479332624;0.276397688879279;1.34775410170689;0.963837905147345;0.58952630153614;0.710398425610216;0.557054935761169;-0.188316272003444;0.448587689719674;1.93525886988869;1.50320480824065;0.677918134120976;2.09480894727034;1.07565391918168;2.75064606418219;1.70910441232317;1.02676605714541;0.592452766163857;0.542281352508055;2.56963508960147;1.46077491935767;0.434394281570212;8.43893345141377;2.38955238801883;0.414050726767528;1.61218926715813;0.726978681995809;-0.471326472850681;0.742600093976168
2.80673039417164;79.5890537591514;2.59284184634662;1.82894189242714;30.4052863898046;2.03623978405333;1.98917899175238;1.23840770375846;-0.417760170416262;1.3052740138102;0.702746005295227;0.898613085455104;0.236031179967675;1.2791738594298;0.110534208253678;-0.154485713989176;0.385129464728046;-0.331153914385021;0.446440308187507;0.70854403830248;0.95012148113233;1.5403478224248;-0.163790580073377;2.00700598044812;0.834864840862713;1.51747452073901;1.73369948930596;0.938290719619553;0.266330170754403;1.3264851641739;1.07887641445603;2.72317495523994;2.58076720519716;0.413605490955296;1.21188902809069;0.373491930485649;0.0858919382137488;7.11881112299281;2.91933205316094;0.159743204892536;-0.788492928055489;0.0282981861776712;0.284534990908763;0.304240434085094
2.39460834648991;77.8306380598081;2.52812474839591;0.982676747013734;30.2444489544254;1.16945352419015;1.68268067697407;0.761132827878339;0.765892681354298;2.28067453511266;1.84912084283428;0.698598992674418;-0.157457462472922;1.01337745859636;1.66291940118083;0.301301554936616;-0.640022687194113;0.713097726681984;1.61746693750197;0.0400618656957455;0.783961670781709;0.526774755810067;-0.213282108475416;0.481321645044729;1.79339484786153;2.79080976935967;1.69076659439343;3.11785290454263;2.07225823421112;1.35899336272867;0.00985097216253172;1.03993494395396;1.12948527760526;0.335846687479886;0.59153212877003;0.673509200420572;-0.160390182769546;7.05424415520402;4.63088472053022;0.0251057295079673;-0.235826054923612;1.19960507627148;-0.179768770939496;-0.352732866780594
2.34660727269435;73.081684269453;2.64224130725952;2.3414061323164;31.4873481451245;0.957220596335391;1.22848175216848;2.44056579036138;1.13931948121103;1.82010330710351;1.59147657523236;1.83133046163668;0.333765598088762;0.805930659987654;1.27821973458084;1.2908442288189;0.320023349040112;-0.229636078776129;1.29582945948915;-0.855366803298258;-0.613317917145306;0.287408742885473;-0.186297723400358;0.920922074014295;2.01372152391854;1.87416598490029;1.10014871700736;2.34155695918648;-0.536393711848881;1.57870074543336;1.20391391126689;-0.0997821367178654;1.56446318573194;0.222414357434713;2.58356730528645;1.86637683436428;0.142444847897612;6.85587474208379;3.62910073094944;-0.613925378349879;0.391442293280104;1.09047899819504;0.263034867510907;0.786834205812663
2.11461544296298;75.1297883846112;2.73046798180709;2.45848728112103;38.5573933031921;1.44326423719005;2.64022128981167;0.856805271660012;-0.647451843068514;0.764092603830204;-0.668272876722993;0.822226132232443;1.7053658570134;1.09088495623646;2.46727555126813;0.732310037601544;-1.26198377152964;1.54836458531848;1.05398804956054;1.0171108869599;0.547461424398277;0.398962863707304;0.0819660239799295;0.988827126317543;2.39407852590751;1.21102770888409;2.10490240600038;1.93424844313841;0.51434726430266;3.13589259233017;0.746113568008947;0.580021675083517;2.00338153508992;0.720236003300005;1.01423806430894;-0.612072919448224;0.366013097104849;6.61022368183808;5.01357036691175;0.782419018637406;0.491645426372596;-0.124147201019959;0.111854443393482;0.208558731692659
2.61806348620802;82.610843661799;2.25956779830525;2.8024115806358;36.8322825805005;2.87838818847694;1.55708052846349;1.26320915623202;0.508318333777033;1.2292391397735;-0.539124311112018;2.61433876014129;0.20429730730815;0.347999001186245;1.88490912116664;2.24218012478946;-0.306533509070254;-0.800038159379801;2.00229747525333;-0.0768653507375278;0.174987550534819;1.16516115096684;0.346787259952816;1.08565469389795;2.37357870174166;1.80093525123415;2.05923236172617;2.32888671746328;-0.230068738995046;0.510856527878018;0.0673204631279748;1.65510241789924;2.09296581516911;-0.113721504335128;0.961883075661753;2.44501129486981;0.150243219335508;7.16521123531717;3.05481883455407;-0.829057454081948;-0.616196139170101;0.185067380663946;-0.288685012341474;-0.111965786743348
2.87110929543179;74.3656554139862;2.078037753766;3.90327017377592;33.5291474111714;0.944115526705728;1.27276242551879;4.75967298934631;1.18003030018094;2.08817491823126;2.30887719864073;2.12574567219611;-0.0554211142961474;1.68092153478029;1.18970972089961;1.60161247565987;1.15505031064701;0.66976778094682;1.19346617899908;-1.0595084624922;0.255537035898628;-1.43832589922993;0.397613307001898;-0.238430770773527;0.430071323410721;0.849780972788897;0.941199832584717;1.41864203390901;0.056349572800526;1.94139034130637;1.35255873635508;-0.403579508264173;1.76542244006321;0.417989475633954;0.80091864964134;0.513980051872228;0.07389526958385;7.24824809375728;4.02056905858558;0.105386447217344;1.62833189628364;0.442295128221191;0.170743587238141;0.257711157415506
2.43537581379192;71.2140952330202;2.60093605260409;2.95628087887426;32.7410348283117;-0.0602858774600548;2.17581073341565;2.28133390073579;0.00665130020218652;2.04849153258938;-0.137909476060029;1.61643640293805;0.923997494140327;1.31322368510936;0.43293190752797;-0.955214559993611;0.0308213188330754;0.80523097860585;0.097000989807843;0.548315436842343;0.237292463283019;1.14846254414159;-0.254661491777421;1.458992173032;1.22158811136921;2.48053155786313;2.57110567523381;2.49895190584841;-0.71947978379812;0.847284212249796;0.671579552522732;1.57326374866486;1.3007055697665;1.45672504690582;1.56843234279224;0.0155714676826033;0.541243676778126;6.71219124872747;2.97813873089994;-0.623010880998277;1.07189766279461;-0.111100220392167;-0.013427582562807;-0.478423659841884
2.34686675488341;76.5480728610948;2.20137080064373;2.47546244154602;33.2471881375763;1.35857030880005;2.81733337596426;2.25093101168611;-0.390272138409136;1.05429068905369;-0.220016034496383;2.50977656007519;1.43683215294227;1.74414235062084;2.32259840558988;0.4266860090741;0.67451844495754;-0.469824124112111;0.877715824513154;0.85382688644903;0.545453873698038;0.194563495323596;0.0861962527580912;1.24828220501661;1.71661116032819;0.752401800079508;1.88366770440863;2.53149513474434;-0.0305847435997656;-0.297021112321851;1.02740867202447;2.25808738316702;2.70773696521772;0.72065602169459;1.78261274002542;0.55947771897216;-0.485932954330723;7.33464524391094;3.45502413571244;-0.572011405139481;1.09922204468589;-0.412737144939641;0.14766778699384;-0.721164508215242
2.0458138839234;83.2311546392267;2.52386727200932;1.97411942082718;36.1108716532173;0.505570631811574;1.45125199056062;1.99561707594891;0.545664867789117;2.6061147372443;-0.319807405125781;2.1228999194264;1.09633190445714;1.45809474032496;3.19214573061561;1.09633357534166;0.471237007968936;-0.0207640296772723;2.06881632700034;-0.0400031337118122;-0.418101201252713;1.02870573061449;-0.299752002108996;1.37551630298386;0.696697098268547;2.11996177133803;2.38922261437598;1.60241236407427;0.793995142416797;0.929678153707136;1.83373950791217;0.927875857691662;2.26851118520873;-0.0753440927007953;0.856976412824647;0.817487246644721;0.760554372526983;7.13159503016236;3.48257459058174;-0.178396127908966;1.04216433514578;0.441106680063935;0.363629111013552;0.0392567814051396
2.19792787023035;73.6444959997533;2.24776593818105;4.03267518216691;31.5181356776065;1.03011437112429;0.140352988522153;1.82332859325978;0.829799327688523;0.400531654780448;2.17874019649113;1.7722322867082;0.440614941503169;2.26304185417056;1.60766891071612;-0.159167490857167;-0.49948590318273;-0.78849570409403;1.98943794022994;0.689704466567452;0.282867448432787;1.63121337524251;0.0666602998789145;1.85969365583001;2.50504470058392;1.98810109854439;1.63209534555119;1.10052843894865;0.247140961933055;2.29700123696901;-0.326751471953865;2.26502142424356;2.08397460695432;0.216360955274463;3.27851718099073;1.56923454488102;0.166848909688805;7.18381013917047;3.31827522256686;0.928813646565344;1.29409784117833;-0.370168309341328;0.232360186171179;0.166807988274297
3.07092893366702;71.6317282431279;2.24217866236318;2.60990138576224;32.9146132867307;0.954525429147956;2.1661249294201;1.36329208963035;2.6734467359037;0.812498170601647;0.510889508110028;1.9567663209868;0.64175763483174;3.0917191670933;0.221608149742245;0.389710309540597;0.308570184739625;1.65810478185383;1.30027321155418;-0.171988032609492;0.528824304084576;2.13365362309857;0.199047677414341;1.42100667552829;1.26250373108907;1.79565716454491;2.05671354899393;1.55031811888985;-1.09367846769533;2.23067199060657;1.33233709909874;1.04719606822124;3.31282553078966;0.780942207422199;0.60910689055375;-0.51871249266374;0.19967633086082;6.87651763804786;4.96077605464304;-1.51508169919523;1.34631003446492;0.313716523879549;0.279572082572289;0.64691088219325
1.72027052549043;78.2941883190555;3.45682523412191;2.17858383966105;26.1948160216406;1.12865368626933;1.70296548883052;0.590176406377872;-0.202264516021394;0.442568285550159;-0.826760566566939;2.04334696281427;0.603398004143622;2.36727368224358;1.0921083325606;-0.567791249798151;-0.524887031172491;0.164417238021314;1.90378814376192;0.343166593949241;0.140215842962154;0.871716883962403;0.135034144574638;1.25231894868066;1.93344569054707;2.79447186495612;1.95653453646301;2.20344706290374;0.610797373411246;1.22029323796805;-0.450925251076135;0.47087830405176;2.69657388555343;-1.08187850992891;2.33448245544266;0.671128700148878;-0.660392394030949;7.69573428629939;5.16667349629251;0.155959581957356;0.246240634596743;0.605812004131849;0.154948959265177;-0.624023415222822
2.62174571830712;78.010556423935;2.95247370199126;2.12586069597336;32.7032068850012;2.96556175801256;0.632235529339062;2.12620758581495;-1.06588964304206;3.03150316802639;0.758685544710166;1.5376525059766;0.809384103758498;2.0240909477774;1.39240374913386;0.953644532645205;-0.165670284387478;0.101258386602184;-1.29735000832181;0.0700860240454093;0.140613496580278;0.656321566830907;0.32373027701471;2.08144367382863;2.07558238832607;0.136120981939697;1.41493067196585;1.90906049128885;0.516476156672653;0.680170089628317;-0.0543817954146959;0.453224313558832;1.08773750910653;-0.032134818065809;0.228776233144832;0.969805420735682;-0.0255777677816579;6.90680028357703;4.23422025816128;-0.0500885318283181;-0.152354353848697;-0.1488191065576;0.148855258209644;0.728498125534643
2.69374606261674;76.9437782327035;2.33514170095213;1.20223463649729;27.4307043551877;1.53449519999355;0.896355356459822;0.519038463388982;1.54918485282705;3.25579042938822;0.368597400685967;1.72459638983099;0.269851250542965;1.00451566276713;1.39840086136974;1.32508178241877;-0.276161186910165;-0.633870507320215;0.642941892418031;1.25870791408606;-0.02952864683741;1.77044505913326;-0.476356018395204;2.26201151871637;2.49806037652901;1.35561306090367;1.94579049771787;3.04207438548019;0.681994376506975;3.82076384792146;-0.363202092703055;3.03110048763763;0.96094229862395;0.0377989580417463;-0.101404092310168;-0.0183934610512653;0.245140654045594;8.23601777158583;4.00317467277527;0.240893608013953;-0.546745796454333;-0.120579989848219;0.365726131619181;0.243737324451836
2.87215343143888;80.5212241434801;2.7566428134006;2.80845885580715;26.6197609877991;0.258535031283289;3.04939277097475;1.19042985621679;1.60894339488641;0.330370595597733;2.24140692142721;1.85775195694096;0.146441207174797;3.04760702607715;3.81055249367845;1.49553114347185;0.95432732018504;0.140635959584802;0.83543531611761;0.887684108730401;-0.31627760871492;1.33502219900715;0.238462429491787;0.899544204772954;1.74588827886107;1.61495102196882;0.572229695410966;2.79457759854807;0.0318678547159543;1.18117788135851;0.440154900950572;1.26554967048272;0.601706692383413;-0.0610311535824199;1.912465548456;-0.133604248034126;0.35608294206462;8.13582810807667;2.76283993084018;0.251659626887199;0.225877354288806;0.654947380132925;0.506367014733116;-0.249718128854819
3.01829231157396;81.4261631664682;2.5487439125159;2.60647095659649;31.6695262089429;1.59588997293511;1.44599296556952;1.90500319251756;-1.22097116951574;1.41190481689895;1.21716008139069;1.4267132176548;-0.720325407275656;1.24438392165254;0.735640987065534;0.858085425823833;-0.375617535914258;0.842174717982727;1.40889488320887;1.01129832055864;0.950362903030058;1.63312363432076;-0.212284880630726;1.55516425868071;1.32075638562794;1.9290127373691;2.70479091925946;1.44982324789093;-0.952447472095656;0.740333212161448;-0.0593382726292346;2.55558660704039;1.94793672734842;0.727485796439349;1.58671877281316;-0.379272131392601;0.0337002146864091;7.33917118556068;5.03259387198736;-0.0669322788501299;0.769861863437571;0.406595237261907;0.0351439924884411;-0.216273339791377
2.78874033430744;79.7776452686887;2.85136197030168;3.45617950278538;35.492155048918;2.25917004979163;1.77423575775397;1.49348226217689;0.848295867787694;1.98174770600178;-0.794385926618282;2.3742958877238;-0.39543167357156;2.52161289460598;1.8884783981072;0.277412061313873;0.188628080029803;-0.0666355536133799;2.37326623496051;0.289402441175032;-0.367888717650638;-0.730758689616431;-0.14442184925937;1.57057159636424;1.65399242173159;1.26038926637476;1.59228794304682;1.00905845399299;1.70237938545709;2.58075980846346;-0.518222233024334;1.58962692749379;1.62047690163809;-0.229747766059514;0.666038485362796;0.477382407897295;0.07106179794002;7.51136508165035;3.26019922989885;0.103764357862808;-0.111277747178025;0.618364184972683;0.227064002067526;-0.370342625980902
3.17549883940046;85.044340324173;2.64658050290297;2.94756367039335;30.3904910503078;1.78119537132162;1.6495319244569;1.02539639302331;-0.48122096435624;1.96514482554505;1.33342514065806;2.81049076617281;0.329227291014298;1.17300046450123;2.08540346143602;0.133277316430585;-0.390117251505913;-0.0465944258437721;2.34139012388689;0.993854177067876;0.232408037806676;2.28050858336103;-0.1469060556912;3.27453221169586;3.23674699422012;1.25729955684934;2.05759906374463;1.61277991263244;0.0928415946826585;1.67966188012325;2.50838625755379;1.02952765397778;1.87797113424827;0.17734667061792;0.687844651857371;1.36186792087281;0.158370448053737;7.98303385609386;4.13030481353369;-0.378481496084094;-1.29019810320691;0.860871581928752;-0.247335864474554;-0.0115866384226203
2.41010992425552;76.0108796416908;2.79107492848527;3.08855842008997;30.6661538876904;1.69574850733855;2.89879986871299;-0.604384716079365;0.737870243014087;1.38595964076788;-0.26548631336169;1.58630223493709;0.426854949125469;-0.138357397809001;2.10517644213046;1.6698096303485;0.660520741600917;0.228040139022671;1.88745204294842;0.154305770501064;-0.488957072530548;2.35838343311034;0.500733640977755;1.99741014697613;2.61917189116746;1.51937206285552;1.50345915705912;1.9132749930625;0.486390293953936;-2.30390302068072;2.08516780719312;1.12537926470759;1.0322126674711;1.78170500003989;1.66215170048879;0.22433887550518;0.278218006093241;7.57837236236851;3.89650759909021;-0.200058901382821;-0.376081079139264;0.0576500442277848;0.454692138502407;0.139710012034796
2.98728172943341;77.3003771267524;2.65960492220356;1.64839883786656;29.2601270336655;2.58708174248585;1.24686959265086;0.689018343075907;1.19687392548746;2.08010815421614;1.43982216205311;0.986249338014824;0.94970592448161;2.19180351262928;2.01575814524021;0.449991973251771;-0.98600152532537;0.32221494041685;1.4768812444174;1.25504756552952;-0.372470054333286;2.27333150197972;-0.341673042185531;1.61848339331517;2.43783120360444;1.64509039703213;2.10094193663072;0.634429976126512;0.174816569102137;-0.206996163681725;0.975598166689766;0.464005815179583;0.902344261093932;0.547589178291483;1.10435678689262;1.16799823248894;-0.0659928701203795;7.62584082400719;5.4512997611451;-0.372237409917885;0.44262196777215;0.10462148318143;-0.0233762819760207;0.829749293648942
2.19293919447766;71.1002596848744;2.28723653521527;2.06371832660036;28.6038214254236;-0.626133143008447;1.92779061623348;1.27496202428705;1.03050645376082;0.808598451941942;1.59472033509875;1.69108441567297;0.781838642912462;2.02639822025712;1.80372760650588;1.09071982521001;-0.260252196275176;-0.465405941630876;0.62668144184313;-0.0766210713695856;0.0326108115453725;0.554726892125122;0.040397823693059;0.136301360588524;1.79039730537098;1.23632632906693;1.49609459282992;1.83075040158594;0.794492227890682;3.21028545556295;1.79927838278505;1.58974697059224;0.971655856517177;1.09461104381847;1.86486521653713;-0.232122183223886;-0.232931077694921;8.13614050222601;3.49553844891636;0.898005241888926;0.888437514624043;0.487393111754442;-0.0933822921690045;-0.0442529430977136
2.86206653504243;73.0442887814758;2.76753058224242;1.91288985863679;36.4292374496593;1.82736464343826;1.70622930702808;1.10097702265959;0.372669256528705;0.916959989521244;0.641678702094703;1.33468111490703;0.478265278923995;0.962586607906719;1.13877200631962;-0.22596797361767;0.896410448745284;-0.453964432690046;0.560564291969749;0.0920666861346288;-0.619329403103647;2.1431073324386;-0.0108189306683466;0.652298494269319;0.392677530623865;0.16743703451705;1.02172482954343;1.17928444270428;0.809456790866551;1.73463493536434;1.86685373638851;-0.367592243567579;2.25556645009683;-0.261390525355384;3.3574920825279;1.16092966063919;-0.204664127630639;6.52733152121762;3.28969105620625;0.677293099988026;-0.745406157106239;-0.29254363617892;-0.33779185724782;-0.503716264736021
2.9472692669536;76.8450215495471;2.91478469886924;3.61566527825902;31.2103056144498;2.01216590208427;1.40992954566965;1.13645626047403;-0.00117475648029142;1.40417824393058;2.3135587811458;1.98585678998021;0.604403542280962;2.29965675574728;1.00017650714576;1.6332675521331;0.194061556927619;0.397673548629296;1.65914009892367;1.77733437925377;-0.253464425450129;1.2681844343988;0.498225613827535;0.76578213957496;2.17043842569844;2.32997489217768;2.01525710771993;1.22091319867535;-0.159642301623239;1.13362671877311;1.53934349130988;0.0228295225082652;2.43964494865621;-0.100044482194263;0.194695118375146;0.365800085293296;0.544226118364499;8.18443133100457;3.62040505047846;0.8060012661306;0.51438031374539;0.118310793913159;0.640467009656363;-0.728983282547229
2.60381890139795;75.5086766968488;2.659700106297;2.82770610978225;32.4464887242065;1.72092415272754;1.57116117153687;1.69105150246309;0.521441202171747;1.06252120651572;1.34227967403712;1.98167238280333;0.5617139390276;1.58769082836056;1.71533821979363;1.49732209998088;1.01306590117811;-1.07233119507541;0.722341192238086;-0.780692790055754;0.306531081505379;0.796407401766763;0.173386667610467;1.36654933410679;2.35667595588665;2.58019491306181;2.05146845058003;1.35677188118165;-0.901512383778194;1.48287208983463;0.908963313112861;2.47474504130797;1.48783850807194;0.971073621561564;1.04733719297801;0.180513045615225;-0.137131412099599;7.50857176993133;3.50072494115799;-0.177846196820095;-0.115560834988244;-0.34639449792122;0.0469972575679437;0.235664341177323
2.56980683661173;77.3690952872381;2.43560275927517;1.71772249154305;27.8310115076313;3.21625288306236;-0.665539143008885;0.570048545075104;1.1923000753651;0.599520869907804;1.51583138829131;1.6142140588091;-0.285427656468478;1.00486387346182;0.669978791995682;0.569718170888059;1.16938434036835;0.930275455737785;3.24399172515682;0.3721919801906;-0.104834009227315;2.34024952492717;0.1048575807491;0.871301891167868;1.23509136119766;2.3498596908599;2.07232724141292;1.41726841804787;1.03794974897842;0.29211219328081;0.572890959238281;0.0837588882279128;1.60993750231558;0.345214912902862;2.38927839217867;1.98247305171932;0.0412342705605851;6.84444475167134;3.93430994505201;0.870978669313475;-0.495624867786254;0.419194512895388;0.113488028172073;1.48818337006325
2.09175495789726;76.3467984311394;2.20372534737728;2.5428287460605;32.8522521685537;0.481553683314973;1.51439736664788;0.873588008856949;0.145977040431848;2.19014810570417;1.20261077257334;2.14586951766708;1.08744330197246;-0.518993024293452;1.40244070060215;0.0866032504104553;0.579195715448902;0.483014746440912;2.92868763887283;1.23962705296675;0.32259969459468;2.33936314500876;0.229775374292949;2.21312064856616;2.34434865012889;1.75797819027836;1.58953189361221;1.32169346254494;0.323834925788752;-1.10895019342166;1.687582664522;1.14303490193882;2.85274990482743;0.272766824073661;0.747188472864273;0.373734978480661;-0.141621701682956;7.71883122462735;3.98583074199339;0.701020197168026;0.808785032093254;0.510356436872407;0.15099875563841;0.516913343707701
2.18884430605973;78.6815019220126;2.25551278425405;1.63118233801383;26.4673265693409;1.81929725516837;1.82374039112729;0.865642725113453;0.708928460811994;1.61939026194399;3.83093303299678;2.08492584878846;2.04362786966266;1.37218689103312;1.08621217128188;1.54341127781675;-0.209992531757802;0.271750691633237;1.78566190150137;1.18051518744359;0.519552513651667;0.347779838447412;0.203116007640725;2.94815853437761;1.81272401370766;0.925735297320244;1.5917358672325;1.93863337700251;-0.537962054166475;1.18228262481527;1.47490465338402;0.515469478820774;0.846263589859677;1.4727202234649;0.885075871373964;2.07002256352373;-0.253134584343338;7.55684482987791;3.08892145193402;1.02258429256877;1.00506351029211;0.432002498372684;-0.102695567269224;0.242397191308397
1.92347153572014;79.4850863349115;1.92897886529321;1.55830420342497;31.1120981616056;0.706926555993213;1.08345570583672;2.49868310773037;0.199679912651781;-0.815116083881988;1.92892786647721;2.70540449342025;-0.974871707268294;1.27890846137661;2.37368730535819;0.675280222167055;0.104044349256775;-0.416025336954002;1.428426616926;0.0308681032443785;0.509026892526725;2.05954711017254;-0.236960633414037;0.0722629683027319;1.85541230360606;1.12224030348723;1.53624557509786;0.751153658222584;-0.570158758006953;0.863458760131386;-0.56670901206147;1.48493649723955;0.767990875884838;0.0375967746471243;0.187343421371772;-1.25149710608234;0.417882774443437;6.06115372233057;4.39699419538474;-0.858137249114218;1.38944146467916;0.623447812801929;0.324485505932199;0.913375925717362
2.47980360724626;78.4241717090969;2.19027978226346;2.53080263725876;28.8597113058153;3.04416882920469;-1.18844855883049;-0.100598756509927;0.899690838422216;2.00893361876612;1.44555510795337;2.16736442543948;0.48769709872158;1.89446654811837;1.46615747531955;2.47360828041421;0.531213196591971;-0.378731829072037;0.433960803611933;2.86340462367637;0.117062835333407;1.24295376100195;0.0530512446857178;1.8847535768803;0.766223685233828;0.956936819252163;2.28006860709548;2.04625131426945;0.281698062969867;-0.149904256515938;0.619491324522739;2.18631876403148;1.91088243537376;0.706751525526599;2.08639224600984;2.29261315291398;0.332782475068564;7.82347288940929;3.46093839595706;1.64036710162932;-0.222299104867114;0.194146191641254;0.0588946475660503;0.96456285945988
3.01445954272876;80.2518168195475;2.61515993173298;1.21281426897013;27.8425690087246;1.76342869423726;2.37937698964935;1.61295651221336;1.55619487746146;1.25837062777575;2.04088623348815;0.633601515234691;0.989552128946182;1.96845711524023;0.244293429269026;-0.573268696985061;-0.447321531899544;-0.0278134843749706;3.05003257776597;-1.37053782622397;0.457685087879067;0.414375734083138;0.120130172236116;1.03368266072651;1.13040653653683;2.08283682917203;1.17852919813424;2.61619076969616;0.241007089259182;0.661151492733603;1.51789996847235;2.33821875340035;1.55726532794545;-0.183866532814955;1.84286404426228;0.98994135624356;-0.55347140976975;8.22730188103233;3.21092083358953;0.846862917427082;1.38687249454001;0.559259524579885;0.00624959304607271;-0.0495802565899502
2.49408321097065;71.5871525173659;2.97162472658261;3.93820303133853;27.4730263824358;1.16738079547581;2.35980355776871;2.1380763061284;0.958284725604462;1.52083596201841;0.506824183928066;1.43710883267584;-0.086756845944128;0.722901153525404;1.83992107715692;-0.88307516695297;-0.539198489096605;1.70480073595795;1.40936391524039;0.41467354969679;-0.600223039902763;-0.907578692034128;0.148828518802892;1.11917780894402;2.53705319604813;1.06867347552795;2.1229705365359;3.56823886152674;1.73392259806951;0.357540753843313;2.46674808079841;1.6006208477417;0.842188990305792;-0.376571750609934;2.66813883247982;0.921036980231537;0.0196554979392713;7.6648821133077;4.25101571407818;0.458076839686443;2.10953819655321;1.2673967438824;-0.266755780211757;-0.166164790869749
3.11851813899216;76.7188788764733;3.24358630683683;1.7085416657453;28.7499935323159;3.29983052435914;1.69448784813424;0.466354954334584;0.896894142610645;0.908158513505537;-0.243323756043627;1.56732355045526;0.326058239887451;2.25505054486064;1.37992533137476;1.40762200207081;0.928656069793456;1.26877496740559;1.34463203095919;0.00271230578950893;1.0314781549013;1.24686117151172;0.551938059709038;1.37841177659647;1.09650502159127;2.21817621724178;0.319605118324668;1.31698221322522;0.854124476207226;0.243488193922588;2.34351347332152;1.5776503434403;1.21874074733424;1.07186850559425;1.01287169058209;0.572710298532863;-0.542850023633041;7.97333647584487;3.71020080984816;1.05044626350784;-0.550862357938759;0.0195385493836207;0.58939575959108;0.592590731633435
1.6709532568669;79.8397319137789;1.96592235346153;1.58947400501619;28.7766802732744;0.403322049903773;-0.93537595748843;2.74022506729789;0.319792889616448;1.07223034123063;0.664118497640959;2.91643312911412;0.625960374809384;0.0164664555044065;1.87635454705283;-0.877986541572776;-0.48702527718952;0.701136153767884;1.62513686907678;0.128867792143444;0.288766886075318;-0.821178239465608;0.00938969666508112;2.49701911570328;2.32174196246067;2.66489560871909;1.49975724224302;1.76692279034972;0.392646539851654;0.911001325913328;0.975217742679373;0.764855312854625;1.86963127430205;0.627039319062428;1.57882008872728;0.852126162160968;0.193852656320303;7.1017100333579;4.2323744948909;-0.222511650406947;0.0171456703751758;0.362046936586442;0.343809201165968;0.992479578818302
2.22021057745992;77.5099316816694;1.90881115789133;1.64430241743511;26.6727517429165;0.326925170573324;3.17371011787847;0.725562856384089;0.882048570949496;2.55800505598832;1.15713127289429;2.39415390799953;-0.132234639864818;3.17324485579531;1.75026542663266;1.91464593684842;0.0362101986610345;0.308586104467057;2.46426793996712;1.87988858926409;-0.276707091891011;3.44394282227258;-0.194590245342469;1.9983500087862;1.52953428342199;1.25712793667291;1.63900041042185;1.87179006385945;0.430808273497601;1.20335651672427;2.10976288487716;1.90889927676356;1.57760601843843;0.10774917809785;3.39212823519974;1.41877330067892;-0.022749501210138;7.69065959859317;2.86837560027796;-0.0793607461146463;0.902079805051098;0.377461274241015;-0.334225818656202;-0.289076321411113
2.51927691825363;73.5894585219564;2.91986436766452;1.3338006078589;33.1472332177656;1.89509826083535;1.31990332760252;1.50324673628222;-0.247031114171262;0.846771590878013;-0.770114688763868;2.40390737916826;-0.142565848277521;0.955342789963862;1.90616135359474;-1.20760904244874;1.3588797290321;-0.0423609279097215;3.99433275202356;0.0303322341624475;0.337589368061443;0.649334382118101;-0.65754481184596;1.70336088572774;2.75221247474517;2.36410228920607;3.11300987141081;3.38924196246391;0.503014000039182;0.273785113797951;-0.760033575917418;1.45614145893961;2.11053377738879;0.221421813057632;1.63246470828407;1.57082245615186;0.028057113430994;6.98271281434576;4.36903652119674;-1.38631699980293;-1.17074241205648;0.242135652165128;-0.280754259575245;-0.358457152069707
1.83142475203704;74.0003097675342;1.86004761498608;1.48747423191517;37.3755522139278;1.17721862453637;1.02967166879005;1.74310976919668;-0.739760106193315;1.22489076930565;1.88316305377641;1.62690388598374;-0.608508838978359;3.0252272994769;2.87873795019511;-0.244380775437433;-0.238306615874388;-0.159980198748572;1.83663328589717;0.0646208360562404;-0.47488125503551;0.401708806543014;0.382658353286473;1.15385762483306;0.774778119173796;1.09516246650367;1.32898226987666;2.22189397289177;0.168739938043484;1.11765480365372;0.0676217373259711;1.12567725780208;2.42981522365624;0.880247027306319;1.31525183838946;1.19891259278025;-0.167482102781887;6.87040272608079;4.28920410130116;0.788996419981088;-0.19033777658567;0.251608361689796;-0.0988942880540502;0.200752916607996
1.92261274749428;72.3321933429823;1.62871839778354;2.55125246176998;29.4158287845371;1.27034508312017;0.989982272726972;0.622802839279701;-0.857721680266571;0.61246709761716;-0.611932136689359;0.970396943349013;0.497008817048695;1.66922874077731;1.06060618512205;0.539886039014185;0.845329058832056;1.52804539757705;1.22460572973434;-0.358030632976733;1.81916096431028;2.86079712559689;-0.0773806225920642;1.31065597522996;1.94825129563514;1.85785960658022;1.65866075139417;2.37614293416997;-0.0180896176435486;0.123475849855437;1.24851411755661;0.807192643442849;2.09798232477267;0.0629489162229314;1.01073316750681;-0.211993166021565;0.328141381940806;7.20776933342429;4.6174751216164;0.193563879297691;0.543118713302188;0.166997458039292;0.255912336507659;0.643732081496693
2.55670661328086;75.6335774663411;2.85918825475459;2.25778590152543;30.9765095941978;0.995757548458634;1.23537322165795;1.3437215534674;-1.22445887029158;2.1038124374064;-0.444625195480833;1.44180743638937;-1.09403634023458;0.731540036962991;1.25035547218165;-2.02946607223814;1.29896646784796;0.0630798530014263;1.27230704924262;-0.0824530468935262;-0.185415919138035;-0.22934237512647;0.386215430786242;0.071441149319669;1.79130118196501;1.93902559708136;1.97877496860358;2.71146560529063;0.854169735407503;1.32716745398319;0.228539256098669;1.00390782305607;0.452465788266741;-0.0277549740452706;0.241268225753605;-0.276636248973705;-0.0482339327508477;7.4315586474042;3.57764454262289;-0.0167782428761782;1.15156561227794;0.0675265368073572;-0.183218478228637;0.208896308066336
2.52348903990841;73.5505269387761;2.70241626762211;2.13667627523295;34.8274118072175;1.29647747686018;1.00662604881841;1.78481613229206;1.12060972082678;1.80072533200239;1.75847532493825;1.78024509366226;0.573586678200281;1.03132612274312;0.554130159852485;0.946941391651269;0.238307644538653;0.984429368083019;1.94318219180108;-1.54332586681777;-0.302177113526635;2.32153341997447;-0.350727343165276;0.661518584083645;0.817559632637734;1.54204737270304;1.69385686633929;2.09609149663863;-0.617845286108063;1.27703267426407;0.00213814620706687;-0.410937074755898;2.0071465036529;0.604049153859437;2.05586743468207;0.818624907203049;0.216054942636245;6.68536508033336;4.07138400731604;0.166720050537846;-0.0691427524208907;-0.459889700465731;0.215518572308061;-0.152339739923428
2.06617081482564;73.5212796790343;1.8482240200732;2.26125026313619;33.234024009804;1.33814228603013;0.614301806790056;2.31391137602784;-0.548367590608234;1.82621531949146;1.05361578866728;1.33491143601793;-0.0975753207136994;0.468829920358463;0.459388027795026;-0.19081729593526;-0.595065129434993;0.948694767517924;0.805985705387486;0.688200989001134;1.15046607629428;0.270238972534578;-0.0230911889635456;1.13762077702967;1.90659447912463;0.0335105034385936;1.34212511121053;1.77497272371794;1.32436120381696;0.16184319778514;1.960682375092;1.70090937543502;0.485980668048213;0.0792567942771682;0.582260861904005;0.50422079717419;0.59582585019168;7.25283987566647;2.98626291851239;1.17247610096076;-1.19456406544373;0.821666221279528;-0.175636998780251;1.54192826134531
2.72250210961675;80.5536406943587;2.53742776855227;2.68223550464363;33.2537504160487;1.04858082635853;1.18801479130525;1.37821112359002;1.67751690821909;3.72623839812061;0.566868825544448;0.974615072179746;0.877470415866408;1.78161065726664;1.81770124871919;1.33532674368822;-0.200689578008057;-0.294804718736082;-0.203462592884758;0.354219952715004;0.06959232773113;1.37834482684006;0.354040630524705;2.55961074984605;1.82311938954707;1.44539638267025;1.77145096206434;1.77244215213969;-1.33777190316464;-0.672596225487862;-0.0329659150051753;1.29855296463112;1.46496258408281;-0.302619755661503;0.443644861877562;-0.0586302369562983;0.497875657639651;7.09482953079221;3.77156178053948;-0.0770081890311168;0.408443892963408;0.351197363263361;0.353325610892541;1.61217997617532
3.0790689347026;75.7150695598058;2.30695640205819;3.03235192145199;30.9661601741083;4.59363843564607;1.04037991552339;2.30556954549275;0.116813269204824;0.993445922396121;0.645278932278151;1.78217885566235;0.984616859887791;1.0960418466425;0.830069915981614;1.11765766443343;0.0617970985947982;0.634960219610616;0.629041179107652;0.0385835183803598;1.06686504213059;0.175734300800539;0.189984503440921;2.24618691985132;2.54049832783315;1.37217516996425;1.31512181501747;1.48415575107384;-0.751475261360016;1.48601260106136;0.606267602194909;0.741409827858535;1.77395204349759;-0.105550004501126;2.12959081074271;0.659179635259906;0.43386628667859;8.68926192477554;3.72471308327701;0.602122905172411;1.24224303143028;0.401932890988067;0.453057963279145;0.121265800176411
2.50623186300255;72.1609250896719;2.50276294159112;3.08674488476128;29.2307382754215;1.3918883865322;1.90975167716716;2.25653884752092;1.24998216101674;1.49238071944022;0.767629314917287;2.69217795687749;0.613826080995757;2.88867702638222;0.999163181069655;-0.53095172396426;-0.435662723399148;0.39979594706246;0.917596132349437;0.426410490319421;0.823558521435078;-0.871839214407657;0.234487727686594;0.909216625475642;1.62053550766459;0.760439689311513;2.30290024364769;1.21233410912839;0.996353888910349;2.36551557486218;0.162181423654073;1.92193494280539;0.560141941354759;1.23590321721645;1.96354367748984;-0.683135933071854;0.201397225445313;7.79649940019237;5.89965921292878;0.172348208927233;1.18346267346496;0.154206424502664;0.516184775433798;-0.624599833363773
3.08029993207297;72.7155338277572;2.44703439157423;1.95598867903891;30.7487348373689;2.65834232994803;2.08074346054303;1.32029442997408;-0.840843981011005;1.8010717914191;0.121952122257055;1.94153649561147;-0.0833831778863606;0.687795083345248;0.790667947798032;-1.24318243571596;1.14549759215312;0.221632740878307;2.6578851543566;0.0601253724960876;0.613753332978837;1.94747621766474;-0.256811700423875;1.68338423733088;1.61167734242766;1.04643392689279;1.22206962481037;1.55315110412045;0.232498107836887;2.15511869115799;1.78948567969115;1.59567115653041;1.7839764436388;1.01470767467445;1.34952945218468;1.41239448959926;0.401857634345737;7.64750736716812;3.96906565054906;0.888180513916923;1.5234202517695;0.535382772735755;0.042792636107662;0.927900337189515
2.20101812007393;77.1888915528462;1.99674200368084;2.62011829606204;24.2745464475641;1.01928957627845;0.878546094095757;1.65873546514946;1.31952649423199;0.579539399916433;0.629912471370389;1.9998017745255;0.125444271388275;1.65454147020872;2.86511138024144;0.306482509023085;0.530658757041509;1.83825187591164;2.82158182510688;1.19158687890984;0.894613064026388;-0.117220381966668;-0.420843673706142;2.42609310392027;1.51557873351073;0.400520310972857;2.21924497144548;1.97061098875113;0.0807913484696063;0.204411479846998;2.61962276676201;1.63958729037245;1.81924213629391;1.50974700854774;1.12773945420358;1.0628389699332;-0.199736905851786;7.41544774454923;4.55845904809116;0.675024975298524;0.382450254369044;1.3141722491281;-0.122868809299222;-0.140608549792698
2.77771189524552;78.3739669156067;3.47327975322816;2.40908524320199;29.3803727661861;1.88567155874417;0.888997831091013;2.14465343339369;-0.174282687609365;1.20378803016712;-0.49621151421133;1.66574008354765;0.251656441418795;2.25793798208836;1.49901009702826;1.10432982924586;-0.0916497749126732;-0.658896425611486;1.11509987808781;0.260780189134635;1.75232807860417;0.990556818746278;-0.111928173488491;0.558165893148248;2.77548906699057;1.69316810404576;1.57934211605353;0.975239023977175;0.240009257341965;1.06669315361501;0.385316946241646;1.63735429921884;1.01358107504555;0.0899155810200515;0.799902563626925;0.235089009459967;-0.10216927220573;8.09481063057583;4.62264940893858;0.143195352117485;1.31698006241135;-0.0633667787570657;-0.25510302252533;0.475772741388081
2.83003689878983;77.0809232194759;3.07624079591898;3.27252888207834;31.6956702876738;1.47176226491942;2.35357255260994;3.09065872629733;0.138450836626771;0.0903027881288683;1.28036866958633;1.01743902871205;0.921634510378005;1.87804165039341;-0.732824223398215;-0.481788449480691;-0.288467794610048;-0.585716261413891;-0.233187222074912;-0.138372154075163;0.0326480641044165;1.93474012587759;0.179920881859778;1.14889079163965;1.56875448964403;2.42107701588567;1.63520617250363;1.95006466443823;-0.212738140284303;0.258261880933318;1.05115725438164;-0.539333858547083;1.0591384939774;0.492741445142362;1.9260701324297;3.33700352545794;0.005371902063158;6.73714852024623;5.06440421971811;0.274974513696676;1.04648035439239;-0.153612784700544;-0.405004836770262;-0.164989892796008
2.47160027131379;81.833069422032;2.14075710797733;2.87247740467999;37.8733870695929;2.12148611575963;0.473664858142407;1.30426184696421;0.19317510000048;0.481773513612524;1.87197828103841;1.33396324339676;0.596842936682868;1.83745866451264;-0.320585518549275;1.16164003366651;-1.32147020027791;-0.172992618421806;0.132731619648736;0.899414560051661;0.713542495471546;1.09428965910127;-0.128934942639798;1.24686425537701;1.90745558939882;0.383849102418355;1.79647352106159;1.67300313333573;0.687380297462643;-0.0444350752272354;0.23864397532107;-0.10608409067126;2.85844587140946;0.559061155084803;1.56727469885453;1.17292828976622;0.295579884268994;7.21641586218386;3.55624485633214;1.29744563411482;0.558347122274324;0.421321664172643;0.450533069475086;0.905661164273643
2.20747057792603;82.8536394719718;2.08984322700138;1.53807484205251;30.7585320297474;0.866491708420581;0.720431505538077;1.10406047214442;0.0813059405933422;-0.255202326831971;3.72549507613631;1.88865551627759;1.4225432595307;2.44948442676694;-0.36954156615211;0.290655926589281;-0.637569147719093;-0.564813884820251;1.1172788400081;0.95807972384396;-0.92344118899977;1.09692858817036;-0.0928819526807679;1.78548598725395;1.40415626607111;1.21484339154434;3.05137156510023;1.02013098218888;0.234002502051955;-0.377466954458946;1.46933585370154;0.545154448881244;1.33512302934441;0.148007062332784;0.355981216038891;2.84596077789041;-0.195270201727486;7.2047546191256;4.53275585884525;-0.622131550452104;-1.22652743116803;-0.236325332381339;0.0536449563894653;0.36619515470106
2.45576324223001;83.347391324268;2.75443836545937;2.63079590118556;29.7575661664707;1.75554116296352;1.64918628680668;0.972060031664762;1.96116682397182;0.314658735477228;0.998672643546256;0.730504390842433;-0.784518015779895;2.54238388762349;0.617460322925863;2.72888818059586;-0.585928285685793;0.743675422090567;0.443201814260484;0.350421744102972;0.160944183564082;2.1502311165131;0.0894583524603663;0.225286484467103;2.46985692818814;1.96630032656387;1.31730506431833;1.86132531389454;0.0973926428618098;1.31571280354438;-0.221903871893813;3.15405922148847;3.27912431759804;0.0650187000260302;-0.12973230805743;0.133411374712765;-0.157900626371813;7.71168536057702;3.14615423560636;0.199029334554396;1.31144244129674;-0.107115556058661;0.0705286216391667;0.312684558744955
2.52806281712544;70.3449955437317;2.23837897096604;2.23974985490644;32.1975105115032;2.05272753915847;0.809187305148982;1.6805881076051;0.11085821432718;1.64682360056237;1.94340855795951;1.85981530968728;-0.124597482059752;-1.06499823093364;1.87448238118488;0.232812003703754;-0.505179326182741;1.47254434597136;0.706647291581323;0.875046172318151;0.456639221072779;2.48930769334242;0.379304179963467;2.04392489948331;1.31704829163433;0.703581468282898;2.89461424699264;0.637599656968008;0.394301400532328;2.43408544117504;0.427952547775662;1.50875904534941;3.21077893794909;-0.161872778933749;0.182761619349255;1.43494089892653;0.137976150798961;6.90852350414872;5.19460401348213;0.399643689150092;-0.364179006098709;-0.00968509387847671;0.143546520142731;0.27655376188068
3.35859422378352;80.0418803480385;3.1039137560531;3.38053435468619;31.5667409228547;1.84698052741891;2.95840101512336;1.45425515500557;1.93784278083586;2.123359264803;0.282440568186668;1.2567817654558;0.660821435603326;2.31949313461679;1.89058374074324;-0.424380589268258;0.844434419703652;-0.189597905916402;2.77694902312808;0.447736644011446;1.82613514307248;1.48870607377035;0.334893157384872;0.630541495696999;0.68294027709446;2.1595666536402;1.05118840304534;1.56286450834797;0.404491424287171;1.84984550137739;1.76991682155054;1.95241840970009;1.46907904636838;0.278000708912546;1.62054834485702;0.374205364756213;0.340935989561765;7.86482545337262;2.7829679870045;-0.718688484838749;0.0106417321207039;0.0949388879687659;-0.0328802967894707;0.124269799256433
2.43638196826614;82.383556998086;2.12610560361671;1.6468215512578;28.2412519167184;2.02140514334967;1.27606291361906;0.815440083632017;1.03287175819219;0.105470011672312;-0.197143863224558;1.29386638299345;-0.180370252446425;0.913185429601242;1.90551328519197;1.84482101040731;0.646352563353631;-0.013095713581714;2.55786062079787;0.110948209157407;0.267963469665646;0.950955859894466;-0.113896155629355;2.0840650224481;1.86279688617303;1.66654252415933;1.80810144835322;2.62771632368765;-0.496296351266171;0.0567441569231212;1.29143066852077;1.60195825823751;0.478082382701611;0.68085602829564;3.04739688811774;1.21796322621584;-0.139753741517565;7.63061834689934;2.94059654964875;0.444302214929348;-1.76457762793088;1.00836900403385;0.430855920528116;0.504453315068007
2.70545343712224;74.1762092940582;2.85613587779588;2.72771568628659;33.3817731025821;3.60312168127558;1.11416842867964;0.699671309422724;2.3421573243071;0.628352782580082;0.467591763376786;1.10131491430578;-0.24442275382083;1.30292232974924;0.410839109503335;1.29658738105643;0.613357021449155;1.37479903136434;0.0958843830857246;0.416351884053084;1.09099694672795;1.96599048006552;-0.298289933645142;0.749406326668386;2.51822005628261;0.9285971215329;0.509999261822384;1.32795638694773;0.614362501360525;0.863185963650662;-0.34012497107213;0.613736186016583;1.79901331047646;-0.276840209590329;-0.170207631221793;2.7287038723249;0.0826215683990183;6.63852097500877;4.034931857238;-0.791961338567756;0.783591993158865;-0.538543848180685;0.173994158943904;0.475152443189594
2.3991062747187;76.2700722415516;2.96629118443904;2.16637248058136;27.3618473322491;2.2528768255012;0.676988633617317;1.4811894919972;0.188441498702402;0.82055835623491;0.163970701686587;0.773415651701477;0.0771944911781401;3.10430346427769;1.8674497856982;2.15113863300659;1.17450612654959;1.71872585952309;0.216607781319012;-0.146346866008388;0.093987277314518;0.228519202377566;0.303359312646753;0.699455860227275;0.934854924459514;0.836417196052631;1.54563993298806;0.916615405014255;1.32385245793094;0.43798610665389;-0.00645318995253619;0.528051312811983;3.1055075005617;0.69099294155344;2.7246834804994;0.977433959686868;-0.131019044570463;7.5349793670027;5.4685928176078;0.774527706818473;-0.897266085228014;0.293760519350536;0.242707823420635;0.754338891011336
2.04531992705242;78.0197817980121;2.42276311869768;2.73343258266604;28.5428698568545;0.799077714969934;1.66891443930913;2.50968287259799;-0.0372651087605839;3.57506933306664;1.02726752286532;2.24381860404904;-0.353253147294244;1.71672559835998;0.504572528082649;1.32851711085995;0.726077370717203;0.327350762141595;2.6251098871142;0.614499724738519;0.0432022656588191;1.68441529691617;0.487849956709031;1.6942095907003;1.08262907189632;3.18857947994178;1.03376002472122;0.577929230280111;0.106352231163934;1.51178945021814;1.03575899444297;2.11508672320742;2.21337097913346;-0.109710338083195;2.44720476906963;-1.01429231040908;0.0773744944533737;7.89329948711737;2.90961451475476;1.19059019282052;-0.155511704655013;0.940423902713704;-0.273605254245831;0.303845020997933
2.29176924487217;73.5815621472646;2.66605153776597;3.44898828323271;28.8450946695942;2.03411543031744;1.0075573286223;2.1964136598972;-1.2602873900949;2.20705489885663;1.1239853991751;2.65967793074396;-0.93893947292278;1.75867973617322;3.13281217950914;-1.11236330255347;-0.028411336211174;-0.330763893738332;1.21015990499737;0.37503093607209;0.456919744604923;0.535669473686919;0.275576487032242;1.0813634396294;2.78117722363987;0.889839798502288;2.46700389001141;3.55157784628492;1.19061596762261;2.58048322549808;0.715444448863701;0.632922942224737;1.14236931900366;-0.100300113336632;0.795352342007679;1.8466342852945;-0.101095665459577;7.22086616369427;4.66650088224289;0.480585040008365;0.286164782323182;0.0661976121344766;0.173246780637478;0.796979771829115
2.94638645591332;76.8034080632331;2.95250386275125;2.56437040213315;32.1736060547;0.99019406982909;2.37571184813276;0.225328550408301;0.151164531788926;1.05750248686182;2.55663585375294;0.356795112926573;0.262339892175976;1.52340124391777;0.608308108320482;1.67903685143555;-0.285517872365043;0.469105845063964;1.90725157481063;1.8616798675424;-0.232509354994995;1.6937904417393;0.178608146404488;3.33534531286214;2.11517032049407;2.7599566990278;1.96114135030045;0.668462876510805;1.35437253202913;0.736749874273072;0.0432201924567569;1.95513410531273;1.99127692852996;0.390265281387572;2.70714185047538;0.631732738629262;-0.219687159050946;7.29929408058489;4.50352243883237;1.19810955840106;0.426061314879535;-0.978740529092217;-0.108370491609332;0.655096564140673
2.72847616305489;70.6644522101798;2.55681434623961;1.58943227696255;33.8195756423904;1.23968929582325;3.36270700633312;2.38394658832865;-0.17405516755347;0.838852933816434;1.82887609521095;2.35351408333465;-0.382302830133746;1.7875285146863;3.30251468268841;-0.758500088956909;-0.096606590281421;0.0798552539708459;1.61328186835492;-0.028836236001399;-0.0406332926641879;0.865794951405739;0.0589151727334062;0.89499829291501;1.53689143932605;1.24867068573227;1.17303758420889;1.10784141651055;0.482614751356353;2.13883097618286;-1.72227138843047;0.837192510448927;1.59287483237396;0.856763889302718;0.573544886001365;2.66375590575212;0.0687759129442532;7.77393485136619;3.42759517253763;0.460633423499102;-0.775389236701253;0.0283964817526194;0.00750624876811673;-0.220588365605081
2.56566472628062;84.2940483645408;2.67965295542653;1.86651496090093;31.7111354370018;2.04866600471647;1.82996611703671;1.80021200597705;0.669547595570788;1.78923070371826;1.99567281649924;1.75376739703129;-0.939114102815088;0.959391977541347;-0.0730309873158166;1.54012675812328;0.493537657165823;-0.495545242304377;1.03695068495343;0.00448281278801071;0.436574335935506;1.04781329394966;-0.270765479552002;1.41787052181888;1.87671228096599;1.71642890903842;1.35254109072307;1.75450680118696;0.287931019290661;3.28678629008615;0.802982747391644;2.68555198039361;1.93643323370555;0.0925317766717146;0.579735482252865;1.40482875400659;0.0927515353890539;7.49770339442723;3.92032045076261;0.63809269825644;-1.45104503544635;0.488969430850428;0.0228740157325635;0.188942988392767
2.76988245934647;74.402939680821;2.90549086947259;1.98843999250909;26.6189558063262;2.09909670885499;1.55075460936546;-0.347122884014823;0.523083980278652;1.8294216183317;1.97441939933872;1.84508858420943;-0.315361933060527;2.60949933442855;1.89960758424117;0.0740616710398632;0.772540697319077;1.97491848385526;1.29845367395228;0.0642387135971792;0.252577226880082;2.45638070247665;0.303191607695509;1.00043804267311;0.453831796199373;0.0117799673565779;1.00641173718461;2.76070934447543;-0.14712320457932;1.85145347491821;1.67397732326247;2.70107834601344;0.863464488197587;1.77289931982975;1.77831867927966;-0.456507944094461;-0.137091474680613;8.08512533941526;2.90893963290904;-0.739227950945548;0.463115703321957;0.869616640712229;0.251359860035159;1.14565280484185
2.30491933350089;80.4033397062359;1.79405606485452;2.3117853803099;30.5728662030731;1.677827880126;2.31154191474912;-0.0491171195307452;0.762354683277144;0.435588283440014;0.83273698553521;2.32440335687125;-0.775796497221032;1.36736929401674;0.558151052694601;0.200511033828854;-0.388145354784178;0.701341983824174;2.25254999869956;-0.756340347030792;1.17490944681119;1.53373678545487;-0.0760005934875884;-0.352673170893573;1.64180546621172;2.03569016602934;1.80055256177153;2.88050765476274;0.559771983499911;1.69820500764774;1.16945641893397;0.157508863961308;1.12872986462484;0.799815516448632;1.98306565063937;1.4246552549641;0.0963411352559069;6.6285079150532;2.72645001855323;-1.65322718835368;0.717334866069492;-0.749357312406586;0.190680444147961;-0.432666858695927
2.39770925630545;75.1117845691705;2.66681296347745;3.04154005223386;27.0815555557068;0.817238751151054;2.57242565679807;1.80154723705196;0.937940684897925;0.0508521197799556;0.664202020300636;0.666815681804075;-0.599829888507883;0.672457646474041;0.516766845940382;-1.65409005680061;0.172943348732396;0.570662952835188;1.37639803816807;0.950594484571617;0.670948024504576;-1.60192624954415;0.520354245274487;1.30546287614081;2.44892512346001;1.73800553436218;2.10955691959329;1.10265121308083;0.262285530936321;-0.122256283560406;0.898203750345287;2.14093834828378;0.331976390652428;1.39327587948647;2.15872205322899;0.63469485661865;-0.132093835095046;6.82038724489349;5.99539679220983;0.427154591121827;-0.266126739050763;-0.319049204233002;-0.192762743881553;-0.316501481018513
3.35359850803108;77.3082739391512;2.90448782522265;3.74711531834095;31.9987611902129;2.49822511144285;-0.837587454183425;2.62151510410662;1.47230503475613;0.728209432580215;1.48179064841475;2.58884302298099;-0.117776575796626;2.97008381007743;1.87318344409516;-0.0280020584886086;-0.726466604600371;-0.164067422224341;0.974729037125551;-0.227425444429652;0.330141007927107;0.289603141315048;-0.216199920261604;0.111534086510414;1.42642347562781;1.03045032391345;1.21659016101129;1.51066759217256;-0.457543157618587;-0.414877224979827;0.542796979130751;-0.657690166415768;2.29066778891178;0.397143506724888;1.45371585430179;0.83523575073197;-0.0170946303758604;7.76859118489945;3.14810335763701;-0.5602131330197;1.96909283360535;1.35837391501221;0.503881472706423;1.05298083416297
2.56601235584299;70.8419920177517;2.29810949058948;2.27381854661236;26.8303324082888;0.818417399981895;1.60500157894979;1.05036589875959;2.18224471714829;0.539839450893906;-1.20421261448387;1.11958280053796;0.0512407380078228;1.28957757635862;1.26035836536479;-0.474746711180435;0.906467750960762;-0.0883315230263556;1.70588036169514;0.878053881947802;0.440146996982748;0.85427682551352;0.464470333444994;1.45753278549359;3.12293262812915;1.02034399923772;1.89468272516046;1.66913261654449;1.12100304822967;1.53553220841982;1.44900595202156;4.49718710811255;1.55849774952153;1.06628597043878;-0.433558209300983;2.25369123749638;0.0319047520661424;7.3041786499118;4.4215896998885;0.575080515785122;0.387893464831632;-0.241634693665412;0.0769552944228468;0.772316442100938
3.37334066143758;74.3580441738532;2.38630690407901;2.46078932898724;29.0830786723158;2.50437098785867;2.24772828305026;2.39576767291928;0.284266064166871;0.662273942680934;1.556169914194;2.90013533930543;0.701693436251097;1.99807470336048;1.28877117761915;0.516300369904684;0.953811993161669;1.24562968734929;0.916555387528901;-0.552993111904565;0.230867207155805;1.10643367318039;-0.212340171157373;1.19119375169422;1.89559049078834;1.94526205456044;2.109347397427;1.98937914303834;0.0685518324819623;-0.400015995037741;-0.163490466923983;1.15183911371498;2.35596932704157;0.806607162710378;3.56148959199117;0.900212785421188;-0.299936676880078;7.85611656300283;4.13158350741624;0.57889350150162;-0.436520584486879;-0.152810589868418;0.31016270954874;0.388185861432992
2.49052012068421;76.3663973073753;1.93089255615689;3.76988663181918;28.4459763978775;2.31542438576419;1.10745533603074;1.31781983096003;1.18177733362441;0.994379328529488;-0.311221449862345;0.764946641606211;-0.088405385371851;1.68735053879741;-1.00772520191142;2.17483387759421;1.14334509300568;0.861516920934249;-0.45393490559849;-1.22540668131424;0.184863659510655;1.5547303570341;0.39823182073294;1.86761709071381;2.74000952839315;0.594323624953384;1.70392958359762;1.52118490557081;2.17130901828941;1.03027549064323;0.102697921455786;1.6819164933156;0.592201123626552;0.556138107632034;-0.694881015356847;0.949692229366712;0.137475321354559;7.51448632376256;5.26799931345234;0.767608104079494;0.0751097821696176;0.405579177237574;0.503506942947561;0.0367734941817413
2.98164299648715;77.0760522603224;2.85516190036093;1.87310948294406;33.5334086174251;2.78700711143584;1.4264974767166;0.726413149026253;0.877769732326943;-0.248369137441811;0.972089852871739;2.01317758932186;-0.242831311870546;1.9488398754105;2.99290637875654;1.96420211009755;1.21031582562051;0.203937877869824;0.261916884724099;0.296782352771782;0.648467101657908;2.12727692765727;0.0929986724873886;1.15672578836251;1.71522545531118;3.68449730640592;1.68082529018708;2.11533078330855;-0.865804191135503;1.24680730148396;1.62373593241641;2.20916260458426;1.61159813756396;0.203046630623004;2.04497264986506;1.33004295014465;0.103666519506099;7.51261159895582;4.49924108491702;-0.270018583863305;0.524055046602725;-0.569904958828648;-0.0761539301923265;0.108820203366617
1.39265294660485;75.813944647112;2.12521240111753;2.29512924893403;38.3021851425611;-0.865383395029448;2.79533213867154;-0.781584125104015;-0.76660012506133;1.83226537944167;2.49870531690643;1.38246922657094;0.196204470481392;2.14096113925914;2.5590856207276;0.752914338278383;-0.163696151679883;0.89600661883107;0.354186004296981;-0.859587909815887;0.191451171428495;0.997474122686242;-0.139139211410223;1.49191365509862;1.82254878194205;2.32119840039201;2.45925458149821;2.16755655652251;0.445793418559449;-0.296513609457521;0.274404122267623;-0.0105955186973989;2.40190795839931;0.543092232595523;-0.284369935967736;-0.856128732432825;-0.0319064220746299;7.42047277528316;4.07931671486031;0.926858808996158;-0.417212568127849;0.817795566407317;0.130263205311912;-0.120677226318391
2.34343466803991;81.0291040289247;2.10671156071396;2.04610436280874;30.8235503178089;1.26643653216077;2.14933728287817;3.10577124036501;0.191821702135898;1.09720774191339;-1.79608287865405;1.95674371726793;0.203080439951303;2.02422753809748;0.446278399465306;1.33579938171333;-0.328166255378472;1.3353678359169;0.924338022344982;-0.125166244948123;0.822049845142732;1.38488512026355;-0.407697938163321;2.90088126481376;1.66466697987145;3.3606519168656;2.09976781847793;2.56145972943466;2.13223029040295;2.02949861276947;1.24499990514756;1.4777732996082;2.79060590526107;0.819147801665132;0.688374617518383;0.0236665318250416;0.137209759612852;6.94089164231766;4.5409135012821;1.02541771043245;0.944245706471367;-0.074363765155479;0.272103382465025;0.206621253120608
1.6268522903857;77.0698437421934;2.64308783411394;2.96786575377696;28.8228404216706;-0.0697526742537358;0.174621806563418;1.03959413751794;0.642619769571315;-0.57786732160148;1.63535718941227;1.32979268175773;-0.448901129341518;1.82477372558077;0.444544414353318;0.342400825089942;0.53068153603291;-0.193810025097273;0.815756470523383;0.0264975063053713;-0.676196190106856;1.30680137700351;-0.0341709850690838;-0.0363884305423985;2.82105893379617;3.08334358275329;1.35724965270712;1.30712428588812;0.73971564107757;0.864109790801927;1.29876325695599;2.90891848507828;0.957920102207666;0.643273277530815;2.34319301874485;-0.488663173875937;0.196005569354445;6.63200154408723;4.10938693434006;-0.180451707060981;-0.253820159363656;1.2710422981955;0.0980854556190857;0.734485397532572
1.7060271138141;78.2052782836485;2.1841335010004;2.00746902102904;27.7380016409747;1.08726630879531;1.73965512963441;2.07704902337639;1.71124634120674;0.175903722584304;-0.639661705792347;1.7791778235803;-0.826628430892133;0.814173229310893;1.691668978537;-0.82286894322606;-0.659911219776763;0.55053547817215;1.67644013392587;1.05749282461805;-0.883421180984281;-1.47662403906531;0.0800589700480013;1.34115415885349;1.7210468699645;0.934863634695025;1.17130906443836;0.87671272506682;1.29632783100721;1.02770232908837;1.24652149387295;0.398714283946138;2.36196169838101;0.941697773293316;2.51460577960788;0.149747776686312;-0.51232356742595;8.05265897037385;5.01128409127766;-0.34662447557434;1.64694141209694;0.0797697381532596;0.342123379110856;0.300018547060364
3.09923795307253;74.6124516466887;1.96549971386541;2.61646210542949;35.3320762341601;1.6556714303082;1.57737100024871;2.70779186937036;2.4098465257381;2.14553261939233;-0.153478645478362;0.978189482301024;0.0923035418681505;1.15419896185084;0.372783144399752;0.471972756579054;-0.175309969178113;-0.127338685410209;2.30213790082053;0.670867715207275;0.289650874396433;-0.036768775786798;0.299874308158198;0.518671801287263;2.68924552903145;1.33880677237372;1.43695474112298;1.99114738766448;0.0681636309006486;0.766163154371875;0.284968045207164;2.01967781529918;3.09281295851432;-0.0951045210679115;-0.10117252151407;0.468353926053671;0.125851254176358;7.47027489914493;4.08558413747197;-0.137360829455863;1.99880521244698;-0.584271548130719;0.0985124954216073;-0.197817331250151
2.80633943215229;81.2378210122141;2.83499920668863;2.39150294340652;30.2261735102156;1.0874257928909;2.58301191819435;2.19463557653423;0.229819853251001;2.43559734744855;0.84238676788215;2.05589391395251;-0.42400023312739;3.05407290604272;2.14470254657273;1.56423389990184;0.170278894375297;1.05679115069271;0.880988771387086;-0.819876055945929;0.865187824088137;2.27723600267625;0.380126618741231;1.78397852397116;1.57201939841226;3.14663965941761;2.22216459421415;2.36519333709999;-0.638638016918483;1.17214052084748;1.26313055476826;1.7833332471103;1.41707860944436;0.629612489298411;1.25715998778581;-0.337431273193363;0.021833914594366;7.03424303083695;3.3058615762483;1.04310605612503;0.112325012239147;-0.866806759611936;0.101403065736918;-0.613408012624014
2.05980274310038;80.5905240368705;1.96890732882045;0.936416411738381;29.8677342542819;1.13786766554574;2.71598495621325;1.62303289871941;-0.889936138747053;0.994554289560186;-0.945316048653824;1.65010207446247;0.74878855705945;-0.0740850953540284;1.95851910922086;1.18223918137759;0.268927859778513;-0.535322573713904;2.02973770069244;0.163570464740738;1.39821722868656;0.105819047413482;0.377911232414685;1.67786094517376;1.49250701371309;3.25662347025131;3.44880353449812;3.04015489093044;0.279625738567091;2.67388018716279;1.37385271621252;2.46850921321848;2.57771705298601;-0.228281342064712;0.53627392912164;1.58832031169912;-0.176144726861172;7.60378141660614;3.97081443721342;0.520916339405647;-1.00121115025373;0.693548477295625;0.196114173386314;-0.645832446177167
2.39414444325298;79.5729848496028;3.26977138423566;2.36340190768028;27.1030497805379;1.47508130296348;1.00517230237218;0.985461531649486;0.780168528163649;0.681725069726898;1.40407945199216;0.594201892643486;0.351127497765527;1.84715519655484;1.55722279235452;0.579915746449791;0.548812343650723;0.498826418101626;2.09264894458357;-0.0803080401491989;-0.130968606216512;0.986826398978601;-0.118389885769048;0.850775848767892;0.946651722423056;2.68402556228843;2.22753752217762;1.63718734731213;1.61130222585468;2.16108871828806;0.069055846005179;1.69042885821109;0.730521999044713;-0.533169617617793;2.34175560738724;0.318532813017992;-0.200094386728858;7.99707048614307;6.02103577667378;0.0860891484887344;0.566811031928222;1.15205005838913;0.28348716358487;-0.0953252327603921
2.70277226052102;71.8751235456587;2.27887867061728;3.24768009563458;32.8981048057705;1.65183926891166;2.11023103727684;0.406914078736715;1.3455512582104;1.9051531990004;1.30195099454296;1.64178692087504;0.189763149204087;1.41038196517627;2.33695888772764;-0.513883212023311;1.14152504445342;1.19177595376735;1.91717208449963;0.564171351089297;0.407174240324567;2.1278030278251;0.212322573300113;0.136120095577725;2.3702646137364;2.09855346082223;1.40601976000793;2.27009796032092;0.311501033292372;-0.36775754068326;1.35788597435919;-0.806220689658682;2.31145203338266;-0.144900740124163;0.956127688523957;1.9785794676917;0.0555635442318742;7.7750731759041;4.82554467800582;-0.271268797186888;-0.173574704674132;0.295546841210844;-0.219038994628469;-0.454001334127427
2.78837713452805;73.3726324874207;2.87420690001381;1.96220098073963;30.2670893320588;2.04147796477935;1.35319625545895;-0.0522880372631893;0.504992058853568;2.40342605156879;1.09995390968715;2.36186557472228;-0.238750021301514;0.873821410230839;1.08254790014262;0.469013637292116;0.334774255968392;0.189706747065531;1.26089472445274;0.299610243304645;1.02631621579536;2.46161442784252;0.254707964671957;0.401702701291292;2.68707165949332;1.45428622534799;1.49434610233347;2.35270489256944;-0.420935737861296;1.1119596783225;1.07009835122067;0.758514108932847;1.1791941744372;0.393390327342497;1.63352709496779;-0.141240159160664;0.147072890463431;6.85242333092463;5.14985715425056;0.475077588563839;1.48129109894235;0.527224938640854;0.0992013174479916;-0.515600680315301
2.54648061674626;83.8427612865979;2.35779304671509;1.60355629801115;32.2697414350934;1.64183509989483;2.15305738526932;2.40674888225266;1.84094060205199;1.11161918502097;2.0743383348345;1.05449668717021;0.0406718493339153;1.72570309957012;1.94027153564583;1.72455928012063;-0.104298537927596;0.645122629202924;1.93392622340676;1.03895912549944;-0.667392160391269;0.453221092945563;-0.0698375164991294;1.76018141765668;1.09454473265452;0.330885333621176;1.79918768414946;1.31163486310927;0.229922214981988;0.401659146997428;0.0884369362688602;0.897781943225547;1.86839597319235;1.1655661663292;0.791993285724325;1.11555146354826;0.302742473561073;7.26315907924088;2.84148365147316;0.505578839348759;2.07885977325033;1.15408855998686;0.151061434302971;0.340963634570014
2.65982432712876;71.7023371502194;2.95021241720211;3.08565460080226;30.3084816793667;2.11106200574807;0.99201738610174;1.75635736800546;0.910022695193578;-0.0831864274610157;2.22308029283661;1.21519819421824;-0.783709883326825;2.25906119129495;2.07156637471681;-0.0272728325578316;0.427829913369796;0.0174013845552622;1.81633473467288;0.270684104467908;0.0698490716169937;1.11091563011155;0.136247795038741;1.68292100859129;0.873128624407314;0.298112119809374;2.99380079912392;2.94137764687941;-0.255060429840892;0.872040614707584;0.023870378442267;1.38317616465999;1.15862069834833;0.340908230001712;0.939751615986942;2.5576106651503;0.612825462228709;7.82114684673938;3.20393654945121;1.32031256211436;1.17603680246001;-0.0231248329323019;0.227694631393927;0.249373196227494
2.32664968341051;71.7361373141468;2.24158932830715;1.42273068430434;32.2717736988936;-0.0830494232825538;2.28163584887252;2.73713022552623;-0.708201292236073;2.79481856685529;0.397392741391261;2.36537642638153;-0.256568147778281;1.34336102136773;0.625136934831415;1.08171134441993;1.11226467519671;0.0565064660201435;1.64177359885776;1.80989300464998;0.334303731980916;0.786867418923911;-0.224127405382717;1.43677095829683;1.09205687837414;2.41620459079813;1.79515595560878;1.99834099780446;0.924895163123672;-0.109062352977348;-0.671207778551623;2.38905754901586;2.64640840609953;0.816035585858497;0.14884833263161;1.56241541451441;0.397588612256625;7.41308665925272;4.47680250986619;0.734535987385966;-0.789815192302923;-0.285959443015847;0.0407257133274123;-0.512510697369831
2.6163614491128;75.5214856253432;2.27321927402363;3.67566468533373;32.5233482671556;2.15104363886795;2.28554977793345;1.9781575163582;1.87526898265998;2.96562596637538;-0.441123806790095;0.837566149239476;0.479327688209227;0.462014221319488;2.47901054364294;1.78890816132702;0.997512296003973;0.938408901155542;1.22821709613574;0.492920565211819;0.835046028668459;-0.39797173986288;0.0997598380119868;2.12460095313929;2.15281483869562;1.85284220339902;1.2366293401373;1.90281246120121;0.151855256758127;-0.184406265858764;0.641594136239946;2.29349542950892;1.43812446237181;1.13905794589352;1.90967429966131;-0.230819319170161;-0.0188393556495942;7.38511182012309;3.85564954139343;-0.700220803923654;1.47110071479134;-0.480466546806807;0.00433303663306209;-0.352917066917938
2.58258462311728;73.601677537288;2.52736566172571;2.41552256986909;26.4873996733565;1.9328056023919;3.17145746445657;1.43190158301293;-0.624441076832832;1.08619490091871;0.178967546999203;1.46730539246957;0.410105192237454;3.51853098534916;1.49548349528182;0.740279017755322;-0.0984137187720915;-0.132995544885244;1.32899674492637;0.357842935298566;0.0547727165232334;0.718920052832408;0.297705339604151;1.48328967924965;1.47633795107258;3.0232110394917;1.22890163658757;3.32830351903046;-0.0249340408642468;0.49358788821507;-0.682997623397396;0.760941776833323;1.78668573060375;-0.547767025095325;1.8840181149747;1.50536942518318;-0.102982304363356;7.89928700595139;3.59767330844973;-0.341631877657604;1.16777422837842;0.66749652880155;-0.0578320791502108;-1.02731028643987
2.22165390559297;81.5992249138735;1.9324126927526;2.09599240846986;35.0006272924152;2.0951254064247;0.412594467812193;0.769689262016149;1.08926467172775;1.62904419742379;-0.0204430001825098;2.45951138777655;0.529017274341234;2.41101801029091;-0.0664137573017656;2.86234573977593;2.02421299249248;-0.604799513263391;2.04071187294014;-0.306568231666934;0.713172581039209;2.46828284276739;0.207847612639883;2.57198973861957;2.01937824368856;0.498687029873464;2.03972986749122;2.26697986497121;0.535359970215136;1.09561858106048;1.49160863972658;1.46737707717533;1.94364362750806;-0.424685101263774;1.48886241734661;1.11485311493384;-0.259462575851308;7.48421810157475;4.27038612876416;1.74767119417342;0.949594302196306;0.775015850866445;0.0485012898457072;0.301831929348848
3.10249225280879;69.2416591161657;2.40351368465674;2.57070849206002;35.1492965357246;2.11747750090553;1.04743964289546;0.718262981975535;0.260501117680615;1.5977928873628;1.73491718536783;2.01865319834613;-0.180079015750991;1.62170203145046;1.35699927771994;-1.60906450399616;-0.388843771000633;0.157827572722286;0.491563690284827;0.738142247307305;0.909408471039848;1.36790965856207;0.149253944866393;3.38634501150706;1.40225718193963;0.301724290822352;2.12637008975521;1.02010430705939;0.266828432882582;0.573785172593519;0.25985662000031;1.37708058010991;2.58501496455102;-0.33314300431701;1.3303338115388;0.062921022497161;0.181105509772051;6.72032841255016;5.01319813631342;0.794995845532476;0.274656087529883;-0.87810943272888;0.42468443896089;-0.496304676524877
1.63852936951807;70.0539482859656;2.43918719281369;2.63362226075827;29.9778050151728;0.458220497694302;2.84622051611626;2.18730049398477;0.122435063658716;2.19030105734953;0.322921913232141;1.50358120525999;-0.332487966499285;2.47575639574577;3.63945868488662;0.489543715865905;0.0813344300004697;1.03758698089453;0.722516255272003;-1.25614378250162;0.491460981647506;1.9041396565203;0.00195761450547041;0.776675901175528;1.73640474443343;1.3680984746834;2.24158408066877;2.0844762357371;0.588249211910191;0.849496437940209;2.11402206080561;1.2792346762684;1.17524201764763;0.784546741546712;0.0653671168231824;-0.423792571951475;0.163614145799089;7.13008934517892;4.61146348807977;0.681896209294488;2.01213671637453;-0.285176487039501;-0.143925512939188;-0.381519378446906
2.92121416052334;74.4545160886153;2.87271277139753;2.99174768144729;33.1638069605429;2.78085758235776;1.44121144017571;2.53296314620365;1.31506540988533;1.37311884021881;0.724767122581968;2.54712117524136;-0.881263417917734;0.833205341786844;2.29046683950851;0.993888005517064;0.375294024012188;0.979167436976566;0.666295341043883;-0.20119555143967;-0.252947635047145;0.667211869320933;0.199843668640727;2.9080783905282;1.80690124188336;0.860442703066469;-0.317016422533415;1.47836033907296;0.509234658123385;2.15935174412593;0.620574984760351;0.380577376348621;2.5310290201146;0.465117042007308;-0.645518608499648;0.892173578328734;0.469160522567495;6.92975097505192;2.48514262370876;-0.0539047830525524;1.62788357501584;0.396908306877889;0.599064589846975;0.766849637730057
2.01514588061822;72.4410069854297;2.05063637519621;2.72156816253225;35.8279200123233;1.58472338022729;2.5414393747405;1.47574615472349;1.72025059747345;-0.538413484977972;0.0941853448970859;0.603184668260725;-0.607391585648314;0.337861193293041;1.4659265637461;1.49353861649716;1.90727347591493;0.44599248762669;1.35768210641798;0.833824647943352;1.9987352515795;1.94907313378358;0.127010939343055;1.2840738256111;1.82684655550046;1.31098646414565;1.17906116155638;2.77687019180438;1.28157455088241;0.341966205035313;2.66593583669225;1.60714063772237;0.986570214126319;-0.921956005337898;0.9634566604711;1.01615727454801;0.626167308692294;6.79967958845822;4.03579159333337;0.224005800465835;-0.0980344877130418;-0.634643637885056;0.0798933104664813;0.125167249578842
2.34300931005152;76.92585383655;2.66698074768984;2.63538155524343;28.4383127510755;0.951091498254727;0.824289369862277;1.06469975684217;1.53444041183548;2.04174481313935;1.78639189952314;1.82734150670523;0.335869844235324;3.15923189481928;0.663308365308708;0.256660891628935;0.191238376542524;0.601885256988095;0.886026628873033;1.05082164327778;1.10685991667561;0.746841579118415;0.0282227447969096;0.467090463386945;2.46420873654762;2.13465026238555;1.49519509000365;2.0212608507324;0.0616846699368655;1.28685239899027;-0.889966735028016;2.02284088345496;1.53018095855796;-1.23249220718359;3.69809821861491;0.962822735458545;0.0248081803498383;7.02112466293573;3.63575219777284;0.368787902539459;1.24113909466605;-0.341574753903442;-0.141749286559577;0.415113418951577
1.95076659226861;76.6327356190362;2.37836524501674;1.71839954941886;32.4856376975093;-0.182425282204783;3.51410119697588;1.16610522989973;2.14283006230875;1.88211396981043;0.400172717080411;2.37887454597358;0.15840390413609;2.42115968249676;1.99273845796973;0.943201339847555;0.311516197826912;-0.414332732461879;1.09063843703341;-0.0470266424514855;0.0792344797576667;2.39631240199535;0.0553783706536177;0.748889864438321;1.53489986285956;2.77452812863623;2.81382304780385;2.13054473122874;1.01072563461664;1.43754016915057;0.0672624023311293;1.55815655496809;2.42643348271521;0.175321994853473;2.06441669348719;0.454787566373046;-0.0720922658853665;7.53545377476581;4.69528909792502;0.30723447158642;0.889069200269587;1.14024999829635;0.380703519142163;-0.585874267702619
2.58031398655621;79.066522557459;3.30676694350215;2.78040744392527;29.6907723161338;1.3309916531735;1.24231232618772;2.39972508306241;0.387182245488528;3.28787715961674;0.298872225414308;1.65959911451019;0.277404373359346;1.04647316365923;0.40227041630899;2.05380296475339;2.28100986399866;0.524720252656111;-0.55765238465502;0.0105178571246859;-0.171905627241531;0.789693774787649;0.166395102111318;-0.347507019771861;2.09524991934921;1.07173694798368;2.47498045490297;1.45524303819868;0.494207733224844;0.718155418241585;-1.15875997845317;1.19281370083277;0.862570421073309;-0.346610945898546;0.0152348103993265;-0.10992415958222;0.058787044530971;7.10482701166172;4.21347656460688;0.50813018767199;0.371856506221765;-0.0723404371213888;-0.268894625736351;0.249002877684574
2.42412917297838;75.4600456736662;1.9839428799934;2.94668622753305;36.712714524936;1.41218105379921;0.999524544191734;1.9475783433528;1.46127363413703;0.646201776928719;0.921167322191905;1.4582167026369;0.0503861697860936;2.44527300597234;1.11269715385067;0.567478905454558;-0.347024216999894;0.318688337595582;-0.387383662546303;0.437651523518372;0.105072862235809;0.759751288000592;0.330935847944765;0.826489199688757;1.10966074196804;1.47087335144032;1.5337827764361;1.09871304965057;-0.181344755230722;0.460301789744266;0.614859993483529;-0.0850208676469863;1.97666395915824;0.474317816996289;0.690093139109442;1.0188424090558;0.232426442308931;6.68990955283862;3.97382682854162;-0.790376128420913;-1.6495545502883;0.162172856960603;-0.240900464867215;0.595560005842602
1.99040189583209;84.1127197059622;2.27164903592959;1.56894298179306;27.7115545617378;1.67380033216628;1.0217664604771;1.99721340857921;0.709688328202779;1.24049582570142;0.664774236960893;2.24810240818383;-0.862637405896063;2.31730879191121;0.164212801207728;1.2291148301687;-0.625667457591796;0.738840183580629;1.19020771966555;0.343532422728788;0.245052372102633;-0.953393783918315;-0.0759081040468124;1.51621119659122;2.23807849131738;0.701577487005128;1.82709861937222;2.15043985426401;0.064394322297485;1.37477964884721;0.534442063692973;2.11192277162745;1.99726106438325;-0.645085226120612;2.00987476159483;0.210842715884163;-0.411402825015803;7.92305038620056;3.92164441028102;1.51949179382296;1.14009200491407;0.455874157298596;-0.00845194290789687;0.0737388470190199
2.57554707377365;78.7473467881572;2.3980112279424;1.66578373531675;33.6304098198475;1.96822992359706;2.72558995325307;2.73497917590445;1.55056375295919;2.29819301630069;0.522621252896362;1.55699335706547;-0.485372235454989;1.45655631243529;1.14076717805688;0.481629310938557;0.0249088876353837;-0.222735432908505;1.31042022124772;1.18681444601755;-0.503126639374281;1.36216462321245;-0.228903552179429;1.82391738279009;2.02945534944607;0.78833232030931;1.35788351928083;1.47307597644774;0.346442786810923;1.42349850794009;1.79869115728883;-0.318774698758468;2.71643896354395;-0.0765518121837888;-0.043608000249048;2.54033706410821;0.281637792086785;7.24534031674982;4.02137774842562;2.24850383181855;1.59403281804125;1.71864777756344;-0.104901140271933;-0.368057612837289
2.9748676959533;74.5225506889313;2.429948666627;0.960674425930832;32.2777196841813;2.69260290227652;1.71236953434451;0.419795232667285;-0.109161390933131;0.613799908952264;0.107569146465145;1.39618502073413;0.34656915865318;2.46018901405835;1.08075312565158;0.386277212505895;0.290909684227366;0.674275880930915;1.3782587610128;0.525728183045073;0.792713544339434;2.26505317016004;0.115703784495702;2.69504692763017;1.8892167735529;2.81427039014393;2.41441440463199;1.79554269960923;-0.556967072376039;0.689676434751809;0.528945131904837;1.17900720972882;2.2069304096869;0.917338669458542;1.25197931359388;0.37231039514174;0.0236264700787588;7.44142285471639;4.13445245306015;0.630735053330536;0.414240558284115;0.0400517298815981;0.603275513039376;0.938856731645802
1.67379997121236;83.2029996958726;1.54169836576182;0.733290351712098;32.9496364297128;1.67812765478082;0.856361716547612;1.31113862388021;1.72351467444986;0.729781025094822;0.150263031538588;1.4122184012456;-0.109530082964656;1.93012997423352;2.68054251078423;1.49941950205009;-0.376159797529352;1.07509019903492;1.95308716307437;0.24958106132468;0.878730625402984;1.23596937666279;0.229493390129608;1.55599683942509;2.01429183472335;0.412074275969713;2.43007903501375;1.25422534164638;0.907282236919516;0.281691125345499;-1.91298957028092;2.86718235899603;1.25766645481019;0.466113432990901;0.708572737126865;0.675876368917087;0.213126256734505;7.02318820226729;2.63195812653576;0.0866937179096976;-0.466788875941784;0.916272306660806;0.103194315457894;-0.0699951619108516
2.88374287270567;75.1031215429923;2.00716088825334;2.79657382712475;35.1991298151157;1.27158904556397;0.585262183002435;0.876336771001024;2.83121626144677;0.967583906592542;1.18726367722465;2.12140945200009;-0.603621152673786;1.7275906000277;2.16650506491557;-0.00980692295132837;0.485714325809111;0.71294153210847;1.57865049925817;0.317637523794944;-0.639509176175757;1.33586595814381;-0.187442798086286;1.95475385827136;1.70826485632817;1.93067437625103;0.561523381452437;1.00815382394828;0.314410910666533;0.421129337725519;-0.58224454376519;0.467058102726883;1.48250963271867;0.064629993594689;0.365851225660898;0.638506300223338;-0.0293060053672387;6.84942352474545;4.5761765567026;0.440850950808379;2.42007516438416;-0.64251934579144;-0.072690518914686;0.682893651080192
2.32497428544901;75.9073548781208;2.78165842657217;2.38940929173656;32.9681724339994;0.397143588564694;2.91760138215186;0.785772887066864;2.76664951037732;0.624843056884744;0.815871178303506;1.35515409614101;0.607082880983794;0.699889023058105;1.07360071588663;1.89806682005943;0.59468276694196;1.33613181867475;1.25742885891598;1.11030393521848;0.546998798565392;1.72749923692668;0.30839723039533;2.41557536339743;2.47911278540507;-0.259534342122751;2.00146029614326;2.4892027266345;0.543070977959725;1.94536668327105;2.2049572067597;1.95938954972022;1.94118450378556;0.964057796441619;0.919097437138917;1.16822905973431;0.17630343148082;6.6672425662543;4.97859112378243;0.146297382049675;0.204159945925851;0.0704709565631037;0.0587925272413333;-0.320706614047001
2.37717383471039;81.0706171179316;2.36850660624224;1.89824109360353;32.6261113697079;2.14720974924917;1.48995257368114;1.77511454316804;1.94158045274999;1.76126998984325;1.01005269782065;1.5464776346069;1.03864834236836;1.5236347169388;1.35362937183631;0.960920690313293;0.278923116080562;0.161657832687543;1.80387923383664;1.08043374948546;1.05294624718631;0.371531110581098;-0.0567561142246713;1.28816497341406;1.92934951065089;2.7178627447719;2.13925848031313;2.16219449568281;0.994913277372029;1.10110964199919;1.48788661969363;2.37007578200781;1.68353529461489;0.312165376695517;0.64328474028072;0.155791640844793;0.0691828213652837;7.27579898606667;4.79002044707241;-0.680380262973383;0.045069042297651;0.80505093557005;-0.00850449878109706;0.527830145656118
2.13358693230153;81.833193520588;1.47292044677124;3.28780196697737;35.1642327165513;1.02269507549561;1.76484075419177;1.60417765426456;0.497955266972696;2.48075377144204;0.624214871458827;2.46464969860258;0.500594029973863;0.625275011003453;1.14717849146956;0.864433847084929;-1.26701323896821;-0.260559319214632;2.0426500656607;0.92159492697473;0.72625060372627;1.28590077745446;-0.0111326138693892;0.326128617893253;1.74482923483089;1.89227796804949;0.884115737785705;3.12441577136699;1.01574117728445;0.719380735375159;1.13878550267642;1.78167979641292;1.910030478534;0.0942800850760235;1.72573772762468;0.0880037444564992;-0.221212669294355;7.13204875591754;3.00502751148968;-0.430360904343165;-0.390033631794795;-0.0378292058172772;-0.284951260665598;-0.760845371613188
2.62550067721448;80.7503074212033;2.43678571150752;2.35728232663384;30.87636541312;1.29575262818663;3.09354111970659;1.26793017238956;1.45001045516255;1.80073364742664;0.633679201217044;1.52717967099625;-0.00365084214997319;1.12239624160643;1.88129443939575;1.91309358877833;1.28948018206815;-0.40925198727268;2.95215083659236;0.880928982459142;0.058923909725164;1.48697146676092;0.271073288064031;1.44289812247055;1.75885144298261;1.27552788307238;2.16468314300477;2.65891748581488;0.228570730644355;0.240119465446946;1.18763806414135;1.06060255078164;1.94168872229982;1.52266916712787;2.40694552003958;1.98118096583709;0.330143181448926;6.90170146124332;3.43614870975766;-0.139345607641887;0.723513886520244;0.572909936954343;0.204582337839428;0.270597778785176
2.28294771591266;79.2023178418616;2.25761405471658;0.688067395212971;28.5364966419973;1.48886742147311;1.22134597729794;1.49238174728005;-1.11915679260441;3.30570485868602;0.359227944825086;2.63093807510865;0.797010927969079;2.14763048908415;2.62199998645788;1.13394939951027;-0.473922892829557;0.715664907571474;2.46087579167313;2.00256306562108;0.0330649656569582;1.48326178890667;0.0106504656659114;1.8132178983897;0.584481318119669;0.0715467715100695;1.21987238766246;0.986132552550206;-0.352136694546774;0.553750359161048;1.10331315356732;1.26062130606744;1.0159950971127;0.0627512495820842;3.47058974060395;1.03831944175175;-0.0200776653655133;7.59706419912467;4.0835522215296;-0.47302979967464;0.379544030828878;-0.971586401357719;-0.398232164663558;0.225602812649543
2.81569986594212;84.1553278308351;2.57087971684308;4.79329964737922;32.2715956967842;1.74839618782222;1.07579093378538;1.05956354284459;0.13055560504166;1.67764793460703;1.49685401708882;2.28425917612136;1.43019176167957;2.81836828534823;0.0254141040031548;0.291776639826422;1.07607877098651;0.428068511780362;-0.328821646222649;0.810909591470516;-0.148556948733776;1.56793057447248;0.0471413984667216;1.47069957933358;0.419228879066221;1.79788853413168;1.99806670872557;1.89063354342785;0.200618058072995;1.83655777179137;0.305180108041377;-0.424847994677526;1.77203654713311;1.43458080187347;1.27152863817519;0.686901704308944;-0.0578895676321921;7.43145447259775;2.82131365170514;0.60690198868012;0.815784715046705;-0.83861749852379;-0.0573505667180632;-0.0497334952495972
2.96460619107125;72.9694035244682;2.78713111489557;1.96363074531732;32.9305025686501;1.52198440327699;1.4904116059438;1.54143878147516;1.42938833964097;1.62623960853778;-0.632756625138252;1.33447098128137;0.499317869618768;1.16695867909314;1.62384402554196;1.09687185305714;0.911591624054277;-0.693542538641113;1.78172676645389;0.916205771739096;-0.104186076293655;0.170064195726903;0.350386603745844;1.14285823828313;1.54313659142719;3.4250813397652;2.10814160495455;2.45118676186475;0.290012828151117;1.62687266278371;-0.391295240430395;1.79860024655984;0.735066404723041;0.3525823566287;1.16295466754802;2.17911150083718;0.0630710495607757;6.26759341529258;4.16609508634467;-0.355141035004169;0.64372148916169;-0.0856103806023664;0.411519616377896;0.596521932663749
2.70303471839425;74.0031741634085;1.68863724604151;1.92540061249601;30.8231411674929;0.153300055065332;1.51880541395515;0.977172790234624;1.10781581707759;1.50032652846975;0.743318561273861;2.2399676923097;0.0346061683600872;1.85087582121383;1.4526489983182;-0.955816177666291;-0.0128517921534607;-0.207992175611971;2.10095373098539;-0.1419403304162;0.136550968672676;0.542928608924413;0.114409188544005;1.5827831610522;2.21794629420322;1.67205348527807;0.916832653917609;2.8950582133163;1.30164338158991;1.25593526052855;0.0916527676212634;1.37817988568348;1.50039755659329;0.704423780072959;0.419960230475554;0.773645870848723;-0.00527263972775807;6.87238913594983;5.69373677731858;0.132333306367217;-0.341868426750215;1.35632062450981;0.0608381249844708;-0.743879099498248
2.70571947385665;76.1053323793488;2.08932955895796;2.46037858443237;29.8706961205296;2.2203450559665;1.96721022011267;1.28960522829325;0.276121554882616;1.33133668244935;1.33719285644208;1.17136702514636;-0.0346207904909419;0.752044538272646;3.59148731265701;1.76113197475839;-0.102603945763836;-1.17821436319614;1.74968872718839;1.61845576040386;0.763225659114988;0.155085335032967;-0.0813709308053985;2.08970130027432;1.52234666674546;1.31809934279054;1.26045641445845;2.94448593839761;-0.188670294589925;0.848111446442854;2.2954166430935;0.617353093655352;0.716384814943428;0.0790243344844529;0.993035641629541;2.21378929065621;0.034319167920343;8.39654655625728;4.12275881081048;0.742999395546393;1.3193603120147;-0.705418259192951;0.208886760208761;-0.000371866559727208
2.96337083517786;73.0260067274568;3.49752738425861;2.65944460453899;33.2845242825694;0.975741348858315;2.50527321179395;1.11094454051439;2.27351979550163;1.13616345809202;-0.169435265685241;3.49334734117513;0.29838565126981;1.08335622561087;2.12922331244402;0.498309007529084;0.103703721598805;1.77817660592828;1.17146884553759;-0.746494708045657;-0.0556342673967238;-0.669127730517542;0.309503290039123;0.0260491159832309;1.94069430114913;2.64071932897439;0.98763201388704;1.24486428076485;0.743684410136747;1.95046942263154;-0.0822638404408638;0.802419567006483;2.29971114146411;-0.108458214177535;1.07988167910504;1.80322134368388;0.211347434799187;7.66839838834542;3.38330784437186;1.21851491134322;0.391865760653577;0.526496365606854;0.209031866767185;-0.455650174828987
3.04036018773858;75.7525836268198;2.59791654644478;2.63301614950203;28.510242536988;1.6580003333676;3.10960639985105;2.73051046366837;2.47185130338567;0.955112228282171;0.184994144173118;2.19770443553485;0.378702020195696;2.01112007513784;1.67755482290942;1.51758751074117;0.775725867154792;1.34443688002563;0.860608523813189;-0.0943417972319437;-0.847416742700833;0.84402206379323;-0.00318870285886638;-0.111354998407547;1.95001762048755;0.552501942337081;1.59361324265745;2.65733439773699;1.02068543065391;-0.838462683427481;-0.301517156530159;1.55804251058064;1.65532771573521;1.55818378910856;0.249158764609867;3.81580445860962;0.160239713765994;7.31472780490364;4.75287389901646;0.72866462034477;2.3581640601031;0.306863023485826;0.199270254465185;0.338971697814701
2.67668935728685;69.4719666227535;2.59064396754978;1.4426211546083;26.1351077897244;0.995078664968947;0.742120697263279;2.46459856755994;-1.66023940468912;1.8722491131741;-0.246731637127456;1.58127725515036;0.35088648677481;0.580814409829152;2.13090010772658;0.158468215204329;1.04246516744695;1.48796179532793;0.40597261277609;1.39258165399839;0.42746196970614;-1.04869388982232;0.458636874446488;1.46459430639812;1.47842258613012;2.02775789723427;1.60459129136505;2.34300971878569;0.964817986229858;0.5192077068046;1.57111878233653;0.84750996730184;2.76557214968923;0.00554747608622608;2.17782755561977;0.548219558159148;-0.395074783612392;7.43806623356831;5.40469336845736;0.789121223650663;-0.483403928497925;0.226170221367898;-0.0802935980049373;0.192550828426856
3.24380681876401;78.7211375936485;2.74567262505315;2.88951520166257;36.9548458403498;2.80522868445048;1.02221017645823;0.689927257878079;-1.1557529232105;1.26039977619672;0.693922849717961;1.61215064784145;-0.261344970299422;1.50637173492894;0.154486419727939;1.66348247832241;-0.262850569119106;0.100207167446651;1.96377128506418;0.22873664632127;-0.144378930227999;1.680387657363;0.271021785393125;2.37824394000766;1.39240536277996;2.24254163163791;1.91688694528223;1.0684444594413;0.568177590809445;0.510554620863829;0.190035313500767;0.640003512523212;0.377470224389412;-0.583921605142211;2.34322900372644;0.288274043055811;0.0606712734870026;7.32567256533982;4.791333795186;-1.27142085000355;1.81416851421539;-1.43714700677204;0.24987953545642;0.364616555025027
2.5966817538106;83.728172363274;3.1078548337824;3.50052389855719;31.5204207665957;1.92125947997921;2.46100490407942;1.87028212011079;0.632164492471673;1.2232202734457;0.427001194445719;2.20330229786714;0.821839869872652;1.97887370242029;1.0862307643695;2.56302264442413;0.490057842642205;0.249838817784674;0.702252632312795;-0.529304246597438;1.26532751052021;1.98907802781962;-0.0169045104270676;-0.0617127918592806;1.5345088955059;2.57624451709949;2.68980527354025;0.851216781355876;0.385375911764659;2.23063477678144;3.09900809230359;3.102974199309;1.7816276490307;-0.967069908515789;2.10588200263986;0.376575085146335;-0.118425084909386;8.23276302793037;2.89862269118058;0.178844642165234;0.74824609357047;0.196099626315854;-0.483927148501926;-0.253182454487596
2.16407472852249;75.0482224664553;2.42788928292842;2.79130733275178;33.7127404506214;0.787613505975868;0.794534156744717;1.75370309776966;-0.0244149660636948;-0.0959207483001165;1.39424836634774;1.29967202885113;0.643824657080232;2.49089046431885;1.86956172227355;1.8290328719567;-0.321971524516108;1.36074515656619;1.12791425473703;0.962754353364804;0.862147229409587;0.661544453614199;0.299666887795337;0.488862364091779;2.0575709152945;1.43953796952655;2.26747913119981;1.32658658575457;-0.116953925534883;2.6528959118145;1.28908109710912;1.26624754397313;1.3755317564387;0.1285740243096;2.03597158109933;-0.0358025411666915;0.268443771843684;7.46451432596876;2.89377095820506;1.11356954849769;0.622708662335448;-0.175251201452908;0.639046108229215;0.958365923020411
2.61586156543491;76.6250468894443;1.99314855581989;3.37111113177687;31.906660021523;1.94075038252005;0.2233140966897;0.55682189034052;1.79586488181657;1.16341871457277;2.32089229295219;2.22928931931668;0.782706376652153;2.43246468166153;2.43948008219425;2.51888031296885;0.984242817991335;0.520619909658523;0.475251411711716;0.240093060967192;-0.0200480879525207;3.02280756642415;-0.352598588792315;2.27358181644696;2.07402502627905;2.98474057338726;1.69510693806843;0.97774395321613;0.263531624733893;0.160031991706709;0.979835200267852;2.4717484559702;1.93922437627207;0.907833800020433;1.5023986144225;0.729099173063737;-0.143347400833487;7.81527983492476;3.82116968543615;-0.0713664745047982;0.771461926424692;-0.966369462558399;0.397872495642793;0.852855316271872
2.37951124686742;83.1716956606071;2.32356355112618;2.28888620895603;30.5814457360525;1.27086913515126;1.3059379616938;1.18611179915438;1.07212217958253;2.67577583964269;1.28637651047866;1.86807583472923;0.748663800931157;1.47219302295554;0.870256468281305;1.12023170645331;-0.670472555516068;-0.957133011787044;1.15757506754369;-0.210686323895078;-0.0723805398467939;1.19589142449964;-0.0663193468109985;1.88389526107849;0.507885580634966;1.93366775609529;1.09833330058387;0.499562883733369;-1.25142213152379;3.03027128386853;-0.0349869834765405;0.493192348748839;1.20630577419164;1.12605095632222;0.167937441526506;1.63413715053807;-0.0876366663609777;7.5672270613145;3.55216461121492;0.297152421874222;-0.830358048982684;-0.373821407801628;-0.0134438395700827;-0.128310394199625
3.13463138391403;74.6151577374741;2.35481362905177;3.01088842116711;27.5884239673757;2.78153817041324;1.43254820139107;1.62770020406886;1.66885399808418;1.08077685436444;0.233891670302821;2.25164208127901;0.80974290527767;1.96460566701851;0.0586390170715123;-0.0141824535451208;1.13468518881998;-0.176142307916084;2.49734303757132;-0.485003585844997;0.740653654207816;0.521664326068566;-0.199761935139645;2.15545020591047;1.79109954541731;1.5215387837384;1.03177881919262;2.21208197839464;1.63843449407777;1.5281658580403;1.30269717390568;1.42354239343792;1.13362822501881;-0.0977272378727913;0.569718929816551;1.71113629110287;0.344255139806807;7.99267073483223;4.17662236963681;-0.233414637899774;0.963687617937606;-0.320894568902807;0.103960672981809;-0.172087000534924
