1.885830662294484261e-01;4.988152070881487488e-01;-5.998276170845417976e-01;-4.441331002135385786e-01;5.509166690479714301e-01;-4.648228184464561208e-01;8.203268909654833907e-01;-1.133137778181733779e+00;1.312340562187344073e+00;3.161945285895856328e-01;1.541637431580339945e-01;-1.281273811230336124e+00;6.311810545303083719e-01;-1.561782891084338432e-01;-1.030428035638828455e+00;6.287414659087827706e-01;7.209527723690670187e-03;1.060064788352555132e+00;1.514054134891470171e-01;1.486012928907158415e+00;-3.267358809262815300e-01;-2.891761002039400230e-01;-1.589360104803051454e+00;-1.689143991962065661e+00;-1.526736859550681835e+00;-6.641371551911734450e-01;9.947882915611045984e-01;1.192232309560070425e+00;-1.236820411855227952e+00;-1.324169984372666475e-01;-1.603994266092488297e-01;-1.801679371258876339e-01;-1.005612627524119951e+00;-9.646087571950337503e-02;-2.141630293430601961e-02;-2.241658516023637693e-01;-3.594908197456085641e-02;1.059060173491216617e+00;-3.427838564754098760e-01;3.360513876735059524e-01;1.495331123107817461e+00;-1.202925599392709488e+00;3.494772709569055613e-01;8.489412699661716966e-01;-3.572010278724811055e-02;1.155588992542496252e+00
-1.496935411498813595e+00;1.002623025226372144e+00;-1.127286873819801194e+00;3.627552487889909583e-01;7.695208047426643772e-01;-1.503772078812022350e+00;1.352681535999825435e+00;-7.853362673652658499e-01;-7.348538435749285558e-01;-1.007870553750331438e-01;7.626394531804542298e-01;3.311974364642519264e-01;4.923697724580338164e-01;-1.167043781969856031e+00;6.636569779959532456e-01;7.186784468927733815e-01;1.053861596055880590e+00;6.249778631400100259e-01;1.740036641781102789e-01;-1.140888740562084447e+00;-5.584005042882278502e-01;-1.627445398978818902e+00;1.341281512694693534e+00;7.847780336674583523e-01;1.398346644519202098e+00;-2.365528139759663362e-01;4.481164902391250315e-01;1.154830825103283776e-01;4.919422013919428349e-01;-6.551444289782011599e-02;-6.592938507599924725e-01;4.444258564331811101e-01;1.053956821776202535e+00;-5.296912264321715913e-01;6.175636405358529979e-01;-1.431514325308473001e+00;8.200623942626142915e-01;1.447981446753645596e+00;2.207857580667875463e-01;-5.281962147103785865e-01;-1.103436827420831490e+00;2.602449735559430044e-01;1.168946227132267035e+00;-6.435944071623852514e-01;1.022554063555662252e+00;-8.599148822154634164e-01
9.434458438495083588e-01;-1.061516104148962469e+00;7.528462981037324919e-01;9.371409340325038695e-01;-8.647438868630734632e-01;1.381733912272480325e+00;-9.163521884744696422e-01;1.172370226555196071e+00;1.519660822997004890e-01;-1.259583168387420127e+00;-1.047977666004805464e+00;6.210339056504909916e-01;-1.308289595435393693e+00;5.534131621878651819e-01;1.433118078788459426e+00;-2.899262799759545484e-01;-9.621672388593323078e-01;-1.070463678373487992e+00;9.086612376021311333e-01;4.527414555719326272e-01;2.692075990322903012e-01;1.070035302447326586e+00;-2.157854578003027823e-01;1.900873046370856745e-01;6.333572239281141936e-02;5.357583902651886776e-01;-1.500433277846076718e+00;1.567616079305162113e+00;-3.618011983707455914e-01;-9.815154175003973913e-01;-9.178622371833620175e-01;4.645022181348557738e-02;5.019431922805073221e-01;-2.609489314086709810e-01;-7.662732121931660201e-01;-4.156112710840197400e-01;-1.148895967897821002e+00;-1.057840055321575434e+00;6.064887594163177464e-01;2.370698519845718458e-02;6.268671528401615900e-01;1.443773580349705599e+00;-1.011766530713417600e+00;-4.339869539860394809e-01;-9.972243399727015456e-01;7.735456163242534489e-01
-4.863119245768030008e-01;1.296537535842190225e+00;6.221549018519059171e-01;5.604906757989651656e-01;4.037497878761714398e-02;-9.655039911122961227e-01;-1.071472175248698866e+00;-5.320686551964975974e-01;5.332785215233605269e-01;7.638723901969047825e-01;-1.241218642301344932e+00;-1.851222669096735940e+00;-4.195509706893364443e-01;-1.452727826088972218e+00;-3.375005918709493291e-01;1.642041692832434618e+00;-8.245526249469320446e-01;-6.613438010695621427e-01;3.377580727693666462e-01;7.531194942003517356e-01;-1.163469127100684286e+00;-3.935640846079131450e-01;-3.466142848133392240e-01;-8.762992245952256898e-01;-3.292715118250363893e-01;-9.338627904865338669e-01;-8.186414128341304997e-01;-1.277299917524647999e+00;-3.905099986924615713e-02;1.033745983734578822e+00;4.386964314687626793e-02;2.230268407546889264e+00;2.865835402069208282e+00;6.575311342965113326e-01;2.919174979123930758e-01;-1.843816685014845858e+00;-7.086927507339766397e-01;1.162662274860618350e+00;-4.841951964817162724e-01;-2.603814597586175505e+00;8.322791282431251103e-01;-1.443280349611247182e+00;8.397184002499321620e-01;-2.658649821398120672e+00;-8.011161515972228253e-01;-1.588135125307459816e+00
-4.192332701137967965e-01;3.374119115691270321e-01;-1.242611670028279880e+00;-2.461039253434704310e+00;1.113907781933974883e+00;-7.396897966962113768e-01;1.427482383722668891e+00;7.996329439515068582e-01;5.352629899335994423e-01;1.003321739634063237e+00;2.332605301123197528e+00;2.076645474224196875e+00;1.544302595240729437e+00;1.569501410451070722e+00;5.539274109225045262e-01;-8.845883975105506281e-01;2.120972911100647007e+00;1.145436129346997678e+00;1.331044883872673834e+00;-8.665923397553072782e-03;1.877807174097548604e+00;-3.576613288724729278e-01;2.086671328841409045e-01;2.929204591576516359e-01;6.943545604363483559e-01;1.807574250545094019e+00;1.166154143762594630e+00;8.397621076338410706e-01;-1.492631658150439800e-01;-9.967404958031165219e-01;2.715929806776543401e-02;-2.240036974062275643e+00;-1.114807361887407700e+00;-1.228802220677454926e+00;1.239897827481285075e+00;8.446840469789955730e-01;2.567255913457251459e+00;8.950907912317785931e-01;1.014395970240060674e+00;1.572103456432237367e+00;4.734230238657552436e-02;5.133821597041300366e-01;2.579230555670095626e-01;3.031947003800853579e+00;1.881094125980783405e+00;6.687647033869605906e-01
-6.073560232652148727e-01;5.900686138065868169e-01;-4.806021601978076041e-01;1.379419548231376025e+00;9.528379509750508625e-01;-7.688081894883735945e-02;1.537743443113996633e-02;3.128641754356030757e-01;2.692340585818956189e+00;-5.203003042227551805e-02;5.955308018832371486e-01;-4.417128510213252368e-01;6.389992658406929982e-01;2.840488171289699548e-01;5.881940345728187136e-01;-1.714546566219902202e-01;7.802394460100092743e-01;3.612655892788043110e-01;5.280607546493396032e-02;8.172377208815680971e-01;-4.886514253306741828e-01;-6.709795586025105729e-01;-3.850667945980730256e-01;-3.267022942616271131e-01;-8.177873074797957775e-01;3.971085426242881855e-01;4.807138660618376913e-01;3.187459967707463593e-02;-3.476573600959322746e-02;-4.317594686325085807e-01;-5.911437156713192920e-01;3.698534509509124324e-01;4.906032291055323902e-01;-5.293190376677797682e-01;9.950099768103813636e-02;-3.784702260427355580e-02;6.495859027336319258e-01;-3.713920345112509680e-01;6.258497947440558873e-01;4.807602879470616597e-01;1.145012906235282291e+00;1.919569289430586911e+00;7.079748970454079471e-01;1.337702825759060632e-01;4.594250516243211790e-01;2.254424809285619169e+00
-9.939508200640809199e-02;-7.376414391811676463e-01;-1.463174442711508705e-01;-6.264194171989043713e-01;-1.982091940620118176e-01;-2.194754198620731511e+00;8.729826880500200781e-02;3.369558078833571613e-01;-3.325369365519626474e-01;-1.108047853016513651e+00;3.300395193283441331e-01;2.089056996285466594e-01;-3.698494539706330131e-01;-9.069242098234543414e-01;-1.013566950017736890e+00;-5.233244753749970446e-01;-3.438405036977935092e-01;-2.516472632263124232e-01;1.061896375966014272e+00;4.275958630615139811e-02;-1.444239745829888788e+00;1.883127486049615551e-02;2.961887350211770201e-02;5.431820046453587209e-02;3.080005079119736422e-01;1.230083763261652807e+00;-3.561902998411850541e-01;4.304710505545416427e-02;-2.749209623530750601e-01;-9.856219015858674881e-01;-1.251697656335735598e+00;-5.954239864890007450e-01;-5.741470564800964516e-01;-7.195166578302013283e-02;-5.561511859510110956e-01;-8.077454940173725007e-01;1.492592480625052065e-01;-7.365658408078067376e-01;9.333166749397779904e-01;-2.125315548195387538e-03;-6.236464107770538917e-02;-2.133029018933971788e+00;-6.144421944129681012e-01;5.584916041483881655e-01;7.396442021985626114e-02;-3.207466457511598534e-01
9.840210060666224612e-01;-9.489028031353652359e-01;1.203997528671363559e+00;-9.176488220120267991e-01;-1.085961415480227288e+00;1.492861566847960120e+00;-7.910901878614103877e-01;1.217337563699562863e-01;-7.572309018058345220e-01;-5.374579113685423737e-01;-5.897567744330100004e-01;1.080952136746440861e-01;-7.815932201642716848e-01;-1.593461157810662776e-01;-2.171539456044174532e+00;-4.615716429664235565e-01;-5.693495519060627341e-01;-2.371947181631441637e-01;-2.263371252591277916e+00;-1.526234550117394895e-01;4.970816299099932167e-01;8.975967464635209447e-01;-1.986653306837977917e+00;-2.170840925149080558e+00;-1.479344025826621278e+00;-5.158981882799601459e-01;-4.011651432958709962e-01;-2.453177314057125857e-01;-2.206278551200906879e+00;-6.171144607183305375e-01;-5.036971746970686503e-01;-7.220050197622086552e-01;-2.186283405281268244e-01;9.433849932888475065e-01;-8.436144279179869088e-02;3.401769188955355294e-01;-8.598968381323279786e-01;-1.228460921706608033e+00;1.836403817258186744e-01;1.430507713574123430e-01;-6.514315693881387315e-01;-1.586544127566983375e+00;-1.266172553610560136e+00;-2.477406352424933456e-01;-9.251660099530132353e-01;-3.747520362541252315e-01
-1.605779673242132333e+00;9.476951563354081287e-01;-6.398386949656703626e-01;8.804852169396610861e-01;4.774484774909711349e-01;4.239577732613743488e-01;4.820444034580491643e-01;-5.235721556320001024e-01;2.365520084559538994e+00;1.120364123557009498e-02;4.752846676442636920e-01;-8.215770919397005767e-02;5.122401907527661669e-01;-2.156886589711091706e-01;-7.579486182192926025e-01;1.140463650803481555e+00;9.022184765273508211e-02;3.400657887719676364e-01;-4.194670558955450046e-01;1.981546079373981417e+00;-2.174722257629765065e-01;-1.614301153116372678e+00;1.125786727472364968e+00;9.787686199362145567e-01;7.471291267480965059e-01;-6.914906217900382845e-01;7.841987805128677325e-01;-2.322635297191832926e-01;-4.044067272558783954e-01;5.660754327645916018e-01;2.173069877829553187e-01;7.097539530601207902e-01;5.330602353179130226e-01;3.755977808270927754e-01;-6.907775315226463153e-01;2.987114673796366637e-01;1.754801553625616184e-01;6.600319848741090789e-01;-6.200684835580556609e-01;4.107817888664633266e-01;2.050291289653369819e+00;-1.082795988663759201e-01;1.079826316372988648e+00;-2.800780778811272076e-01;4.279117887418723565e-01;1.612365373345159059e+00
-5.606225087539922214e-01;4.471760826813256928e-01;-8.139086762191641636e-03;1.089376124789285027e+00;-3.602371217534770624e-03;2.976267390105220567e-01;-7.238400407632693545e-01;1.965484083070135057e-01;9.345378182187907834e-01;3.106468559198932167e-01;-1.242675856236872489e+00;-1.083061215991854676e+00;-8.624367662160399295e-01;-1.397450629505935238e+00;2.068629355623683996e-01;-2.192104638934022631e-01;-7.242338547397718651e-01;-2.321473048004240314e-01;-7.275235738003412722e-01;1.884054412569806880e+00;-1.765995546889749912e+00;-4.725450115873426893e-01;-5.966077952994264244e-01;-1.094059444289767313e+00;1.617387140772943155e-01;-1.279219060065042823e+00;-6.619486509157661569e-01;-9.086201993521304532e-01;-1.549645639468224534e+00;1.049655844243868597e+00;1.260921878642180305e+00;1.331153017553548867e+00;1.373138890188209338e+00;-2.828016635875607032e-01;1.002090709588338902e+00;-1.729271062139136950e+00;-7.992454244195865698e-01;-2.191012835607895892e-01;-1.465542041159603182e+00;-2.054610303976118768e+00;1.622261496907455580e+00;1.145451844619915338e+00;5.916333850430902652e-01;-9.719316805528719350e-01;-6.958289201363820897e-01;3.283534002487726866e-01
1.245607863941977200e+00;-1.178641531021282773e+00;8.822743384553209944e-01;-1.264502869707932575e+00;-7.935788745770061547e-01;9.832870430423287234e-01;-1.021694796726659193e+00;1.037884245144219536e-02;-3.764231925204768459e-01;-1.522552124842912580e+00;-6.011652824714144305e-01;-6.290555642966680905e-01;-2.623581041428239558e-01;1.078662926193772353e+00;-1.648215914545747340e+00;-5.981651823419799063e-01;-1.145274190559617100e+00;-2.048382794420085806e-01;-5.127629886708627849e-01;-6.031942079023034919e-01;5.241257725871304451e-01;1.240409233082392815e+00;-1.038825068663152384e+00;-5.511063098287131146e-01;-1.000801578833097727e+00;4.500612792701312315e-01;3.413062800114217976e-02;6.525064077990813116e-01;1.158583538957325576e+00;-7.036344553352933406e-01;-6.469697839488037783e-01;-2.894059463343097161e-01;-6.346081551081292904e-01;1.633058343537860502e+00;-1.385822388653824344e+00;1.609544087037283688e+00;-9.016669181259311383e-01;-1.609669135170967325e+00;1.463980252435086671e+00;1.354918381933199134e+00;-3.068230635453531030e-01;-1.155315329822651726e+00;-1.064701580447528162e+00;5.846193814648711906e-02;-9.732718566568316909e-01;8.933266005099102514e-02
-3.292923343539728709e-01;5.538400431604278973e-01;-3.648906373032273498e-01;-6.865605192088025666e-01;7.807563955727020444e-01;-5.989127368880051705e-01;8.955424144495960359e-01;-3.223965122826905755e-02;-2.077185328945240772e-01;-6.388691954377637705e-01;6.901269133978208403e-01;5.542727750158995548e-01;8.296596313177393434e-01;1.030099700554238051e+00;-1.012562031569681054e+00;-6.838228886963055864e-01;1.453980017748513376e+00;7.849640193318031534e-01;1.254982083574078360e-02;1.008314353876866715e-01;7.205315970704762041e-01;1.795088055902723315e-02;-1.327470618445399264e+00;-1.065007483238045838e+00;-1.857777948337252072e+00;6.321182603733843663e-01;9.194122518103737818e-01;8.208898249996313679e-01;-2.783453882007504987e-01;-3.070664436592477342e-01;-7.288545860982974522e-01;-3.306231740518789097e-01;-2.388973643800409996e-01;-3.886596858421556000e-01;-1.060345619539719397e+00;1.187170939488433330e+00;6.996259053171749454e-01;-5.448329560263217575e-01;2.089104384333809183e-01;1.586570595595397704e+00;2.515074817557010900e-01;-7.964024213945226638e-01;2.904379713597054491e-01;-6.502415742864529058e-01;9.363463907008502396e-01;-1.696467192328062534e+00
1.699774874166754268e-01;-7.435604594295657233e-01;-3.350708417501898073e-01;-2.185273439118836369e-01;-3.772857466485032840e-01;-4.358330539124465330e-01;6.589361289973757474e-01;1.625279495723058520e+00;2.114895787051870979e+00;1.496743345754765198e+00;2.829507680072268841e-02;7.262672632644332493e-01;3.235576104988407975e-01;-8.949984218714445161e-01;1.795940077424646120e+00;-1.375147876664542856e+00;2.747286940176435488e-01;2.775835885554248095e-01;8.110066775429380925e-01;8.631580820311678393e-01;-8.136023888449702701e-01;-2.692236665912133842e-01;1.766837341080596535e-01;9.880584010056277233e-02;-6.021288046429880136e-01;-1.391110588890320132e+00;3.632833157650723621e-02;-1.756280028566320928e+00;5.568651725125988161e-01;1.217214563874633004e+00;9.776930065017147564e-01;-3.073327367145534672e-01;-5.401283761860951049e-01;-2.123640118139982491e-01;1.124566372864558739e+00;-1.887927385852859574e+00;-1.330478876330126459e-01;1.246374524092248581e+00;-1.093829429457291447e+00;-6.402913761986397390e-01;1.202338726737457009e+00;1.512728701546082410e+00;-5.012634327808692669e-01;2.533350310810056905e-01;1.257497710368384314e-01;-2.089401774553008906e+00
-1.309877894489589023e+00;1.824441633098931481e+00;-1.544523877551960966e+00;-2.239048299034380185e-01;1.567892794951749380e+00;2.255474438481125110e-01;1.483777766032839063e+00;-1.421424778634354860e-02;7.011982367686058204e-01;-5.226043643532753968e-01;1.303007414715251500e+00;-8.368600717120113774e-01;1.271859720392966686e+00;-4.807928829268319215e-01;3.034135332163321874e-01;8.470766501244318958e-01;1.255014310888124873e+00;9.650756004882191652e-01;1.154045819110820048e+00;-4.325388146436064396e-01;-2.605612069249631513e-01;-1.448030582011983647e+00;-4.922588921908921389e-01;-7.140275985534660919e-01;-7.159258288689567262e-01;-1.254647538038932586e+00;9.186477429993157306e-01;1.003508350657202453e+00;8.232854010690501823e-02;-3.045012104096624928e-01;-1.396448605958206524e-01;1.047275834470085876e+00;1.222830558606470941e+00;-4.749264345004097221e-01;-6.284974504342634161e-01;-3.348163681076049558e-01;8.824012394544562543e-01;-1.640330600607668776e+00;-5.650721545415752223e-01;-6.193918600263946805e-01;-1.991702656925000217e-02;4.986867986585684087e-01;1.811697819673774079e+00;-1.388172927672530310e+00;1.369877844370151587e+00;-1.169665504442200632e+00
2.220519628287755953e+00;-8.520846210709954738e-01;1.061367342733882779e+00;-1.044833902704184414e+00;7.679298078994317711e-02;-6.538637718820397016e-01;-7.798859769722528146e-01;-2.575963720855964367e-01;2.723086700659547610e+00;-2.258795436071016294e+00;-4.123818394176931301e-01;8.753950707781255058e-01;-8.580788445929882213e-01;7.828431998217659782e-01;-8.839497698952856197e-01;-2.037123949245217336e+00;-8.982446899516074446e-01;-7.625994779611868779e-01;-1.296436417537837782e+00;1.868829697854176519e+00;9.536209187970560164e-01;2.358541028470122480e+00;-4.088171063288509322e-01;5.942030120328974929e-01;-1.311213152032765450e+00;2.609471619754640592e+00;-1.117523271311051225e+00;2.240209070026249805e+00;1.473168406695651855e-01;-2.307707161175416299e+00;-2.233585172676975095e+00;-1.695944515935133179e+00;-1.438883576334226255e+00;-3.514142595917413292e-01;-2.572056107110714862e+00;1.388274166949373001e+00;-5.678286928876220552e-01;-1.563046700326743865e+00;2.527289174338211986e+00;1.398217604172363071e+00;1.928763687643355151e+00;-1.314377047009979982e-01;-1.136009206991210663e+00;2.084233755936740540e+00;-9.521013042122006276e-01;-1.932348507211141486e+00
2.027573742435906379e-01;3.225602745779061475e-01;-2.405901202898922397e-01;7.539428878767243658e-01;1.041360577439198326e-01;-6.300322415954638933e-01;5.762943695576483449e-01;-1.307703772867286451e+00;1.447760367661445446e+00;-4.493055886754313000e-01;1.103501663789641984e+00;-7.969372251403212815e-01;5.762376870846664945e-01;-4.211640229386058309e-01;-9.275397100424159769e-01;7.043534927223028541e-01;8.542270189083113197e-01;1.435117338309531698e+00;-2.542498992064405328e-01;1.382876453391822302e+00;-7.534751589678673200e-01;3.191413311369424299e-01;-5.559594801612274262e-01;-6.428034192671860936e-01;-8.076219359769586381e-01;-1.519310558104178810e-01;1.132818836258438155e+00;2.956954166630639258e-01;-7.841059478115052217e-01;-3.035902911704277396e-02;3.176756108598063344e-01;1.714008563445292010e-01;8.234393498415073509e-01;1.968370722529904637e-01;-9.350888893441702265e-01;2.590072327035381483e-01;1.300313641118447272e+00;-8.532118774035660769e-01;-1.038572890933615045e-01;2.304287183699828268e-01;1.486068957044111905e+00;-1.137007391828089409e+00;2.144981091570319909e-01;4.371847577046634181e-01;6.125885367106352897e-01;-6.264430367441402581e-01
-1.841918006837209631e+00;2.886656977177838312e-01;-8.972723836598840430e-01;-4.403933345563230128e-01;3.502953623004900208e-01;-6.890630723038051464e-01;6.185122178164332851e-01;3.028377207538168747e+00;1.594511405649384761e+00;6.966729940825047152e-01;1.962797478627289760e-01;1.348240621794009497e+00;7.653951282111957077e-01;8.868939583094480605e-01;1.676893183454825076e+00;-7.366182354187301717e-01;3.004546660068782224e-02;7.830706230610274821e-01;-1.370986587190807793e+00;1.261736908665771040e+00;1.386011552862811635e+00;-1.406984311525057096e+00;-3.478337562361283886e-01;-4.243888888390922043e-01;-4.555927191168110957e-01;5.240699394616434859e-01;5.325314505413956123e-01;-4.058628331424923158e-02;1.504915066876436058e-01;-2.923666641376974074e-01;2.460084042522299105e-02;-8.794173117307109155e-01;-2.101271967829041465e-01;-9.712198717346863797e-01;1.032087249688904418e+00;1.926028110534014626e-01;-4.695417091358564804e-02;8.300687283399981187e-01;2.755632875061126974e-01;2.646733626752295621e-01;1.681540525932767816e+00;8.022925280011892202e-01;1.928803620723388568e-01;1.091363734438008048e+00;6.610811311888320496e-01;-5.297355045328407119e-02
-3.193921158662932913e-01;-9.803115834392523986e-01;8.927248753626129130e-01;9.947428420817672201e-02;-1.279161451021374685e+00;-2.874317319539381188e-01;-2.481346079218240130e-01;-8.261354223361875304e-01;-2.345908901301399785e-01;-3.459212359219269839e+00;1.051654968701125625e-01;-4.150890743226470780e-01;-5.427549778052326301e-01;1.843918436577148823e-01;-7.395487028137643915e-01;2.474442143223608559e-01;-2.456026508672555231e-01;-8.680903793687125836e-01;3.402890766634296404e-02;-6.537811573853151703e-01;2.492612985547513760e-01;-4.211275180697108267e-01;-6.793650450070264357e-01;1.870603258793910109e-02;-4.288941605454847372e-01;3.156816462610849694e+00;-2.734578871790968591e-01;2.558655043726481448e+00;-1.071184450767033836e+00;-3.632599186469405605e+00;-4.249329230066035912e+00;-7.364442772055899977e-02;7.720562856315185130e-01;1.034731823246493265e+00;-3.222058858955777261e+00;3.356001926486800735e-01;3.536478644824590095e-02;-2.642409544209473715e+00;3.625980208062442589e+00;8.873880689091882823e-02;-6.209978840933095823e-01;2.635502677004157301e-01;-6.499539701190111263e-01;6.933134500581941695e-02;-3.848059053719099509e-01;1.816472326696666251e+00
-6.978559965374404594e-01;1.270839728788548451e+00;-4.533299505928314321e-01;1.619788086842476105e+00;3.944026874544199202e-01;4.014899055717514043e-01;3.499837340514700967e-01;8.974779293170807026e-01;1.418993436363657157e+00;-3.117935690945396188e-02;6.614667841986415775e-01;-1.491782603491371928e+00;-1.091427063058549723e-01;-2.419561038061031510e+00;-3.638730344631835312e-01;2.329929234014887829e+00;-2.828745364939718732e-01;-1.556787278657285056e-01;1.748187064448512018e+00;2.932086133150517693e-01;-2.754623461129935169e+00;-9.752030582354869193e-01;-7.352144515250680357e-02;-9.389933048123917381e-01;3.955633558436166264e-01;-4.525632066036404111e-01;2.694328271392303908e-01;7.842283726503142260e-02;-6.900177607232992061e-02;-4.482298707187114539e-01;4.722266042114361406e-01;2.608861554436759267e+00;3.055100900350737891e+00;2.657123792596622902e-01;2.264605868724115789e-01;-1.621671056126315680e+00;2.784140516830662659e-01;6.368573750278536671e-01;9.733900142512948161e-02;-1.623388967194858479e+00;8.277589066437648357e-01;-3.770694846971921477e-01;1.201569185980883692e+00;-2.044941655215735121e+00;1.753933984568722126e-01;5.902687619052803258e-01
-9.960831772131735207e-01;1.345491257227134252e+00;-8.401835922624120156e-01;-2.870422985726118759e-01;8.668050601645641562e-01;8.455957617162765394e-02;2.288204676424423045e+00;-5.997976691971981245e-01;-3.978948473544293707e-01;-2.597186492234742072e+00;1.708455737017746667e+00;5.246294088764213992e-02;1.740870273948454283e+00;5.720853275413084055e-02;5.398603527327582308e-01;1.272292398164053262e+00;1.870618063308708834e+00;1.818908867685717690e+00;-1.052268057330580708e+00;-7.452612619915814918e-01;4.235075168861716643e-01;-1.003974330141480964e+00;3.921175798437367965e-01;2.663491695265243209e-01;3.183411074606853353e-01;2.280889529167609897e+00;2.088934660315509895e+00;9.150297389783745849e-01;-6.272583178064017329e-01;-1.915845408089813517e+00;-2.656858174020860108e+00;2.500583954535565701e-01;2.575139206738297215e-01;-1.041003754410246174e+00;-2.304692157417195020e+00;1.806382152081089931e-01;1.580253272392307951e+00;-1.942763542015842670e+00;2.016481106059361483e+00;-4.474324189385398554e-01;-6.666372113878241690e-01;-3.572179649256015943e-01;1.045993409051889866e+00;-3.339207078906077930e-01;1.858302507705273721e+00;1.513732267855430802e+00
2.402600139939716495e-01;-1.256355301789296552e+00;1.542591374267288318e+00;-1.036571304315289099e+00;-1.833476286050950144e+00;7.777020097592594050e-01;-1.440188305920115042e+00;-9.466959260054806924e-01;-3.011315066750425151e-01;7.901676687747567485e-01;-1.829826968278178700e+00;-4.060832006433038877e-01;-5.166965148863855717e-01;-5.281935515441533724e-01;-5.237385608956364180e-01;-7.825845583412200934e-01;-1.216684463507335057e+00;-1.412793069479638675e+00;7.694978406456610687e-01;1.112758120447830512e+00;-3.349321628045925370e-01;1.623477110347082419e-01;-4.563435208362801587e-01;-6.475157398338078352e-01;-8.489492017972045945e-02;-4.611672320321802410e-01;-7.581104131409590607e-01;-3.335401357574968584e-01;7.676976777468250690e-01;-1.704080157337150847e-01;-8.516936552517018200e-02;4.135295376221208574e-01;5.256196346565230604e-01;1.660965793830309734e+00;-1.758913222524496611e-01;-4.778214995386373398e-01;-1.472881551559061419e+00;4.685114647107940788e-01;-5.688202007973248708e-01;-1.877069805346948783e+00;6.954911047565000004e-01;-1.824045744062895436e-01;-1.004032248398514904e+00;4.334173017651634652e-01;-1.264251411320840512e+00;-2.098370818963775641e-01
1.910838465842096934e+00;-1.751369967532196537e+00;1.163181230826664470e+00;2.126638689269553240e-01;-1.651564369949628741e+00;-6.645995343418850121e-01;-1.552039987125203968e+00;1.051432983515965036e+00;2.854441094225807982e-02;5.810491272266673501e-01;-5.419911548354540143e-01;3.281308365859302856e-01;-8.667076814399556905e-01;1.076367653133094349e+00;-2.906757621559975108e-02;3.002504097374917857e-01;-4.329993090201569861e-01;-5.024807891438473062e-01;-1.788308794952519487e-01;-8.008947895972349240e-01;5.053677856498465237e-01;1.807630983868938168e+00;-1.564454160763956825e+00;-1.271800680660316152e+00;-1.526492804592067376e+00;-1.484350655883634795e+00;-2.926574246761958209e-01;-1.645147654688039918e+00;-1.951659666335000543e+00;1.272396175437436883e+00;1.032304931635775080e+00;-4.096971936491266564e-01;-6.786668364073008552e-01;1.038531271194208738e+00;6.897449957183056091e-01;7.971095945428803287e-01;-6.588273296688600400e-01;8.141912099153837679e-02;-6.876809221654461846e-01;9.473022041246433878e-01;-6.105456663790255201e-01;8.438442420067023830e-01;-1.843195974913780955e+00;3.410056008016518758e-01;-7.577492757983536054e-01;3.182525791638609602e-01
2.102626145734133312e-01;-4.716459249507874429e-01;-1.129622861631702710e-02;-8.864740025179544958e-01;6.230229612267641492e-01;-5.488711051974103361e-01;1.033851683823657081e-01;-2.233567952285528957e+00;-8.023279315538438539e-01;1.498755381798472230e+00;1.302931206018283217e-01;8.995670090254784812e-01;3.238711670184101221e-01;1.271066623173467525e+00;-1.780002634973676112e-01;-9.803395467114423001e-01;3.750474336034743672e-01;3.577006686384613943e-01;-2.524673990016657044e-01;-3.142486516085161163e-01;1.507748755463840018e+00;3.890593910296473168e-01;-3.571406666006978758e-01;-3.353690830777820153e-01;-5.181140627256085596e-01;-1.416787806050194831e+00;1.365410984803132610e-01;-7.125346022390577350e-01;1.350973746681244148e+00;1.188952389869671666e+00;1.250709159041176299e+00;-1.167672685628837970e+00;-9.069232395960622473e-01;-6.659271961150731167e-01;3.188492003883599546e-01;1.341097913968976707e+00;3.761113656617458001e-01;1.910151349471224780e+00;-1.700658935192056465e+00;1.251756559839676486e+00;-7.794578025102221197e-01;-3.333280693626462510e-01;-9.435174024846817997e-02;5.408485348561459238e-01;2.496168307810152920e-01;-1.741911773144246556e-01
4.452118339447820317e-01;7.426282674459490085e-01;-1.198773124970903048e+00;1.595650180582222355e-01;9.890106673958278805e-01;1.105301649427945065e+00;8.743099854541702687e-01;1.252766381237514492e+00;-1.546386058348952153e+00;-4.032970526823497770e-01;6.942609457572277432e-01;-1.879866766593929484e+00;1.219693503135632850e+00;-3.715793717308945032e-01;9.199588402161298362e-01;1.750431933201024026e-01;1.414191106684702159e+00;7.918639848655067981e-01;5.427972688793752942e-01;-1.443104986250639099e+00;-5.012917846821582923e-01;-2.208377422604547446e-01;1.764947530965035094e+00;1.623075197303182726e+00;1.919983433870641409e+00;5.301944701215154793e-02;9.692647411737116414e-01;9.949216999901676628e-01;1.513785522802652439e+00;-6.256339023871130278e-01;-2.832708767338900091e-01;2.411962521464401932e-01;8.235205090090892688e-02;-1.220056482970543588e+00;1.103374363309594063e-02;8.387801140358537577e-02;8.858029935295498314e-01;-3.496988247869435851e-01;2.651354025354036859e-01;-8.642345905313573162e-01;-1.609102369524547438e+00;1.523305661617534446e-01;7.874045606608074399e-01;-5.247853826946000666e-01;1.079370435140417861e+00;-6.001814013007603643e-01
1.333240099816926892e-02;-5.083392993589332942e-01;2.135310200170701667e-01;-6.809580510327056802e-01;-2.772670103401185804e-01;1.555731329658166517e+00;1.346834608541701839e-01;-1.007139990733623369e+00;-2.758515525698457260e+00;-1.050351511086973666e+00;4.338358944744398760e-01;-1.445491622694236589e-01;-1.045474931871375746e-01;4.635973124708580029e-01;4.014876069601338582e-01;-5.786221338626248434e-01;1.923799825335850977e-01;1.002172708963894765e+00;1.734104611339628427e-02;-2.861444249163292319e+00;1.557224957079625105e-01;4.965655135851122781e-02;2.002200351385222954e-01;7.212754648042212224e-01;5.245608010721345416e-01;2.179869290529254044e+00;7.521891063466292771e-01;1.511875960363982418e+00;1.087471346547030648e-01;-1.840386851638195820e+00;-9.983246608792756271e-01;-2.546478219638262930e-01;3.864233858251981957e-01;2.538144934017782031e-02;-2.602526529867776883e-01;3.294478660353749033e-01;6.888281997905906229e-01;-7.892759800020106020e-01;1.614890004704575110e+00;4.785381422518351635e-01;-3.092170730539158363e+00;2.254896583921649489e-01;-5.615313163049258094e-01;5.529880150062167488e-01;6.006623780371436738e-02;1.445960668203605470e+00
1.751239571033074149e-01;3.122716027860399923e-01;-9.193837430886487860e-01;-3.965612136675248922e-01;7.675784323823758859e-01;1.050146418053533148e+00;1.506465154604157641e+00;1.079544838520200889e+00;-3.128533625481516034e-01;-9.036494007339990198e-01;1.030799744465053402e+00;-3.333525833126804727e-01;1.462218345829258359e+00;1.119755431327781325e+00;1.989662425218978292e+00;-1.205725886811237713e+00;7.706980523561212104e-01;1.751390237720993115e+00;-7.049424297199857747e-01;-5.026926635595776460e-01;3.867149390335617998e-01;4.568648250237093422e-01;-1.952844017714566727e+00;-1.764217598768445860e+00;-2.134323772359631555e+00;-8.472203939104931969e-01;1.544065485335448296e+00;1.029694997643250121e+00;-8.034501630776320624e-01;-1.241495204064476443e+00;1.106001612952798030e-01;-9.683029139962556764e-01;-2.556596374115765791e+00;-7.621511834574167255e-01;-1.275071323749141783e+00;5.650835784821307550e-01;6.621975437089402394e-01;-8.732691022692354865e-01;-1.233260690176966184e-01;1.335702332107257861e+00;-5.859995531401096525e-01;1.466977747611709404e+00;2.171897277796466241e-01;1.860740127676046685e+00;1.065267904138925248e+00;-1.351713825166942495e+00
-3.493379175695904282e-01;7.659699937934205671e-01;-4.961163988952407844e-02;-5.688775574829231518e-02;4.205523141695907685e-01;-9.462482437171359367e-03;3.093152046948725864e-02;4.315253273012017304e-02;-1.206871146062441724e+00;9.760107142472971287e-01;-1.420137530619921817e-01;1.301688045384930825e-01;1.441108752804811516e-02;-1.047951565755729009e+00;6.396239914723126363e-01;-1.999373958335705637e-01;2.833974778175197273e-01;-8.195323977687162254e-01;1.011128629416765623e+00;-6.175053582461837998e-01;-1.148050370579978274e+00;-6.073352565315841556e-01;9.684029223460844937e-01;5.526351939758007425e-01;1.945601936548009503e+00;-3.107559575511433803e-01;-7.733806793790526379e-01;5.886107771438529035e-01;8.775707635689011799e-01;9.730578743001552233e-01;4.119111607746705483e-01;1.266039604693534493e+00;1.390604310405457511e+00;-7.565946965414892533e-01;1.766293453799065105e+00;-1.168764558741997028e+00;-5.107642055545216220e-01;1.562509273162859147e+00;-7.950288901613588033e-01;-1.122636372038164021e+00;-1.034518777149157076e+00;8.982965150190346248e-01;3.843378365628081217e-01;-4.754933882681059987e-01;4.212917917652149180e-01;9.071935415832216298e-01
4.445460393673934529e-01;3.982096882231709323e-01;9.413308926251134912e-01;2.135170020232671217e-01;-1.155560411792460468e-01;-2.006593551024223654e+00;-1.989247327734722681e+00;-5.201095780665818680e-01;8.563509350589888491e-01;2.497165903985534730e+00;-1.647242729198102218e+00;-3.199963984352959812e-01;-1.292841993691355107e+00;-1.520397083194823029e+00;2.843549645628018485e-01;1.820738921418810552e+00;-1.760493799031497941e+00;-1.335214762988050419e+00;1.073981052618179499e-01;5.430102341177744929e-01;-1.040575620222487618e+00;1.505162838819966153e-01;-4.947888703642058239e-01;-1.340561971647556083e+00;6.243113477436973424e-01;-2.428415668856078291e+00;-1.501653813395791737e+00;-2.067384596072743275e+00;-1.999874301029784529e-01;2.515953770565968473e+00;2.119634904512717188e+00;1.831726993169611184e+00;1.396511941741420904e+00;3.444682903016058062e-01;3.049864836554239567e+00;-1.410267849963556142e+00;-2.019054900338884018e+00;1.809487698963291091e+00;-2.118609666297726069e+00;-1.883484273880376092e+00;6.057284805802940486e-01;6.195087977853476306e-03;3.618904532272897850e-02;-1.404319319566483593e+00;-1.649074860908184448e+00;-8.213969166688072088e-01
-1.244645898547252494e-01;-4.702686348381784204e-02;6.891039001474452697e-01;6.807202850452818144e-01;-1.048767011148877604e+00;6.675920082253982146e-01;-3.884653506026221059e-01;5.594962954732364546e-03;1.518812385511983942e+00;-1.000891691696602859e+00;-5.611552466632572234e-01;1.392160232303715425e-02;-4.482660735971851218e-01;4.341722468002591762e-01;-6.137094775903404464e-01;8.455871752382789763e-01;-6.285826435453483185e-01;-4.723512072049446120e-01;1.360943748413082077e-02;1.265903102185951701e+00;3.159329260780353033e-01;1.156043242206243604e-01;4.087214029790647851e-01;5.483764466925996617e-01;1.398845224228804363e-01;-1.700099320578821738e-01;-5.971349058933622667e-01;-6.888017237950457838e-01;1.540365073466591073e-01;-7.065719791939945038e-02;4.576068507146253128e-01;1.804380444202836886e-02;-3.774778797853768353e-01;6.768250695095960889e-01;-9.114563322054101135e-01;9.407415708504246465e-01;-4.088332612954033718e-01;-1.183367076204650425e+00;4.403730568906555343e-02;5.611614370927878875e-02;1.056452121816131129e+00;-1.530598105804987022e-02;-4.373658916068341451e-01;-2.473783427256210643e-01;-6.936275458185013898e-01;-2.921851816724393425e-01
-1.220440395200043771e+00;1.423976272307623026e+00;-1.752954919456176874e+00;3.175307139488219299e-01;1.876044124461601958e+00;-8.280809640869161159e-01;2.023007705994987138e+00;8.096000566622584271e-01;6.059330077861629915e-01;-3.573348881136109018e-02;1.830578212101221292e+00;-4.599316888291744010e-01;1.654078471477341550e+00;-3.682272636999999182e-01;1.837882500445350287e+00;1.453791911160372818e-01;1.420612391651969508e+00;9.772255450695341850e-01;-7.278198192107478981e-01;4.491080998994358975e-01;-5.737457292325666147e-01;-1.642458371811327922e+00;8.705994073170855163e-01;5.239173991235906991e-01;6.039415591103768355e-01;2.801322590353125808e-01;1.279223297643665047e+00;-5.617306460061801676e-01;8.588294937934237705e-01;-1.123094209952239408e+00;-7.624721448240149302e-01;5.073727686233717726e-01;2.158902744970595255e-01;-1.803964082869105701e+00;-1.451195000832695980e-01;-1.110988906553691313e+00;1.644359135865183008e+00;-2.005561312709033261e-01;4.830323998753360826e-01;-4.597367629552474577e-01;7.680236464549513586e-01;6.637030855599025392e-01;1.486121482939491534e+00;-9.652117829099287061e-01;1.579976596446470261e+00;2.054111882391888244e+00
-9.337547302143675010e-01;1.123446358234647668e+00;-6.336102975243489421e-01;5.257615225530323233e-01;9.664650579452822576e-01;-7.851181949036146746e-01;1.120030663181258435e+00;-6.999271643439277657e-01;-2.251107713503721630e+00;3.494529591091995457e-01;5.946662041480533789e-01;4.031805635940516330e-01;7.409437967919795254e-01;-3.327825320441767931e-01;5.331288800512090642e-01;-6.562062637121346409e-01;8.583789856365598991e-01;7.641809326754596121e-01;1.088588338439691716e+00;-1.719616420296683934e+00;-5.114022080867847153e-01;-1.010781544509008256e+00;-2.180880243605423097e-01;-6.439614442021787122e-01;-9.193139317221860063e-02;3.593177885671420269e-01;6.831238790344674738e-01;3.852962098924827550e-01;1.524720034482216935e+00;3.142149116416185356e-02;-4.407749154919048951e-01;-1.118932128236904550e-01;4.051088084019722757e-01;-9.979669772638548597e-01;-3.930095410603785117e-02;-7.545048578517846716e-01;8.466905951238952177e-01;-4.746159188067424206e-01;6.001092093141799921e-01;-7.921990100817928315e-01;-2.229982958062882048e+00;9.719446365336353866e-02;1.079565722626450563e+00;-3.032329518249798905e-01;8.362229417905393536e-01;8.102240714419537415e-01
1.324252614254016192e-01;6.942686377211929050e-02;5.000182405366592198e-01;-5.403092919091549984e-01;1.634482639586214425e-01;-7.839312020977882156e-01;-1.441555002060952884e+00;-6.147756186591170069e-01;-8.580449873751315737e-01;7.518782574000927310e-01;-1.605292019217000155e+00;-4.984849286432282978e-01;-1.360273674708458946e+00;9.745882532881530169e-01;9.452339758830256011e-01;5.932253641869331684e-01;-4.750634353874401694e-01;-1.240328084363222061e+00;-1.444453926885779782e-01;-6.339906452361003808e-01;7.037445891474336523e-01;-1.269218415956904940e-02;-6.034232156200945996e-01;-6.353043869569741098e-01;-6.870777821853568668e-01;-1.450655530600802212e+00;-1.250446799075460635e+00;-7.643859114860945825e-01;-1.400616779073160956e+00;7.346341995040717165e-01;4.746171704210574993e-01;2.186606827622009364e-01;-2.376390235451944222e-01;-9.105855173214084664e-01;-1.004686705293176968e-01;4.447664784084838230e-01;-1.645698463395266709e+00;8.774799807039992405e-01;-8.317567407945630764e-01;2.630730259860690756e-01;-7.043629878101764774e-01;6.276890832590712455e-01;-8.447820428216207267e-02;5.183042138618551009e-01;-7.920486449312190702e-01;-2.725747550948671716e-01
8.728158197247511962e-01;-4.122725816645804453e-02;-9.617033190794378461e-01;-3.136169336479695424e+00;9.405801116438134990e-01;-3.387193404176632727e-01;9.178388736348721544e-01;1.558617200217035925e-01;4.213097785232256531e-01;3.814520302043589162e-01;3.573927044548588783e-01;1.688289106079440494e+00;4.848744590293549983e-01;1.913811742062174304e+00;-2.708511512443734226e-01;-2.498632754282256840e+00;7.064024482108671732e-01;5.491901397069874902e-01;-1.447292790856411271e+00;-7.429419898328023519e-01;1.896446411548617927e+00;6.978006227089029734e-01;7.443605441917233723e-01;1.116071432614779591e+00;1.995057862527740977e-01;-9.509578322625059643e-01;6.467848315567508166e-01;1.624612364545616194e-01;1.817909822189017977e+00;3.514417977814127819e-02;7.268281369438702733e-01;-2.756707984740850215e+00;-1.574383461598349632e+00;-7.700684289376900082e-01;-2.873714893411471460e-01;1.721282858131658600e+00;6.402139634385177747e-01;-9.064299435351582668e-01;-4.838684818355294404e-01;1.956718759735829316e+00;-5.088232864141726264e-01;-1.156699104303375414e+00;-4.589125464460497295e-02;2.050594421877959928e+00;6.807747368299161828e-01;7.685711996451410899e-02
4.851849700003503796e-01;-1.133857660397809136e-01;1.233279490817317470e+00;1.162397005478172263e+00;-9.282489331352604678e-01;-1.538693968080654173e+00;-5.774046143097791850e-01;-4.455750257513734214e-01;1.654592060390416008e-01;-1.229276804313874205e+00;-3.808896135972061892e-01;-1.831912572195754096e+00;-8.431364901628836117e-01;-2.175941163484963248e+00;-4.139297552985032325e-01;1.347726485128485585e+00;-5.531658604547318170e-01;-1.043284976064495551e+00;1.689555844622208092e+00;3.647140049499004305e-02;-2.012242875004755849e+00;5.610031367785770495e-01;-1.279694359796798020e+00;-1.595049346549188840e+00;-8.453444513003340877e-01;1.420508243656390057e+00;-1.035695118361997569e+00;1.646316882634700995e+00;-2.073607441533170448e+00;-1.450306081543836667e+00;-9.401381558078750755e-01;1.678089675935348968e+00;2.395410247803698434e-01;1.286341308346906853e+00;-4.617170269433087393e-01;-2.236923171943394184e+00;-8.441491289699641631e-02;-1.545052097730606366e+00;2.008221253433804421e+00;-1.815042802649844411e+00;4.047002134357821079e-01;-5.267867533901187012e-03;-1.880841001604400542e-01;-7.955195857407099114e-01;-4.582882055200377946e-01;-1.283449464930815465e+00
-1.401870811492343272e+00;1.178788394542045870e+00;-8.819323572220599816e-01;1.506371970321361831e+00;6.708998901089854305e-01;6.507894877132980316e-01;2.220905593517340793e-01;7.019187666556007121e-01;1.710428407041579169e+00;3.720783344474621890e-01;4.464612455378337286e-01;-1.600700970166182957e+00;6.721314614333163684e-01;-1.405838001073226984e+00;5.535745972791203950e-01;4.167387886542722741e-01;6.388381221355079465e-01;8.808116887866417333e-01;9.762520391453360924e-01;1.138604255169062274e+00;-1.452746451196329058e+00;-1.153883476866013114e+00;-5.810928581552189387e-01;-1.183967419748621852e+00;-1.785035239680271835e-01;2.188395594412341771e-01;9.352780657376119633e-01;-8.753742488173416048e-01;-1.514060793419562234e+00;-2.755012644202053385e-01;-4.593057040067651808e-01;1.510674873650952765e+00;9.800356940138931217e-01;-1.086874340107835346e+00;1.135224820705017734e+00;-1.397888239876558192e+00;5.962220148638637252e-01;1.418756527296067549e-01;5.830824681596671333e-01;-1.286139871063916251e+00;1.215825123364220772e+00;2.197183179716429013e-01;1.343914726204801457e+00;5.020209996113260686e-01;5.338852321156839498e-01;3.061642302847786823e-01
1.264184406381972714e+00;-1.676452467008809899e+00;1.966651308418470689e+00;6.934210840212217120e-01;-1.272423588258536631e+00;-1.482674018273575145e+00;-2.425663616725715510e+00;5.120334636306825837e-01;6.065813757676273843e-01;1.817852017872223724e+00;-2.107251229558341432e+00;1.183703632599668154e+00;-2.234732712228071794e+00;5.489127038286298887e-01;1.697147360815917383e-01;-8.032902484623368755e-01;-2.274631323470273525e+00;-2.057650413925316890e+00;-1.702745547817152039e+00;1.986775905427557720e-01;1.532097912860881928e-01;1.416848215544148637e+00;-4.117922623846940189e-01;-3.203689275745358334e-01;-9.926461043223897551e-01;-1.415116934677808302e+00;-2.280635549111964089e+00;-2.475588540890687916e+00;-9.265351024632052512e-01;2.083628088951312574e+00;2.199304079307995430e+00;-1.021121308536821815e+00;-1.374459526305171542e+00;4.105858243264340901e-01;1.861793125461279397e+00;-8.148307510502988960e-02;-2.613291172926144768e+00;1.294712034598026973e+00;-1.971706656259974544e+00;1.653736263974744658e-01;1.689990183435712001e-01;3.903920071884316445e-01;-1.684825509174967317e+00;4.339064275527280135e-01;-2.323953860131525051e+00;-3.528601177558536861e-01
-2.333746073895867079e-01;7.673749999612912154e-01;-7.125720693022389307e-01;-8.500232125118627469e-01;1.841598173352234080e-01;-9.440809034814089118e-02;3.032899883792107287e-01;9.446516558116245799e-01;4.744184931461777333e-01;1.864291077534076191e+00;7.461816969731330795e-01;-2.806727162296369094e-01;2.639790758673878426e-02;-2.839583140843832676e-01;-6.721566026837477725e-02;6.724676779487942513e-02;4.003303500437632167e-01;4.722164709509686364e-01;1.802884590469246096e+00;9.175969898670632841e-01;6.674715693278671091e-01;-3.429502499645874503e-01;-8.923638453992115416e-01;-1.455942177726246456e+00;-8.540364578298633713e-01;-2.022750403498341232e+00;3.915812915672355898e-01;-3.715566525883971516e-01;-1.937525378430119405e+00;7.792531598136898108e-01;1.942676278287073233e+00;4.211826323149569506e-01;8.551042230613925543e-02;-6.768303403481737979e-01;1.410819287689123236e+00;2.277478358511606793e-01;9.033809038940546765e-01;1.794309119064165126e+00;-1.190208560149372374e+00;9.985496178563636749e-02;7.285340217656115502e-01;-8.069036998698891905e-01;5.298324052002282292e-01;1.699292797785342257e-01;5.713990182341440738e-01;2.330419766997425812e-01
-7.059220335728582096e-01;-2.048867739801472354e-01;-5.266466677438746968e-01;-9.096587752045123265e-01;2.337412053508490517e-01;-4.359242201803171790e-01;9.881807172526005933e-01;-7.022664261418464227e-01;-2.602738467329247518e-01;-2.614198390725252619e+00;1.001737328735613941e+00;-2.129233145352246170e-01;8.024873239214717069e-01;7.506576518349291627e-01;6.328559600718435263e-01;-1.886440358573459264e+00;8.945749455749897328e-01;4.719883397071185649e-01;-1.224451481787028478e-01;-3.332039962993051385e-01;5.452836607199570418e-01;-3.255735303704853090e-01;-1.551719684249338316e-01;5.983114099921454931e-01;-6.590500024568639592e-01;1.664142012536435900e+00;-6.481339983134652705e-02;9.269957356626684630e-01;-1.358572593827330532e+00;-2.060875570919945776e+00;-1.734167498397749529e+00;-7.748250698277947546e-01;-5.743396884192988328e-01;-4.113339144602226050e-01;-2.559159706530806933e+00;3.655867375735613045e-01;1.371916036565453689e+00;-2.257111318669744904e+00;2.610709594239611686e+00;3.400873416241468883e-01;-5.571417096974073946e-01;1.712327066392113073e+00;2.873717162650391566e-01;1.116442458057157916e+00;9.839457243783022999e-01;1.402810855586554162e+00
1.104676679388542304e+00;2.216108655960728757e-02;-1.117814809961862332e+00;-7.391426190695251641e-01;4.222666940136267644e-01;1.044088667587684593e+00;1.552818660558457520e+00;1.765795006088792807e+00;-3.722883053145474852e-01;5.055470164074880035e-01;3.173430189086703379e-01;1.021639477479558300e+00;1.459393318368798376e+00;2.111355893696361896e+00;1.891112375745309437e+00;3.650002029272692017e-01;1.321147288946722620e+00;9.006492092448350473e-01;-6.973813668564038393e-01;-3.059833810118268715e-01;1.262888633523495674e+00;9.855653339811610847e-01;1.306966702569105354e-01;4.044481781903245809e-01;1.483233392930774150e-02;-1.315369505549663920e+00;1.072045127422440958e+00;-1.398700665842404600e+00;-1.900864885721880587e-02;1.300128064755306179e+00;6.266745648450317008e-01;-1.221782843060481127e+00;-8.694419523879709510e-01;-6.938870120271548592e-01;3.352130533335632712e-01;3.743673216690986960e-01;-9.674250119200230756e-04;1.057261965708433005e+00;-1.273365056842457710e+00;9.476287583694905647e-01;-2.064462302637828095e-01;1.810719037842485113e+00;-2.376070104486160128e-01;1.005477513767923270e+00;1.141211914927329207e+00;-1.221906967704242813e-01
3.083976359964513136e-01;-5.011567235924443420e-01;1.049473454584875842e+00;1.263162755890480105e+00;-1.411536277094024516e+00;-1.804809518436684357e+00;-1.698183618503149583e+00;-1.062100020282526591e+00;2.071429167488114953e-01;3.901393549827746748e-02;-1.079583950547304605e+00;-2.188631074978937274e+00;-6.387399739353689654e-01;-1.177957339858864971e+00;-1.420816818221116717e+00;1.127379101102762515e+00;-9.641516255681671366e-01;-8.662005963297284561e-01;2.903929637800115149e+00;8.430252362371243313e-01;-3.218890232647600436e-01;5.519341019680034099e-01;-8.681524811577774337e-01;-8.962942613032695016e-01;-6.305157650900881094e-01;-8.223985032628414737e-01;-1.304224401267557010e+00;-8.634242781333126837e-01;-8.057121321665760005e-01;1.169172525049847922e+00;7.933884454391924024e-01;1.230167896427335261e+00;1.077062268896544994e+00;1.569789663128290602e+00;8.401536349685070348e-01;-7.149906387492614701e-02;-3.527167429531670173e-01;-5.595317279462135307e-01;-4.953745785711669569e-01;-2.125963354831200969e-01;4.651002155653853332e-01;-1.087454962946825976e+00;-5.614096679913341825e-01;-9.730173904312794386e-01;-9.196789135891318967e-01;-5.264328904090851413e-01
-1.895362945463507920e-01;6.496711389035807471e-01;-3.619281367831965190e-01;-3.780899454245659642e-03;4.758508796282323594e-01;1.543360137894542738e+00;-1.724437240124982729e-01;2.212235810466878672e+00;7.950438485780766396e-01;2.156857226679050610e-01;-1.667307135450067257e+00;1.744632335371872678e+00;-1.954825724847577273e-01;6.414630326585182285e-01;1.720098119878702647e+00;-8.537259156483717470e-01;-2.614527405530892024e-01;-8.153596697121447967e-01;-1.275680399803270637e+00;4.904159412151682940e-01;5.768529718945805129e-01;-4.299657863359940269e-02;1.334790667212023774e+00;1.266003339280473039e+00;1.331135356022683736e+00;-4.009622651356780643e-01;-6.976832611543281049e-01;6.789597912157379067e-01;1.477030156522197712e+00;-4.246790975212900721e-01;-5.179548921548482454e-01;-2.004885626809431998e-01;2.879429770353679197e-01;-1.424327948992030635e+00;-1.171199554335245613e-02;4.245843124683267300e-01;-1.259970845567879083e+00;-5.053076579802286972e-01;5.125488832355837299e-02;8.771075195469762997e-01;4.012355165266307533e-01;-2.018988868127805647e-01;6.035614569723396494e-01;-4.680183874848827252e-01;9.755191915873585862e-02;1.505549007058290645e+00
-1.414313664432185647e+00;1.208171515107961280e+00;-1.654830346241503714e+00;1.077153395484258702e+00;8.533638132480941829e-01;-1.649048780625328225e+00;1.269711885195130341e+00;-1.746103634650119502e-02;7.219417294050302081e-01;1.623451657091334044e-01;8.792280013149988971e-01;-4.357952381962026944e-01;1.176658828766951048e+00;-7.665288490060543358e-01;1.880035212084709140e-01;-1.063010624418960548e+00;1.775669770815630821e+00;1.359046049164128078e+00;1.107557502160618629e-01;2.311008078695336310e-01;9.852370536149702984e-02;-1.719950621826492387e+00;7.361029985944997911e-01;3.389025347391274035e-01;4.860301110301313843e-01;2.161424089261698434e-01;1.348026495907794775e+00;-1.059126952742632133e+00;-1.839380666632522698e-01;1.134546598057166955e+00;4.908432251935411217e-01;6.628812821986215242e-01;1.939877149607931728e-01;-1.113908077179585954e+00;1.043684053744593054e+00;9.480513454522643269e-02;1.350912315765969929e+00;-8.976877279354182892e-01;-7.353543944114155906e-01;-2.813774743693516212e-01;3.728042682913600414e-01;2.958880291600777257e-01;1.737969616793963779e+00;-3.844690110623454060e-02;1.263556768062954028e+00;1.860407018616526964e-01
-1.148462108952220451e+00;1.163968470734036698e-01;4.900188632425363927e-02;-4.276846123660139054e-01;2.042269888149416679e-01;1.653566409106405954e+00;4.880362257950667249e-01;1.334311390495206195e+00;-2.780565503367443125e-01;-8.295009940547437566e-01;-4.270144303755719628e-01;1.329553693103977308e+00;-5.833036683528278754e-01;2.715735980867471921e-01;6.905157320695869128e-02;2.046505929442134775e-01;-3.457138579228719033e-01;-8.133341068631294579e-01;-1.965347103254620587e+00;-1.222219368278967266e+00;-8.627498749182308524e-01;-9.009825070262507118e-01;1.701794637242078245e+00;2.194296801465708935e+00;1.960341558578600596e+00;2.557058468971952769e-01;-6.788891798447732606e-01;-4.686142635067590545e-01;7.716517800830418050e-01;1.763436630876427380e-01;-2.491585992636037306e-01;-5.280940872288804044e-01;-8.923470927511675255e-01;2.985976423021102222e-01;-7.275643137676368610e-01;5.464873204972134912e-01;-2.452560729920804650e-01;-5.935988976131097994e-01;4.172925793312006193e-01;-3.801493708901596547e-01;-9.615415119513673892e-01;9.726523418616532801e-01;1.673981756839920121e-01;-6.519969857668450608e-01;-2.183714677588480257e-01;-1.558362520719841493e-01
8.029368805513298346e-01;1.461088853118787945e-01;-1.219969068539804302e-01;-1.024479794604375993e+00;1.480237306346987580e-01;8.223489591893078376e-01;1.208658814674817422e-01;-1.373536341630387847e+00;-1.722236129655133341e-01;1.231766025046665824e-01;-2.640055843971694238e-01;-1.159830043742977601e+00;3.710072338965205718e-01;-8.727575355299870274e-01;2.949805089108495371e-01;3.404979066615524547e-02;1.476782037887562349e-01;6.636208738674047591e-01;7.644099358290504798e-01;-5.637703195243199961e-01;-1.421883236389965388e+00;2.948916229415595169e-01;1.772797169763182246e-01;4.143118583341491579e-02;-3.884110532434055796e-01;2.684424999879598261e-01;4.274816509016972077e-01;6.900829958074003456e-02;5.082470681323556505e-01;-8.344227475009017292e-01;-3.796959887033531933e-01;1.356918127935002605e-01;5.786417009646082077e-01;-3.156972346209282465e-01;-8.563050721911983354e-01;-1.115463576601705808e+00;-3.705896453755189168e-01;-2.324574140512273568e-01;8.505976858425934317e-01;-6.852613750954290595e-01;-1.082939835471979362e-01;1.154875386026743112e+00;-7.823340672094372672e-02;-1.859329582782638310e-02;1.832605330961762924e-01;-1.285010856463457141e-01
-1.686662883058158702e+00;2.039317247058216598e+00;-5.624150223106356705e-01;1.929351889621329308e+00;1.657063339608981556e+00;8.220720077313539154e-01;-5.602513743012403624e-02;7.688252432494969979e-02;1.369284265794970645e+00;3.299415388846549391e-01;1.033822383146489332e-01;9.849428531080045568e-02;-4.423250961635127321e-01;-5.580552982685624830e-01;1.027189057693850716e+00;-6.974755870523557943e-02;-6.689361065491641889e-02;-4.910688236950477292e-01;-2.340141393805315329e-01;8.401776602639339231e-01;-6.152380107808347320e-01;-1.767366740914988243e+00;9.854562504815314039e-01;5.801814465738884818e-01;6.902705165012188449e-01;-1.313359290224661302e-01;-5.045546856274187864e-01;-7.011804740573390760e-01;-8.092684589251424310e-01;-1.275017928103576725e-01;-8.451720734806182911e-01;4.523022617428233416e-01;-8.366142969786758421e-01;-1.473561265889315575e+00;-7.867006263220918671e-02;-5.927038673261569857e-01;-9.882973342078517354e-02;8.362663676024065795e-01;-1.189306048416175488e-01;-6.089409357606223594e-01;1.002277069893623862e+00;8.505326481043893327e-01;1.783586878662057229e+00;4.918415863799032173e-01;1.325957595664074840e-01;-1.059400223223039061e+00
-1.014122829654118679e-01;-1.063551098906453246e-01;-4.668595896994662264e-01;6.389291126435565904e-02;1.002776131003478621e+00;1.139997004181422469e+00;8.479998320842964121e-01;-1.112542905179873198e+00;-3.321189160372412519e-01;-8.601441364054822625e-01;1.548572572298859917e+00;1.152808518525212378e+00;9.328214494985693772e-01;-4.127119181881429011e-01;7.420368362581560018e-02;-1.343400726733094963e+00;5.123892461232825157e-01;7.159369571219994510e-01;1.211649735116011456e-01;-5.655921776519466926e-01;-5.688668817211713913e-01;-2.691517838908085714e-01;1.759949404416343732e+00;1.810141074219004942e+00;2.117679474770369552e+00;1.576824813126861624e+00;6.700851594037717796e-01;1.982245964875707145e+00;1.892027648091933578e+00;-1.236864306265524016e+00;-1.401073727686040105e+00;-4.701640258525369154e-01;-2.890498322562689570e-01;-6.460380448662494945e-01;-6.278757736629123620e-01;1.504991724080520232e-01;1.262452764286424056e+00;-1.193357822443037453e+00;1.651736794629622640e+00;2.733377689573488478e-01;-3.786835961365487835e-01;4.928195319008769615e-01;2.105169385169312068e-01;9.131608117942198177e-01;1.011534560979272523e+00;-1.759679086069664056e+00
7.331652795740778439e-01;-2.536702837742698113e-01;1.299203341587057858e+00;1.895791570628857725e+00;-8.148828595923229834e-01;7.001561514782244089e-01;-1.581552373861956129e+00;-7.323101558303058978e-01;1.700960366214897102e+00;1.126869708419408811e+00;-8.682425057554506997e-01;-7.818653636723212896e-01;-1.338199578918800592e+00;-3.564330736236059893e-01;-1.361171446792702466e-01;1.100095501786661378e+00;-1.847251300820645481e+00;-2.105871312167584719e+00;-9.778317539095312538e-01;1.644166113478985780e+00;1.339542619811797952e-01;9.008618904467640132e-01;8.114967280643157199e-01;9.063623109552015888e-01;3.598824787318739560e-01;-4.570579841689959011e-01;-1.860418386355269904e+00;-1.701221840915103645e-01;4.938604304474544793e-01;-2.814251170401779745e-01;2.018379579753290798e-01;1.459293643035240562e+00;1.348739011410631905e+00;1.074119866154066294e+00;8.598276773087617508e-01;-4.089251315794846797e-01;-9.486369515871317937e-01;9.673305355388361892e-01;4.899495249799000474e-02;-8.388456440215487087e-01;1.645148651297715592e+00;-7.570242766669463830e-01;-4.214315357749383595e-01;-1.464640494916731539e+00;-1.215686091973050775e+00;1.171891157584962428e+00
-6.643741965368155089e-01;-3.790456496116280105e-01;5.392308685294437964e-01;9.341174744045479539e-01;-3.025452295607419448e-02;-9.730807368112484035e-01;-1.073394259197607559e+00;6.597855763894320269e-01;1.817670584308836546e+00;1.139768181370556022e+00;-4.149576487957228332e-01;3.432776524399514528e-01;-1.145466505465133844e+00;-1.079920539753608938e-01;-2.225280834881440684e-02;4.523942312906297641e-02;-1.025612171285097407e+00;-1.587198836127347468e+00;4.063424425605497436e-01;1.354488581671048575e+00;-1.822203146627839609e-01;-5.762197778832104378e-01;8.115290939787783708e-01;7.001539578327473645e-01;7.916172439048062559e-01;-1.715637337822383479e+00;-1.310265175458588116e+00;-8.553740870648081085e-01;1.445260084427846037e+00;1.605944379011287282e+00;1.116680335856437223e+00;-3.392882129859667306e-01;-5.270107950371111238e-01;-1.173769437440587288e-01;1.316254618707808577e+00;-3.981295969608377727e-01;-1.011689906857885513e+00;7.724269792977270788e-01;-2.007095375281619631e+00;1.159082350835805686e+00;1.202039316696281057e+00;-1.344718785639829328e-01;-4.425627174528199981e-01;9.611925883000779214e-01;-9.194080186494576479e-01;1.669835969124804143e+00
4.817703338714355854e-01;-8.730756530553736294e-02;1.670127844347405466e-01;2.633798178844329319e-01;-1.391651307484003786e+00;-1.814068037510534748e-01;-4.062454823697428941e-01;-2.091730469441269447e-01;1.620707143723588151e-01;-3.891147070284707854e-01;-5.199509755367290875e-01;-2.141109805021222723e+00;-1.166441859832606509e+00;-7.446273774789676780e-01;-7.524431614231816834e-01;8.906963035673125528e-01;-5.118158765984799352e-01;-1.641793175629070234e+00;8.901869951118716040e-01;1.361707233153016894e+00;-4.766478016360142789e-02;1.872837894620771326e-01;1.517460552529171502e-01;1.278061635136927277e-01;1.847795233721220287e-01;1.718367018101448540e+00;-1.633243871154981264e+00;6.921308183783740908e-01;1.323792584696057428e-01;-1.028535704019629238e+00;-1.363101399057553342e+00;1.249761956574451993e+00;1.379323210107975317e+00;1.279456734017669017e+00;-2.994878487041058301e-01;2.975487622128872300e-01;-3.702745475354240479e-01;-4.842925896426623633e-01;1.639306389720549095e+00;2.529115648758352708e-01;9.532693569161061475e-01;2.918930321401982941e-01;-3.755594547605605737e-01;2.803942423092152803e-01;-4.163559477696444078e-01;5.069198354686986763e-01
1.695519323064236528e-01;3.828267985750503644e-01;4.879538230823077805e-01;5.843587548128127002e-02;-1.001846849653773130e+00;3.816181859453791070e-01;-7.580958487607427632e-01;-1.957567586145945837e+00;-3.892155701609003593e-01;-2.175093834881244026e-01;-3.058841211697490778e-02;-1.045743587604623714e+00;-6.201818457448374233e-02;-4.243808434665024554e-01;-1.032169638048477278e+00;1.071692226924010338e+00;1.602298188600136675e-01;-2.078693666646692362e-01;2.323071256136333140e-01;1.594092080304972403e-01;-8.597283147557571725e-01;1.438440280313101616e-01;-1.161449962523064761e+00;-1.521075983378548324e+00;-4.801451024293836856e-01;3.386804445801926411e-01;-9.613869178972120344e-02;-5.424668024851733161e-01;-6.120181826491454258e-01;-1.032050484158650416e+00;-6.613494380202699086e-01;1.050493738108549513e+00;2.173651266194210674e+00;1.808778279700912206e+00;-4.896907595873220553e-01;7.003023088083534797e-02;-2.296861420364615103e-01;-6.058262510085770103e-01;8.712312745086866483e-01;-4.094898586640873250e-01;-4.747698929579044491e-02;-7.599102485646912486e-01;1.077078080121526976e-01;1.045242408101425269e-01;-3.251855836627111640e-01;9.440701416664341872e-02
1.236474453433751286e+00;-1.539594408738669928e+00;1.398040763301019895e+00;-1.953509266418409718e+00;-2.331056322088174593e+00;7.306521439533512075e-01;-8.485613896466216444e-01;-1.346711915102637214e+00;-5.047731949623008862e-01;-1.549672494544618528e+00;-1.182432983516626734e+00;4.387487699260224638e-01;-9.896964049272242159e-01;8.442041457627741385e-01;-2.361132051953114708e+00;-1.020716144716090401e+00;-1.268138193351795451e+00;-9.842760718171909007e-01;1.187454983683259968e+00;2.081567851839669914e-01;1.634459594249556003e-01;1.254304428524400050e+00;-5.984983096035807471e-01;-9.204985002197894894e-02;-1.105621378166770086e+00;1.148398439233161650e+00;-1.175913783464184625e+00;2.622395733629720116e+00;6.117494976422503949e-01;-1.638905993703680952e+00;-1.517985255621217444e+00;-4.457541347693663725e-01;-7.547491824740369948e-01;1.674613929071760543e+00;-1.218665789378730491e+00;1.507753587048757948e+00;-1.058930317718844716e+00;-1.042371663099117329e+00;1.386154953778445442e+00;2.648771459348477353e-01;-7.495870483141658935e-02;-1.974121193227944326e+00;-1.754828262914822190e+00;3.135304099707302838e-01;-1.050727387391865886e+00;-1.769631717504247526e+00
-2.313014495047597818e-01;7.084457674860176191e-01;-8.826200067365013169e-01;2.675230104078828997e-01;1.172969870496923361e+00;-3.818789358052783189e-01;9.784629055038773782e-01;2.693455343947670499e-01;-3.203591167298280862e-01;-1.197942532053329456e+00;1.497228436003450680e+00;6.812843955694557474e-01;1.062301808693046912e+00;1.245929326641116219e+00;4.744260183992869417e-01;-1.426183530499096186e+00;1.239162542333209105e+00;8.982529530438819743e-01;1.278312261103664804e+00;-6.692866020792461734e-01;9.841800466568549899e-01;-5.716511594795692375e-01;-8.884790410565992502e-01;-6.130411113032621095e-01;-7.005134371634015311e-01;2.013478922825439721e+00;1.110835145875664676e+00;7.715156024215718000e-01;-1.666034181438264428e+00;-1.972321229556322608e+00;-1.639274340873313252e+00;-6.924718182925153620e-01;-1.891402493864662082e+00;-6.040239309432348519e-02;-4.493453548646733076e-01;1.191723744710791344e+00;1.618390823299706183e+00;-8.602523046046894883e-01;2.261663376001902481e+00;2.607012647410993922e-01;-3.125378669730274339e-01;3.590668637763088644e-01;6.540299525376832568e-01;5.216592524415378795e-01;1.454511221179306979e+00;-1.611540636449631414e+00
8.542333308471439235e-02;-3.062867177903305649e-01;-2.141577349399003960e-01;-5.596924288929021607e-01;2.725256852808296548e-01;-1.210493614186652245e+00;2.116111457872825105e-02;2.741994166049326331e-01;1.006989654044742943e+00;-7.641276977954898353e-01;-8.553150064468034719e-02;-8.275744539791912713e-01;1.227592048401994068e-01;1.490050455230291226e-01;7.599822820696188197e-01;-3.729789885080926903e-01;5.450380929361013926e-01;1.073509128966218640e+00;-2.482820982679623256e-02;1.762752235643346488e+00;6.745958010455134213e-01;8.024536097341040952e-02;1.941796140084197375e-01;4.445834207934762361e-01;-8.118383835044841179e-01;1.285810607278880413e+00;6.826158780507690649e-01;3.440012104946059412e-02;-3.943031281288206791e-01;-9.266071201213018638e-01;-3.009751808643735815e-01;-6.155079064594310978e-01;-6.861665930476488207e-01;-9.349058832861053547e-01;-1.176168957873518606e+00;5.644218639725362419e-01;2.586392418515157110e-01;-4.455837068094983255e-01;1.032626871237261712e+00;4.790610673107880135e-01;1.835956047776285294e+00;6.539365239896700599e-01;-3.509822523836267916e-01;1.571511475546427394e-01;2.740441892825431491e-01;-4.401114051443022479e-01
5.335085538428840403e-03;3.704823464915882325e-01;-6.599701000832040032e-01;-1.282673273121658353e+00;6.944839981532234807e-01;3.382323566931083256e-03;9.475346350266093953e-01;-7.118233071090318553e-01;-1.275649000116830800e+00;-1.321923815082747700e+00;1.266679232265569555e+00;2.189433374238464458e-01;1.457763261981296798e+00;6.945542444636516599e-01;-9.453912825359105376e-01;4.516877998113163484e-01;6.474911071405284879e-01;1.890533670509732200e+00;-2.739968911019037834e-01;-7.835693367318321556e-01;1.723592344853547842e-01;1.386891759759726062e-01;1.433858618186350853e+00;1.484578987648045523e+00;1.321335275009552168e+00;9.171165688362891144e-01;1.429497316125946327e+00;-1.871569400799638350e-01;-7.846872007050178510e-01;-6.340288922702372876e-01;-7.252010195058571362e-01;-9.717879269085427651e-01;-1.309289701226932362e-02;-2.537250695315825810e-01;-9.120316034986086784e-01;7.940981952235982577e-01;7.201098070843542365e-01;-2.349246258064914716e+00;7.482780625070091229e-01;9.405879219316770623e-01;-8.330127593289516907e-01;-7.763173142645009017e-01;8.708228807252406389e-02;4.120467161513218235e-01;8.740375663506511072e-01;1.908107104150424727e+00
1.458894168052928819e+00;-1.681282739612261601e+00;9.030895475270167561e-01;3.956097134119934133e-01;-1.000164971220439236e+00;-3.599376940160620153e-01;1.330594745819270452e-01;8.971713094959787513e-03;-1.012537331680860131e+00;4.419941205411529461e-01;-8.840951160902469352e-01;-1.465268126232005252e-01;-2.460458133974289530e-01;1.083344640172743123e+00;-6.316235653430567476e-01;3.390287198736123830e-01;-1.076836755549100744e+00;-2.134553343022704136e-02;-3.269529474072369601e-01;-6.324314625482907459e-01;1.136054568119158947e+00;1.252968066775334455e+00;-1.469573132233416457e+00;-9.968175674169499345e-01;-1.177182672670008312e+00;6.673544155917213727e-01;-1.125593865843632774e-01;7.891897512776890888e-01;-9.145125815322414642e-01;-6.365022301050693443e-01;1.813790701329629773e-01;-2.123906325446756616e-01;-6.019171196257769862e-01;1.328655271095886103e+00;8.407959599165649722e-01;1.033629069147505186e+00;-6.041433418909912811e-01;-1.134588095648938894e-01;2.019438620231434611e-01;1.237115627684129970e+00;-7.371580697903673540e-01;-3.844193551363418448e-01;-1.553302478462626590e+00;5.607509513857666938e-01;-5.963011208594272139e-01;-1.270341059357797397e-01
-5.495551750078386810e-01;-1.049851454936163025e-01;8.234665828389865494e-01;1.121447193900035888e+00;-1.797518008387396782e-01;5.276192030178584735e-01;4.955691537269001773e-02;-2.250292423445262369e+00;-4.646518995058830370e-01;3.764240460113679743e-01;-6.468541860802364818e-01;-9.770876933090727468e-01;5.019322776537676889e-01;-1.307048049793108069e+00;-1.434921089479841649e+00;6.385864320265287608e-01;-7.044151154466866682e-01;6.399324339746157442e-01;1.484254074596204953e+00;1.138243628966808946e-01;-1.225452570568626109e+00;-6.461871347000893717e-01;-2.630279882789415824e-01;-4.677668040458477505e-01;-2.544063120938318875e-03;1.143266075211653021e-01;1.152205963214720574e+00;3.511005970518075170e-01;-9.761755255205404325e-01;3.417045880392972218e-02;1.824263951689205909e-01;1.379544987584267357e+00;8.846326082268448632e-01;1.262633622561150970e+00;5.157092747965124069e-01;-2.436303942412588741e-01;-4.415843223623710512e-01;3.448160872642457853e-01;1.060582520634791720e-01;-7.597397706186579391e-01;-1.433961746200559662e-01;-1.567142226114297765e+00;2.178581455287562918e-01;-1.136313450636321942e+00;-5.065246274650397895e-01;-9.283984873215039846e-01
5.437917818292793415e-01;2.021799007129115588e-01;-8.220286847497734195e-01;-1.031618028916422292e+00;6.086526612046239126e-01;-9.582967838155325158e-01;7.294948220560252272e-01;3.382714374311680539e-01;-1.181975624806388625e+00;5.836126485597613600e-01;2.665011742082386559e-01;4.791386869727541353e-01;4.548894927859405413e-01;5.893977928303306690e-01;6.107062823167415111e-01;-6.236799514015094470e-01;6.898571181521306883e-01;7.501233890107299462e-01;9.555338545511089521e-01;6.543121588350060344e-03;5.784352482412319363e-01;3.998796839394018199e-01;2.179918638738615744e-01;2.957047425416878261e-01;-2.490796956750924648e-02;-6.117400819428122638e-01;7.220270070463673528e-01;-9.785655813554094973e-01;3.926661896656891693e-01;1.498784636421841288e-01;1.247513644876480365e-01;-8.822040666965761391e-01;-1.673551713559447318e+00;-8.925339418316804441e-01;6.890090079264757361e-02;3.686449070813201945e-01;-7.843547003747848578e-02;4.462634262931551854e-01;-5.166541600645058185e-01;-1.461606697036420266e-01;-4.028662712135022139e-01;1.077420050764222204e+00;1.445852878099181116e-01;-7.549903992469018943e-02;5.414403611612335077e-01;-7.289528696210131886e-02
2.317499082489208106e+00;-1.772436893526609047e+00;2.256687410866829335e+00;-4.202699527030472337e-01;-2.361221525006728772e+00;-1.585235815156105899e+00;-2.515196375063298628e+00;-5.113554992746388583e-01;-5.216698728657673950e-02;6.775822088160247114e-01;-2.721307799622810553e+00;-4.358909166171857086e-01;-2.601034819460350977e+00;-7.816218571774306012e-01;-1.670781883045770133e+00;2.785779764360816202e-01;-2.464947950527832443e+00;-1.870827490799918502e+00;-1.257322706829582804e-01;-5.693969098471311080e-02;-7.516072801938025183e-01;2.272821040899425160e+00;-5.516846162204858822e-02;-1.245626893797876222e-01;9.678234289993804806e-02;-8.911542005264558863e-01;-2.277340531400182666e+00;-6.742304565607987188e-01;-1.205051252821919966e-01;7.218191795410799916e-01;2.378233693430222839e-01;-8.731775870469338230e-02;-4.513188995935696335e-01;2.712227764344054215e+00;3.977135343961645808e-01;-4.074661232944733480e-01;-2.453579538769917523e+00;1.315194310769462332e-02;-5.107902612119117336e-01;-6.437757802166669263e-01;-8.297259050582146689e-02;-8.157308799492456186e-02;-1.903601790580388586e+00;-2.433384848053962435e-01;-2.715158865140034017e+00;2.297065806307569069e+00
-4.234108754024955013e-01;9.169888582362754059e-01;-4.368030706025707866e-01;1.722996017797692042e-02;7.940621638020252115e-01;-9.228704438333875174e-03;4.706644587624827514e-01;1.502201583036763544e-01;3.510532003315816052e-01;-1.836645550999786991e+00;1.103656872798068234e+00;-8.826677521776026270e-01;1.106400584115692309e+00;-2.687247462781612861e-01;-4.720688718745743272e-03;1.447727708768993260e+00;1.042347978762043548e+00;2.005184216060132751e+00;3.593750185708560752e-01;6.176094782441950981e-01;-2.602520700840695866e-01;-8.191659696012126846e-01;-1.601454575753888054e+00;-1.701884934078346845e+00;-1.723437854631122645e+00;1.080041479985168307e+00;1.530815977127557126e+00;1.585574011336350786e+00;-3.172522791226613847e+00;-8.889969594042215206e-01;-1.572035238113694389e+00;3.538870895127128047e-01;9.089947762390769848e-01;-5.974261062456553972e-01;-1.130360395370713533e+00;1.552968715565935728e-02;1.024223282978283578e+00;-8.460075634055626015e-01;1.202380581512259239e+00;-5.937047645225601231e-03;8.352721986817374100e-01;5.695462150624870379e-01;6.983040246978703403e-01;-7.043456788985369421e-01;9.112158931135047046e-01;-1.933186307333986664e-02
-4.414953175101797855e-01;8.548545419129757184e-01;-8.660643181986404926e-01;4.320853434776383284e-01;1.251792432289834167e+00;-3.130407801877705398e-01;9.852614311577074790e-01;-2.231690073100526805e-01;5.061494979991189025e-01;3.446765536848053757e-01;3.640175416849778522e-01;2.335648381166333942e-01;1.257289282925646567e+00;3.165260716774165872e-01;8.848183895115395714e-01;3.527936228437229538e-01;1.479615257291071018e+00;1.091672696352304461e+00;-7.453763830790479661e-01;6.547445659489310454e-01;4.082595909223346031e-01;-9.060050288643178851e-01;2.865460805688056500e-01;2.994331980507725088e-01;1.438492909971501144e+00;-9.587259097316561673e-01;1.187359408258609639e+00;-7.410188604477992991e-01;-2.698003484661654627e-01;9.899437200415595051e-01;5.508993474642990273e-01;3.686534843861327126e-01;4.156719593938758006e-01;-7.411717715634360548e-01;1.153531464789627314e+00;1.587856749460348979e-02;9.109338477711125259e-01;1.953039476575377242e-01;-1.227622115798040259e+00;3.692434162028734312e-01;6.451474439159537999e-01;2.099697257538869211e-01;9.968980924977760560e-01;1.943585578591709717e-01;1.083779041187861392e+00;-2.468396450287908550e+00
-7.712234324176522327e-01;1.255353892106229496e+00;-1.875426254827260220e+00;-4.399646591239719240e-01;1.923308760114061045e+00;4.571779057419290693e-01;1.805189857163956191e+00;6.500246312145068206e-01;-1.140415482566066618e+00;-6.152821039463683972e-01;1.969213898541557706e+00;4.551442841325245570e-01;1.113083269310198631e+00;1.747424480014035941e-01;3.804219596574795470e-02;-1.822961249283931995e-01;1.167547721404418315e+00;1.464846420735153032e+00;4.283232469508340690e-01;-1.121834826151220321e+00;-8.716855983622884274e-01;-6.915385776739456647e-01;-8.063617135299280259e-01;-6.198567471378347848e-01;-1.142163860075596782e+00;1.965639644227431815e-01;1.724115692884933715e+00;-9.003330749381796561e-02;-2.263159843878123356e-01;1.121526948902433762e-01;-2.089436099061587615e-01;-4.777236669708767036e-01;-3.209611182024181830e-01;-1.475146754017896189e+00;-9.912920206189206329e-01;-5.199775676370658184e-01;2.117302324355625931e+00;-7.970819335995444899e-01;-4.251003993192300351e-02;2.803753496083338237e-01;-1.294955348560799857e+00;1.042509328392105389e-01;1.303955025245983945e+00;-2.052649517926568093e-02;1.608952339987039792e+00;5.231884940424956776e-01
1.862772886741481115e-01;-7.055545030217805769e-01;4.893788993921940333e-01;7.676238395618419919e-01;-1.353358403056865056e+00;-1.014948234151447526e+00;-1.164507202351518167e+00;-4.115894784204590096e-01;-1.517574517462484118e-01;1.803352196884302483e-01;-1.113418702076340416e+00;-5.002619390539974481e-02;-7.328331944954754595e-01;-1.347185840417296943e+00;1.122674578132742074e+00;1.423156163191361179e+00;-8.864315196361497451e-01;-5.462501292248259643e-01;-1.302054813777755227e+00;5.112787687742820220e-01;-1.969824375251280957e+00;-1.274604479647831190e-02;-2.614727609507158657e-01;-6.456998671555500557e-01;5.325110245045081014e-02;-3.083422183310111087e-02;-9.904585188271330942e-01;5.596693518990856209e-01;-1.724115805124053491e+00;7.198526189553260124e-02;-5.672518551964694788e-02;8.854082950695908449e-01;1.292472298837364697e+00;9.241241708471740202e-01;3.093526388060103272e-01;-1.638627014782351177e+00;-1.114356982225603421e+00;2.972095907905276113e-01;-7.832236283681992192e-03;-1.097655673835326029e+00;-4.495710523403282505e-02;9.881420737484463146e-01;-5.425512407127400794e-01;-1.317490865107567855e+00;-8.624781981452819268e-01;5.992641210691611597e-01
-7.370454966175040701e-01;7.901333336628583170e-01;-1.818064612492831911e+00;-5.115230620168844666e-01;9.834162968877816491e-01;-8.130952118667131856e-01;1.841927669650852639e+00;2.055058033889388902e+00;-4.801707093674210114e-01;-2.377653773039933860e-01;1.029152259277345660e+00;8.442866965512949573e-01;8.915236113839253296e-01;1.967557305617222696e-01;1.637149357027704033e+00;-3.536929779701479815e-01;1.472310305780167639e+00;4.133313009580352748e-01;-1.197756711765409321e+00;-4.644440502002915028e-01;-3.199107051844720662e-01;-1.327331966531052343e+00;6.180859363400833389e-02;-3.152152061671083944e-02;7.351679407833100477e-02;3.172016702643530306e-01;3.494444550911723901e-01;1.181096926650582885e-01;-4.226433222608760865e-02;5.663942624744361214e-03;-4.856429180417533020e-01;-6.360999779744290483e-02;-1.798352729384024851e-01;-1.023184159388524916e+00;-4.796599045042688747e-01;-1.413531595717278933e+00;1.489094605790649783e+00;2.691482629462781939e-01;8.706421420032668668e-02;3.940779888819080923e-01;-3.170753092583620814e-01;1.423947917089287696e-01;1.032137078342060921e+00;3.880577033793337072e-01;1.397801195033785859e+00;-5.447609106577413485e-01
-1.666488370221579640e-01;-7.850460652130830663e-02;-4.219237169612072291e-01;-1.140461806215461005e+00;3.234123896401266407e-01;-2.193841504054221847e+00;1.414982312586709756e-01;1.256051273730280249e+00;-7.920725897291780448e-01;-1.327875244815191369e+00;-5.562836751284327974e-01;8.443339487620226125e-01;2.074311907332705984e-01;1.792344584709138822e+00;8.373090991572690323e-01;-1.734613077328127195e+00;-7.272519530642984620e-01;9.237666820876971885e-02;-1.920728539163951698e+00;-9.447252784530669745e-01;8.339190127069624481e-01;1.581058419303760232e-01;-4.861961760420502876e-01;1.975149008351282931e-01;-7.013212340176500081e-01;3.094411982941207007e-01;-1.138712344993344089e-01;1.121238781576877397e+00;2.175628305771105386e-01;-7.396141991762551493e-01;-1.463455899737952093e+00;-9.817720657935872230e-01;-1.556616855628838669e+00;-3.063526366510874177e-01;-1.183972782291216275e+00;4.530874434678210938e-01;-1.533717779267690928e-01;-8.923694716415180306e-01;1.159008734451377753e-02;8.853346974839644279e-01;-9.313301836037943815e-01;4.200164046598919287e-01;2.289700238923294551e-01;4.648358406522564712e-01;-5.358199925855974127e-02;-2.178387143922055555e-02
-6.820300828593540698e-01;1.543794654517809395e+00;-1.369169587492699680e+00;1.992871566492127267e+00;4.827170248766832206e-01;-4.885421516134236808e-01;2.273480181516669418e+00;-7.082400383315605452e-02;3.311982763514649264e-01;-2.370208138364325312e-01;1.519700099306448227e+00;-1.421955645753353537e+00;1.487608742788515848e+00;-1.408881147717624405e+00;-1.004748443911910316e+00;2.101858221205855859e+00;2.262945337819307845e+00;1.936388851459659444e+00;2.706787857712139589e-01;5.698120264364547882e-01;-1.176606697091670650e+00;-6.311762976384980295e-01;-1.029232596070296601e+00;-1.565506732975076920e+00;-4.410629523706464106e-01;6.727973627887452457e-01;1.877495632489251554e+00;6.567412952657158964e-01;-3.179478455869935716e-01;-7.594988811812909413e-01;-1.394580703346149253e+00;1.570838936978165457e+00;1.019482560264924231e+00;-5.178507994727916675e-01;5.341939871657334082e-01;-1.139226131149363885e+00;1.762962881718430408e+00;-1.316417326860196135e-01;1.231981427967954845e+00;-1.505153906751483417e+00;5.460417333551619290e-01;-8.405464880572069974e-01;1.639147249291584618e+00;-8.612274823205976482e-01;1.586700869536970870e+00;9.501189827381293362e-01
3.385282238242366959e-01;-1.092260854402945736e+00;1.095830818036532817e+00;-1.114569422428733469e+00;-7.963598289931789198e-01;-7.897436295647298765e-01;-9.625142680766254344e-01;1.226117865745982805e+00;2.894701924842131846e-01;1.212741056576326804e+00;-1.137139735792841444e+00;1.075318412500797738e+00;-6.734904153126899384e-01;1.021118733834306846e+00;3.823785636379129632e-02;-3.978276634066288953e-01;-5.113760056084466488e-01;-1.126828732043353654e+00;-1.012752480533254618e+00;-5.666961133267519601e-01;6.844356675880801377e-02;5.996744832570010120e-01;-7.449986584905602394e-01;-4.002247750029862550e-01;-1.022407643391047394e+00;7.073750051902175651e-01;-7.793227160538171994e-01;-4.118618234813785361e-02;-7.400451791280051594e-01;3.798245880284648601e-01;-3.300572062647920690e-01;-6.693138702205775337e-01;-1.532768502444345149e+00;3.736891222771049348e-01;6.498547693692341420e-01;7.562450424213522648e-01;-2.940014665242716152e-01;1.149793490281371788e+00;2.754968053831615693e-01;8.717018967245682148e-01;-3.564584778749200211e-01;-5.386288732521733458e-01;-8.677524575035606702e-01;5.184582785660765691e-02;-8.152813772252780478e-01;1.282610457518773783e+00
5.234002672046480509e-01;-7.038664393115047213e-01;1.032651086450661282e+00;-5.705382177250690329e-02;-7.959112523409245243e-01;-1.712218660764937631e-02;-1.700952485757207810e+00;-1.325786650300712077e+00;9.589921661536613406e-01;-9.478007974397422153e-01;-7.947713980438394499e-01;3.905816005171221517e-01;-3.499594600931688060e-01;1.139331372886566607e+00;-5.414908966985861882e-01;-1.707371863667322298e+00;-5.932836131573947513e-01;-1.098183190845936741e+00;-5.143089375960756549e-01;5.137991764237392900e-01;1.513095773954179935e+00;1.024571946518881393e+00;5.601804813168833608e-01;1.130685892491940292e+00;4.757652227006287649e-01;-2.419630895524465392e-02;-1.006109071905727959e+00;5.038935049754365014e-01;3.939775898795203068e-01;-6.913795861670407605e-02;-2.626548386090861165e-01;-1.974300796582370010e-01;-5.618268065580634962e-01;1.101252105976979978e+00;-6.263533080353433924e-01;1.647619505260196293e+00;-9.239079848062446976e-01;-1.113995051914285495e-01;3.669467241031449944e-01;6.221195149948627323e-01;8.437414187862005699e-01;-1.806461247001214243e-01;-7.644934681058357384e-01;-1.194206643991363670e+00;-1.042859635530823725e+00;2.150763956656246645e+00
1.423458152637636864e+00;-1.205377973639162326e+00;1.822382555568818452e+00;3.703108819959138320e-01;-1.018571140534366037e+00;-3.378795349627096156e-01;-1.354082950332051505e+00;-1.552633346218366128e+00;1.599194917179201370e-01;6.808242789477871870e-01;-1.199550882116488637e+00;1.840487679546628716e-02;-1.921260480076425026e+00;-5.601045308398975298e-01;-6.732503837954484371e-01;-2.965725362831644896e-01;-1.541655520641740607e+00;-1.690982180497498932e+00;-2.565129095487777566e-01;1.219485715619530231e+00;-6.212464041113303637e-01;1.577555020388105911e+00;3.973217645036796752e-01;5.907827887877923345e-01;5.098894025237395988e-01;-4.072211332739320566e-01;-1.815432240150051557e+00;1.302157763170311566e-01;2.546630865251436893e-01;2.090678816882285962e-01;2.785739841242251269e-01;-4.711582649841344894e-01;8.007321916790888228e-01;1.091433546922609743e+00;5.241339476813692277e-01;-1.656935701143324169e-01;-1.570850829853245756e+00;9.015652905226968494e-01;-4.606370939499561667e-01;3.663930419721233428e-02;1.309847519970713803e+00;-1.561347500900749585e+00;-1.416008803558883589e+00;5.695095706001931379e-01;-1.675667809998554691e+00;4.684878785500223297e-01
2.393601647516011344e+00;-2.049527246977680850e+00;1.613765793173834506e+00;-6.104724964577125101e-01;-1.763859589381207904e+00;1.045092902658655953e+00;-1.178260375206402699e+00;-1.805260350552729376e+00;-1.713366396447834950e+00;-2.772384944993251388e-01;-1.410582920233147464e+00;9.029160202618281561e-01;-1.252732869818516503e+00;1.436927847261076252e+00;-3.059862847484897674e-01;-6.367319859835915974e-01;-2.269841186345999073e+00;-9.682542311771002996e-01;7.871550036296314223e-01;-1.506858714246451791e+00;1.118276012066935055e+00;2.497345424479674669e+00;-1.258206273569852707e+00;-8.237566764811353748e-01;-1.456686694577816965e+00;-3.870786643926431014e-01;-1.175732410237674275e+00;5.560922158217959099e-01;-1.487851095410395841e+00;1.933974934962067183e-01;7.948206974199175656e-01;-9.409446493025477309e-01;-8.284023922733180223e-01;6.545113485893171434e-01;-6.510932528068905656e-01;1.070821170174389270e+00;-1.421389608653628622e+00;6.082187213816295790e-01;-3.716039195310842924e-01;1.355786282321564951e+00;-1.978128368466110620e+00;-1.712645345338846825e-01;-2.108029797603534927e+00;6.792745503569268539e-01;-1.700256137414243307e+00;1.086010597036628778e-01
-1.711003093175428535e+00;1.415093298850979231e+00;-9.619180987345208322e-01;1.040609034490090457e+00;1.453364711547582733e+00;1.083399235888252710e+00;-4.970866390227234727e-02;-6.131356115045935029e-01;3.735887184798564742e-01;1.917685211344977825e+00;-2.101897617299889331e-01;-1.726845392919445832e+00;1.036708874487886067e+00;-6.164833280004753391e-01;6.290112206566056408e-01;7.498058832552776387e-01;6.802086168932122145e-01;1.129189826542824626e+00;-7.378422359024336963e-01;7.341927343768570591e-01;-7.091289423300420891e-01;-1.692119971064476314e+00;1.515159559384653853e+00;7.743269665380529965e-01;1.380945573472992072e+00;-2.016472271711256425e+00;1.313677543431545747e+00;-5.409098331604595966e-01;1.219078620004035329e+00;1.820434575890382156e+00;2.156311488259395226e+00;1.412671047038803529e+00;1.241494500676339818e+00;-9.869376857738120234e-01;1.019695990847543587e+00;-7.393401145664308949e-01;2.098831970886191334e-01;1.934541627417671217e+00;-2.066834035302155925e+00;-5.484607927748599288e-01;7.310568096956098216e-01;1.404807098734953241e+00;1.484261076070327423e+00;-1.213807741568466714e+00;3.853949486571930927e-01;4.162435166580183421e-01
-8.857702550496946436e-01;8.456503445388232620e-01;-8.978265537804480667e-01;-2.603390500180357003e-01;1.085972457643739508e+00;4.873450808927030919e-02;1.134937520864372829e+00;-1.020055045944038979e-01;-2.829653996457076381e+00;-6.407497861132045447e-01;4.976661612967495651e-01;6.448756411917073716e-01;8.433909155882263198e-01;1.410538162766245218e+00;1.178455458292412272e-01;-6.079639067312126999e-01;6.487112007730796437e-01;1.454171444331889385e+00;1.183263053704231682e+00;-1.447380716957566094e+00;1.722747908360296343e+00;-7.553695524231174296e-01;7.861025382416937379e-01;1.015203929985037057e+00;1.140051928226816225e+00;-3.443111343418271408e-01;1.390980516211620888e+00;3.695041940708826966e-01;-3.472954263511479067e-01;9.041295711632581222e-02;-3.635763011053594895e-01;-7.271087001974224640e-01;-3.448118427597529623e-01;-8.570439539989896938e-01;-3.359235839651310007e-01;2.302946014272953867e+00;7.672815087962030489e-01;-7.938806240049568475e-01;2.958027033978989917e-01;1.687500220761921632e+00;-2.123954378485564121e+00;5.531587406555193986e-01;8.687871086864618064e-01;-6.146459726194671846e-01;7.282562988712271146e-01;-6.376588218967437216e-01
1.283898759054464822e-01;7.451494662918739520e-01;-6.641963133387072116e-01;2.863417636468630900e-01;6.987097047218062684e-01;1.388888682055550827e+00;5.283146837875424273e-01;-8.907779455641116062e-01;-2.084589771620951881e-01;-1.108362903371592711e+00;9.582138778998532391e-01;-8.034323752280490005e-01;8.591646583829708472e-01;4.411703458880795736e-01;-1.612728182332164584e-01;-5.511204625544526836e-01;8.536587958789531028e-01;9.159886977953727305e-01;-2.433732754670357767e+00;-9.506305841758033726e-01;2.627979117437027543e-02;4.630123630232946264e-01;-1.130078555226409431e+00;-8.078692095350135105e-01;-6.178506465769062483e-01;2.085649755230084335e+00;1.030581645672656643e+00;9.095893163715730312e-01;-1.322337207423296412e+00;-1.025295811390345868e+00;-8.236281425306781756e-01;-2.522585759327971577e-01;4.390551311445765881e-02;-2.076661418709601081e-01;4.798557681061980940e-02;3.295740045758155934e-01;1.029928030066352029e+00;-5.530528023202502252e-01;7.566428589728081411e-01;6.398263367810556046e-01;-1.075924009083189858e+00;6.540662006547018903e-01;4.143808207077235850e-01;2.285477592014637238e-01;9.650635962532911893e-01;7.682229484117575335e-02
2.348433646000641639e-01;-2.635523750700401457e-01;4.786798917492849914e-01;1.418338558807972216e+00;-4.254530860167898831e-01;1.098256298105458217e+00;-6.926454768897171155e-01;-1.045242171741866732e+00;1.117554160094692328e+00;5.696973427580153126e-01;-1.025653772850381840e+00;-9.310412748421160734e-01;-7.747503687653293225e-01;-9.084605264506205868e-01;-7.352750579377482776e-01;1.797547435425511431e+00;-9.014862530656164719e-01;-7.203510786570788138e-01;4.413114520773434579e-01;1.597160405559859830e+00;-9.568401675231948955e-01;3.777660617726906755e-01;2.394096334579960850e+00;2.088584274235524063e+00;2.405154060022248519e+00;-2.263635326350859955e+00;-1.098403938568278004e+00;2.280132588026642093e-01;8.472097963218047090e-01;7.543671652537662364e-01;1.638417494488747739e+00;2.504506487104333767e-01;-3.226527739100517600e-01;1.115270181686844886e+00;7.407313665734549524e-01;-7.160851221430775126e-01;-6.407995381823801129e-01;5.364030264167194417e-01;-1.318465557817219302e+00;-9.638968464637102107e-01;1.735380932770842266e+00;-4.382610353792198987e-01;-2.236004893447580966e-01;-3.766511421330110410e-01;-8.293493817942126922e-01;-1.375497435724659878e+00
-1.484863427624749654e+00;1.815732918916644234e+00;-6.998575755961840006e-01;7.484508078449497726e-01;9.401697221607917543e-01;8.879775305690982279e-01;5.456691856336410851e-01;5.805205496813709010e-01;6.589294943080589162e-01;-7.707866438012893617e-01;2.880133362988924750e-01;-8.140341096430061540e-01;3.643788313911319743e-01;-1.196555420497125155e+00;5.248523147496868546e-01;2.230452961977365423e+00;3.784486225266425197e-01;-1.054527546982157449e-01;4.104360214871105028e-01;-4.006242976269309142e-01;-1.286820336696897993e+00;-1.280384776390089074e+00;2.521328241990831720e-01;-5.092107775659897306e-02;5.349723233310103021e-01;-8.850669543089101365e-02;-7.736515768506455754e-03;2.895512269999342414e-01;5.577479404565075516e-01;3.557843830952013842e-01;2.053916150500293136e-01;4.713269917570975243e-01;-1.416042364976419776e+00;-1.261264021248418521e+00;-6.165076025599283138e-01;-1.817680220132626978e+00;1.416807102348675296e-01;-5.817853514474499166e-01;-2.976276573635847633e-01;-1.135387293003657927e+00;-6.130360909390025065e-02;-8.697453337279954511e-01;1.607228662912375317e+00;-2.695947071003053641e-01;2.549587262903590945e-01;2.242414809343020732e+00
-5.683107036153993707e-01;7.583020273089492724e-02;-1.727559224524964354e-01;-1.507596928897954151e-03;-1.358406414152363573e-01;3.268719569084950760e-01;9.176186718926359065e-01;-4.371026201212640516e-01;3.803636853093306791e-01;-6.271765599659349100e-01;-3.437483223788856956e-01;-7.407829832648765711e-01;-1.890469193936974712e-01;5.760316422097273570e-01;1.892430706712397437e-02;-1.016750377942045702e+00;2.969050811917315347e-01;-6.392825865141256170e-01;2.669302411185673907e-01;2.025776983392859332e-01;1.867258918839373727e-01;-5.809536576871494606e-01;8.552808503681251784e-01;1.256168203113561921e+00;8.730402855856198574e-01;-2.034137832066338636e-01;-5.218117959104542347e-01;6.321100634104679372e-01;1.204483466617072063e+00;-8.493088702820343616e-02;1.334772361450746458e-01;-1.286507119041304381e-01;-1.333074791920972446e+00;-3.429648624826481806e-01;-1.032321620865074729e+00;1.758166311433956297e-01;-6.300477173977897527e-01;-5.208135193467594570e-01;1.503974414937493120e-01;-1.746144934789658487e-01;4.319629296830112541e-01;7.754408348945642793e-01;1.427684749383476837e-01;1.083026887502076541e-01;-2.327286203227327613e-02;-2.418207050501008371e-01
-5.016098228139219684e-01;1.956112673870531671e+00;-2.053089399736288456e+00;-6.020214957179884259e-03;1.247434236002384678e+00;1.029132169262304775e+00;8.090724263853202869e-01;-1.379509594100170045e-01;-5.155412094974659576e-01;-5.107599419387620632e-01;2.195474283829614404e+00;1.052763948277220640e+00;1.719145040335579466e+00;-2.755362750888807888e-01;-3.538266447224905353e-01;-3.114036988786156313e-01;1.844616020573860427e+00;1.953771088505482867e+00;-6.351669060815615109e-02;-1.132158272353086526e+00;3.947191096929223431e-01;-6.578457113785225463e-01;-7.879273547726003968e-02;-2.931737555994412547e-01;1.326319960015386601e-01;1.299038658145280634e+00;1.843609927505330148e+00;-3.896441790248001968e-01;-7.844043956270093654e-01;-2.540124905854370674e-01;-6.881306173772060442e-01;4.291938096349058318e-01;7.162858122614365053e-01;-2.207684632906501132e-01;-6.961940778813181518e-01;-2.124014668249429860e-02;2.329533618125964267e+00;4.960607405030153377e-02;7.265039616690250890e-01;-1.825667689275643213e-01;-7.528834112065626583e-01;-2.692354607151644652e-01;1.990085543396453938e+00;-2.084703056820706168e-01;1.720951583841034749e+00;2.284782352703455199e+00
-1.193730221865895835e+00;1.021661577993777659e+00;8.949445318238405389e-02;1.428639975950286800e+00;-7.713934533958710649e-01;-1.767925081125069520e+00;2.507413568529310854e-01;-4.165443093312138356e-01;4.115290099605065643e-01;-8.835326238184678660e-01;-3.979127581070559527e-01;-1.418441346540028736e+00;-6.421235016833827247e-01;-2.001210271248953010e+00;-1.315459588647077016e+00;9.556684722622533767e-01;8.014325531923707432e-04;-4.371907366559624752e-01;9.243562883634228733e-01;-5.508220917176322867e-02;-9.200309129944298503e-01;-1.397690145324798294e+00;-4.379897443881685670e-01;-8.545041484370055063e-01;-4.482788249610336062e-01;-7.032059402825199257e-01;-4.794572390618492275e-01;-6.553454171003194606e-01;-4.956717899665178950e-01;-2.053528482675144318e-01;-2.790815727162490045e-01;1.916907067082167071e+00;2.648958870922128117e+00;8.274039046108742079e-01;-1.330317982455835324e+00;-7.909526569943325924e-01;-1.935448795302582847e-01;-1.658878914489424705e+00;-3.897144505933562431e-01;-9.085272070979856229e-01;4.171666406394866078e-01;-1.143814488469132140e+00;1.133901769561479700e+00;-1.580457549221174096e+00;-1.365536596622323462e-01;5.694594258889794647e-01
-1.027072895759736593e+00;6.964358286048510926e-01;-1.404883341017942877e+00;2.009165553252183212e-01;-1.044611428376213680e-01;1.846058538398760884e+00;4.940085990738251609e-01;-3.735009800111472322e-01;-6.132331870501877003e-01;4.599443539381116164e-01;1.171578430080682409e+00;-8.423495087937659109e-01;1.646143426169810908e+00;-1.334559301186768243e+00;-4.897464842698470155e-01;-5.716980490791553210e-03;1.590802283426592245e+00;1.950809785670807761e+00;-8.332190952059330413e-02;-1.730169569923263539e+00;-1.183266947536368630e+00;-6.089538783043005887e-01;-1.055380321411506950e+00;-1.817802709170330377e+00;-6.619818998038909941e-01;-2.741987330236622444e+00;2.116340119793711949e+00;-5.885322050848436071e-01;-2.445205909332790473e-01;1.347759856178838422e+00;8.116234976380050092e-01;9.158245328266584329e-01;4.255238034170563677e-01;8.539235834598429831e-01;5.211065017227015650e-01;-8.029068952755877842e-01;1.235761992817982158e+00;-3.016406449023772418e-01;-1.453937409826205451e+00;-1.151671092217036119e+00;-1.387134890457360381e+00;-7.054567294724516102e-02;6.831655924678522451e-01;-8.187594126752626433e-01;1.313999132418769866e+00;7.675511313778093925e-01
-5.827915726634537164e-01;6.026470221953020845e-01;9.870025565651803501e-02;1.942544141257444679e+00;-4.375341615355192726e-01;-1.512489838518811913e+00;3.395578960090520071e-01;-1.039499556240390588e+00;-1.076040743385680010e+00;-2.316336757276528324e+00;1.394636033335114600e-01;-1.162383931042180629e+00;2.327169844179940439e-01;-1.861715624095633181e+00;-1.162195939954386414e+00;2.166388850893948614e+00;5.140683325180566560e-02;7.714991001752942446e-02;-6.175064698478137659e-01;2.755343339921974000e-01;-1.609841719567578933e+00;-3.873240227242210065e-01;4.284325577922691863e-01;2.141051545396547018e-01;4.876880262875937233e-01;2.297483677146523462e+00;4.707670524767105374e-03;7.395332747264916629e-01;-1.467191708197151112e-01;-2.225451312148177596e+00;-2.128793581744599983e+00;1.869351774157548940e+00;1.995328720509684128e+00;1.009317265218914184e+00;-1.844302131619732332e+00;-8.685739807385646216e-01;5.299301904549373887e-01;-1.546599847528446814e+00;1.674232862839042824e+00;-1.374941035948661572e+00;-3.370034551651544530e-01;-4.863121472121056943e-01;3.279867217149192160e-01;-2.586592912492724494e+00;1.345750635921790506e-01;-2.160829867314844610e-01
8.623218562752422711e-01;-7.593298203549687653e-01;7.914035062959866584e-01;3.977597902802382235e-01;-7.445879603572301830e-01;2.302129488651538103e-01;-1.010931591783267081e+00;-3.048810309725543122e-01;1.122030045586386748e+00;4.683244859875381194e-01;-1.205812958683335046e+00;-6.172831938629752546e-01;-2.065839461623855122e+00;3.873205750223958632e-01;-2.050151395170515811e-01;1.197550616088108200e+00;-1.163714697684076205e+00;-9.465908901727446700e-01;-6.155937977937447902e-01;5.920462314283111427e-01;7.554211046115995032e-01;8.536153133717734320e-01;-1.012128336913771909e+00;-8.571073807616813589e-01;-5.555563405469475802e-01;-9.262946417526505272e-01;-8.223551719530115545e-01;-2.043491652709612805e-01;-2.306034608876053882e-01;6.596616217028273832e-01;8.410357370348398032e-01;5.009130947044608817e-01;2.632631019858177601e-01;1.224864609347968925e+00;1.016017200249336394e+00;7.409751164379658750e-01;-9.864987607081757703e-01;8.017401525802558826e-01;-7.136775724081407812e-01;-8.176632362894317163e-01;6.789072119622386881e-01;-5.497228983700618299e-01;-8.037162562298587609e-01;-1.788734184429777718e-01;-1.202909146010292307e+00;1.467436184221073969e-01
7.642039124241888359e-01;-9.212101652613668978e-01;9.040645112034848552e-01;3.299270196783737341e-01;-7.026012763209833478e-01;-2.201019885509206464e+00;-1.284110026347717315e-01;1.699049078875156937e-01;3.328930482190191054e+00;-3.653812219190979427e-01;-1.748951562862882447e+00;-7.351829496243239559e-01;-2.800350801342251783e-01;-3.096491419446947835e-01;1.112690598709576095e+00;6.656120652443985042e-02;-1.217940439989996904e+00;-4.674841701144056283e-01;-5.407340323882292576e-01;2.195496640283150391e+00;-4.134216766899614370e-01;9.918927967331030437e-01;-2.118194906775578534e+00;-2.133125508334724252e+00;-1.890436682356567033e+00;3.596550909558685061e-01;-5.069165356875094952e-01;1.244861599290563392e+00;-6.938523947016309590e-01;-1.551801090464740129e+00;-1.074868998650036822e+00;-5.099626879503310617e-01;-4.904502530950701766e-01;1.092174967704227784e-01;1.561344879575154720e-01;-7.760765371189384254e-01;-1.704449678027640802e+00;-5.325928354808866505e-01;1.331600876638906028e+00;-4.789869351144189491e-02;2.646269181843602603e+00;3.379668963928550984e-01;-1.097875770093438064e+00;1.208216741864761135e+00;-7.707150608560218163e-01;-2.812680378424532446e+00
-1.000733383267269572e+00;1.084152956995450445e+00;-1.240779786071098956e+00;5.460400374519072120e-01;1.424997129750031677e+00;8.995328349194241513e-01;2.009972264797398989e+00;1.110492985139482247e+00;-1.605009822431214372e+00;-1.142230502164726547e+00;1.554214147759514164e+00;-3.598573780238797926e-01;1.759423823904474604e+00;4.204556495804064320e-01;1.793483469042734368e+00;3.419419783715579308e-01;1.465481893564619664e+00;1.668705485939354194e+00;-1.613040332917833053e-01;-2.029364781153162323e+00;4.109359053646133297e-01;-1.131574712694396245e+00;-1.350164002978381683e+00;-1.418799345475339146e+00;-1.519920621825182838e+00;7.179124904322119471e-01;1.958725695112397247e+00;1.783679322976392312e+00;-1.409142319771536256e+00;-1.676600933261653159e+00;-1.111055415175078220e+00;-1.901066127470704969e-01;-4.904023813796123399e-01;-1.666097113287156484e+00;-1.001457550452954592e+00;-5.827343723302446099e-01;1.324822048882547065e+00;-4.336782683846429620e-01;1.314014149309890245e+00;3.177330140756849386e-01;-1.677189899427358855e+00;1.751076860064687102e+00;1.113855695610938668e+00;-9.528302887238035979e-01;1.720685585003924434e+00;-2.551541296879268894e-01
1.186933960122991794e+00;-8.105560466410564047e-01;6.989513981424099187e-01;3.930574939650902655e-01;-1.201774753738239498e+00;-1.536468528208759787e+00;-5.137586965818305984e-01;-1.402771484140964420e+00;6.745462829511701397e-01;-1.907284413876790152e+00;-7.346601461970331259e-01;-8.187407382367967168e-01;-1.552528206482316486e+00;-6.018109618834377450e-01;-1.101703282966322917e+00;4.609455628676437655e-01;-5.977001387584637282e-01;-1.225071683207406004e+00;-5.347305343206186501e-02;1.288016471515865680e-01;-4.448539633310690800e-01;1.328888710787830885e+00;-1.974872381969841051e+00;-1.720808799681179391e+00;-1.594117933786330488e+00;1.995764285256876658e+00;-1.793271005495202575e+00;2.743948632729974246e+00;-1.253848906160844434e+00;-2.012538498313456881e+00;-2.034347424823470529e+00;1.435537851841552082e-01;-5.492270421247850143e-01;8.892437264255348417e-01;-1.634704288997273158e+00;5.299228592408576910e-01;-2.423808460006083854e-01;-1.049257552587980591e+00;1.683574401910562957e+00;-2.250873879323581073e-01;2.086856266285688766e-01;-1.330668155208608872e-01;-8.385826992446090422e-01;2.850201090308306373e-01;-6.524004079497941477e-01;1.849110245682031417e+00
-2.719847319800712260e-01;6.303018674044432723e-01;4.853040480083056774e-01;-3.325849130740616832e-01;2.070760776636770828e-01;4.717520677530441797e-01;-9.277528986658217791e-01;-3.333032589975228888e-01;1.560760169257060737e+00;9.157304994946314364e-03;-1.195726527368818015e+00;-2.534596925935552747e-01;-1.215488528629202536e+00;-3.663446326452056701e-01;-4.157232436964641148e-02;5.450330287934680440e-01;-9.943983799162982029e-01;-7.176297001597456982e-01;7.153711076645316580e-02;1.319303400916287838e+00;-6.102320515859849248e-01;-3.821814133020073334e-01;-9.965388092902058847e-01;-9.337538195367364180e-01;-6.606000963973469586e-01;2.036368685452116523e-01;-1.225944681960094540e+00;2.576379130633414324e-02;-1.431152825787503025e+00;-4.936035659833188927e-01;-7.816919324733556662e-01;5.093402329669737272e-01;-8.613204838139684738e-02;-4.179774717198080913e-01;4.854888139433017336e-01;6.039717119557555525e-02;-1.047298571744059270e+00;5.394094932225262234e-02;1.233583805639139330e-01;8.870360958575452814e-01;1.193231741817599723e+00;1.025596940288490799e+00;4.120476678527783543e-01;6.981553050620954715e-02;-8.484092523841370026e-01;1.062522302064642377e+00
6.677555142938708110e-01;-4.620588158535093859e-01;-5.983899967479463511e-01;-6.058039396225134432e-01;1.423036859435221901e-01;1.003652417250984863e+00;7.366172694481192273e-01;-2.268243846851114021e-01;5.845319029520578136e-01;-6.347561932183624078e-01;4.307500236755916756e-01;1.444228287350434181e+00;5.545719313431644037e-01;1.197775407527220004e+00;-3.464627714843319661e-01;-1.293580444806329277e+00;3.527359539358435048e-01;6.614532049204613351e-01;-2.770822515936455677e+00;1.477736762314410424e+00;7.841609752174927284e-01;9.566837095411698799e-01;7.161344518621261257e-02;5.148947710435468617e-01;1.586041116232556336e-01;1.234439500728319317e+00;5.710919533302242224e-01;6.093197735694122485e-01;-2.595743763991734468e-02;-1.474671251565599528e+00;-8.113958479052021389e-01;-1.555809808911054359e+00;-2.118502137272782360e+00;-2.732611704303013478e-01;-5.513798724833652853e-01;9.615404935996108016e-01;4.515046738152428407e-01;-4.584566254573248512e-01;1.048910618752741275e+00;1.642379178465606104e+00;1.425290001286102726e+00;-1.551092865347710181e-01;-6.670632135643975724e-01;5.770966315163092997e-01;8.189597259559266984e-01;2.256005298798945180e+00
4.784025287525593972e-01;3.617507770724327776e-02;3.579038813140470454e-01;7.482203604616056714e-01;-1.824259787645004793e-01;2.055731155267778165e-01;7.831067984862297715e-01;1.219857312278487677e-01;3.525725992652096741e-01;-7.205961100993621971e-01;3.878135934972615773e-01;8.521517232997471991e-01;1.675959258156866916e-01;8.219839835015423091e-02;-3.440297779567597081e-01;2.002131057489068056e+00;4.201291511635099618e-01;4.758587010442544840e-01;4.177785956616282548e-02;5.898439315857276766e-01;-4.962766586249103828e-01;3.673116407490052415e-01;4.660903424148835072e-01;6.563252671809285399e-01;1.908647986642507954e-01;7.439027928612753637e-01;1.249908752284043939e-01;6.085841165559866539e-01;-6.809247852407904755e-01;-2.663108575120256005e-01;-9.812534968626306364e-01;3.056950622283335917e-01;-1.127193063263083328e+00;2.936305381881081367e-01;-1.172212246885630194e+00;9.488142442572398971e-02;4.097788102241815555e-01;-4.397952105698418879e-01;1.102501779617280242e+00;-2.444390245934202066e-01;5.691695949119498499e-01;-9.596180575447657013e-01;-2.110092324222241633e-01;4.198275944523540693e-01;3.024868070214397076e-01;-7.352855787500689466e-01
9.052806223384358697e-01;5.746747695932148681e-02;9.141764093023347915e-01;7.289036392938523512e-02;-6.212083099785340456e-01;1.205367360485600781e+00;-6.293543047923229050e-01;-6.955659748893640304e-02;1.675954332057844276e+00;-6.886742278582091981e-01;-4.526711195884121630e-01;-1.019864616927608880e+00;-4.635892987925819275e-01;-1.623455982912309914e-01;-2.284333795623533780e-01;-1.526719108420665771e-01;-4.498703012237936782e-01;-7.591241813697707785e-01;1.302148341290398248e+00;1.944252234337774610e+00;-5.297328135400961591e-01;8.144461220761290976e-01;-2.262206228327175328e+00;-2.415632076002270257e+00;-1.435185925029912823e+00;1.070546445442833505e+00;-6.088229809368563838e-01;1.755796705738916774e+00;-2.634045316550972515e+00;-1.164954529141963846e+00;-9.483904775668630105e-01;5.476992126462331134e-01;7.682063065599985530e-01;1.877531422260239280e+00;2.174486318499722071e-01;-1.089062067179608767e-01;-2.846179786880727591e-01;-1.039321710917833652e+00;1.419180315488759003e+00;1.731043046190155754e-01;1.908074159759664212e+00;1.499510985795230456e-01;-3.232798232024999829e-02;-6.899253979762378641e-01;-4.315507851567588204e-01;-1.127262285740149750e+00
3.703743946708135670e-01;-8.507291430443081337e-01;5.204718541996640191e-01;-1.437259428404549455e+00;-4.463501848359997526e-01;8.106496526584469620e-02;-5.342811953394226432e-01;1.433590079179766254e-03;-3.608126927175204224e-01;-5.962348237728436473e-01;-3.563968707926271628e-01;4.785336478938430615e-01;3.982831503419764080e-02;1.009434860964810027e-01;1.293366014941769393e+00;-1.023236532797899168e+00;-3.716758354177591706e-01;6.245810972164687058e-01;-1.206110778997867339e+00;-6.781187628374099052e-01;-4.181358915987993807e-01;5.799494407333863899e-01;-8.737208592985516997e-01;-6.044997189620564537e-01;-1.206857662884370797e+00;2.409990198041032927e-01;7.360175563766534479e-01;1.841075033246703241e-01;1.064584788587983333e+00;-9.877927099985776005e-01;-1.419229259591897607e+00;-1.511049666529311164e+00;-1.476391991630932932e+00;-8.485932853199904535e-01;-8.379456397003750556e-01;-8.053077092894320721e-01;-8.207297252767608020e-01;-7.744321991167210095e-01;4.532102734869844496e-01;-1.234657828904667104e-01;-5.620341058184420424e-01;6.691664105214538416e-02;-8.111891537667297314e-01;2.049037183951587959e+00;-3.207564367073247324e-01;1.173461295728958742e+00
8.689046159051388996e-01;-1.009587691985742053e+00;5.470706105190964452e-01;3.322767001334438475e-01;-1.311372120706963074e+00;9.920896275992867608e-01;-2.106734531238530495e-01;-6.616370205903463475e-01;-5.182999227473787940e-01;-2.106987702845277699e+00;4.159075525681779073e-01;2.190343825334770678e-01;4.710791342402007031e-01;-1.220573823339015318e+00;-1.146862546163380348e+00;-2.891715954305645320e-01;5.210696904208925728e-01;7.833681437038959861e-02;-7.372512421852859266e-01;-1.097794613668188868e+00;-9.281397836888845010e-01;7.339170471098176440e-01;-1.096215343839971185e-01;9.076668659559766761e-02;-5.251721282414519854e-01;9.540116010367705179e-01;2.500431524702499964e-01;2.272555985356709218e+00;6.328484143810106932e-01;-1.679863409749519532e+00;-1.122766652811293397e+00;5.386385521827026235e-01;-2.674863488548719914e-01;1.088537154665759621e+00;-1.133176239886321879e+00;-7.699891110255050464e-01;5.637959152252202122e-01;-1.296471646800599009e+00;1.709968607576093147e+00;-9.846841303852638116e-01;-7.962878224029754648e-01;-1.392673042186746146e+00;-8.809286007868123436e-01;4.556181690618258950e-01;1.725523150870334754e-01;8.824012397601733726e-01
-8.806663574182188592e-01;1.263537423919663505e+00;-1.461317302627298753e+00;2.510688770399027714e-01;5.607053902283207769e-01;2.592211599377449160e-01;1.639694295800406154e+00;4.819855774549866023e-01;-2.936141860783334501e-01;1.025817078428175266e+00;1.257020193354921656e+00;-8.668142103359980366e-01;1.770031505530394567e+00;-3.931789727023576320e-01;1.166596762468597337e+00;4.425208606008329548e-01;1.444048280768386983e+00;1.297140539124231662e+00;2.319316409234197796e+00;-3.057214016657062716e-01;2.894329887903936138e-02;-8.136648354475966016e-01;2.119157810504019579e-01;-5.374405404324835711e-01;5.699318979968552856e-01;2.965947704254163209e-01;1.056785652129449415e+00;-6.145087942987855767e-01;-3.805102331324949350e-01;-2.915933337842232520e-01;-3.241665167930859459e-01;4.030395487571362678e-01;9.346603205861266916e-01;-1.091619175476940873e+00;1.149347854925881762e+00;-7.763420130567945110e-01;1.224491055458085897e+00;1.507490130823127439e+00;7.696343613871928224e-02;-8.604161681607936929e-01;-2.302641148016974504e-01;5.022456888465252067e-01;1.251669816411397074e+00;-9.735282456255281991e-01;1.477151347792263092e+00;-5.089832679878898425e-01
1.132658597073232576e+00;-1.602154470519682850e+00;1.300821420947114726e+00;-2.352230340181478585e+00;-9.882574823168465139e-01;1.189402568178595354e+00;-5.571854937435999355e-01;-1.581603468455009098e+00;-6.728909771222004732e-01;-2.674058060824672789e-01;-5.771155477754729146e-01;1.087567351169196783e+00;-4.887283890010182263e-01;9.528753328587961091e-01;-2.693502323340876692e-01;-3.562416290822703058e-01;-1.806642876181537571e-01;3.090410976297235934e-01;-9.531239214614450894e-01;-4.716793580224538096e-01;-3.898648796265385408e-01;9.194076459534225032e-01;-1.140017924256361947e+00;-6.979652074634099534e-01;-1.185490505929814864e+00;-5.473824365035137030e-01;4.767074474938708395e-01;-3.861327580295809692e-01;-3.557414524995416300e-02;4.008902779603841227e-01;3.415841481593016593e-01;-1.056668745288464439e+00;-7.021873407829479774e-01;8.669821866340695626e-01;-3.229467017363625847e-01;8.333186098249748541e-01;-7.193595240040578931e-01;-1.166699432612786774e-01;-4.292395941559334349e-01;1.004799553812966595e+00;-5.886543594456024042e-01;2.769146550829183484e-01;-1.484885817667491503e+00;8.550704852318374849e-01;-6.125779149476611174e-01;8.389937335097872317e-01
-1.362177447081225623e-01;-8.326168963040232462e-01;1.204803016781291536e+00;-2.322586499829143669e+00;-8.309166748923159096e-01;-6.962551543875188376e-01;-2.529956804794741387e+00;-1.157581021981222591e+00;5.174201542753583682e-01;1.225445601389943517e+00;-2.055457654691616565e+00;1.989548554433116789e-01;-2.371235282300184988e+00;5.887038704981327752e-01;2.801163307328416452e-01;-1.165848109225746221e+00;-1.833312023961477077e+00;-1.861469903446044682e+00;-1.141702959888599045e+00;5.487922098577523444e-01;1.341364128792011723e+00;4.470807024564279336e-02;-2.276089543540906479e-01;-3.200813026861037969e-01;-5.298115359819594028e-01;-1.220876261878182101e+00;-2.124368305192010808e+00;-5.771807753409743946e-02;6.447257988293610964e-01;8.708016194069286842e-01;7.613790855557277526e-01;-1.354788923541655032e+00;-1.204249122714110776e+00;1.945355953382639155e-02;1.354742030877797099e+00;-1.075108094650694263e-01;-2.169110915879787882e+00;1.059065780699846693e+00;-1.705796427982913421e+00;6.876974208651284726e-02;3.772080450384734385e-01;1.097605533500526809e+00;-9.738591584824909386e-01;6.340074978467523659e-01;-1.933000393038603049e+00;-1.727331132403966407e-01
4.943372362108928719e-01;-6.069652898889903447e-01;-4.488778671519710328e-01;-1.464509531917328022e+00;-1.143553786173403392e-01;-2.538642437475823743e-01;4.083567358978064665e-01;1.040887822393670836e+00;-1.108608485339483751e+00;-1.041521625530514861e+00;6.999563786783002950e-01;4.201038095328729627e-01;2.700306221378662719e-01;-6.483398605183553209e-02;1.584916419661931974e-01;-1.083825666518240194e+00;9.912649030633574609e-02;-1.322184341275004504e-01;-5.688354744916359618e-01;-1.331220825258452978e+00;1.812451754936507120e-01;7.585879001766645535e-01;1.220895432717628681e+00;1.632207449872322913e+00;9.844006499463761051e-01;6.775262271715761786e-01;-1.886472478684202148e-01;5.934906703038528297e-01;1.083846528480118421e+00;-1.219806914709652412e+00;-9.725722111696902816e-01;-1.238479410893521537e+00;-6.791660526358149763e-01;-3.184001116675170828e-01;-1.431813454499967664e+00;-8.018244707792525627e-01;4.206401739210445245e-01;-8.010562087650777707e-01;1.029667246498011890e+00;5.059445319117747975e-01;-1.402116938039809746e+00;1.066489878418768411e+00;-5.020590473909800622e-01;8.897116719259121620e-01;2.797600173814174807e-01;-7.259100944295274749e-01
-2.997666357317166685e+00;3.161103776808864119e+00;-4.102508617674178737e+00;2.336981898404141555e-01;3.193199401145107696e+00;-9.839767786083370993e-01;3.730135258666667397e+00;6.260241452846253274e-02;1.080817560873951866e+00;-7.061963269439021085e-01;3.751437692422923131e+00;-8.468203285484484644e-01;4.395911157521004142e+00;-1.662841714100377954e+00;5.404807786319478780e-01;2.285306038769381765e+00;3.452682902776535112e+00;3.880714737018936766e+00;-6.070133051081154640e-01;4.806235886185928896e-01;-3.929170969858549745e-01;-3.086848924873345723e+00;-1.373480067652981029e+00;-2.045994202183743393e+00;-1.122692878123259685e+00;5.699589390273325229e-01;3.791388969394912323e+00;1.698327462652890751e-01;-1.780192318994388012e+00;-5.715617486759608928e-02;-3.176992995054598867e-01;1.451825907097697543e+00;9.917567915818331636e-01;-1.172448641309154826e+00;-3.604530869694205220e-01;-1.172318342996010454e+00;3.994394511644769885e+00;3.153466677123553663e-02;4.189397847338405811e-01;-1.492656831736881573e+00;4.806141791094640237e-01;2.945282002075027550e-01;3.430284540475207589e+00;-1.405254561829715643e+00;3.868126084551724464e+00;-5.366839131434461008e-01
3.329431720665664285e-01;-4.552683999865404507e-01;2.472039741413617486e-01;1.919414523812311424e-01;-6.948510438766231090e-01;3.826206573939366917e-01;7.031684386591570413e-02;6.113599130222212574e-01;-8.235002484780884480e-01;8.217969409729034558e-01;3.979795714291807784e-01;5.802550099625153335e-02;-4.834892814468402106e-02;-3.392127334288661533e-01;1.592153439209244292e-02;-1.272008462436135523e-01;1.191918228140015773e-01;6.081393640236882892e-01;1.252026808974619598e+00;-1.281435942259690153e+00;-1.141632329027214565e+00;5.190118884500583007e-01;-3.915751860925701378e-01;-4.956956793374735493e-01;-3.572463085948945349e-01;-5.996957806558080861e-01;4.421408360306782748e-01;-1.134102625416091747e+00;-3.913231429205878964e-01;5.485882149204233116e-01;9.638024487787039130e-01;-6.579225851971115535e-01;-1.271183731283434537e-01;7.715678273979403867e-01;5.319392879746105418e-01;-4.832904599023221115e-01;7.644469175666314398e-02;1.689233928698636589e-01;-5.894551123038263007e-01;2.899866913632788146e-01;-1.447119210209259821e+00;-4.473478159718598940e-02;-7.467818996799954201e-01;2.167472598619312463e-01;-7.794854070995325956e-02;9.107116840602805796e-01
-4.053003728684126394e-01;-6.928520512205903203e-02;4.384470655377774029e-01;-5.987020365720135961e-01;-2.773197716259402923e-01;-1.318026797616056733e-01;1.084926176477778864e-01;5.179833133865845429e-01;-8.278651437565045512e-01;8.844094706488574431e-01;-9.502937235301257834e-02;-1.798540601735787725e-01;-3.164305740580364290e-01;2.144860641120190092e-02;1.628616716141841614e-01;-8.151497628799818651e-01;1.590957821426530749e-01;1.380433064888136885e-01;-5.418847352033785425e-01;-2.734051077928180140e-01;-3.631559890825288295e-01;-3.548261891465880891e-01;9.642503668451369858e-01;1.077920720782289399e+00;5.443259783564503573e-01;-2.452434235662438178e-01;-2.352882116692720516e-01;-1.237036934981187386e+00;5.327482658808378735e-02;9.139838433543532314e-01;2.417037035650988486e-01;1.438180871100421532e-01;-1.832918838083954366e-02;4.740091902955229086e-01;4.710711977114346860e-01;-1.411716016527979622e-01;-8.206728633450306731e-02;1.550452797239102676e+00;-3.269192484356840400e-01;-9.339975785941022624e-01;-5.272082170704512905e-01;1.043978086866275357e+00;2.893199339470109988e-01;5.931751106205099822e-01;-1.234001864324283243e-01;8.321301258115092470e-01
5.211727477678023135e-01;1.195763234126261537e-01;-1.892657005917924296e-01;-2.415838149934151913e-01;6.743791268828862318e-02;-6.177516673630968347e-01;2.735281091539476517e-01;2.619038187346503510e-01;1.892804904129584465e+00;1.514206230785975382e+00;-2.861895160752684353e-01;-3.738104430807140388e-01;2.343883345842593946e-01;2.131444711912978962e-01;5.983133365302282236e-01;8.334403803019348189e-02;-3.333612388961956774e-02;2.896108337820775813e-01;-5.187511138879848938e-01;-8.116159421862987333e-01;6.146314043221248191e-01;6.876849238916009632e-01;8.856034393076961386e-02;-1.773963469631778811e-01;1.685061071995704318e-01;-1.602447290212586362e+00;-9.922370157603245533e-02;-1.800055436976633949e+00;7.982765236945656984e-01;1.470342967595043904e+00;9.401114923644533494e-01;-6.147283475926493823e-01;1.988164197005870271e-01;-8.093257775284753430e-01;1.440546510578669892e+00;-5.753694772195224738e-01;-1.341579733186964718e-01;1.423198433613208636e+00;-1.387803996056601097e+00;1.983302979584947723e-01;-1.823550945228636366e-01;1.652185468391494716e+00;-5.502350680943706579e-02;1.441433229619810019e+00;1.745336924902947395e-01;4.425658120209761126e-01
-6.041918840596023355e-01;1.086042027557676759e+00;-5.073747044937469974e-01;3.169166001285597667e-02;6.066049985801794664e-01;-5.899417485827017638e-01;5.886490085936652017e-01;5.699801027515928320e-01;-9.265336916358624109e-01;-4.464163373322292960e-01;8.189923615952200420e-01;3.545209832612385148e-02;1.117698794014808428e+00;-7.903870696232612181e-01;-1.216271232850774930e-01;1.145489916414121678e+00;7.458396332822578856e-01;1.273236457384865350e+00;-2.399968974004729749e-01;-1.658011389794687984e-01;-1.070976901305342066e+00;-6.760398887738174878e-01;7.600343500175019695e-01;6.912828956608420006e-01;1.030735887287189900e+00;-3.210727733241125481e-01;1.294762477061690786e+00;-4.265388154968880463e-01;-2.963871266174329319e-02;6.401010672411462377e-01;4.373246222153968077e-01;5.114320219720113192e-01;1.994116458114042478e-01;-1.896394152594436944e-01;-1.017198508594846285e+00;-6.106159443728907954e-01;1.251953932958985716e+00;1.118593317634136441e-01;-3.924739397436352584e-01;-1.320937064513454384e+00;-4.924941444181730188e-01;-6.557531748169967978e-01;8.453423227629316417e-01;-4.533631863803867512e-01;7.491455692716851855e-01;3.550851107381615690e-01
-7.281630340116669320e-01;4.634242641280459374e-01;-2.297027091418818723e-01;4.862644988698948123e-01;1.157726787486784183e-02;1.120760199768058435e-01;-7.042639256512831514e-01;1.889231456043672375e-01;1.170852298884913489e-01;9.881934491432710077e-01;-3.694526187790540539e-01;8.380702808729093012e-02;-1.069503326304645785e-01;-9.295516963474040328e-02;-3.829567511129385871e-01;-1.078620565927852493e+00;-3.476210883238064486e-01;1.064031613779204272e-01;-6.260917566621961861e-01;-1.401039570032437120e-01;-2.852815777829526556e-01;-5.937903783856948170e-01;1.087339059487665738e+00;6.827129745496275381e-01;7.984566579953562560e-01;-1.824608671589711406e+00;-1.454779112714346956e-01;-1.664934037143695145e+00;3.280791690149457984e-02;6.975099734333131130e-01;1.440632427921712422e+00;-3.522506392255635443e-01;-1.259317617184427807e+00;-1.709016522584357045e-01;8.608578580578241102e-01;-4.045147417659440414e-01;-1.374841639594109183e-02;9.859234604504863997e-01;-1.244674605920012889e+00;1.255557214707286873e-01;3.070061901266879847e-02;2.954641339291591215e-02;3.136535765521645258e-01;8.890688790477019321e-01;-3.780628953414862381e-01;-4.815081191145937356e-01
3.276034989609764581e-01;-1.299924170170126514e+00;2.717847544018272554e-01;-2.113224979349043742e-01;-1.082362283213070819e+00;-7.594363348801738134e-01;-2.647045841003975442e-01;-3.798679819622429732e-01;-1.769515148586024100e+00;-3.277318696735657677e-01;2.904135303969793830e-02;6.176955583759540236e-01;-6.150137565009077267e-01;-2.710076392311818183e-01;3.574331955793736415e-01;1.800376197941444989e+00;2.257951817282705109e-02;-5.295088149931013177e-01;2.113000696285845414e+00;-1.190116845327189532e+00;-3.729082767707461721e-01;4.021928761025309745e-02;-5.805044965836760884e-01;-3.149374249642942769e-01;-1.014002505128348330e+00;1.166716055565751642e+00;-5.777688126862626783e-01;3.858301085800219798e-02;-2.104454914983182878e-01;-5.934805291055973431e-01;-1.056136926122850817e+00;5.826120317345264560e-02;-5.331637713099424136e-02;5.766897772540642564e-02;6.409378256718144436e-03;3.102552165131132189e-01;-1.749101039763778231e-01;-1.758133178190461332e-01;8.914085261712187958e-01;4.348446584587608577e-01;-1.365681435804918298e+00;6.489949856827498254e-01;-7.671109450525234186e-01;6.050563423470216584e-01;-2.022917185340389334e-01;-8.690030905315762055e-01
-1.213810892512857231e+00;1.101254740885922789e+00;-1.492436072940474867e+00;2.292075427654836628e-01;1.508981818445389145e+00;3.314576120775544199e-01;8.301701091239268582e-01;2.644442030594637227e+00;-3.178268114002715805e-01;-2.058528577877051791e-01;8.127427998514576979e-01;3.196255890733618599e-01;1.734978983915244299e+00;4.939832140189676646e-01;1.471811293059455794e+00;-4.575079184014241851e-01;9.079760028119784332e-01;1.413099406102376943e+00;-7.400804536986138604e-01;-1.440092851572922009e-02;-2.974943884335494171e-01;-1.086403041982812345e+00;4.511836722649782416e-01;2.152621140242615139e-01;4.550477818298738764e-01;-1.095909372872531928e-01;1.134676949353606856e+00;3.226896565165272568e-01;5.871035667189143936e-01;-3.790653165638945277e-01;-3.578878973284553289e-01;-5.459050068520171495e-01;-4.337915502944462709e-01;-1.516601657194006192e+00;-2.936212714789732670e-01;2.131666347144102816e-02;9.417149066056840212e-01;-9.128453705196388768e-01;2.290738531253136701e-01;-4.962841141712167475e-02;7.704502122666515018e-02;1.263832041373754489e+00;1.080886762862761641e+00;7.180355219477150275e-01;1.386006275976760405e+00;2.952318334860433713e-01
-2.597175265579338560e-02;5.713747512911201282e-03;7.645541989892794960e-03;1.828471242608209202e-01;3.556889445648929449e-02;-9.210900347203272442e-01;9.310340754763005711e-01;-1.046735711354140674e+00;2.964504304858329942e+00;1.474482732031607624e+00;3.640971993759323788e-01;-8.317666842269377803e-02;-2.241068048524572087e-01;7.598836080608805110e-01;-3.363328424397813432e-01;8.610917341601202757e-02;9.863795589545075460e-02;6.519677464531469235e-01;-4.376581060603060847e-01;2.403571082221977129e+00;1.680715459981709348e+00;1.876953995869447556e-01;7.702129531813662888e-01;6.546018917897533651e-01;6.016096652398484901e-01;-1.419883768731889706e+00;6.022343483564986943e-01;-1.511880662178963775e-01;1.150008834736306662e+00;1.074963592461237516e+00;1.303831796553453604e+00;-3.616019391019341112e-01;-1.005254975790269983e-01;1.091738114288135081e-01;1.325563362534627698e+00;6.323864420973809297e-01;2.135270973889345780e-01;-4.099172778359699496e-03;-1.190546675745442817e+00;-2.194398597625493979e-03;2.718049908757226962e+00;-4.242568122852224261e-02;6.080593453067909687e-02;-2.882527344336366926e-01;2.193578969777102705e-01;7.770892035164117528e-01
9.210527255406218972e-01;-1.290545486191185143e+00;2.139361581321278738e+00;-1.182311037778327051e-01;-1.984151489514947464e+00;-7.103671844514983791e-01;-1.926850468731513555e+00;-3.078245219891211359e-01;-6.897615488044498422e-01;-1.086193211340507281e+00;-1.794771480151941656e+00;-6.260834951114931934e-01;-2.636157927538080425e+00;-7.505269996114559694e-01;-5.322686008422041759e-01;5.671774041816871614e-01;-2.094936423713539053e+00;-2.186009143717500436e+00;-5.753797613702175129e-01;3.658676490212965648e-02;-1.596385959648749242e-01;9.248484870714381856e-01;-1.679964578698860400e+00;-1.238199522947825759e+00;-1.478339430300267709e+00;1.615722267109027444e+00;-2.210395920729752550e+00;1.282860022494163088e+00;-2.838695126561613380e-01;-1.511716879937828439e+00;-1.586820453044443857e+00;6.496665408747096526e-01;4.754986903789087949e-01;1.513801150151579122e+00;-1.358501472512419816e+00;-6.623635165723227303e-01;-2.250121854845581026e+00;-1.557219841591633402e+00;1.070345295039125455e+00;-1.051813136829586437e+00;-2.367411457169890099e-01;-3.470778240613708321e-01;-1.606605315781917787e+00;-1.569122731643096236e+00;-2.004562390409494022e+00;-3.954674850496276567e-02
1.206801507880009394e+00;-1.727829438192983735e+00;1.007529242655068602e+00;-7.755804076086376675e-01;-1.239432629818126186e+00;3.560159035281749151e-01;-1.051691900968844795e+00;-8.347874483076367369e-01;5.861676884430615520e-01;6.882654290210920012e-01;-1.011064820124969232e+00;1.812786594446684107e+00;-1.239131184484263182e+00;1.488177109345026228e+00;-6.430778628229136817e-01;-2.203177563486548030e-01;-1.207957460376658076e+00;-3.497781488512748393e-01;1.900389553639415252e-01;2.553070162752240635e-01;1.469607001311886263e+00;1.122581812507766230e+00;-1.013968651667686682e+00;-5.096536460695478832e-01;-7.505118766988920775e-01;-8.006734400427338860e-01;-5.219426202916708224e-01;-2.155217570553178419e-01;-1.382873290150047563e+00;6.049258100929344462e-01;2.240197143179949446e-01;-1.122362121650087419e+00;-8.977403728148461992e-01;1.081774181889288755e+00;1.929825814106995940e+00;1.774692672882262290e+00;-8.462115956636341307e-01;7.169818511827379393e-01;-5.470985500044953653e-01;1.456568974259163873e+00;3.813998408004365404e-01;-1.331667949238586557e+00;-1.655724316291374620e+00;2.128200569599408620e+00;-1.082740683925836667e+00;-1.162308497220613468e+00
-6.878205132958081780e-01;8.158852298876350106e-01;3.333509108832053425e-01;6.789051436576361009e-01;4.607386570209368593e-01;-8.377036668604025474e-03;-4.697035232488124823e-01;2.857425600518675446e-01;-1.404036928384568561e-01;2.546463530559793575e+00;-8.934848449382062352e-01;-1.551418007928498488e+00;-7.076054726251962412e-01;-1.032859580077178707e+00;-2.336496623823622054e-01;1.144897855533637321e+00;-3.314091041301255314e-01;2.235607069420257331e-01;1.130840421987335143e+00;4.555579538006822027e-01;-1.032145083596039292e+00;-7.847170002052265003e-01;9.004835771129602318e-01;1.594397538649733603e-01;9.151311363726041259e-01;-1.504130737413438501e+00;-3.088149695705814102e-01;-1.555497074423040083e+00;-1.367493964633829329e+00;1.722335356098542158e+00;1.102592900802555231e+00;1.307464077160352955e+00;1.388338447673707954e+00;6.726875322576677529e-01;2.714434794621686020e+00;-6.764496139415124842e-01;-8.045387460710715644e-01;2.438992878687901822e+00;-1.428090023920523199e+00;-1.249802895984568840e+00;1.352905810874143744e-01;2.231110646432107880e-01;8.921973489518953970e-01;-9.500668628938924165e-01;-5.160323927769304708e-01;4.757788823811150425e-01
-9.441281410972408861e-02;-6.402350215694979640e-02;-9.579096682767511695e-01;-6.704098435105062537e-01;7.899163659387290481e-01;1.961908764894845003e+00;8.066578625780492784e-01;4.569636728115838986e-01;5.068257873772195055e-01;5.495255103598605251e-01;9.672244858806953172e-01;1.639909886419983476e+00;1.215695170947713732e+00;6.383962966133434058e-01;-8.898099288246504868e-01;-1.420514470925038575e+00;8.369224221200645131e-01;1.333655871941214155e+00;-8.273451238790279216e-01;3.058420729133559113e-01;7.683145031826189575e-01;-2.403399050441825946e-01;-7.596520527574419646e-01;-6.261623403479644745e-01;-9.076002472031919899e-01;-1.356215438107969407e+00;1.416969385033999940e+00;-2.973220495103154337e-01;-1.908975687276633249e+00;9.141890147549310841e-01;7.741782491780418995e-01;-1.346461622584641527e+00;-9.656844043593848514e-01;-3.712458161952700286e-01;1.606981618302754100e-01;1.221769404401182202e+00;1.351819027186867972e+00;5.408938008065220515e-01;-7.181538028138449992e-01;8.655958724505044000e-01;3.883089592144341462e-01;1.052888000595067070e-01;4.719858870078356278e-02;5.600992092623510166e-01;1.091350096215671917e+00;5.392256258659941515e-02
-8.770868699948245473e-01;-3.153273005407661311e-01;8.393063622788536904e-01;1.812333523022345183e+00;-1.025479408221219302e+00;1.856120595205985879e-01;-4.539103765329877138e-01;-9.410763640012016762e-02;-1.802177669551350836e-01;-8.301223916099818023e-01;2.135852136644846022e-01;-1.598415232075528047e+00;-3.925920219066464378e-01;-9.415263219852720855e-01;2.168950471674443714e-01;1.816636172296591134e+00;-1.369444215969253809e-01;-3.582788485589371019e-01;1.520128268665264515e-01;2.659987026294535761e-01;-8.947660985996547245e-01;-8.464981568070524265e-01;1.342955382387070795e+00;1.240376897088765640e+00;1.219656381985911420e+00;8.632282014893947197e-01;-5.724779400264342621e-01;1.296864548546938334e+00;-5.952907608096175140e-01;-1.193286089808280659e+00;-7.426353069255783312e-01;2.127342977772501698e+00;1.307195972240576598e+00;1.209231991209318791e+00;-1.437615301576595117e+00;-4.327857838590367656e-01;5.175898989652246707e-01;-3.097858428080451088e-01;1.078294828149311879e+00;-1.205891837908939834e+00;2.437280085966528898e-01;-3.342743781532105940e-01;-4.494075668535718049e-01;-1.454738241024485124e+00;-2.499527778477400250e-02;-4.475567084509579630e-01
6.576984402216139447e-01;-5.245960934018641941e-01;1.317531846691535544e-02;-8.290679558835374330e-01;-5.847330681417164389e-01;1.434805673427207440e+00;-2.713468498798826123e-01;-4.822984001595773118e-01;-3.350497934194755084e-02;1.028456479288622161e+00;-4.765657790273392265e-03;1.234057629110058896e+00;-3.588229550054994887e-01;5.061997541589437211e-02;-1.313465185800661628e+00;-3.961540276240070324e-01;6.248763391624806429e-02;-3.654735243062804950e-01;3.576592874489336812e-03;2.846159941269766347e-01;3.075261033148107837e-01;8.007897079354566738e-01;9.426668581520659951e-02;-1.194944391571177711e-01;4.156739870968980677e-01;-8.348273598954826513e-02;-5.245645795943743028e-01;-1.488355729432695007e+00;-9.463177395145928594e-01;7.814896208396951982e-01;1.124392055548510516e+00;-8.864265815892681255e-01;-1.811373328780778280e+00;6.826554638762282190e-01;1.685243044874801477e+00;5.656193133768502301e-01;1.137477902030929744e-01;9.441497704984330719e-01;-7.813736443770490370e-01;9.886888459616834934e-01;3.755101306569305075e-01;-5.404280510745455013e-01;-2.321502360291305411e-01;1.402787701978963408e+00;2.575226659126241685e-02;-4.106250710443075103e-01
-1.003204869127082954e+00;7.997689661576902198e-01;-1.069978186860706115e+00;5.561802751561244484e-01;7.197348332491058098e-01;5.409914597541694292e-02;4.821472880835168673e-01;7.644271700311109363e-01;-4.242197278774275659e-01;8.966569006192711688e-01;1.310150581006331860e+00;-1.519065091478285279e+00;6.860710490003442130e-01;-8.083961393639733650e-01;-1.431502059180813635e-01;1.049712501134394849e+00;1.050424731732458206e+00;4.061627995993990492e-01;-5.053803154704273881e-01;-3.644885788515721536e-01;-9.060785384776703921e-01;-9.390444649596005888e-01;4.462416415216078902e-01;6.537584803483026397e-02;5.352200787381259373e-01;-1.120714127051668729e+00;5.842124541291148221e-01;-4.190694387814409283e-01;1.919871871634833416e-01;1.110301957304784537e+00;7.782752789180230613e-01;5.108576025347496552e-01;3.515565301962013667e-01;3.570711395940467936e-02;1.073852846038205744e+00;-8.888821240723141504e-01;1.401307996395260602e+00;1.047133341704028497e+00;-1.144284266176463616e+00;-5.720535431341279287e-01;-3.153723862222194141e-01;5.335245493675028899e-02;7.765383681520707793e-01;-2.079082970830415267e+00;1.089331751239883461e+00;-1.604696606291684258e-01
6.530266256284054105e-01;-5.752118702357846836e-01;4.277721567539510272e-01;2.602586488056303771e-01;-3.650533592837943986e-01;-5.411128728529761567e-01;-7.043000906434109254e-01;1.072835317074442019e+00;2.416968513491617010e+00;1.411358823762052683e+00;-8.261324376362547683e-01;-1.432515039613728169e-01;-4.866060523565172158e-01;9.272326744965833090e-01;2.873942329190852241e-01;1.535045454636714546e-01;-3.129824351494923107e-01;-1.496018917995340480e+00;-1.729936029117010277e+00;1.856221163085501669e+00;1.191684805697303284e+00;4.661180464829384196e-01;-5.997362751540575437e-02;-3.474308765640245211e-02;1.052938497015683122e-01;-8.114474459921959815e-01;-9.979648275085453157e-01;-1.875582104155651075e+00;7.537632214227564520e-02;1.750891734374069753e+00;1.581976336719987719e+00;-1.515584751621293080e-01;-8.042815592123188084e-01;8.850580513314399989e-01;1.927867401139585768e+00;5.637704881942096069e-01;-7.076560959288800134e-01;1.327355870716233843e+00;-1.415343747432758148e+00;-8.535605448435196196e-02;1.730114840701986623e+00;-3.991310597976245600e-02;-4.622767517738471943e-01;5.799484667812495609e-01;-4.852394383101341080e-01;8.964449263024968362e-01
-1.168843649960593423e+00;1.630236157538174302e+00;-1.057833371029034186e+00;9.576297367604487409e-02;1.144016915318667671e+00;8.015523115784900510e-01;1.171625661496421111e+00;7.924516576226522391e-01;1.035056016355805575e+00;-6.465110095883548347e-01;1.484214687190826831e+00;1.059059319096556706e+00;1.003905509625659054e+00;1.437040477345225276e-01;2.656063139606296142e-01;-4.582065014814563075e-01;1.412784244764921260e+00;9.895938328155686747e-01;-4.850244605498083006e-01;3.176969633893643175e-01;2.964810328786939286e-01;-1.112680790344941384e+00;1.514601764367085601e-01;1.225567972611025513e-01;-3.061962104511588567e-01;4.615370392020084478e-01;1.148436712458102527e+00;-1.637211337105372588e-01;-1.455263734982663315e-01;-4.105487525874754740e-01;-6.251955515906053584e-01;-2.482932356772286353e-01;-1.157911432065853452e+00;-1.354181323874167120e+00;-5.140307758763682511e-01;2.773796500329892556e-01;1.219384526919809808e+00;-1.531448931472846331e+00;1.944196549618830983e-01;2.824393827513449473e-01;4.990784131318612427e-01;-8.606818256219893604e-01;1.271376742140953198e+00;-1.058296607022841257e-01;1.456673635779188736e+00;1.087208493990336616e-01
3.189897084510248670e-02;1.334758069890142236e-02;-6.144976539684651184e-01;-1.499446096684180052e+00;2.887345713839318817e-01;1.706804324572641363e-01;-3.616952598357028315e-01;2.774580326363661155e-04;1.372700174223423497e+00;5.332590183240447645e-01;8.019022536222818187e-02;1.215667134384235792e+00;5.085058905604903368e-01;9.232361107915254550e-02;-7.752866073679239856e-01;-5.690478237502736292e-01;9.722546950627358395e-03;1.138988896910100523e+00;-1.741737492558016021e+00;1.753238813052147238e+00;1.005390074261115901e-01;7.505714275590923135e-02;-1.311676065740022379e+00;-1.442676124112534319e+00;-1.067017855991647446e+00;-3.537015201879181031e-02;8.979658632561609011e-01;-6.279424633320381810e-01;-2.310593767482971295e-02;4.393554518349530036e-01;8.702877481434010409e-01;-9.322194457602661632e-01;-2.206975718737971826e-01;-5.133041962910087630e-01;2.511805302716144661e-01;5.495804900982670382e-01;-6.811307947371610105e-02;-3.451275349457192942e-01;-4.379000008091851748e-02;-4.878483370124512275e-01;1.528150033207911651e+00;-9.893643318681544230e-01;9.717563823252405725e-03;1.171870423066933453e+00;3.506499899510905904e-01;-1.295118641678527860e+00
-7.765779770336377341e-01;1.375894826230610324e+00;-6.625358120144476670e-01;2.826882255412967448e-01;1.124799500169548105e+00;-2.004046755620583486e-01;8.370502377717860265e-02;2.826562428076736744e+00;-1.948501775234515065e+00;-3.309359522514441765e-01;2.024445218155230264e-01;-1.143053327618880122e+00;3.144618679991332821e-01;5.432752127377873386e-01;2.240128637531012323e+00;1.170918589962240297e+00;4.036403552639261094e-01;3.502286729855437208e-01;-2.057059189682652195e-02;-1.936796974764208645e+00;-6.006289208843110794e-01;-1.099057162343113347e+00;-2.088622183080393324e-01;-4.851267006586951203e-01;9.069166429600948598e-02;-1.935420579869923940e-01;4.958302244282164484e-01;1.891083379286397637e-01;-1.072173422479581584e+00;4.394291018762697676e-01;2.048177299018882902e-01;4.405065857233463333e-01;-4.349225836503355924e-01;-1.654207164627455429e+00;4.428390106776781687e-01;-2.443058015143655670e-01;-4.937581809328411286e-01;1.364603668606730602e-01;-1.371030347193345489e-01;1.080446764916191738e+00;-2.041811047419370251e+00;1.735055672309981700e+00;1.027096122172163950e+00;-4.566889579737329896e-01;1.056354994484874632e-01;-8.874091580822212055e-01
1.256704064283870048e+00;-1.140476671601551528e+00;2.805465024748823311e+00;1.112682944253197359e+00;-5.980708628377738867e-01;1.172256535332441008e+00;-1.844755989466056567e+00;1.837831780142792082e-01;-1.829182785775237630e+00;1.150247644407446090e+00;-2.475166811383638699e+00;-2.475321998866875373e-01;-2.410242242160786752e+00;-7.120682329575545033e-01;-5.348632307533012220e-01;1.060898652423722249e-01;-2.497793058350858963e+00;-2.225556321800781667e+00;1.482449404227563772e-01;-1.341836105272521618e+00;-3.830224688789959364e-01;1.251577936079857123e+00;-6.981037021459775005e-01;-7.766030152349732152e-01;-2.751677709726840781e-01;-1.113758420953367967e+00;-2.235709834660167150e+00;-1.116522128658010260e+00;-5.235796325990574318e-02;1.066759883334343684e+00;9.151251122764525459e-01;1.184743202865038425e-01;-7.039888876195066203e-01;6.611011349917315094e-01;1.721166766707183049e+00;-8.675105675312779763e-01;-2.679616694951622247e+00;1.285046460729249551e+00;-1.296750135426916417e+00;-2.002116813800066009e+00;-1.474336251377373674e+00;-1.060079506335452670e+00;-1.265692768834056237e+00;1.321342937987429744e-01;-2.777605279023507290e+00;-1.655324762386459092e+00
-9.957024164737594552e-01;1.352617499452433147e-01;-6.780276147379785678e-01;4.319736165982996923e-01;7.127821435872792044e-01;-3.334416304054011460e-01;7.190008150593992786e-01;1.094228384961962508e+00;-7.895812803582117345e-01;8.699907757953290188e-02;4.862910213856876940e-01;4.629330234864199867e-02;1.344427016434768696e+00;-4.671108418774039261e-01;8.367947222752102343e-01;6.771995403161962246e-01;8.136912887714951026e-01;8.677830807317244988e-01;-1.025825229159051721e+00;-3.076004049945383900e-01;-2.622877279718697219e-01;-7.378965299513855491e-01;-1.417537879938770562e+00;-1.419589051890510989e+00;-5.717563860332052217e-01;5.440629383436317301e-01;9.954249143157620772e-01;-8.689017679663216254e-02;-1.615368836388417106e+00;2.221146829310789161e-01;-2.289934418780883996e-01;2.754266316041334428e-01;5.375177153321634149e-01;-7.111928372834778189e-01;1.784696404103689238e+00;-2.115037603752391582e-01;8.639041348629271366e-02;4.882133775693276584e-02;6.480403329109041266e-01;-2.426855413353899982e-01;-6.716084361585894502e-01;6.596140674853796515e-01;3.071777753671325883e-01;1.621562633566319689e-01;6.881417142180409341e-01;-4.471998932128203319e-01
-1.151509470582414429e-01;-1.761837020106813145e-01;4.037191649508716229e-01;-1.040132099152013323e+00;2.226651597159836904e-01;2.029203399462524704e+00;-6.665023188519653141e-01;4.278017163115964139e-01;-1.360578962576430628e+00;-8.157018841673637777e-01;-9.809790908883703198e-01;1.620217797515997593e-01;-8.597865721010120588e-01;1.373428220362048202e-01;2.864295750668187646e-01;1.480203068838870761e+00;-6.781606049004206271e-01;-1.539361095215260988e+00;-1.296082356454958839e+00;4.591096182674462844e-01;-8.800618879574315656e-01;-2.044472829247541701e-01;-7.836571549835714690e-01;-8.894361092995277662e-01;1.739091148499720962e-01;-7.746384531086503156e-02;-1.301818541043302524e+00;1.466207619427397413e+00;9.999527689241961836e-02;-5.082365272540813050e-01;-8.125541318289516424e-01;-6.775182945222596627e-03;-1.058601465900618654e+00;-5.299453501669416644e-01;5.796098333675665099e-02;-2.171398900628089199e-02;-8.368925440177020780e-01;-1.164840172464388646e+00;2.912157377484227497e-02;-5.473664699224959351e-01;-7.704691568286106684e-02;5.117042908940048207e-01;-6.389342039199648327e-02;6.160073079653723971e-01;-4.815915462442828532e-01;6.572983051938928456e-02
3.266710594053434669e-01;1.670163476289067417e-01;1.617968436441085400e-01;1.228350125456250386e-01;-2.784945941280035364e-01;-8.990628473194820502e-01;6.184073159942166109e-01;-6.828891163578020007e-02;1.350238812923090004e+00;-1.367259127208505953e+00;-4.094398950823590622e-01;3.246240630122339960e-02;5.253267123345595202e-01;8.843538799022644670e-02;1.043919861751919642e+00;5.427553112856588202e-02;6.951233236485012679e-01;2.978560662184568386e-01;-4.109474421613943385e-01;1.275019692294386608e+00;8.590048603293209961e-02;-2.910474266522019571e-01;2.168994492419711317e-01;2.507352242924979491e-01;2.811726369170104017e-02;2.278340844234311824e+00;1.327048458759575167e-01;1.434795329306017608e+00;-9.091502332023469746e-02;-1.642299076406149583e+00;-9.420470906948544831e-01;-3.839196216749948265e-01;6.017902947959290483e-01;-1.880736409864969261e-01;-1.598680618709811707e+00;-1.678181371263441080e-01;-5.183915509742978989e-01;-1.457949110845128127e+00;2.061251417089187576e+00;-1.117848928036690725e-01;1.206751167195011298e+00;-3.228154984485545054e-01;2.664871634951139767e-01;1.172534400974535734e-01;4.710055599101450330e-01;9.719702581705939037e-01
2.191053799917484224e-01;2.290542739737794486e-01;3.255345133207989128e-01;1.569672556423142851e+00;-4.785143176137299226e-01;3.602693114612383063e-01;-4.150727561786662911e-02;-2.724792030480657212e-01;1.015985251832838832e-01;1.424537713471595968e+00;1.593727308458768588e-01;-1.704310439444332248e+00;-4.599189048126812174e-01;-1.566770759956205072e+00;-2.504148724205395582e-01;1.050314152089097730e+00;-1.639064242174453623e-01;-5.306927685695957964e-01;9.921981748852169991e-01;-2.617925035050098770e-01;-1.012389811820752827e+00;6.442803789471779341e-01;-6.051183105587295552e-01;-1.234240733802165035e+00;3.622128088076292940e-01;-1.178442571033216257e+00;-4.669702323472802452e-01;-4.028798841894615235e-01;-1.601063933229826874e+00;1.226560899484264500e+00;6.616346563176679352e-01;1.746609072827543852e+00;1.115085791530450621e+00;6.896646151950799331e-01;1.807834833451742007e+00;-1.139041241415287953e+00;4.892535892144126430e-01;1.225544159418403112e+00;-6.057047546474685351e-01;-2.305971701902656879e+00;-2.573195803357059552e-01;-6.716320853252978340e-01;2.863367780518435435e-01;-7.756518029011704174e-01;-2.199736856698412124e-01;-4.097298380337612289e-01
-5.974963433711096839e-01;1.640203005402487424e+00;-8.747154814443443005e-01;1.340399184104523522e+00;1.062768052277914821e+00;2.338898903782354044e-01;2.338151615615303713e-01;-1.401429046688748237e+00;-1.053719573903097340e+00;-8.514544589569775224e-02;4.589688072873187030e-01;-9.028084111688370328e-01;4.182292795742574287e-01;-8.123574885373160415e-01;-7.180099118433366234e-01;-6.993882018447777904e-02;4.568122459952220216e-01;-9.770267950422144299e-02;1.812821600822657642e+00;-7.000017259994951724e-01;-1.096542852231795706e+00;-7.545215581378440506e-01;2.124363174023685408e-01;-3.464062275980091254e-02;-7.113916453061309986e-02;-7.335253269185633418e-02;-1.450857138598387053e-01;3.482001254824707015e-01;3.363860681625188143e-01;1.070080691088735360e-02;2.847825038649655360e-02;1.347354722009927785e+00;1.645531234885876604e+00;4.401720645642217544e-01;-3.908428540700402132e-01;-6.768691148606623686e-01;7.275923406183845144e-01;9.072680261771125521e-01;-1.778843724721635225e-02;-1.007773261668718945e+00;-9.159815638259360959e-01;-9.917672548295914936e-01;1.559698848604872623e+00;-1.870250557745665843e+00;6.395205962397323418e-01;9.306289565883504311e-01
5.087665018889718782e-01;-7.038996080095341057e-01;2.098082804166959470e+00;1.365576793023405566e-01;-1.363354442864663119e+00;6.035173655051278008e-01;-1.394849570657187066e+00;-1.012198962111600098e+00;5.712238858194615965e-01;1.456804280989293154e+00;-1.918672893886854025e+00;2.076712586796257143e-01;-2.103105943947305878e+00;5.828078941063461471e-01;7.623192132996725601e-02;2.099507797221955852e-01;-1.597508391282872031e+00;-1.789743949627742081e+00;-4.452676953042178365e-01;3.408039761885279795e-01;8.103143668005021727e-01;4.860830391262792594e-01;-3.085029790763939572e-01;-4.358469488649521772e-01;-5.161337229805980364e-02;8.880501172072785554e-02;-1.806028419957688813e+00;-7.026937768854781829e-01;-1.353612971335254267e+00;1.116768814760033646e+00;1.026526191018324541e+00;-1.760232497690427667e-01;-5.156995850071711684e-01;1.077310575267924397e+00;1.904711943324542744e+00;6.087680697702088084e-01;-2.087013836117729060e+00;1.831770473688873135e+00;-5.731388613367509599e-01;7.870533037131983711e-01;5.306950836158680351e-01;-7.527103424575488644e-01;-1.036478304749739454e+00;-1.825349690752755272e-01;-1.888977211256081867e+00;9.122648869442537833e-01
-6.825511604805881705e-01;2.362905427140125914e-01;-3.295359838697228816e-01;2.759808135180974897e+00;-7.652698386957422771e-01;-1.556405246699692269e+00;1.354322939840091333e-01;1.136006032632383533e+00;2.843073966365819993e-01;2.096381948935984452e-01;3.727636868698022687e-01;-1.296623992551840354e+00;6.439990651177819325e-01;-1.419646756469441273e+00;5.068385950331766310e-01;1.581672222148914786e+00;-2.059401505676539124e-01;9.077037980257200989e-01;7.543321926595738525e-01;8.579170503886597299e-01;-8.547231795946885757e-01;-6.549571608152111590e-01;1.642617582109928975e-01;-2.296479981509053359e-01;-7.294816378361861087e-02;-5.514169939262897335e-01;7.807776873062546308e-01;-8.904572513534080302e-01;-2.027995760532956826e-01;-6.767251600601989492e-02;3.590960881113450798e-01;1.592388904486762957e+00;1.695707130920390826e+00;3.140264784127654307e-01;-5.673981992352766790e-01;-1.834773390537774773e+00;3.562414511850692800e-01;7.258557073736530141e-01;9.265154137355205433e-02;-1.482106342047203373e+00;3.437829691120600772e-01;1.022097272111954558e+00;2.187513127992278261e-01;-5.151039185265704479e-01;-1.178312036028372894e-01;7.150800537410127999e-01
5.268508402812129843e-01;-4.281891792370195460e-01;1.308604913913659296e+00;-9.750922106039580095e-01;-3.329775145821282090e-01;1.509675829388672286e+00;-7.329245622750809597e-01;1.415669753017259280e+00;8.066344788867134685e-01;3.201662782896547710e-01;-9.246757503766241948e-01;4.059862439024780056e-01;-9.254556447509800776e-01;-3.382517633088917841e-01;7.790433416392539279e-01;-3.137648707462488140e-01;-7.236521755945217738e-01;-1.239475335537576939e+00;2.653268201743250732e-01;7.200487904084612589e-01;-8.629062785897414489e-01;1.545100672956238597e-01;-3.245591338620573696e-01;-5.253971317715442346e-01;-8.679182552860623123e-02;3.980911722475360404e-01;-1.369808791428115402e+00;-3.516879561158179485e-02;-1.440165823576057935e+00;1.445852704925425780e-01;1.184433991727297242e+00;-3.240716930315141187e-01;-6.964001783879526786e-02;-1.896178852289575889e-01;3.214470848529385472e-01;-3.145297357027988516e-01;-9.108325468097654420e-01;1.141392666150622542e-01;-4.000307201427821258e-01;2.487520938027611983e-01;9.775088267911752338e-01;7.969174075638236765e-01;-3.006249664737811744e-01;4.055981728501689698e-02;-1.157863549128256953e+00;-1.350087460227788680e-02
5.994926959606095007e-01;-7.701733428940251702e-01;6.967883340504645862e-01;1.635421324181115077e+00;-6.094596449227501767e-01;-1.407816228925908186e+00;-6.442633444827498002e-01;-7.075558616007523449e-01;-1.049910404494756477e+00;-1.519008351875541507e+00;3.581725994346447450e-01;-1.660811003779684603e+00;-6.088142958420343920e-01;-1.004072054248007495e+00;-1.644909613284557537e+00;-2.256358376606874550e-01;-5.868512465092354802e-01;-5.845741338659353747e-01;-2.268233713883895941e-01;-6.874969210577692724e-01;-7.837369073928772689e-01;8.341802714488176784e-01;-1.448055347468408804e-01;-2.844539026240818780e-01;2.639300070556163114e-01;1.034555743043422016e+00;-7.024509935826889206e-01;1.523953520521168947e+00;-4.141139461368337216e-01;-1.426696359498215161e+00;-1.709151203681765763e+00;1.123434710878741472e+00;6.001478911310691444e-01;2.518864105601955616e-01;-1.665642565049521240e+00;-4.372286095110599069e-01;1.263201700808533334e-01;-8.652103737421042995e-01;1.626728929796075418e+00;-1.361675232817282755e+00;-1.316420395415077271e+00;1.562039185804635910e-01;-5.230671816185992196e-01;-9.416814401081116115e-01;-4.760949968934826693e-01;-1.343677287517101027e+00
-1.850195971389649641e+00;1.243695641527818863e+00;-1.910877779820034927e-01;1.889233536964660898e+00;6.055395622538800593e-01;1.057224791868684566e+00;5.712158861854345071e-01;3.681403154677421741e-01;6.466799183768717763e-01;7.612419609612338656e-01;-1.628739361002247144e-01;-1.599670462967179407e+00;-1.113336187253677473e-01;-1.853869995206876231e+00;1.059628759677480048e+00;9.588458926159181273e-01;-1.957368066761857317e-01;1.432566738267571360e-01;-5.355228215703370376e-01;3.576987173203705628e-01;-1.573399121826991376e+00;-1.542447802784228772e+00;-3.417570509288244129e-01;-8.898759155864631731e-01;2.080926802862708980e-01;-1.395750891630204604e+00;-5.807469908668290437e-02;-7.032133337892152447e-01;-1.570006253773935101e-01;1.637223039094473753e+00;3.752681676653462639e-01;1.230037303224262635e+00;1.558187405636324740e+00;-6.630152994369816755e-01;5.714068226171438170e-01;-2.939109842304471698e+00;-4.270724738147128052e-01;1.770139888026320607e+00;-1.218935158379813366e+00;-2.351045111873097504e+00;4.582415767454758870e-01;7.449190552243305508e-01;1.385274508593383302e+00;-7.810305636770911164e-01;-3.375327970658970056e-01;1.829039149633322259e+00
-8.595453062766744701e-01;1.777520129519175596e-01;1.038462637791707222e-01;-4.520435611477074261e-02;7.229498406807946531e-02;-1.377611861176191610e+00;6.652541772121307595e-01;2.486255831334226452e-01;-1.154463533861226798e+00;-2.189428876760731502e+00;1.406087291057040445e-01;-4.836260219145269712e-01;2.101471122987911277e-01;-6.413871857196364878e-01;3.872585609365954418e-01;9.028886710374249835e-01;4.019885704421560790e-01;2.279906590707504455e-01;9.220375838075455244e-01;-4.859349761610524121e-01;-1.150727380421134427e+00;-9.101715484548417168e-01;1.181543449090267234e-01;3.176454363038253570e-01;4.628563346971863168e-02;2.105961335736235895e+00;-1.033798571900077512e-01;7.494766946494898496e-01;-1.042684316706839198e-01;-1.882717255818992852e+00;-2.671083503352628341e+00;9.631471062932013272e-01;8.955121957691744017e-01;8.303016995785304777e-02;-2.821233731359413355e+00;-2.049845060643366301e-01;4.058871940999569938e-01;-1.329478234707472506e+00;2.322801628955157405e+00;-1.918220702587913329e-01;-9.412445515072975777e-01;-3.902696774999359630e-01;4.797929704720618194e-01;-1.179952768579278555e+00;4.796895879416186448e-01;-8.921336756050084471e-01
9.365351435420501414e-01;-1.996896564894717230e+00;6.841020599755773812e-01;-1.568840131568514096e+00;-9.354633182796943114e-01;-4.092999170476850912e-01;-6.821536058009749492e-01;1.397970445593652355e+00;2.217399390525237601e-02;5.240193961090024999e-01;-1.525085081962879618e+00;1.298900865850432185e+00;-8.230753592561151910e-01;1.538679144706534885e+00;1.711460370151108856e+00;-1.431131717478292043e+00;-7.489182762883832556e-01;1.936639252844135628e-02;6.069426405855197215e-01;8.196139109503471076e-02;1.969908018999810606e+00;9.991819891057188707e-01;4.141070503670174485e-01;9.665536868955553196e-01;2.677670731583333130e-01;-2.667051145188198968e-01;-3.714758980095301255e-01;-7.726846116110556162e-01;2.953882908633452264e-01;1.771805521299236671e-02;4.521577119386874788e-01;-1.551227907030109376e+00;-2.243806009875502827e+00;-9.009676602966213421e-01;2.223057111850250955e-01;6.958514849313335304e-01;-1.331746578490811128e+00;4.028983659094917402e-01;-1.630410413063991537e-01;2.713390021609391578e+00;1.417140686184055476e-01;2.009407230650196663e+00;-1.619300616446844865e+00;9.164138088940345650e-01;-7.606459509080549797e-01;1.023535715859449913e-01
-1.531602913059768367e+00;1.279056788241737630e+00;-1.658912075905961681e+00;1.559742123836439509e+00;6.586915411116230912e-01;3.807315815905777945e-01;1.675644511799079694e+00;1.252454992998887906e-01;-1.663300108676239342e+00;-5.874426324391660570e-01;1.220826305111260890e+00;-2.050574614175186383e+00;1.661613122767833906e+00;-1.141088353581809933e+00;9.024391136823137760e-01;3.637221135715242859e-01;1.243663866302131771e+00;1.602598938502074910e+00;1.618493024767513777e+00;-1.818556559315827270e+00;-4.045947430764476049e-01;-1.672746764528055818e+00;8.325672615838426438e-01;4.553461953284225205e-01;1.080317957731472989e+00;-2.310210235579514548e-01;1.852996100704319637e+00;1.453591609938229001e-01;1.740698043723492683e+00;5.251917861239014940e-01;7.309679891060638646e-02;2.210428007309185539e+00;1.065330664007450467e+00;-5.422719698475776395e-01;-2.624938912867013086e-01;-1.272624253995116472e+00;1.316607964609502579e+00;-9.469566627431175165e-01;-2.021899696370916266e-01;-2.093016563967319943e+00;-1.779200729887154830e+00;4.592615711129525713e-01;1.442739870759025766e+00;-1.266865683404990284e+00;1.537677196660497847e+00;2.869299599978795690e-01
-2.399541138967075327e+00;9.377648752006403354e-01;-1.426626618728916940e+00;-5.096296441997211213e-01;1.281066618753792241e+00;1.379023680500649496e-01;1.179530369301402093e+00;1.772733752467697599e+00;7.052619060064923007e-01;-7.766478086422956562e-01;4.607688277833858481e-01;1.047523971584239377e-01;1.591591531844413154e+00;-2.223217750052506603e-01;2.452160605480986799e+00;-3.873311452605193717e-01;1.673490626127241754e+00;1.330498639048988574e+00;-3.895338851936973601e-01;1.436038050739018912e+00;-5.455765459149305441e-01;-2.348503650695175526e+00;-1.392817689752862964e-01;-3.713988515273906610e-01;4.435501312517965422e-01;5.430956229947774272e-01;1.232905380833593023e+00;1.523046823805439820e-01;5.715452988318416860e-01;-6.441510928255755886e-01;-1.922916762013017478e-01;5.106377319490890132e-01;7.332625373332635199e-01;-1.561326752554028641e+00;-1.507526694891269947e-01;-1.111335185932639913e+00;3.116592817994371378e-01;-1.320235520614545077e+00;6.889254058884629606e-01;-1.175665844148733541e+00;1.241719807787092122e+00;2.581709985471085655e+00;1.322434672999131866e+00;-3.986218174205938269e-01;1.675484080807743359e+00;6.883906553533525319e-01
-1.497223865472648630e+00;1.907835849619442747e+00;-1.288372027708845957e+00;-8.777465065091732965e-01;2.445135648109805437e+00;-2.232412458388068344e-01;2.103843234337571477e+00;-2.687900522331163611e-01;-5.353833284732395503e-01;-1.855206034064317278e-01;8.670575495322955240e-01;-4.969164464361005562e-01;1.658044926501438976e+00;-1.307048626305653549e+00;8.223615806840840481e-01;-2.724657895547790698e-01;1.150053098294761877e+00;1.227612458045591159e+00;1.003392907122200972e+00;-1.670833225504312791e+00;-1.500686501898115921e+00;-1.746773905699315899e+00;-4.021123722995715299e-01;-1.078718643708439062e+00;-3.545029750829460924e-01;5.740295242597319714e-01;1.055094468847076694e+00;4.568599841524394467e-01;-2.476127958709261723e+00;-1.853725354307125817e-01;-2.881453260743047640e-01;-2.263352249731874835e-02;2.739303479237256145e-01;-1.859895707216963734e+00;-5.092336232879465102e-02;-1.280003519556591307e+00;6.586133026248880418e-01;-4.681835687439846461e-01;2.526265298035608731e-01;-5.519730573534881168e-01;-1.206405266633791884e+00;8.240495822945501647e-01;1.955650749968218083e+00;-3.249199259152421582e-02;1.395606155377671964e+00;-9.229073895485133683e-01
1.141227757183784330e+00;-4.806759239933006134e-01;4.074805765628661258e-01;1.194308204918924643e+00;-5.219425187416016909e-01;2.117963738803343876e+00;-2.333874553424003240e-01;-1.230795668118608965e+00;1.369980549832558459e-01;1.452310332688986572e+00;3.067994057733909319e-01;-2.585209094399751883e-01;8.692605776540893170e-02;4.210295853920338616e-02;-6.386552545830896654e-02;-5.757554213400221110e-01;-6.320150619897224598e-01;-1.876782631263248236e-01;6.357058131085351060e-02;3.338304076482960236e-01;1.725248200962554157e-01;1.088928295978126792e+00;-2.034317166273561295e+00;-2.066523942457518803e+00;-1.725038641465844957e+00;7.562822166681466840e-02;-3.524189785029860356e-01;-7.123282399374363250e-01;-1.534152472454601290e-01;3.450723669455893483e-01;9.837291111347703509e-01;4.506971147795537092e-01;-1.418896054530834339e-01;9.863221852424224334e-01;1.559034552218220071e+00;-3.644113503081906624e-01;3.369177595075372733e-01;1.187678258368997097e+00;-6.239717225390072342e-01;-3.379299274761826677e-01;2.547713715837658377e-01;1.793174046639318675e+00;-4.334124802633016471e-01;-7.480591221321158946e-01;-2.140438887433399329e-01;-1.027336945019235115e+00
-7.351346345802782511e-02;-4.522102763202132669e-01;1.327237191784151227e+00;2.855982942669204050e-01;-1.499345193995805570e+00;1.755394493593094296e+00;-9.747977524232457336e-01;-2.723554623418622533e-01;6.432074160848211264e-01;2.236486704383037205e-01;-4.826527395605319515e-01;3.693472332618182308e-01;-2.774897393874837248e-01;-4.529573824848922570e-01;-9.912234927926704131e-01;5.308933497180416961e-01;-8.071644803623299058e-01;-4.748614639351739219e-01;5.367237551926183903e-01;4.510078718814519716e-01;-3.657869005284088426e-01;-1.177413429614370538e-01;8.032437893720516253e-02;-1.587798745089258334e-01;5.893573028163980737e-02;-1.062226269148900115e-01;-3.897289634058735408e-01;-1.000500773550360850e-01;-1.767616552024219523e+00;2.164556650870392285e-01;7.295968215019790204e-01;3.893038554565456111e-01;7.185652990017171726e-01;1.900454220890169799e+00;2.769890518818223235e-01;9.730084315796964922e-02;-4.139722901039347147e-01;-6.007661142006807259e-02;-1.663371762507256379e-01;2.191705214357534959e-01;5.588784367724325408e-01;-4.513120989292171426e-01;-7.215618814695263783e-01;8.507716129269207728e-02;-8.294077519759918138e-01;2.794807021574053363e-01
1.251668590729585917e+00;-1.214479721059282591e+00;3.564606741766275788e-01;-4.862276992709721468e-01;-4.399047592383518168e-01;-3.977230513708607251e-01;-4.989903484667585487e-01;-3.299009343818312123e-01;-9.203450644515781542e-01;-5.413633315853904060e-01;2.630592026105446624e-01;5.175893849011319325e-01;-1.021956252697547446e-01;7.359768518898515133e-01;3.485137361213621471e-02;-1.256839916237387778e+00;-4.010492948894857079e-01;-7.749199627527660061e-02;-3.224527173886367337e-01;4.538419045125922646e-01;5.962158953263840822e-01;1.404046517316065001e+00;-1.652211977546536481e+00;-1.183385803249626278e+00;-2.449894949313930592e+00;5.477389004848436382e-01;-7.025334992025135915e-03;1.181086267784951183e+00;-1.695164371766819666e-01;-7.721012740438175648e-01;-1.440358021195458305e+00;-1.235779308731228543e+00;3.193324712884421102e-01;-4.478780019454675076e-01;-9.393136228143071920e-01;2.546264483293932401e-01;-3.344920501049134659e-02;-2.826457738494083660e-01;6.763050952415207151e-01;6.765125369592681626e-01;-1.447796377403998969e-01;4.659848730450263932e-01;-1.349002739710200016e+00;2.428712108412676152e+00;-1.637241981079128883e-01;-1.567664204663939687e-01
1.185555214451393891e+00;-1.217183425511947359e+00;1.759004926625020448e-01;-7.084383257730428873e-01;-4.982411074467135714e-01;9.415731488869399923e-01;-5.445986715870900774e-01;-4.612594704730323958e-01;9.742567775677879460e-01;2.172220053071409307e+00;4.281187456281166370e-01;-4.265684458563137604e-01;1.577322213120554151e-01;1.959074142322249912e-01;-9.669335705571499018e-01;-1.073558350597062949e+00;-4.050709476383838048e-01;4.203688077974175319e-01;6.071783289245360482e-01;9.880154962287868159e-01;1.219945019943463327e-01;9.623948195195142219e-01;7.108195969638037015e-01;5.587263926353261967e-01;8.923200542480846931e-01;-3.279497859112454061e-01;2.965444779203898484e-01;-2.403764888503358010e-01;3.452927633404336838e-01;1.186105852420595408e+00;9.215983081742831207e-01;2.902588759661834175e-02;4.381194892976086885e-02;7.250279396547586463e-01;2.364293021014162832e+00;9.170713365716364196e-01;3.353187655923182686e-01;1.768108435919063970e+00;-1.058934753607119417e+00;1.514808607767818893e+00;9.360821092079323336e-01;-1.045313143987752769e+00;-6.429902586156254207e-01;-2.411532668085385744e-01;-2.285618072501759968e-01;3.079128351874709679e+00
-1.125934755854444802e+00;1.567547233460205636e+00;-1.547463721086023369e+00;3.373055495220376732e-01;1.677338863232806787e+00;-1.361475952391775213e+00;2.249218924692312438e+00;1.823168663257520139e+00;-2.582293483600521800e-01;-1.470031607980335941e+00;1.581476063977090396e+00;-8.386994623490530154e-01;2.136654628437836489e+00;-3.798418760603466393e-01;1.170927335659134982e+00;5.844615502901603366e-01;1.355093279908685666e+00;2.189362152201529632e+00;-2.318773525292043003e-01;2.483280531304498176e-02;1.791319452893769537e-01;-1.207720042673318783e+00;-2.827966700095840835e-01;-4.827807150204096454e-01;1.624810491175688876e-01;1.277931506566567288e+00;2.123799515536302529e+00;7.248163381813123030e-01;-1.036815894571312624e+00;-4.325301298804864469e-01;-1.098398329894545222e+00;3.959213946578871851e-02;-4.974429691850143498e-01;-1.314333745134757203e+00;-5.341916706473854859e-01;-9.395450469302973895e-01;1.426821588937676077e+00;-8.797137103326123642e-01;1.212374468866375121e+00;-9.603344944770548786e-01;-5.794426782213500660e-02;1.106784194821192058e+00;1.570969596076410069e+00;-2.768696552925682397e-01;1.961602090032914525e+00;-4.018311873410166379e-01
1.196458608975448756e+00;-1.148817599491337216e+00;1.018909487625460075e+00;1.418952358463044794e-01;-1.207488137424388652e+00;-7.247559793728365340e-01;-7.754651379606114503e-01;-7.627801277941949065e-01;7.400251481276427512e-01;5.734874176965171211e-01;-1.325465137429264972e+00;8.166388751300676097e-01;-4.021863231436860753e-01;-3.203661259215663804e-01;-6.942027302953892587e-01;-9.676539651528643926e-01;-9.219025563082701158e-01;-7.051485469384253246e-01;1.878042865275192930e-01;1.002636463036094688e-01;6.412421387935572925e-01;9.135084625846228157e-01;-2.039338795653860004e-01;-8.475309672136895067e-02;1.491198645078880558e-01;-6.469510254408551431e-01;-6.620111586803789638e-01;-5.912703712067665096e-01;-6.920547340508695910e-01;6.742859900448033850e-01;8.332810248848021573e-01;5.677417578112161495e-02;-1.282033555893052901e-02;1.678016111467130589e+00;1.111812904098266719e+00;-2.566193486266208357e-01;-1.011731981002424785e+00;3.708651908280643505e-01;-7.736415337538427028e-01;-4.251187383313316248e-01;3.699961941385204178e-01;-1.106745130646114905e+00;-1.042352892605774795e+00;-7.348230581683460327e-01;-1.366185398499515369e+00;5.454490687929295367e-01
1.367460079448942878e+00;-1.319171191402748855e+00;1.921075605281143295e+00;5.841204884730987201e-01;-1.285942388405763248e+00;6.575693440090989161e-02;-1.303211676935938979e+00;-1.750267700192172260e+00;8.898453913531224613e-01;-1.073865610900154088e+00;-1.684205583213482793e+00;-7.500986024902033256e-01;-1.351069249993785748e+00;-1.764246472672035548e-01;-2.929603954224644924e-01;1.150119342414572143e+00;-1.035902696331546524e+00;-1.090958139846671227e+00;7.501379196302707109e-02;3.386390517536230216e-01;-3.011435546324441881e-01;1.360203797827920003e+00;-1.522934410750097500e+00;-1.123148020353022192e+00;-1.728410980669819796e+00;8.866196589309328635e-01;-1.135313339837330959e+00;8.036185276425930057e-01;-1.344843719701314333e+00;-1.477824235808620434e+00;-9.348320659740053662e-01;9.466463927798556277e-01;-8.291123969954057316e-01;1.561607625757877260e+00;-1.245654132982475959e+00;4.305378204511659535e-01;-1.578416317456923235e+00;1.620682679385684333e-01;1.369455072626868830e+00;1.922687852503450479e-01;7.766270528293321984e-01;-4.227576708306655939e-02;-1.579328299406657976e+00;-1.163626939475957828e-01;-1.685310221395587060e+00;-4.771102872123553773e-01
7.726552337503856949e-01;2.582822841720843268e-02;3.036268648370640810e-01;-7.247296142868597801e-01;-6.093280401957247294e-01;-4.601406775330971199e-01;-1.407682941493776596e+00;-8.150361117170490388e-01;-5.192142512985742364e-02;-2.917397944803070131e-01;-1.136121011142263715e+00;5.474503249271216870e-02;-4.209532283959308008e-01;6.387776585108295713e-01;6.682471166314455369e-01;5.580033333597784750e-01;-8.341687366610545107e-01;-5.867086809842825268e-01;1.449601142373071472e+00;2.763493980141312756e-01;2.114837645450695913e-01;4.983461344767852186e-01;6.273294583043560468e-01;7.762602878799083062e-01;-5.149656985961733983e-03;1.003146043795796638e+00;-7.281796459421128187e-01;-3.405256707698253726e-02;-1.324467667871016829e-01;-1.108504650662204494e+00;-1.138610188183585281e+00;-2.939511099382967063e-01;-9.051897247178948280e-01;2.726591854889431552e-02;-4.983130424111271717e-01;5.609859037467562759e-01;-1.373295646643677426e+00;-1.223990183403051546e+00;3.557634961212495783e-01;2.969925268007140851e-01;5.677762672063241256e-01;8.168311753528776364e-01;-3.369237964506501259e-01;3.881514908627663463e-01;-7.010147959322905464e-01;-4.010796181431039442e-01
1.018278438127552699e+00;-5.308139554552279149e-01;6.162376220029014418e-01;1.300689214585349918e+00;-8.356385802818243613e-01;7.249789029253217443e-01;-2.518161572022310501e-01;-1.403205923609984529e+00;-1.024450930493737921e+00;7.767010152720909000e-01;-5.244401277028799546e-01;-5.755813291819495969e-01;-1.269277898616784750e+00;-9.748961594006867459e-01;-7.042505652418572515e-01;4.156062001554928220e-01;-9.143940076505209236e-01;-1.402859268150377314e+00;-1.695531739274572125e+00;-8.792722190895244649e-01;-6.569030269014007883e-01;7.876683345350281584e-01;-1.553341440876717106e-01;-2.268848034618244081e-01;-1.131151574713323699e-01;4.642887987257486859e-01;-1.501044266105075797e+00;-2.867571449663338656e-01;-8.862434144939198566e-01;3.348219260819823018e-01;-7.616071186897752643e-01;3.620000831007615383e-01;2.514085589466498738e-01;7.609440952725097240e-01;1.981585255916124555e-01;-1.226248231455717291e-01;-9.435021542543474693e-01;6.503592313820250048e-01;3.716786846077194673e-01;-1.503043480210307370e-01;-9.788531651586954707e-01;-3.987318632569412657e-01;-4.550054321066837604e-01;-1.226728001021178266e-01;-6.719188255136362420e-01;1.505766864613077571e-01
1.003229093759395951e+00;-3.750352545300979501e-01;6.702271532288687217e-01;-7.536984580450919458e-01;-3.102016368391680157e-01;1.514707535936668237e-01;-1.202949953758621071e-01;1.358771299078496586e+00;9.600337233030159512e-02;-3.066122737352953154e-01;-4.516753506224432946e-01;8.795934558962258398e-01;-5.449622104106212062e-01;-4.229138291427549101e-02;1.242250599714434411e+00;-2.091862169757338075e-01;-3.882193245077810717e-01;-9.600691470024451668e-01;2.632642299324491897e-01;4.207760730805213956e-01;-5.875161884633554044e-01;1.110071763459127725e+00;5.062220275030450134e-01;6.992242314617396204e-01;-4.883198866270398175e-02;1.623100919491029304e+00;-8.286344122234529097e-01;9.337699644124147769e-02;4.796130783624169003e-01;-3.273074699992492564e-01;-2.532599371041915348e-01;-3.142464244491880443e-01;-3.886060446895662768e-01;-1.393618837998781002e-01;-4.906498788792075239e-01;-3.882530759746660731e-01;2.582395757195645736e-01;1.360775305649387090e-01;1.072034154472051082e+00;-9.382830083590003589e-01;2.339047614934662567e-01;8.515783058551412710e-01;-4.166522939882103538e-01;3.276661410448233336e-01;-9.542129174531198410e-02;9.036521215327837642e-02
-1.004799875047651225e+00;6.992136494079432829e-01;-3.082313517016699866e-01;2.271663112833730125e+00;6.201503064500678564e-01;-1.958550316654624091e+00;2.746763723210010610e-01;3.893608975935181071e-02;-6.243283211365460161e-01;1.466469718663395039e+00;1.159063715365604263e+00;-7.486217687932461562e-01;2.364118241890673933e-01;-6.954253901597483578e-01;7.067532974172381355e-01;3.784417267970956456e-01;7.035877174960615266e-01;-7.405466995003322506e-01;-4.018855413960102929e-01;-1.738227879953374799e+00;-1.168488990279402673e+00;-8.932424624204534647e-01;-1.199721880533862056e-01;-4.956284425576559238e-01;3.452038454356465280e-01;-6.497909011536192603e-01;-3.045417228949485744e-01;-8.685321073566382166e-01;-3.021358800404667644e-01;6.991976106186484907e-01;5.260604815588509897e-01;4.604042086175514914e-01;-1.249274631916678785e-01;-7.852616217185607317e-01;1.796087182723864251e+00;-4.509099329101178277e-01;8.241965274818084941e-01;2.042457181140109324e+00;-1.168993430586753313e+00;-6.756766478084569316e-01;-1.066404255029668624e+00;-2.917793727669779624e-01;7.192473007848302347e-01;3.156516043096756485e-01;5.382007903150123340e-01;2.139584105109142875e+00
1.590803379222531788e-01;-1.030213476762093405e+00;-1.205258923728103893e-01;2.650006604048612754e-02;-7.848298938186775153e-01;-9.300522166281474101e-01;3.502174492560032881e-01;2.489356121601096761e-01;-3.239830665354515027e-01;1.999760639973974685e+00;-2.094395485559197301e-01;1.617460757305325014e+00;1.879002397044177708e-01;8.483154833092287905e-01;9.271734230568176027e-01;-7.640619447243470752e-01;-4.382182901226908296e-04;9.453574954884216286e-01;-1.929986691320270675e-01;-5.732431798544818796e-02;7.787883413055967097e-01;1.035047364155557564e-01;-2.557563788379800807e-01;1.123254532607907176e-02;-1.547263282541415652e-01;5.352889548963645633e-02;6.272268346466075561e-01;-1.572630444043989550e+00;-6.709333990927769664e-02;1.163491018817732758e+00;6.059862836402161168e-01;-5.343444363713961698e-01;-9.653591566161067172e-01;1.616573678402462855e-01;1.635505685065208548e+00;-2.755855845391982362e-01;1.244225085543706165e-02;1.727409969918215493e+00;-3.485827731314061761e-02;1.192700420016021140e-01;1.855858800836295563e-01;1.537160097647242152e+00;-7.911564366194939746e-01;9.162176575629609188e-01;5.189643967363457427e-02;-5.685402192069429761e-01
1.415836340771821078e-01;2.681406063647787108e-01;2.645757899639088542e-02;6.059738125666956909e-01;-3.093733586617386511e-01;4.541097935241207306e-01;-4.135400037229093329e-01;-5.608147791806139537e-01;-1.534891836684093347e+00;-1.674366317488700462e+00;5.961464830900921053e-01;-1.496423298689230297e+00;-2.189171937663522693e-01;-1.146603168121096639e+00;-9.104595991477775208e-01;9.705591757811090625e-01;-2.591420641452694684e-01;3.106147955546265660e-01;9.139911540449353611e-01;-2.729271410853335578e-01;-1.438289167664836166e+00;-1.641991566478462339e-01;1.238706553418399192e+00;1.037499330191160807e+00;1.613747646840983485e+00;3.066055419992429476e-01;3.122771042533780683e-01;1.026311950903856296e+00;2.191175918165974235e+00;-1.386696917043419353e+00;-8.948079885234965225e-01;9.151961220157373011e-01;4.704355455725736102e-01;7.177820641076755326e-01;-9.277452733110534977e-01;-8.877307295765606288e-01;6.179090021213476946e-01;-1.933889483782379237e+00;7.256033735947851060e-01;-8.923048982736423440e-01;-5.234378460916880860e-01;-1.963419298623357179e+00;1.635453245116436916e-01;-2.005171380554549909e+00;1.538541770178844248e-01;-1.466297207724091001e+00
6.597323368585101822e-01;-5.503144626443516874e-01;3.291281121815091693e-01;-5.510543208392364445e-01;-8.146118427090155711e-02;-1.259135578259402921e+00;5.906001221125248835e-01;1.069176173037971189e+00;-4.381808590947735421e-02;7.803227138246419115e-01;-1.974439463037292175e-01;5.242010307975107641e-02;2.055458047304987157e-01;-4.768855609406728591e-01;5.920938385350416056e-01;-7.296624253345160849e-01;2.990441270572677477e-03;6.416846496888380935e-01;2.130495699050669323e-01;2.448100165364361369e-01;-1.271205715922955504e+00;7.833060222795505956e-01;8.475305198822833397e-01;7.829479201345046491e-01;1.274331825690617759e+00;-4.485252815761652245e-01;5.813483830052971202e-01;-1.574085815873881300e-01;2.302490473793504133e+00;3.625850850195444508e-01;-1.796403524697935128e-01;-6.935767776806215368e-01;-1.784924466163390067e-02;-5.738618502218171269e-01;5.068456966436180045e-01;-1.098601021268567068e+00;1.334555493525700354e-01;6.030795963025246120e-01;-2.640275403929025488e-01;-1.300534622243902927e-01;4.209155212406110458e-01;-8.815377799382784207e-02;-4.886678874425788299e-01;1.860521947524932829e+00;5.043894863201709572e-02;-5.928420439083788018e-01
-1.180910264214037220e+00;1.235503827752916894e+00;-1.174756945399580976e+00;2.620619352688661752e-01;-6.783525962598769832e-01;-3.467513322893860384e-01;8.820146508643863514e-01;-1.578446001943209609e+00;-1.062025377853665020e+00;1.576636732775808625e+00;8.026396145290346507e-01;-1.513324792811514774e+00;4.341008231491702007e-01;-9.951696820876806404e-01;-1.238653251546462331e+00;1.294077692091680998e+00;7.462386597474692795e-01;8.755966759896689489e-01;2.177822501583090986e+00;2.513900296968557546e-01;-3.337351180999552636e-01;-1.213348514382862398e+00;-8.815689333779006542e-01;-1.601586128606500958e+00;-2.937405639383774414e-01;-1.602028712317723480e+00;7.584093220128154123e-01;-1.276308224968995431e+00;-1.734066396663928922e+00;1.479425072523774309e+00;1.732003686069329973e+00;1.156798639487750080e+00;1.367660678769864857e+00;7.757435729130025548e-01;1.352923249258613181e+00;-8.514130201738161208e-02;5.190028450730540532e-01;1.599780838664022653e+00;-1.580320902454700249e+00;-2.711122093640584430e-01;-3.218779764551252254e-01;-4.920762196620636630e-01;1.033338572442066061e+00;-1.037664652745354799e+00;3.047544553367943498e-01;5.227175789592511945e-01
4.859262067190516232e-01;2.199282362875494279e-01;-3.501385031944857507e-01;-3.423954732446995441e-01;-1.444364972992162877e-01;5.166693181006822844e-01;4.804239110297391369e-01;4.511647691481848743e-01;-5.559491492150145930e-01;-7.266468627427886684e-01;6.609592537838091530e-01;-4.861478001698039952e-02;3.391074256726724911e-01;-2.938780677639798999e-01;-3.103596675848332986e-01;-9.087859696749673866e-01;8.359363486964014323e-01;-5.976839149203894835e-02;4.102602376476320312e-01;-7.979721331679119345e-01;-1.735914603312780080e-01;5.671212935886510431e-01;-6.131162256249476084e-01;-6.530491907352194980e-01;-4.032415391512052527e-01;2.153499911320374327e+00;1.861724900976352848e-01;4.446912755387542604e-01;-1.113107437815577638e+00;-5.694905946222265092e-01;-1.137823226953998290e+00;1.908232507027558533e-01;-3.780181536408038778e-01;1.532555940610904055e-01;-1.132477110916902951e+00;3.226014394496005688e-01;8.028865852549568194e-01;-1.030742463971694223e+00;1.387217806854079027e+00;6.868809460253494370e-01;-7.015650439742302513e-01;-1.835920737745722064e-01;4.170563012997744595e-02;4.265909133996705904e-01;4.909786523558101745e-01;-1.214795837823521962e+00
-2.313597351639555266e-01;6.366633508350365567e-01;-5.888108644212387138e-02;9.814144199503399557e-01;7.321651529853152596e-01;2.715088127019751330e-01;6.001967182884030416e-01;9.255369465616810135e-03;4.531781968703556540e-01;-1.306226266073779341e+00;3.527999856833601289e-01;-1.091676183735395878e+00;5.409362581735506215e-01;2.276053824756298638e-01;-3.201844472467692965e-02;-8.945110687292459617e-02;3.432377697466868632e-02;9.284790282211811130e-01;-4.932636922362708398e-02;5.976714452154583412e-01;1.022293829918080044e-01;-2.270275332607963048e-01;-1.294499196037944833e+00;-1.142366196883422225e+00;-1.588401694674936415e+00;7.613565215382485096e-01;9.222512316314003256e-01;1.026748082935273976e+00;-1.564239630063926745e+00;-1.642901454296749053e+00;-1.525184377532369684e+00;1.853226311133873982e-01;1.233885423859105712e+00;-4.129921931883154818e-01;-1.383834129444240002e+00;3.326636961882369903e-01;4.519811401110763738e-01;-1.142357617544423221e+00;1.333474680221204522e+00;-1.841792501587739828e-01;5.752610197341616605e-01;-7.358019427519896238e-01;4.955818593052710996e-01;3.533909025508261137e-01;5.841808008592538348e-01;5.976293110350977544e-01
-7.209096131043156719e-01;8.050330851708130675e-01;-1.465663988545095275e+00;4.990657485508411817e-01;-3.682709686781636127e-01;-2.279724316869333745e-01;1.098975758028216010e+00;-5.019296944922952974e-01;2.109317048321516785e-01;1.196230780293130458e+00;1.268676965062766060e+00;-2.013018231544508652e+00;3.561961666032655849e-01;-4.504710616679319379e-01;9.763322184035014284e-02;6.298656705213087070e-01;5.819197335529019410e-01;6.900028808148628290e-02;1.173318981277309686e-01;-4.750421557222240798e-01;-4.122248788249343043e-01;-6.707324763140156687e-01;9.528231118063666960e-01;4.651915225241602947e-01;9.435289002610653952e-01;-1.503849114805679843e+00;2.967082540876042618e-01;-2.735211969276951094e-01;1.090713535890904390e-01;9.166835081708314403e-01;6.998807972881495587e-01;1.227704186738301395e+00;1.662725767856666925e+00;1.212185556093025252e+00;6.815598710820465200e-01;-7.449469040455357627e-01;1.008454086546533457e+00;6.919262399158547794e-01;-1.471243247178308566e+00;-8.562935618883128763e-02;-1.500329235988372700e-01;5.152691757386115290e-01;6.293119311598617260e-01;-1.119871928057162513e+00;9.514079711957635910e-01;1.230929598281429449e+00
7.915984897224720429e-01;-1.296312357964163331e+00;9.309867801011244559e-01;-1.427411398078745508e+00;-6.844983463277461988e-01;-3.982699925485380654e-01;-6.564084858211384210e-01;-8.751537390217789536e-02;-5.525296330249176817e-03;-9.137290216146702615e-02;-3.983854472273924974e-01;6.341294613787755718e-01;-2.947360897718291350e-01;1.297238484932445202e+00;-1.428823108437447864e+00;-1.166056753729677764e+00;-6.697926217572871543e-01;-1.121467977604331256e+00;-3.237878680244197227e-01;4.453019054937193966e-01;1.389004241901273806e+00;1.188788643439868009e+00;-8.324547994344537738e-01;-2.971928886404809345e-01;-9.042276117406282676e-01;2.190726990126034557e-01;-1.117057505350840252e+00;-1.263185261751464283e+00;-1.780341061763064614e+00;2.392369214257507870e-01;-3.378730271241978667e-01;-1.655788868466586461e+00;-1.997410384278117457e+00;6.082757358006304349e-01;-7.780685405911538233e-01;1.776153488550776816e+00;4.934853701665670861e-02;3.613600459912099105e-01;-2.492047075483271312e-01;1.449502694165252237e+00;3.208193329123427695e-01;-2.546835872987276872e+00;-1.168182545313842358e+00;5.373414704720859136e-01;-8.326945660860521903e-01;-9.865424292992415189e-01
-1.112420324039197217e+00;8.333787921361599516e-01;-2.705274030034280353e-01;2.133890363856975281e+00;7.156284224671867200e-01;-2.384873361889900678e-01;-1.915601491803549938e-01;-4.259338403774913795e-01;1.089499276557140739e+00;1.225873568754839660e+00;-2.742034061884844331e-01;-4.621592803515938153e-01;-1.819581870673156465e-01;-3.950427451805145207e-01;-7.830817643462139044e-01;1.291779458857989171e+00;8.824965992636650547e-02;-3.367104396688753720e-01;-2.764698609869719270e+00;-1.891773715686902446e-01;-8.598037185668160332e-01;-6.808647407036458876e-01;6.558539548902742045e-01;1.303880828976743400e-01;7.067751609370698240e-01;-1.123825817046330000e+00;-1.479163204021998468e-01;2.187152568943669106e-01;-3.495799319872383015e-01;1.123925603022059017e+00;3.387747274532935254e-02;6.505320506601484087e-01;-1.300175991831787059e-01;3.884241461591685374e-01;1.569724481899818391e+00;5.538145161828136320e-01;-2.554956587496204912e-01;7.059710950958708597e-01;-1.739781213940456484e+00;-1.687303130828066156e-01;2.816747138925119742e-01;3.888180256802613033e-01;8.637747300980331833e-01;-6.594776158381889797e-01;-3.356714104307561009e-01;1.436731279390241811e+00
1.411979167377465760e+00;-6.656624952010994356e-01;-2.385508290998251124e-01;-1.166328694435688318e+00;-1.598393699596267981e+00;-1.513071408422176356e+00;1.200905664511831422e-01;-1.193920456994892243e+00;-1.078827570692220794e+00;-3.404388077735376328e-02;-3.127607011841099793e-01;1.587140195612087412e+00;8.421773185321125288e-01;1.650701564231839891e+00;-1.251327879102547502e+00;-1.684761543732927469e-01;5.628492088803910276e-01;1.054427308822763143e+00;-1.374572037369822475e+00;-1.200199872078282909e-01;1.966313097931756460e+00;1.546795296218203442e+00;6.121147684008902967e-01;8.785888466240968642e-01;-1.394369089164918252e-01;5.958333675156683995e-01;7.693898887097426753e-01;-6.422977627580865878e-01;9.104270520742526740e-01;5.600507599827667660e-01;6.701483918029965681e-01;-7.768194283091204300e-01;-3.523051608020826841e-01;1.552660432582074979e+00;-4.829318342091830640e-01;2.171453909445359542e+00;1.135579704651778349e-01;-5.035980703616018683e-01;1.724976565488266778e-01;6.624725138921963019e-01;-3.115363005984781442e-01;-1.461201823936014443e-01;-8.309189262766759621e-01;-2.348916314910066971e-01;1.180373063862064781e-01;5.976112538078295344e-01
1.051329750098981330e+00;-1.231696570775490773e+00;6.826193460604103036e-01;-1.466423735149062102e+00;-5.053024297763738515e-01;1.950989836371165076e+00;-5.937309911919659566e-03;1.976625407339363538e-01;4.602792946256931694e-01;-1.308683466499435122e+00;-1.838102573384473304e-01;9.055855528360958751e-01;-1.014477879561023421e+00;9.923270192749622520e-01;5.118580304266674430e-01;-1.663416131412944976e+00;-2.548042569447920846e-01;-1.437821555267075002e+00;-1.739903275437566232e-01;1.373902582771213465e+00;1.767811983687157973e+00;5.711225670184516545e-01;5.651827255023874619e-01;1.136440015914358170e+00;2.023006762962153149e-01;9.410000369696388534e-01;-9.819161278734500620e-01;1.653084608866950411e+00;1.637954579610406691e+00;-9.897071987604939558e-01;-9.187879634472166934e-01;-1.569007263631015503e+00;-9.776707577200043353e-01;-1.121590085727299568e+00;-1.435049668649681420e+00;1.400446194327990446e+00;-1.866679819065563128e-01;-1.979340419599181278e+00;1.486090762844696878e+00;1.925031821195028359e+00;1.089416415532087568e+00;3.569235594594374894e-02;-9.143173268036143275e-01;4.583150172437970848e-01;-3.012091754500095808e-01;9.989189117970844745e-01
4.544811927648899075e-01;-9.812993334228472531e-01;1.137825175845291303e+00;-1.007327381743380545e+00;-1.307058927057597852e+00;-1.776434670470893873e-01;-1.017265363767046571e+00;1.286009135584004204e-01;1.978259276200166283e+00;1.016965508994805090e+00;-7.542654253870383352e-01;-1.580504840062414207e+00;-7.554459893132476900e-01;-3.806571371930017045e-01;-2.707308343773362491e-01;8.887237433573701439e-01;-9.398927792501052814e-01;-7.385714431292662585e-01;-6.818129455885051371e-01;2.147653966448831220e+00;3.854354886159008231e-01;1.094040640202710746e+00;2.818956491074585125e-01;3.082170608457658785e-03;5.562045418477326586e-02;-6.818736112697341145e-01;-5.766766029791845494e-01;-5.783233915129262215e-01;1.754441849644833018e-01;1.172955720296027682e+00;1.112989062203418422e+00;2.349374482308918266e-01;1.151796745696658464e+00;9.971170227808530129e-01;-2.280288981515799784e-01;6.000329795233013686e-01;-6.961304982257878748e-01;7.009338398762822164e-01;-1.137469437478072276e+00;5.468287513454913595e-01;2.139560539061212907e+00;-1.093164570047461925e+00;-1.164568781186224200e+00;-4.164302200672680421e-01;-8.606956245724509680e-01;1.614201194902917802e+00
-4.062497393602176321e-01;1.889070665574872354e-01;-8.338828455433990872e-01;1.072428789878224542e+00;-8.201279533188988724e-01;4.013991257622309128e-01;-3.270399517080308047e-03;2.264486615126972899e-02;9.666182204289960334e-01;-3.745994783365194647e-01;1.094587166591572513e+00;-8.780757922023140205e-01;1.171603665922106075e+00;-2.758515257016695976e-01;-1.247632328568817117e+00;7.052924111814947716e-01;8.124843025122764351e-01;4.511459490549620810e-01;-4.390266389014914339e-02;9.381927134912350086e-01;-1.311379966236762229e+00;-2.147266222012535197e-01;-5.335591547444054061e-01;-6.206733948106576415e-01;-1.006145952983302228e-01;4.575783477631776841e-01;7.237584042051228295e-01;5.711885914906372763e-01;-1.262466344648855543e+00;-4.843587133566848446e-01;-2.671555419849457880e-01;1.150666123309881383e+00;9.465385131056033297e-01;9.935792389303705896e-01;8.732653366556758501e-02;-1.565238188102030803e-01;1.392668522766835171e+00;3.200250703844397665e-02;4.695829360611594172e-01;-3.055075811364579841e-01;9.773683078712782635e-01;-7.521908453919567972e-01;2.990436211877927075e-01;-3.950092990655814651e-01;8.767832660009136081e-01;-1.249787079152617109e+00
8.277107053550304683e-02;-6.863677978191545792e-01;6.159172654213587172e-01;-8.573657898256613619e-01;-5.010833908551707294e-01;5.896029045032923355e-01;-5.793256082703666099e-01;1.064084230800749070e-01;3.569749457996069242e-01;2.364855933335559823e-01;-1.151533173303163293e+00;-6.371162813834538863e-01;-1.165978396829939090e+00;6.332581734947954899e-02;-3.902102892864884320e-01;2.018943099088845727e-01;-7.724658888320012906e-01;-8.583322441636382916e-01;-1.951308452342840893e-01;-6.821269426168945493e-01;9.655389018184727945e-01;1.293871785817655440e-01;2.446862398455309784e-01;3.554306182120357538e-01;1.810536725195154018e-01;-3.023830205033697371e-01;-1.132412658172748054e+00;-2.120207976346893675e-01;-5.373685839294393141e-01;-3.155605326196163629e-01;-7.190656719281141029e-02;3.357753959790067966e-01;-2.061272698094368250e-01;2.519553128471982428e-01;2.135912175129363599e-01;4.663393638341221115e-01;-1.139355123374188095e+00;7.351180706429585321e-01;1.646450267341242335e-01;7.104060630894627471e-01;-2.338121769395260646e-02;-1.040244523406926414e+00;-4.061418919843741704e-01;-9.878689387842117808e-01;-8.461877394519193851e-01;-7.936044486887453564e-01
3.519714804483278087e-02;-1.961247578580036510e-01;-5.900008206821008017e-01;-3.409182013288331592e-01;1.144230506829744032e+00;-1.864044095416664826e+00;-5.442374358701917991e-01;5.136994577887976643e-01;-1.898007526939694323e+00;-2.882611963053400284e-01;1.312271927929302473e+00;4.468786626762831227e-01;3.934308558243028164e-01;9.487383396513824341e-01;9.548115118853142125e-01;-7.367500191138616206e-01;8.497165228229005551e-01;2.144804935553803749e-01;-4.456150514121201556e-01;-1.823887211031878453e+00;9.184956290647471322e-01;1.084932667268091594e-01;9.850754223806046372e-01;1.191622198703325308e+00;1.002974575987970018e+00;3.149791574904708402e-01;1.688333098943759492e-01;-7.140630485008462314e-01;8.527558208276294627e-01;-6.591171630831364758e-02;-1.040887891945480870e-01;-1.555746053017531993e+00;-7.401306226004341626e-01;-1.596296196256346223e+00;3.461924828981154112e-02;4.080842242574305168e-01;9.625011248581857304e-01;-5.356575895391266773e-01;3.260502371574484082e-01;4.235686399820067227e-01;-2.104524677216585982e+00;3.431038081461258438e-01;4.467086845812524160e-02;7.676677234869505595e-01;5.566922382826673399e-01;-1.216086358163832593e+00
6.796429017211336188e-01;-7.364626806796280567e-01;6.565430823861651000e-01;-9.864365922031338441e-01;-1.054885525799054147e+00;-4.598848302761090467e-01;-1.304035958620149704e-01;8.716374067636506462e-02;-2.273895219568047299e-01;-1.227812940041641127e-01;-9.443654806744419261e-01;8.598706799163984005e-02;-3.378429530969020989e-01;7.264055589980598082e-01;2.135901298760651545e-01;-5.786886232328609658e-01;-3.088322572497564922e-01;4.703783367586708009e-01;-5.359086570233908553e-01;-1.794615853157509044e-01;5.544418502409813598e-01;8.894162647588863546e-01;-1.190841444070475985e+00;-9.962552651595895092e-01;-1.222598895038976785e+00;5.662904353224599285e-01;3.136605129212950982e-01;-1.225957847920583266e+00;-7.571963980207799816e-01;4.135711149169205014e-01;3.423597738008413716e-01;-5.888535958449364616e-01;-9.917809932676541207e-01;-1.342438682798313965e-01;-3.470552199053628661e-01;5.795942053648658332e-01;-6.208625333560030546e-01;-8.587774145654037961e-01;2.298439143209160540e-01;8.286022263067858162e-01;-3.094208488592859463e-01;6.460842961167204135e-02;-9.965675806279052917e-01;1.484289066435121596e-01;-4.947833097126921320e-01;-1.259646766723095057e+00
1.162637090589676570e-01;-1.141748143079955424e+00;3.747356878496381216e-01;1.187615433441193247e+00;-9.946597189938601868e-01;2.962741741233244075e-01;-7.362584056482035511e-01;-1.120414881972013887e+00;5.679873855003809702e-01;3.647603553513767416e-02;3.323606451161774389e-02;-1.242811787647440935e-01;4.278842842420416681e-01;7.565539059190944382e-01;-7.725582146209496459e-01;3.506747615945933760e-01;3.861660819267967535e-03;2.991156650525304550e-01;-5.016607489437333589e-01;1.768307731608815381e+00;8.204321171548517588e-01;1.704733311644583346e-02;-3.111913445560928748e-01;1.560024865880169642e-01;-5.686860413230425682e-01;1.845333037662900688e-01;-3.090870745399490818e-02;6.462647598540014471e-01;3.510214776914231116e-01;3.785571228121500931e-01;-8.310561607636509640e-01;-2.965163027347733626e-01;3.893639554811961084e-03;1.327798710707344565e+00;6.758958233653773219e-03;1.601247607000006568e+00;1.505612200089887220e-01;8.058717175123479848e-01;2.379533933255426337e-01;1.321200706856574758e+00;1.723132904189197623e+00;1.553068617125255679e+00;-1.097498194784492842e+00;4.140119003626345218e-01;-3.438907970751126086e-02;1.392566066232071575e+00
9.029427469418629393e-01;-1.233399669030368351e+00;1.235576449226306162e+00;-8.311554083595250608e-01;-4.323342806748116107e-01;3.839511559971165444e-01;-1.375226917191830767e+00;-6.064667060464303816e-01;-1.284380927902250447e+00;-5.151046288933088801e-01;-1.047508329253941994e+00;-8.374251434459714094e-01;-8.097928500168657395e-01;3.273946461720217416e-01;-8.855343524823142687e-01;-5.306902530031559762e-01;-1.405730368130677643e+00;-7.939261588296711025e-01;-4.472017661505194863e-01;-8.855646944620777505e-01;8.525794300807736370e-01;9.082078860448576929e-01;-3.057631166731083483e-01;7.452706157772043261e-02;-5.572089651588613135e-01;1.913400846322536042e-01;-7.361364620179683405e-01;6.840275046158696970e-01;-2.182709308973908247e+00;-4.360850947648985398e-01;-7.321213287921036761e-01;-7.242484516370473191e-01;-1.997786753315877073e+00;1.774526100511986115e-01;-1.263275893887990220e+00;1.146473263718505997e+00;-8.358231850265489538e-01;-9.561763092869820513e-01;4.809899944575938835e-01;6.986504211006766552e-01;-1.268783219639807669e+00;-9.516425262853608347e-01;-1.264954710315178588e+00;1.170910758593542766e+00;-1.075802357353631056e+00;8.511502368027058507e-01
-1.733232989550079539e+00;1.246407214372351246e+00;-1.993050070144629871e+00;1.141655566494495400e+00;1.098589532581006889e+00;6.860622025415097358e-01;1.982370568492843432e+00;7.639767066409829388e-01;3.884362863217092898e-01;-6.968060743352874065e-01;2.366277884087893746e+00;-2.338935943005090445e-01;2.339356330946666063e+00;-3.644029199019968579e-01;5.137192315884984151e-01;-1.519911120111064884e-01;2.545905362762143742e+00;1.635374610865728329e+00;-1.766067886438339007e+00;-6.427635194405560970e-01;2.650006837886472733e-01;-1.705137521369061604e+00;-7.751019688734110957e-01;-8.878829953001979858e-01;-1.004133505444582131e+00;4.997680236985709290e-01;1.794335719753975766e+00;5.915022624933492512e-01;-3.132141877793822582e-01;-3.656455100500380917e-01;-1.255121468431709575e+00;2.925290035404579658e-01;1.941086257004380533e+00;-1.531199837065388758e+00;-5.803509125458150564e-01;-4.012888922316373286e-01;2.850282825121790431e+00;1.062365443797081838e-01;6.381758494338443111e-01;1.673479218441661920e-01;-4.955667328558320262e-01;4.545604099876198595e-02;1.169513546456717235e+00;-2.226945367545986321e-01;2.378213781040176222e+00;-1.109355330678001295e+00
2.574045608198071156e-01;9.368738103609077772e-01;-1.080445887806794847e+00;1.976097237976518928e+00;4.165104221272769580e-01;-2.527452578048982601e-01;1.820830295969922685e-01;3.836552487315743054e-01;9.285692593752091772e-01;1.832043818370874710e+00;6.418033586284921377e-02;-2.108993089172940483e+00;-5.734974396913914418e-01;-1.516004065204547890e+00;-1.095769085032724410e+00;2.192314405824014933e+00;-3.633185429886801043e-01;-1.414302017545043144e+00;1.181651905215049814e+00;4.778674079063268132e-01;-1.228656739644371498e+00;3.710351422285542156e-01;4.466089208684408396e-01;-2.438736026107348742e-01;4.865732851769557499e-01;-2.206208626011497032e+00;-1.215505253555942966e+00;-1.127543034091285978e+00;-5.089667639808956312e-02;1.698669861699493522e+00;2.461447245982816501e+00;1.692033654692761235e+00;-3.252270718610718037e-01;6.152760302203988951e-01;1.913609123039509141e+00;-6.434132963531055127e-01;2.739502959444982122e-01;1.024571839347169222e+00;-2.515004525148715420e+00;-2.436068857920327790e+00;4.518838943506565120e-01;-1.182245314462333274e+00;9.041956328146520949e-01;-1.198383204996575691e+00;6.102756306930810781e-02;1.198626248602486344e+00
-1.366045734947068491e+00;3.431395206324571179e-01;-6.390320996210480109e-01;3.910178588258202831e-02;6.538680850167561953e-01;-1.778693957160772499e+00;9.552941910632005706e-01;1.715053878048653502e+00;9.649078100231555100e-01;1.614214149642292595e+00;-5.088553289499460064e-01;8.744987968143180801e-01;-1.650957008739014076e-01;6.501554349240035169e-01;1.604573699910569085e+00;-7.074234571496152979e-01;-2.383511282163424949e-01;-3.006392269861267175e-01;2.683840332706894927e-01;1.324708414373672927e+00;9.526974303146485967e-01;-7.507521297155752560e-01;1.173468855774610686e+00;1.319284614245603393e+00;6.097501603755741684e-01;-1.326862362052288358e+00;3.224307554282153376e-02;-1.550747923056874367e+00;1.411564785988576709e+00;2.040723144716450665e+00;1.116038832723666996e+00;2.037601936522110135e-01;8.090138604956373936e-01;-5.896832027069816018e-01;1.057644524297126631e+00;3.475929889248544069e-01;-3.494415670257937645e-01;1.313348421091517171e+00;-1.529064884109297306e+00;-5.968757043777332960e-01;1.405380508742458900e+00;1.330221048903634129e+00;3.825928439474123866e-01;6.052490371684070558e-01;2.018036917239857675e-01;-1.767376688526608453e-01
-4.646197326088215007e-01;3.468292676721672074e-01;-3.783029502079588990e-01;-4.092863745142299448e-01;6.188128458370747431e-01;6.851870191007326527e-01;4.157183396533851716e-01;2.323302190099576947e+00;1.171537227656299363e-01;-1.284527932155048680e+00;1.028237942593563048e+00;1.967514353180164696e-02;4.242266517112142088e-01;1.492068493756528058e+00;1.743411303112316846e+00;1.241635439405401886e+00;7.382885921793437278e-01;8.195503876870066096e-01;1.096016924700794481e+00;-3.930728505174134746e-01;6.117110383895080217e-01;-3.932105665708425790e-01;-7.543157850141379850e-01;-3.987103067043460403e-01;-7.262516560186554893e-01;2.234271571132647960e+00;4.212161844927451715e-01;1.202486927280203677e+00;-1.751049447304178219e+00;-1.268293903267942335e+00;-1.594359378405199923e+00;-1.090487827502017726e-01;-8.293267296597388594e-01;-9.887372279116362073e-01;-1.014347605474857916e+00;1.059462354409114626e+00;5.990742648220265254e-01;-5.195820136551876356e-01;1.909292568033547299e+00;1.390266016172444052e+00;-1.494573046618976608e-01;1.211442967119740644e+00;3.894588995988225166e-01;2.635953447683265782e-01;6.288508070703939801e-01;5.585366606577987225e-01
1.519296369982063633e+00;-1.575163268651925019e+00;1.574404875256995684e+00;8.658516788307852874e-01;-1.190723516076254596e+00;-8.046211841576114132e-01;-1.337938681663260798e+00;-1.383652703911844917e+00;1.410774369358619218e+00;3.522444601854700097e-01;-1.148822880274197100e+00;1.255632375691069447e+00;-1.588273121057699022e+00;-2.974022900143033499e-01;-1.380317006506889710e+00;8.527042005687403003e-01;-1.509227533380035124e+00;-1.840809997069692727e+00;5.342270702195492937e-01;1.922219202292237528e+00;-6.895484395817159662e-01;1.237708359862574214e+00;6.820919673314107534e-02;1.664056283002158521e-01;-2.240338629861646225e-01;6.637124946241498291e-01;-1.742481801084274418e+00;1.556531744296207886e-01;-1.184101338626069921e+00;-4.403379726640300751e-01;2.532594701424332184e-01;-3.306688386681337355e-01;-1.964682563581937325e-01;1.118034718177192577e+00;-7.221828014974918108e-02;3.928855861678944850e-01;-1.201778825629749248e+00;-6.912445376947373710e-01;1.168273709728179788e-01;5.212005937664462296e-01;1.805949826724919660e+00;3.779403201695380465e-02;-1.402288946220271448e+00;8.433366472341682907e-02;-1.648218029611918212e+00;3.716308716649346366e-01
-7.972283187981515917e-01;-8.002609429703651939e-03;-1.208822296165250748e-01;8.952535790933534576e-01;-1.466666035454718686e-01;5.087167062097092129e-01;8.291641943325129827e-01;-5.290762348231986545e-01;-6.130133424505243012e-01;-7.106161772311060387e-01;9.423482610676200411e-01;7.653579370348656541e-01;1.478363397959558123e-01;-4.740632798868078535e-01;-9.229024356258879180e-01;-2.652073480891684598e-01;6.419509721025176141e-01;-3.552107230254246684e-01;-1.259603089780356289e+00;-1.979559486869276963e+00;-5.149056584253288715e-01;-7.464276892195048640e-01;-1.249901088385085179e+00;-1.285564079699033746e+00;-1.099390346471784241e+00;1.010215052127316770e+00;-7.537064892431988294e-02;8.898814550962490522e-01;-1.358614862574096582e+00;-5.814926502666420971e-01;-1.454943702556483087e+00;4.490347669883531512e-01;8.938572828225323230e-02;6.660862326458931726e-01;-4.486736206092250545e-01;-9.004672333029098419e-02;6.992559011448086226e-01;-6.154290997266822494e-01;1.268082770372692236e+00;-5.934639755024666563e-01;-1.408434441424629036e+00;-7.480809803871047992e-01;4.026227173039573781e-01;-5.622827594691141018e-01;3.386619401685412867e-01;-2.188828559180860278e+00
-4.492836249482927147e-01;-2.853003801581960319e-02;5.653946769030293584e-01;1.335228904621516000e+00;-8.712730447181047388e-01;6.078411027652319554e-01;-5.857820174724204243e-01;-1.119164626589983280e+00;-2.217071837919510069e-01;1.995106360592706629e-01;-7.953435142118389090e-01;6.731503139804592140e-01;-1.140341530739341414e+00;7.628984288906776046e-01;-1.432277718560726942e+00;6.679308786339095694e-02;-5.281919487421893322e-01;-5.351021830130657797e-01;-1.129618349224456475e+00;4.864736100882471881e-01;8.221964186556748322e-01;-4.006146314347200921e-01;5.581355111250843049e-01;7.933136671448999255e-01;1.134447046427424777e+00;4.320550390354634951e-01;-5.979552380621915297e-01;1.153216815767970360e-01;-2.323464460227083472e-01;-9.330589781560806595e-02;-6.337536363102307391e-01;4.676924127509728968e-01;-1.992548484167361855e-01;1.246201480434747877e+00;7.898501616198980724e-01;5.854849278650977595e-01;-5.585529768522603522e-01;5.159951995311267137e-01;3.419032586727087653e-01;-3.422421069053504517e-01;3.196460203825481905e-01;-1.136318307802699712e+00;2.439214212012178473e-01;-1.922748157460436313e-01;-8.192628204472449660e-01;-3.878837205551446954e-01
1.173446872202313251e+00;-1.236085785101105339e+00;1.026993864163448178e+00;-2.370859400528718408e-01;-1.212173962443074071e+00;-8.323330836366088503e-02;-7.289513102292090041e-01;4.836958890437190184e-01;-1.014272416481699635e+00;-3.656534289823399342e-01;-6.859080989051444255e-02;9.086059902223948548e-01;-3.377929774362254389e-01;1.370643585833258848e+00;-4.071051864845524060e-01;3.557765757779373095e-01;-3.008409236528326036e-01;3.080661031610236189e-01;-5.352589224237579435e-01;-1.288224902251259962e+00;7.385567028853218252e-01;1.429439379156651979e+00;-1.320216198092083904e+00;-5.616903197238609646e-01;-8.838834689536629874e-01;-4.045063304081471522e-01;-6.194447606675464874e-02;1.127445193607278240e+00;-7.644283260029562932e-01;4.618722295917162546e-01;7.633029225824050634e-01;-6.622299023855167110e-01;-8.072391500793877350e-01;4.523765809616264177e-01;1.274794941579340535e-01;1.032873822507458961e+00;-4.944816356342929958e-02;-5.507476024507637069e-01;-5.175861990271689583e-01;8.954165578943736881e-01;-1.132088507619295692e+00;-7.336405903506831860e-01;-1.405306556855858480e+00;3.104425143633630091e-01;-7.127482984957185241e-01;7.662638289988256135e-01
1.161834561699250090e-01;-7.362799245042781493e-01;6.934408358053184562e-01;-3.504000723884619917e-01;8.237722315752333824e-01;9.802409910982683439e-01;-2.254470778775871376e-01;-2.988888685295179037e-01;9.670346272139868082e-01;-3.986037122175217218e-01;-3.665023409757857120e-01;3.962823074508001198e-01;-6.929302342235580392e-01;5.377595375758446039e-01;-2.203711047059019879e-01;-7.514784297568427585e-01;-6.396600477045714106e-01;-1.190733112170068164e+00;-2.465093970822415381e-01;3.991920051927155266e-01;5.462740847327449134e-02;2.766049323765314982e-01;-3.643312095842796694e-01;-1.076808744170247439e-01;-3.590779855453215541e-01;-7.253667083583997810e-01;-1.154277526084344085e+00;-1.669402880472653228e-01;2.473024147137252993e-01;-1.645825931173740264e-01;3.429182000406059139e-01;-1.784868273932630478e+00;-1.306404013898738725e+00;-9.002131038822778208e-01;-8.696502387752112762e-02;6.203144531111708382e-01;-5.555397225367139091e-01;4.992724297281201373e-01;-3.829070415355880774e-01;8.126458607807278689e-01;6.177604731988592945e-01;-7.275134333503844308e-01;-5.429983475278364891e-01;1.439216182154269497e+00;-5.018983737571327541e-01;-1.396943799809122089e+00
-6.275934088106190911e-01;6.620249878638212460e-01;-5.216128279711671478e-01;7.283308424361828459e-01;2.914118667494926540e-01;-1.422787726313360368e+00;1.924135238425351002e-01;1.469513034998046974e+00;6.885613281943210595e-02;-6.924882639155205410e-01;8.995465789041869886e-01;9.173084394995095758e-02;-1.456594453966207625e-01;-5.971222435520465721e-01;1.071587766654914953e+00;5.503535454167038932e-01;5.744091531231172443e-01;-1.741138215175159487e-01;-8.335129090291982790e-01;4.064984311980685688e-02;-9.349719515420134019e-01;-6.233336495143474432e-01;-2.438080975514449189e-01;-3.622770317627184711e-01;-8.820857416838205622e-02;-1.027897007917922823e-01;7.533341803363508005e-02;-4.991941986943507215e-02;-2.565475268453754620e-01;-5.070860852126524848e-02;-2.965686875926716315e-01;5.268665772598652985e-01;6.210827309112011418e-01;-3.817497585057474385e-01;-4.071536250009110125e-01;-1.195061625067094901e+00;1.541472451692730838e-01;-4.004774874305488952e-01;2.379806148532857546e-01;-4.255236137854135348e-01;-3.001295000328354501e-01;1.501519112909696307e+00;8.880068963255981496e-01;-1.098276590994147428e+00;5.298822195971082394e-01;2.493168693359964494e-01
-1.021116958866039176e-01;-1.905860511920419165e-01;-7.867135739762577407e-01;9.400706306908391818e-01;-4.594962883593003422e-01;1.349277711468327701e-01;-2.226418971180969542e-01;-3.746342529672740951e-01;2.646248332450302221e-01;8.797500683642643926e-01;1.784587628102028423e-01;-6.398541330235609781e-01;-5.286396354230256389e-02;3.779810110767599096e-01;-5.620212308410287017e-02;1.371152264987174907e-01;-1.223518899430608570e-01;-7.304131827740206750e-01;1.709153225902229623e-01;4.777606867559564541e-01;3.453448422047865618e-01;-5.064187967554290015e-01;1.229517610116729553e+00;1.459517165374237813e+00;1.339847973326984576e+00;-4.041696616067959047e-01;-5.219639691022250894e-01;-5.008485248108723864e-01;1.749727531101218814e+00;9.103174788613177526e-01;1.638724094084064831e+00;5.378090198285171430e-01;1.553767982606584219e-01;3.813826642026728608e-01;1.188385416275453910e+00;4.349630190496841520e-01;2.483682548799679146e-01;5.667483734707131626e-01;-1.321493341353569662e+00;-2.474280650417259586e-01;6.738092644958931787e-01;-1.321864980115516897e+00;1.769582178332683997e-01;5.843482243704099105e-02;5.234113114001031075e-01;1.311296991700155123e+00
-1.218590188290336052e+00;4.133538226346762379e-01;-1.057306336575599692e+00;4.856851587883345006e-02;1.367320004941682265e+00;6.811865608482141621e-01;9.039056237600947563e-01;5.127926819727008922e-01;-1.046765146961601278e-01;4.884491270831380905e-01;1.325423806982045649e+00;1.122984838374018857e+00;1.155912845366423580e+00;9.969743948754444807e-02;1.811689843250573695e+00;4.064569323334880080e-01;1.224491669340707967e+00;8.974718597790848351e-01;7.623782867707407096e-02;4.796263297216729615e-01;6.980910271823570490e-01;-1.074224286953721741e+00;-4.613901249870626664e-01;-7.184410496531228318e-01;9.226829854453860724e-02;-3.986589537846024212e-01;1.347469535635676730e+00;-8.116900448541145563e-01;-1.415126019565887683e+00;6.399624022140529833e-01;2.948744825493259114e-01;-4.128452863546976936e-01;1.338928770684316705e-01;-1.725782551241890950e+00;-4.061974071627680316e-01;-9.205685174582474151e-01;9.379246908229301738e-01;4.042016911227291343e-01;-1.485851755580775702e-01;6.624026964161751074e-01;4.943490731777543390e-01;8.526941292000168593e-01;1.010677641125332205e+00;-9.638276043396767356e-01;9.971413079475118790e-01;-1.808828943222943186e+00
-1.019051439767258316e+00;9.989737928446397186e-01;-1.022445686078319316e+00;1.562068313524521912e+00;6.157291440154998297e-01;-1.990463104197575328e+00;5.422638145855829261e-01;7.680773518748296169e-01;8.216481973023728735e-02;1.316712059405326762e+00;8.756969014313038813e-02;-6.538652924481607176e-01;8.792436454160188486e-01;-5.854799671589276944e-01;1.149040468494844314e+00;6.557130229213100625e-01;8.632594749360129605e-01;1.344806390363777471e+00;1.799903785719678462e+00;8.963470963304574768e-02;-8.514928895104633133e-01;-9.155089947699303066e-01;-3.361909801228199490e-01;-8.490655077552974328e-01;1.102310625916523984e-01;-7.660114372084728673e-01;1.100475327646111889e+00;-1.536972927576173875e+00;-1.727203290553550874e-01;1.472502127587157261e+00;2.200124623691199321e+00;9.239383215946004313e-01;7.609150376516345959e-01;-4.597830719827104562e-01;2.193572100777481104e+00;-8.593121037693790543e-01;4.671968083664788662e-01;4.636888433089700889e-01;-1.628268279826559306e+00;-1.007302292487944451e+00;3.633372677973469300e-01;1.584897713925885521e+00;8.258498628737794833e-01;-1.347300797200713163e+00;6.070516052256962336e-01;-1.885794318048888141e-01
-4.448796750155765145e-01;8.979913216661343789e-01;-1.217960464458763603e+00;6.590232171670930006e-01;-1.746061578281238313e-01;-1.891842155934273295e+00;2.973022938554397698e-01;2.795801693612502969e-01;1.751652278047487188e-01;1.410098090147516636e+00;-5.128188202496051368e-02;-2.206511750590455012e+00;5.836862205289677918e-01;-1.125683365620800069e+00;3.527500177250549873e-01;7.523030875254882455e-01;4.814406178102328959e-01;6.738384119792727445e-01;1.744369862219678158e+00;4.728846300151974824e-01;-1.161243304348003935e+00;-2.812146096497463721e-01;-9.598962441627667541e-01;-1.764603364320731282e+00;-8.550304089008571307e-01;-9.416635420538924661e-01;8.235542139237651549e-01;-1.984231551969323881e+00;-7.132549537517409721e-01;1.521247200771115304e+00;1.504674566455286300e+00;1.282874494940129839e+00;1.033257025070899227e+00;7.281741103187502340e-01;8.527793741688539653e-01;-1.182220977353696023e+00;-5.877351107946098691e-02;1.676182391673524882e-02;-2.194509287396466668e+00;-9.860224401086850055e-01;5.769492436548875336e-01;3.500723799214793264e-01;8.822799409169017615e-01;-1.363209575758941527e+00;3.497646498719176877e-01;-1.820655009293145610e-01
-1.611538519058841823e+00;1.328531045610858996e+00;-8.888333601932250083e-01;2.369796499365483533e-01;1.726189046828814133e+00;-9.300350963657029180e-01;7.329162185298284671e-01;-2.664665574854284680e-01;1.243851612189331712e+00;4.320192231335342470e-01;8.769597071106893793e-01;-2.079764205758495924e-02;2.459047649979865802e-01;4.917593886798672376e-01;1.065866018571908283e-02;2.451934440326168918e-01;2.985045718215889946e-03;-1.419077630053047767e-01;-1.017443445523048551e+00;1.449403397926565251e+00;-2.067642470049023684e-01;-1.450409331187358708e+00;7.044916708972472907e-01;3.008343059843043288e-01;6.349150483456672545e-01;-4.964022256150409373e-01;1.051949279589562136e-01;-4.116970281426544087e-01;6.069568087466938877e-01;3.990449016144472227e-01;-9.860842055397314732e-02;5.504884102862572792e-01;-7.424895486358958907e-01;-1.101237351808071141e+00;3.796045344542235966e-01;4.926841807886946922e-01;5.888840337164386041e-01;1.611417280240965699e-01;-6.019329194298455032e-01;3.592126415107167459e-01;1.417703529862790690e+00;-6.805259075015884784e-01;1.428566763145400653e+00;-5.214861874201289632e-02;5.884611071859189302e-01;7.756319533856359527e-01
1.022472797948304368e+00;-1.066707337481934470e+00;-4.998401430395512518e-02;-2.422451188715343040e+00;-2.055582439054159938e-01;-2.184215029268021455e-02;-2.613716830592979767e-02;-4.095560097400703370e-01;1.372829367655083344e+00;5.236196152979225582e-01;-7.350777358507033510e-01;-2.231944044991854281e-01;3.517262771292148926e-01;1.502294128505976101e+00;-1.276971668289925921e+00;-1.865819051539899243e-01;-5.886320665128151608e-02;7.412215353121168748e-01;-3.795909597940004820e-01;1.194467988663738822e+00;1.215302085012302857e+00;1.038884266252318556e+00;-2.822262897118778605e-02;4.260014516027891274e-01;-2.155914904851646829e-01;-7.760111655032346512e-02;7.354266448770018227e-01;-4.378704662505351619e-01;1.152216871845858304e+00;3.197403861762204147e-01;-1.935539291272050585e-02;-1.122533764550449620e+00;-6.769487838687210379e-01;6.314065057955463578e-01;1.994653065426584548e-01;2.128129502078256685e+00;-1.170215457880525722e-01;7.300102851011633920e-01;-9.784613368359923458e-02;1.856754546706882225e+00;1.421267361597766676e+00;-4.732874737207672378e-01;-4.875674152830302144e-01;7.605896493896034949e-01;-1.029838900835941956e-01;-1.071642410768184339e+00
1.148738747651114833e+00;-1.208504423163938357e+00;6.126601781764642318e-01;3.067715002098918009e-01;-3.981552556556722799e-01;1.379655111611712837e+00;-3.011434192838160495e-01;9.111171277587813977e-01;-1.866611321780784483e+00;-1.768333271197691348e+00;-3.444674432935364572e-01;1.452267572475646418e+00;-2.837678013147948985e-01;2.038941667942841818e+00;1.362466834619886269e+00;-2.476026275222855677e+00;-7.451269048900575065e-01;-4.186481478247651156e-01;-1.435602945069748726e+00;-2.422269175737720825e+00;2.585386757034234595e+00;7.815285160016720578e-01;2.500284375895141520e-01;1.155585971363422226e+00;-5.230103284184709489e-01;1.660799421667680908e+00;-5.924220891524254462e-01;1.820067642127031649e+00;8.533302672224634122e-01;-1.878927467788464423e+00;-1.887880191293791698e+00;-1.535134480780945276e+00;-1.145377017039391987e+00;1.612877334346196345e-01;-1.941227253352657112e+00;1.507772872189228730e+00;-3.520675585274340436e-01;-1.457224829635292096e+00;1.588887213462773840e+00;1.595880903090372227e+00;-2.543515875491746403e+00;1.559916340522815137e+00;-1.137229352606754507e+00;1.117223386557746778e+00;-5.226833567219641985e-01;1.108229505461944875e+00
8.049515431446463420e-01;-6.430483233565289503e-01;3.827554788611726710e-01;-1.268597282147243821e-01;-3.404260015454881882e-01;7.467144540527188568e-01;-5.081721396868897900e-01;6.557563988272950839e-01;-4.267718117204586381e-01;9.622710978736750409e-01;-7.535938683565489571e-01;2.425139038200234687e-01;-2.972351641221472329e-01;6.862340971681466506e-01;2.238525293813304062e-01;-6.767522480034293686e-01;-7.878287252695969078e-01;-5.014854413657348076e-01;-1.261909848512760002e+00;-1.236987344970826630e+00;5.557855612822109048e-01;6.746504477448590498e-01;-8.055188161709265771e-01;-5.903351185783309862e-01;-3.904800446012485216e-01;-9.018609932610959223e-01;-2.324209081339634886e-01;-6.152736386092703125e-01;-3.488839157993728901e-01;5.942999859214849190e-01;1.358276443318559679e+00;-6.450405254695968926e-01;-1.033380457154853049e+00;2.354263094195704897e-01;1.358908314467037082e+00;8.749337686007889747e-01;-9.902432178334800994e-02;1.489532914850821621e+00;-1.014226248486253201e+00;1.331758182660518264e+00;-1.014117464199647767e+00;-2.484133623278335090e-01;-7.113616310404615728e-01;3.654658447186519554e-01;-6.471137709488783418e-01;-7.598787269976230441e-01
-1.269628928983851379e-01;-5.493136542798036093e-01;3.626017169121690253e-01;3.015370209049288430e-01;-9.327604866702825515e-01;2.904884708673671767e-01;-6.957282032071865352e-01;-3.743825369720705787e-01;7.284168567699573771e-01;3.789119387405934791e-01;-6.481965102553725044e-01;-1.298803502895534479e+00;-2.241332697413004338e-01;-6.705970956086432233e-01;-6.378614889295618484e-01;3.345609826740559845e-01;-1.645764758580138265e-01;4.084582789483321985e-01;-5.000996832106895384e-01;7.493436862866504899e-01;-1.322536697559355101e+00;-8.967398902048348552e-02;-3.972008951281720823e-01;-5.868862620120370854e-01;-2.164098439299342869e-01;-6.386369856738488560e-01;1.422724357158696162e-01;4.986001790265084943e-01;-6.817122504956498741e-01;2.832632967892428355e-01;4.581768625930816019e-01;2.646918316461126519e-01;-5.327807319850236256e-02;1.327939671855412174e+00;3.129557758109342835e-02;-7.939621695540917123e-01;-3.707541682405113836e-01;9.613540056703849535e-02;3.276888435490659529e-02;-3.096200367297478606e-01;1.044217915632542182e+00;-1.046378550761141168e+00;-5.099237881293299246e-01;-3.489933478480456430e-01;-5.679090013107443990e-01;8.229137561016030000e-01
-2.397148025576144370e+00;1.389020545961840991e+00;-1.253887098640434683e+00;2.243358996406027206e+00;9.656195204428867918e-01;2.417873600803703282e-01;1.359511563978512694e+00;-1.665061450029787338e+00;-9.058335476760736027e-01;2.280557890900474644e-02;6.443419146734392644e-01;-2.282054750826199019e+00;1.237715390790894876e+00;-1.350566061225612291e+00;-6.810566471942356426e-01;6.441498349518033351e-01;8.869623029728499475e-01;1.213741079933155387e+00;7.716516856053663442e-01;-8.361174201000062256e-01;-1.310012903591579736e+00;-2.386400208813653556e+00;1.877675923027972482e+00;1.380445284227304059e+00;1.636138804289435589e+00;-4.009759248447565816e-01;9.570653514948467278e-01;2.652628978995120734e-01;-4.921910850439841223e-01;6.001678246964358143e-01;7.128542007393545710e-01;1.477879062404286792e+00;-4.955908509826204705e-02;4.129564547738387437e-01;-3.489906852167857232e-01;-6.718622588980612820e-01;1.276831323852129163e+00;1.882540512212572681e-01;-9.341076980672393670e-01;-1.081950296453402238e+00;-1.340621242354985476e+00;-8.140329914843253967e-01;1.524313277833117208e+00;-1.701600945417234501e+00;1.134104658347983907e+00;-1.838201437712148334e-01
-6.986145377149148572e-02;6.587500702557085308e-01;-1.905739235494625927e-01;1.511587562073451352e+00;-1.243588961371299567e-01;1.943514749807604136e-01;-6.520306882102129276e-01;8.075722165027336974e-01;8.489233760131810191e-01;1.698972724717509264e+00;3.015955800415396348e-01;-4.148632190153568877e-01;3.919185103778458079e-01;-2.677371282377198902e-01;4.537111734204957864e-02;6.770002580664666869e-01;2.533804470205110529e-02;1.122162450714033310e+00;1.647501142261533547e+00;-3.499822257068266329e-01;-1.018969708744839719e+00;5.316298872587709584e-02;1.176054957561518677e+00;9.713535148308209966e-01;1.002636849219877835e+00;-1.571765200819744246e+00;9.135801897205579891e-01;-1.843557610910063538e+00;1.354320666998570344e+00;1.357803802234805568e+00;2.576976092887163894e+00;1.121040123985337367e+00;9.329006962072289300e-01;-2.431480439243959013e-01;1.480949663414816930e+00;-1.390856905640380559e+00;7.975715253730195076e-02;1.794223129675831752e+00;-1.668687225610230973e+00;-1.717217166769688053e+00;-2.039802306330716353e-01;-9.822290877578380153e-01;4.145263129827200244e-01;-9.231161564236428640e-01;-1.797146756704517609e-02;2.194047867096394211e-01
3.456724165793204628e-01;-1.135026001823479097e-01;-1.651184411651016037e-01;5.397028547059078418e-01;-3.353198330844593400e-01;-1.448006784899822930e-01;-2.736484027350715165e-01;-1.276694786782190394e-01;7.840465391496885816e-01;2.890143192624607948e-01;-1.159921815861788691e-01;-1.221072673209399939e+00;8.513742917956231837e-01;-1.908017736717447510e-01;-9.900399180133490074e-01;1.224313449507979379e-01;-1.563920597088660214e-01;9.226272302038844852e-01;-3.242958667002797113e-01;6.293362657486176737e-01;4.487498788606158473e-01;3.077780513955211128e-01;-2.085233079806405876e-01;-1.056844387490708803e-01;-3.648517565475178914e-01;-1.759533134810306709e+00;7.440082868698033591e-01;3.917758399803021874e-01;3.943344590477811384e-01;4.836993253425421191e-01;1.133928229194609782e+00;4.442800108020858452e-01;-8.991229375904954413e-01;1.095942557615867008e+00;2.327815886985208915e-01;3.094647140767243232e-01;-7.055728879212459781e-02;4.130187516498882716e-01;-1.543672194243278062e+00;-7.135242779622301412e-02;3.424828942926117503e-01;-5.586923512850225926e-01;1.017748766580793551e-02;5.198854403020326531e-01;-1.720547613309338086e-01;1.082633496435603915e+00
2.881123801643781235e-02;2.940545167465354881e-01;-5.668108823726966117e-01;-2.310147255806298261e-01;5.162926077428043881e-01;8.515980160780458608e-01;1.571913004244052947e-01;-3.858865533965226136e-01;2.563589810149285442e-01;1.248989494983759663e+00;-6.350562699863294691e-01;-6.237284900958935813e-02;-9.489594684870001906e-01;4.130901568027122717e-01;-1.254398787722303121e-01;-3.517732128455496321e-01;-7.423533215173588884e-02;-7.006251254321838040e-01;2.489048764369591882e-01;-1.538606273205208597e-01;6.013796060536936716e-01;-1.726351063257428320e-01;-1.278914833714879518e-01;-2.931271749401967996e-01;-4.105702351664374250e-01;-2.560044881384717641e-01;-1.128149914183032898e+00;1.575405700278086907e-01;-4.869145470346821769e-01;8.377173405624447344e-01;9.689473984521225214e-01;-3.827558908691223727e-01;-8.331233573981119411e-01;-1.343642272446889385e-01;5.815923383947835257e-01;1.737841569853423168e-02;1.349490640996588511e-02;-2.165735880615614513e-03;-5.807480022217089699e-01;-4.093443440963739216e-02;-1.292496757054942269e-01;1.362804576408846446e-01;1.758933432334650049e-02;6.613380660584331494e-01;-2.864496840986106574e-01;3.196260292222233290e-01
2.182709676467471938e-01;-1.221353735292458387e+00;2.979047085825888841e-01;-8.022105118626380316e-01;1.552459995582711749e-01;1.259607487740078025e+00;-1.033357711679593338e+00;-7.725927800551812830e-02;4.077327724680129828e-01;8.021346626123765367e-01;-5.199641100303601382e-01;-5.916710204267299211e-01;-2.781994324629537552e-01;6.941658643898340753e-01;-5.036855635525496755e-01;9.647431683143042891e-01;-6.756355492379934047e-02;-2.087168413403167055e-01;2.355275441921114710e-01;-5.782060586120356671e-01;6.416322215979496368e-01;4.532396702136530231e-01;1.485216023443617084e-01;4.263222433608419015e-01;6.444502465633805688e-02;-5.653622147690396949e-01;-7.355089811039667858e-01;-4.024778101350267590e-01;-2.312574562859453509e-01;1.942794605533449681e-01;3.076911599990843071e-01;-3.490248018865925173e-01;-6.989165102299359500e-01;-6.879746623580369758e-02;1.198322464972795709e+00;2.217523047055562635e-01;-8.779824784608281085e-01;2.874850415447265384e-01;-1.246159801182561283e-01;2.399378918874278122e-01;-3.366388655288047871e-01;2.957627757550851944e-01;-8.042302233419298396e-01;-1.000906442261494611e+00;-4.727514931079204175e-01;1.635920763278187140e+00
-3.992483559631995749e-01;6.822230718333395227e-01;-8.174979346842113914e-01;6.886972671341297092e-01;1.823936998527590780e-01;-8.210842856376603383e-01;-6.275869361672449520e-02;-6.842630257537526406e-01;4.393500125108135701e-01;4.971151799111166447e-01;1.066460379565004474e-01;-2.457660051969980497e+00;4.357193946265305318e-01;-1.079241322731909314e+00;2.319322026293917371e-01;-7.972399811048305751e-02;-1.740457199881931816e-01;1.457890144627295381e+00;1.409396313622604258e-01;6.659303817505249912e-01;-8.710234395915347205e-01;-3.054544229265306332e-01;-4.202142534250795092e-01;-9.257824645957088983e-01;-2.534340342756960518e-01;2.006777413212050554e-01;9.631683891416706889e-01;2.700527597434597693e-01;-1.222425189814848823e+00;2.372666157924646080e-01;2.736043840912583125e-01;2.266986213074176693e+00;2.980319534171231410e+00;-8.062618474750741226e-01;9.557201920172988530e-01;-4.678127300504751340e-01;-1.029609061043958336e-02;4.329416110948279273e-01;4.967881514043955837e-01;-9.085764265328979405e-01;6.118536786606431077e-01;-3.691100519765602161e-01;4.928680608758015391e-01;-1.479689391824321021e+00;6.082568606643266040e-01;-5.667240484613277340e-01
-1.171074760272262649e+00;1.090533376411014110e+00;-1.363647303962614465e+00;1.769865949659637172e+00;8.304636449557466493e-01;1.590226832986310346e-01;1.516323285155560363e+00;-3.981540624879870705e-01;7.787762898166246117e-01;8.559975236972540424e-02;6.040299718320256694e-01;-1.100472960571287961e+00;7.800948485686884926e-01;-1.043962699666141303e+00;-4.075634255832901176e-01;1.325662603012122354e+00;8.179040952500572503e-01;6.901097761457993807e-01;-1.142948342907544879e+00;1.397555222650662232e+00;-1.093719243750987058e+00;-1.467609730831742842e+00;7.239995239369703683e-02;-2.739639257415710794e-01;1.686367271434449644e-01;-8.835618948552269591e-01;4.679475701292347689e-01;6.084384622421618039e-01;1.078070897740059236e-01;-5.730180572325243027e-01;3.768492605174481036e-02;6.463638358457862720e-01;7.886497959162575011e-01;-1.572930345846206002e-01;3.217828803707591945e-01;-6.825276228145211732e-01;1.081389267537044674e+00;2.795841937888071116e-01;4.415479234261641683e-01;-4.135668335579177346e-01;9.039591464721647984e-01;-3.196901763410771036e-01;1.084791060881590496e+00;-4.612693182920757917e-01;1.152522303125657732e+00;-3.934781058939348375e-01
-5.515965378338576475e-01;1.815339542192676792e+00;-9.833886567475977891e-01;2.065081087570415974e+00;1.438042748303678842e+00;-1.265212136925533581e+00;9.003072523144217687e-01;9.748427617656040267e-01;1.431539673186125461e-01;5.601834304999601111e-01;3.798857373214821753e-01;-2.505301246030439355e+00;7.143159796233337078e-01;-1.468104244587374207e+00;4.115272020276282139e-01;1.455933830021761022e+00;2.917369345010188408e-01;8.204902145614321185e-01;8.443371444354713651e-01;2.997694413522519405e-02;-3.686618980015494706e-01;-5.384608814894963347e-01;1.747628431086033496e+00;1.384078333495244451e+00;1.525679778160314637e+00;-1.103074162649758438e+00;6.128896469199540675e-01;-1.462370310542845608e+00;7.976128868755625323e-01;1.136845941059985599e+00;7.289169841532436855e-01;2.036744681521174716e+00;9.576555117589551358e-01;-2.428690238273015500e-01;4.850572778998889500e-01;-1.219995770698200310e+00;8.854909472635725809e-01;9.189139694513999146e-01;-1.475409767712385634e+00;-2.167315614048542560e+00;1.729547046769517316e-01;-9.254508231028953091e-02;1.524877457004716774e+00;-1.210240727636616054e+00;3.327868285499535062e-01;9.374393231587170305e-01
7.535904627700903413e-01;-3.897829060622753361e-01;6.321139971527195422e-01;1.554351231705363601e+00;-8.856865084581366787e-01;-1.862290179630459175e-01;-8.396827341020206559e-01;-5.206200269251431978e-01;-6.651944788169546208e-02;4.460704035076152874e-01;-1.311580806317496517e+00;-6.590052059105909743e-01;-6.554347209412306752e-01;-1.297554410134056091e-01;9.794416678353390360e-02;1.020153458563794135e+00;-2.203251304897963642e-02;2.627912087705973621e-01;-7.341990955648145523e-01;5.247036969754609315e-01;-8.729636111242131680e-01;5.710057070156587811e-01;-5.369593096692839573e-01;-6.761357253740386541e-01;-5.659444098160567593e-01;-2.195504674314246729e-01;-2.541508114802822904e-01;-1.369984683970608019e+00;9.101717877476206420e-01;7.070482383015291861e-01;4.816340956980088572e-01;6.896526898659119942e-01;9.983177657793026460e-01;4.085690814256370818e-01;8.663951419068830484e-01;-5.607524271727017812e-02;-1.073930421346208197e+00;1.226642596799437213e+00;-3.560003854445412119e-01;4.300318127850858985e-01;3.393505369773499591e-01;3.180223691013063236e-01;-4.010866403833302507e-01;-7.620134063729900875e-01;-6.838861200549868347e-01;2.314600900480849044e-01
1.348030489164887769e+00;-1.580262909991871689e+00;1.090866972169699967e+00;-2.343073191560125501e+00;-6.080604862053825554e-01;4.463202969889552146e-02;-1.852154362399050846e+00;1.052237395234953687e-01;3.543598805492226278e-01;4.457834355723814396e-02;-1.530053973239207776e+00;1.749842083765516532e-01;-1.502832058671780713e+00;1.385672465377346452e+00;7.041090799546595447e-01;-3.485438933506201931e-01;-1.279113822430528957e+00;-1.422507404208102733e+00;-8.125251241813798986e-01;3.807257986444003706e-01;1.685776285335170765e+00;1.321870371139071576e+00;1.690624676995320819e+00;2.224779226923634834e+00;1.046996997987641453e+00;-6.445159665227314649e-01;-1.580877048380078032e+00;-2.400681004255617035e-01;1.130462363252856761e+00;5.724641947286146504e-01;6.974418330010376810e-01;-1.511020717429609972e+00;-7.336135867836266478e-01;-6.523697691306447055e-01;-9.171106575490697854e-02;9.285826134757787509e-01;-1.425587291689502933e+00;-3.498818621503919091e-01;-7.534516998517858388e-01;1.560390593942845294e+00;3.986375746499333239e-01;9.369412234739302736e-01;-1.815255352220210394e+00;1.045008171050761936e+00;-1.370244113896880167e+00;-3.482530721339452962e-01
2.861544584030563665e-01;8.984308910126866943e-01;-1.202082604123111853e+00;1.354808808588224833e+00;8.901423008437980844e-01;-3.560703025864802029e-01;3.753802136939031198e-01;1.807848460618838748e+00;-8.716677209314178665e-01;-4.507025861869031619e-02;1.319658835436186450e+00;-3.304113196647027184e-01;2.292762826594947900e-01;-3.797030422931498284e-01;8.159863803617559697e-01;5.334865908745288765e-01;9.855858600205321673e-01;6.550072957382637728e-01;1.356540343722028030e+00;-2.097452019399688172e-01;3.076713313768344449e-01;-3.059101781054960993e-03;2.884621123501142081e-01;-1.280585224371166286e-01;6.500546879155049140e-01;2.774885596007306554e-01;1.924737314967149282e-01;-8.367334788980805849e-01;1.385847035340478095e-01;3.368438559705558971e-02;1.581776385189015699e-01;5.093502635202815654e-01;1.386650842683982698e-01;-5.317005044720823914e-01;1.548667805506200590e-01;-4.029809355491176248e-01;9.781510160167919965e-01;1.004619191411423862e-01;-6.457321584160351513e-01;-6.237157457698455643e-01;-7.792758949417519787e-01;6.084816311737117900e-01;7.528443459728136888e-01;-1.248742224807967816e+00;7.922441348007949191e-01;1.318195782692016982e+00
-1.250711071946504660e+00;5.059815561215819102e-01;-3.580370145730725207e-01;1.899179958563831372e+00;-5.589281927800014982e-01;2.979182602661573087e-01;8.658093106239081460e-02;-5.617518096405624828e-01;8.030806576887250525e-01;-1.641739488920783696e+00;6.151107934936724808e-01;-2.629406597640330912e+00;5.093644157165632125e-01;-2.343233805309659523e+00;1.033552522272475488e-01;1.252212208016592943e+00;1.554122117742897657e-01;1.271900703883747985e+00;1.234001879872042240e+00;1.275262272846788614e+00;-2.543918808688338640e+00;-1.218309976704711417e+00;1.091751906802806982e-01;-2.691675011311310262e-01;5.201871966810821535e-01;1.375811992465943323e+00;1.169843728079704492e+00;1.260174568390476368e+00;5.151083197532573266e-01;-2.065853755174442696e+00;-1.459568061079163037e+00;2.493783928269060368e+00;1.945369350484986715e+00;9.911157762142398520e-01;-1.036413355336126108e+00;-2.310554836193917438e+00;3.788732659071657460e-01;-2.113887254473823862e+00;1.382880418535938905e+00;-1.838498342406491570e+00;1.050247413871523872e+00;3.530018943971365286e-01;8.882470460565008441e-01;-3.079861641512071202e+00;2.541995292350556213e-01;-8.187882805233012151e-01
1.167837304708836177e+00;-9.293293895588949916e-01;6.585157657303648548e-01;1.233654832610678181e-01;-1.192340819363659765e+00;-1.522482588030514838e+00;-1.010786404198234845e+00;-3.427315546416541125e-01;-2.063002874851127100e+00;-2.059094743820072182e+00;2.558042911272486175e-01;-1.017396301540865133e+00;-4.726837177869376294e-01;7.982491796244860494e-01;-1.018781701323628885e+00;-1.483813922893158832e+00;-6.303344278089960673e-01;-3.392821518269331649e-01;1.185358765534522407e-01;-2.203038134617403276e+00;8.688759686997078457e-01;1.263510315359853253e+00;-1.169567739601124812e+00;-6.081413620940526732e-01;-1.471682440013105220e+00;1.312134364909574913e+00;-4.101438333434667127e-01;1.296919979377416654e+00;-1.215753198506978938e+00;-1.316042820404244695e+00;-1.568730656493393383e+00;-3.010074735098087761e-01;4.112048215825726549e-01;8.392543380697954358e-01;-2.204460658235229520e+00;1.039695028383033959e+00;-5.035458807661349345e-01;-9.258375491823550574e-01;8.769983325900484461e-01;3.262141377942854858e-01;-2.093934299694519829e+00;-1.739043725468293111e+00;-1.167198631846554591e+00;-6.010059256922137272e-02;-6.307088750343862182e-01;-8.004498448758570195e-01
3.510564646212874229e-01;-4.827366869144441019e-01;1.191176700136924005e+00;9.457690229018351769e-01;-6.928735182328743525e-01;-1.406804333643836558e-01;-6.794358784679762620e-01;-1.023354684566927020e+00;6.332466790955729730e-01;-1.098116704752908901e-01;-1.778328137237460693e-01;-7.921295359744238151e-01;-2.827883560291878928e-01;-9.180351116938805234e-01;-1.649554554451075683e+00;2.093522416622067617e+00;-5.344314098464774121e-01;-1.432861672090431915e-01;4.082680137410953369e-01;9.895503129893844230e-02;-4.722340169406894494e-01;1.933826750856428855e-01;4.341397382579520459e-01;4.440002984574383249e-01;8.410795874894517743e-01;-5.586108282893432753e-01;1.292247609640679099e-02;3.416404344826882711e-01;7.523389382510972112e-01;-5.538445693925968527e-01;-2.314641800289649332e-01;1.596211264938965035e+00;1.440686139989128645e+00;1.789777867831159552e+00;7.388746796866472177e-01;-4.005333042299687452e-01;8.024122155391373579e-02;1.675550880387828220e-02;-2.169387737432080243e-01;-2.032245330838428343e-01;4.195744029191537938e-02;-4.197632247063642352e-01;-5.887641783935212425e-01;-2.144530605454627370e+00;-4.366432389084072829e-01;2.033402995369476329e+00
-1.804826459664262917e+00;1.876235386024353025e+00;-1.683558406348446113e+00;-1.864349765385138746e-01;2.182287811369927333e+00;-1.344391292094102575e+00;1.287832550843559076e+00;5.923675380881530117e-01;1.556530161716005889e+00;6.400641107815312481e-01;1.598822506897237705e+00;-3.872348158731955259e-01;1.013112156063763702e+00;-7.801387209244443621e-01;9.290719588327466250e-01;-1.286815184825932157e+00;1.788244600043354948e+00;9.591578886032295914e-01;1.155848591926720514e+00;6.799756954281243049e-01;-1.366058879602986276e-01;-2.142413094071458080e+00;1.374962275305161574e+00;8.989270822171389064e-01;1.194487649417326214e+00;-9.022194110912036269e-01;1.176552499008551855e+00;2.303236232572277997e-01;-7.895487619682721725e-01;9.207448566966391912e-01;4.241146234314853714e-01;-1.125483546670472601e-03;3.866569300708336820e-01;-1.186655682692029146e+00;5.728299827484759632e-01;-7.382323791805857072e-01;1.521579628085696356e+00;8.113219201246499868e-01;-5.111591564475175264e-01;-2.491833264301104023e-01;1.288449400779218657e+00;9.933547178917176423e-02;2.223940008025433013e+00;-1.108796838916948690e+00;1.679884141215878923e+00;-3.399878605161121392e+00
3.065283488103540468e-02;5.732994424476865747e-02;-2.709268827016556580e-01;-6.343268727404606233e-01;7.931682295373416736e-01;2.807690398116882147e-01;3.274003674940448860e-01;-4.202748047126476649e-01;-1.238187192943165371e+00;-1.325468492872260651e+00;-1.401141189016099076e-01;-6.747280626866651865e-01;8.622924690939741676e-01;-2.933653559764673110e-02;6.661840904494609195e-01;-8.174478464525847254e-03;9.017668675870821327e-01;8.924225701784976872e-01;-1.249135104055523193e+00;-8.415040425917230671e-01;1.188283936396157953e-01;1.045867756435681084e-01;-2.011079242309060100e-01;-9.245940520988660261e-02;-6.158008223761051586e-02;7.581482132016341691e-01;1.221763072545128725e+00;7.273757511632523987e-02;1.040624362399960923e+00;-9.267246696577335907e-01;-4.266810042198786457e-01;-1.448979907186407901e-01;-2.651799181530864469e-01;-2.470929577656853504e-01;-1.028320413150147772e+00;-2.968573775383686608e-01;-2.179922149020467881e-01;-5.756536353874697198e-01;6.322906818572384680e-01;-1.326270721096467209e-01;-9.172622633441950279e-01;1.397555182803764395e-01;-2.602656469682559839e-03;4.767707659646570617e-01;5.943401020440814975e-01;1.396213388618285700e+00
-8.555214330425745528e-01;1.299185394086030065e+00;-3.311133202138462073e-01;-5.355175107357738051e-01;1.335973721424328797e+00;1.584393550446893117e+00;8.722775748829917353e-01;-1.045640647984253657e-01;-2.451581895998467264e-01;-1.035096077503175671e+00;2.537279211792075051e-01;-4.198882647559742387e-01;6.407210174203030739e-01;7.306042737106329676e-01;4.608495136152713015e-03;7.896863925886503655e-01;1.144439739552111313e+00;7.104046724092341059e-01;-1.084153070390594165e+00;-2.858639974398429207e-01;7.964786232069319682e-01;-8.519462579457287577e-01;-1.352325725634766940e+00;-1.494238552257415975e+00;-1.383919554017382314e+00;1.053356492472542261e+00;9.564524476594156166e-01;3.638000459930846198e+00;-3.142773010949374002e-01;-2.412261673670256457e+00;-1.596705114672124948e+00;-4.901101156506613710e-01;-1.010759838350300921e+00;-6.397440809467624945e-01;-9.457326248052467799e-01;8.039850806238655334e-01;1.061948812561374744e+00;-8.893054563151405745e-01;1.418198238460782523e+00;1.258804878403406935e+00;-2.541335656086052830e-01;2.607046714797244813e-01;1.095126491417380166e+00;5.419058163702655806e-01;9.150675946174658959e-01;-8.592882221090336614e-01
-5.634135233524296960e-02;5.431707631471726083e-01;-9.210436120503219248e-01;-3.654794296391090658e-01;5.231490805442819969e-01;-6.184234478896312170e-01;4.995904758469608131e-01;5.316109316171898636e-01;2.523963835770370312e-01;9.770368821707275941e-01;1.119253990160005596e+00;-9.263118091088835826e-02;1.627516143875721744e+00;-8.471518435222098464e-01;-1.681994650863461449e-01;6.182057256725070893e-01;6.959096207330028871e-01;1.546495204211022712e+00;-1.486336869597946642e+00;2.203527487573412602e-01;-2.695946077550818165e-01;-1.245534934776449804e-01;1.538422810374156624e+00;1.018196293727252399e+00;1.372721263773459599e+00;4.976526114458935668e-01;1.385817155748980900e+00;-1.274095262644679094e+00;8.901242810852858511e-01;9.551329966506409974e-01;1.591106999991963311e-01;2.138686441351392575e-01;-2.922362871181223842e-01;-3.175004475861789577e-01;-4.241582073273986869e-02;-9.888794503584346085e-01;8.520764769064834709e-01;3.442602309658882587e-01;-5.604161371686764426e-01;-9.529458568105174665e-01;3.093082364651860705e-01;-7.736344548056206527e-01;6.008683481846450736e-01;-1.644461150223069046e+00;1.280810968440877273e+00;-5.309264495397392897e-02
1.446448757538625340e+00;-7.817614995910713294e-01;1.408997536196067157e+00;2.817029198732772799e-01;-9.478379217209279561e-01;2.651663454820650800e-01;-1.076266358389578182e+00;-4.940171930154805824e-01;-1.887271021865715603e+00;-1.236537390781387441e-01;-7.275774709738811463e-01;-1.016264777386139517e+00;-1.138481603715491453e+00;2.173570062962122129e-01;-1.224556632534598899e+00;7.084555294013080706e-01;-8.760541687362815022e-01;-9.309699536940287956e-01;-1.174709085296439026e+00;-1.280460691507455229e+00;5.446544814240015242e-01;1.130648475907534367e+00;1.266515805339216705e+00;1.358630068094128562e+00;1.208212374412022116e+00;5.230653102623804979e-02;-7.690255726668018266e-01;4.171370308344376499e-01;1.922515844273568364e+00;-1.073324678480484101e-01;-2.356883956964874183e-01;6.403911478018019521e-01;6.621066287785579707e-01;1.363783430589892154e+00;7.078276292439509287e-01;1.234161455430103471e+00;-8.084879377866045491e-01;-8.163560953366048034e-01;8.337336666088521198e-02;-6.889840653634556888e-01;-1.352975579023813602e+00;-5.031475094624431321e-01;-7.993559201505546774e-01;3.819700451559385757e-01;-9.931309894437154728e-01;8.780379981355697083e-01
4.479478019908896269e-01;-9.854934556064157691e-01;8.372689760320796148e-01;-1.782466226457006808e+00;-5.685440623341986299e-01;3.069802922737693285e-01;-3.358816370091645687e-01;2.099527977730397676e+00;-1.651040805460902039e+00;1.205515162604344548e+00;-1.222763492649848516e+00;-6.780581093738820009e-01;-4.320847039894292752e-01;9.530277995342567587e-01;9.087766755577402211e-01;-1.882088231294270220e-01;-9.441846791689663121e-01;-9.112594368529154387e-01;7.661480570819598768e-01;-1.558657386782989374e+00;1.420155608717859286e+00;4.358558503654815230e-01;-7.397380589321009836e-01;-6.217543946270295274e-01;-1.317711924142800362e+00;-1.257691039680704614e+00;-8.207821407080488907e-01;-8.167395972751932964e-01;-1.810163040768112408e+00;1.236406568849123921e+00;1.231868818996213255e+00;2.455642874262339015e-01;7.194576886126856641e-01;-2.467245553658460253e-02;5.549822074890312651e-01;5.843864293458165271e-01;-1.327324043502830619e+00;1.681420964926308326e+00;-9.414778210879167775e-01;3.300956990243801292e-01;-1.660142317724492944e+00;1.565348137974280629e+00;-9.161107645473846040e-01;-1.292802967078247878e-01;-1.124395500997693587e+00;-4.677569979064016836e-02
6.869862244986074673e-02;1.668705767040144228e-01;-5.127960640807140980e-01;1.586453611209273085e+00;-1.758227644236536602e-01;1.043079409744205599e-01;1.344394776026856420e+00;4.898709410271882558e-01;2.443590097078113602e-02;-2.054858114779539169e-01;9.088956126346233733e-01;-1.029625820018678528e+00;5.552398766836050825e-01;-2.872229127929817771e+00;1.205741412462578932e+00;1.002836426506166889e+00;9.601912951656687012e-01;4.070483337259320766e-01;1.097475834392972027e+00;-1.013541440010974126e+00;-2.284778126172414048e+00;7.237593487789968638e-02;1.246083979805028691e-01;-1.953906377443173081e-01;-6.133106633981685006e-03;2.272236969793492434e-01;6.683080700287511444e-01;1.270180542164988768e+00;-1.363946340940940694e+00;-1.478916361734184726e+00;-7.552558901413822245e-02;1.375151740302534398e+00;1.906656928111553073e+00;-2.488349893110105016e-01;-2.141057123259480499e-01;-2.947463767180743321e+00;9.474443057350054875e-01;-1.235993667552201802e-01;8.141932399314700808e-01;-2.146551386112649062e+00;-6.298243442037151363e-01;1.880898792343366654e+00;3.118420541640037347e-01;-1.165368530332907548e+00;7.250534469617850863e-01;-1.628356911880142477e-01
5.660663656799911347e-01;-9.251972106060992740e-01;3.149169786899607137e-01;1.630957463984882283e+00;-4.927033445624633412e-01;5.915113432873877475e-01;-3.000390738415322778e-01;-1.818739432868361927e+00;-2.275429257651661874e-01;2.971834841086040679e-01;-9.044128834962023022e-01;9.292475410840334016e-01;-7.763563876854390200e-01;-3.616297206802933650e-01;-2.067535736649220190e+00;8.996831893891675536e-02;-4.013512721790970517e-01;-1.231587674952964617e+00;-5.170577500772558510e-01;-1.727003078207599296e-01;-7.592393831795800629e-01;3.238046949054116941e-01;1.586773275870272670e-01;3.333546237566045178e-01;-2.434462042663155246e-01;-6.841235566120372480e-02;-1.394603334290664520e+00;-3.389693738899916542e-01;-1.026188901984084328e-01;8.053045253735680031e-01;-9.789392663484487722e-02;-3.160762367383852522e-01;-6.827766915142319260e-01;1.305354629579307479e+00;4.834737279546027500e-01;2.976493063776224357e-01;-5.380603305428104388e-01;-5.040233712540670430e-01;-8.329897468126743476e-01;4.498395002994487468e-01;5.766302938218559326e-02;-1.676685751743367092e+00;-9.846119144371735521e-01;-1.024335063156555092e-01;-4.468759566768203961e-01;3.923357990038181531e-01
5.133657737071194438e-01;-4.788639879975590818e-01;-4.369277129274501403e-01;-5.218752003338590351e-01;-1.394166652705112863e+00;-5.120504015197494541e-01;6.792033887558508454e-01;-1.196686624214726491e+00;1.223476105534646724e-02;-1.960679268928108954e+00;6.916441007262348339e-01;-3.487588200958350315e-01;4.497635854363590813e-01;-3.242739993607799409e-01;-1.532426734228986565e+00;1.749630226567244096e+00;3.076394320187234022e-01;-4.371001888778176109e-02;1.181839315953952418e+00;4.058712547955124483e-01;-4.155665308597564223e-01;2.827915666516673254e-01;-2.027959910810993305e-01;3.296162204658896755e-01;-2.340556749465216302e-01;1.351627447308364038e+00;1.451481915521935229e-01;1.612248127564754663e+00;2.568814031772210793e+00;-1.311671241890032924e+00;-1.702203274202363836e+00;-1.047907971143815786e-01;-7.996637808615207899e-01;1.777524345289868801e+00;-1.480961703654471329e+00;8.913943278685205751e-01;9.588126864179753461e-01;-1.065383129565972808e+00;1.630602167203055064e+00;5.455328122354720088e-01;3.072455448109868148e-01;-1.601331808389380440e-01;-7.281470510044203426e-01;-1.024129554996968117e-01;3.176382222498297381e-01;-7.143040028894933613e-01
-1.620074148970767292e+00;1.048752652369726812e+00;-1.413665150009289162e+00;-6.951883636437453662e-01;1.163311784076938027e+00;-2.812794572682502658e-01;2.178735388302381004e+00;2.392641101552391625e+00;2.141014667574051011e-01;1.219372154484678061e+00;1.210990515206492590e+00;9.019792640239668868e-01;1.089167609643669765e+00;1.599777569056685944e-01;2.124955981804110383e+00;-1.176500965672201193e+00;1.693144594536013070e+00;8.594833459923492125e-01;-5.418592501739043499e-01;6.300826378602853994e-01;-2.285898328904064358e-01;-2.015065759784189670e+00;8.054321691494693569e-01;8.138054382568457035e-01;2.801890600335381065e-01;-6.462174659728420201e-01;1.154821047481303209e+00;-1.425426615488180282e+00;-1.934610139670533413e-01;1.460114508619829277e+00;8.158165067122065128e-01;-1.054107183111655743e+00;-9.009229463892779455e-01;-1.794709800130134481e+00;6.909451714257371924e-01;-1.098357565849916062e+00;1.650610464978197856e+00;1.233760612319795502e+00;-9.314383056342864231e-01;4.653103517834455971e-01;6.946739325505777440e-01;1.783613013042972817e-01;1.378822736620973322e+00;-1.367444924689103503e-01;1.684151335300509089e+00;6.150548789579362019e-01
1.480338868740789460e+00;-9.897291649999013785e-01;1.239096938286566640e+00;-1.236051231219843061e+00;-5.754438314658213427e-01;-1.150273222904159676e+00;-1.766073144462845468e+00;5.809098622374320176e-01;8.283968899965629129e-01;-1.861009052115921047e+00;-1.371004472390623397e+00;1.635011788735175164e+00;-1.897226271880346760e+00;4.359789176612936523e-01;6.146218358172160778e-01;1.012778106571440573e-01;-1.284934923019278141e+00;-1.352325878452018237e+00;-1.244578980080214947e+00;5.183121003912802838e-01;5.739433127104041910e-02;9.556434934669491010e-01;7.781200811526747252e-01;1.049419698718847327e+00;5.360280980821225949e-01;1.159491009986455934e+00;-1.333656059979299258e+00;7.342410523225780805e-01;-5.040447748445661125e-01;-1.107486541270747749e+00;-1.387371748910209979e+00;-1.393974139105045085e+00;-1.743231243077708825e+00;-8.716622999490992729e-01;-1.951023804973991860e+00;2.684349320440960196e-01;-1.459604663238070810e+00;-1.620494507061768674e+00;8.211785107669506978e-01;1.592058590715050848e+00;5.728392523865820651e-01;3.283193542524101560e-01;-1.122899716536246206e+00;1.893499155252780453e+00;-1.164161383133207384e+00;-1.329241953334077131e-01
-1.161465056937467516e-01;2.048515840007840150e-01;2.549855534664705048e-01;3.560538908110649770e-02;4.434416465600012347e-01;-3.777365872212172793e-01;7.746245243583672613e-01;3.831864618238262077e-01;1.386916405097236682e+00;-2.047347016990937352e+00;8.115772818930991894e-01;4.175663158053861262e-02;3.583637464785797699e-01;1.047366653399727232e+00;1.782444139865978716e+00;8.177875800971233788e-01;4.356682054000500237e-01;3.821674694981149201e-01;-1.967994892911475724e-01;2.001050387867174152e+00;9.211322227307335853e-01;4.383816334617181634e-03;6.026985473426909046e-01;9.131972816402268434e-01;9.634923283343124201e-01;2.324841929185681444e+00;2.923100800393739762e-01;1.665419846532331993e+00;5.542731769740739667e-01;-1.502579063430085737e+00;-2.658138347638915100e+00;1.052525420624906421e-01;-8.782515698610381394e-01;-1.567902838608397076e-01;-1.657371599601052958e+00;2.858656116397984559e-01;1.713562840679077881e-01;-2.182608238476279272e+00;1.585455619003323990e+00;4.801740013156529097e-01;1.848691414267670918e+00;8.756048470735420253e-01;2.716344702625743124e-01;-5.358583711625126700e-01;3.881195185855903507e-01;-1.615196510131025720e+00
-4.342218651446119043e-02;4.097674923737293362e-01;-6.372969284245101618e-02;1.096822554552531193e+00;5.164518562716762240e-01;1.688396208489421291e+00;2.275940634463719803e-01;3.645643411437285430e-01;1.061080741945136019e+00;-7.926891550855215754e-03;-1.690535309969775080e-01;1.094226755436489507e+00;4.635762656864629849e-01;3.359793000713924283e-01;5.475618421093743082e-01;1.251917553385896720e-01;3.685243048989052528e-01;-3.089743095200023909e-02;1.062824584494658442e+00;8.178219303464872025e-01;6.832695442862747326e-01;-3.852082249444028217e-01;-5.298323739082775319e-01;-5.077370955427799037e-01;-2.012056923375799833e-01;-1.719310138894385165e-01;-1.711608266885605578e-01;-3.911090102857009976e-01;-9.321789567772922891e-03;-1.805726796550999047e-01;-4.905661536269790290e-01;8.707023321148950681e-03;6.307766871617674909e-01;-1.549817331165408152e-01;-2.011891991205868591e-01;1.185438200805187248e-01;3.257531381785327973e-01;-2.249980712268654093e-01;-5.217439964588884566e-02;-3.265690154889276386e-01;7.956609160775450773e-01;-1.903860472061368603e-01;7.022832872466586718e-01;-7.472798621689991094e-01;1.533535243896338718e-01;6.112278847395276049e-01
3.295911897565486082e-01;-3.603262628969532977e-01;1.109071797680834193e+00;1.020133526413043334e+00;-1.194573933729638604e+00;2.179549956281747192e-01;-6.432458324829676277e-01;1.005906079881160764e+00;3.774197990572396022e-01;2.324291892879917221e-01;-1.075312086080755014e+00;-8.432420345925891736e-01;-3.691531002336403966e-01;-4.378791267891687933e-01;4.361647020195149604e-01;2.430409490873447709e+00;-1.396965253995397838e+00;-7.829524350667024235e-01;5.802523687719837175e-01;9.598363096198964106e-01;-1.186153783830702579e+00;5.669021817617494463e-01;-3.734649295826962812e-01;-3.045510876532437350e-01;-6.182629210373981055e-01;-9.855833668262323766e-01;-5.000030242319690732e-01;-2.846552160304423595e-01;-9.731243391943956711e-01;9.789566647795875376e-01;6.166390629451242722e-01;1.583622198021670702e+00;5.468109379227016342e-01;1.632156520939148425e+00;-2.740015210470383988e-01;-3.254222999886876577e-01;-1.414282379671414347e+00;1.124538410709982283e+00;-1.125063628779653158e+00;-3.097407525829439789e-01;4.988171142566737992e-01;-3.180690772713823944e-01;-6.257313059555845713e-01;-1.247100014445979621e+00;-1.104313381788150084e+00;-8.699769768283238669e-01
1.304090868740623577e-01;-9.502711297129208881e-03;2.134866064870793168e-01;2.235679102188257994e-01;2.875668205085958953e-02;-1.184341292464666240e-02;-1.529892557475559245e-01;-3.828508472729746370e-01;1.150303380734432057e+00;4.827710267880571116e-01;-5.530355551060485153e-01;-5.404858406448937586e-02;-1.897869545132815361e-01;3.040117610353901823e-01;-1.848230989083584838e-02;-6.194660199487106444e-01;-4.608369431101731473e-01;-1.806403949074044182e-02;-1.741934145501855991e+00;9.868253709736590773e-01;-2.039453982193857318e-01;-4.873336173026925761e-02;6.364967072560330230e-01;4.591855409949687217e-01;7.424708444008922825e-01;-1.040581507658398186e+00;-5.898191160837941149e-01;-2.117022898759882921e+00;1.956249875106951530e-01;1.171011973557316788e+00;6.483679296792892455e-01;-4.847605753556863961e-01;-2.100731895555656703e-01;1.594849347577446258e-02;3.325210420635191788e-01;3.853708181571769975e-01;-6.889202551411721664e-01;2.753882719751548636e-01;-5.908979772040691136e-01;9.667951621034390763e-01;8.725050497636981373e-01;5.158521727945152291e-01;-2.755052417794228922e-03;1.257853362500897632e+00;-2.450531035750428133e-01;1.788463964255274929e-01
8.259081403434535840e-02;-1.002994471982498803e+00;4.295686718469962084e-01;-1.274773821954782616e+00;4.138552844771983263e-01;-3.264335366777511571e-01;-8.761634499627311001e-01;-3.083698583471770616e-01;-4.540400256450119465e-01;-5.339339854352544990e-01;-2.370853599779809140e-01;2.654220333809953480e-01;5.173538666105444994e-01;1.622088181114312855e+00;1.987247217692866830e-01;5.258708401574296865e-01;-2.793562488290576851e-01;9.196046839006301321e-02;-1.048138584554190178e+00;-5.997189204867670043e-02;1.746531320770715823e+00;1.647607327292449908e-01;1.116425510032458046e+00;1.562055040577337017e+00;-2.054014097184275398e-02;1.079982391703471489e-01;3.465055257090842722e-01;7.597101544926265770e-01;4.360938967974284375e-01;1.688700448565365608e-01;-5.396903700613602251e-01;-1.480381922196531530e+00;-2.437259226166051951e-01;-1.012303920749771491e+00;-1.739470720345776433e+00;1.466412468539232128e+00;-5.670919658060544766e-01;-3.624199076146830678e-01;5.612786036245399623e-01;2.410436349256225963e+00;1.499129135651677130e-02;-6.345651114808414928e-01;-7.038086695570682227e-01;1.397414895141246616e+00;-2.364120411046765347e-01;-1.369054640714738369e+00
-8.777858474734061556e-01;9.252416634348548108e-01;-4.692611666183281183e-01;-5.562643504555817575e-01;1.681977251031053777e+00;-5.731409878951104764e-01;6.973294824647335854e-01;5.062982692918656102e-01;5.699359834784554213e-01;1.645414367195238814e+00;-3.162860366981105620e-01;6.876081319906176548e-01;-5.646214526062729444e-01;2.596101552988080985e-01;5.464426734777976247e-01;-7.486270838261177563e-01;1.708409657282813632e-01;-3.655637615596402101e-01;-8.760636050836730915e-01;4.324942137819717258e-01;-6.519937127829550372e-01;-4.970274011456181085e-01;3.196974696696396889e-01;8.767622672942908257e-02;4.000342769522811093e-01;-8.527961430509800600e-01;-5.383213612855212160e-01;-7.887057822018057607e-01;2.841700207139537526e-01;1.044526498668022718e+00;5.177635175058077355e-01;-4.746392460622550491e-01;-1.421005378511641437e+00;-1.058819199510097508e+00;1.049454603117659479e+00;4.610032522715724196e-02;-1.806324766726551956e-01;1.508948671229015215e+00;-5.178042636881801108e-01;-1.218409597490642260e-01;5.907736545326265354e-01;9.218772277896709888e-02;8.905222028337633766e-01;-3.357185935896273565e-01;1.079717596260923174e-01;5.438992430266569311e-01
-1.283836623200617533e+00;1.761047986765642337e+00;-1.713790945370965213e+00;-3.478290039535762990e-01;1.739696740203952485e+00;-1.033052883848853826e-01;8.130787722000888396e-01;5.963988796685386617e-01;4.365260134673592529e-01;8.384874817264134084e-01;1.054177122407324863e+00;2.367228761660223058e-01;2.905039268662362728e-01;6.878204762225066382e-01;1.000347030707930268e-01;-1.502933133581543679e+00;1.316128117795058783e+00;1.849298370619294196e-01;-7.222628532605683827e-01;-1.115118174613534963e-01;1.426965600146197777e-01;-1.547761309930856921e+00;1.649565150463315977e+00;1.211103500211338391e+00;1.975988763876589394e+00;-1.303535898241420687e+00;2.618744482525138251e-01;7.929557764864098024e-01;-2.696387510012193678e-01;6.472944322286838803e-01;1.685681988642933282e+00;-4.386875103002348952e-01;-1.983858339394510395e+00;-1.491078734789256455e+00;1.735898760876391833e+00;-2.227763918954125955e-01;1.381917527963619996e+00;1.547711839443891346e+00;-1.013726545328581086e+00;-6.114772530663265676e-02;2.297441481216823678e-01;-1.174077219130016614e+00;1.824282591085346628e+00;-2.683192134594003520e-01;1.116227033435146065e+00;1.221749679901996677e+00
1.142826474676902349e+00;-4.980969956004794308e-01;-2.474979998149803850e-02;5.988752696714048085e-01;-5.445364576384258415e-01;-3.428114891610130610e-01;-6.558813995266977726e-01;-2.372905361080729636e-01;-1.314181238723738154e+00;-8.931638119078139093e-01;5.256711967523401696e-02;-1.172937409484952953e+00;-5.656864411024546957e-01;-1.643479747533030388e-01;-1.154392055636013659e+00;2.448308831500757565e-01;-2.501664780427795831e-01;-1.602217536599326309e-02;-2.261578916052718602e-01;-7.282092638939623164e-02;4.031809209507117853e-01;1.027130108677467790e+00;-1.129674055194762827e+00;-1.012637162026797544e+00;-9.634107489371326327e-01;9.890431423326506710e-02;-7.063247809413452094e-01;6.839082503469622043e-02;-1.464221332981434864e+00;-9.164504310236646356e-01;-1.019846931281977342e+00;2.219428053616568086e-01;-1.135987320895160302e+00;1.160820656094129211e+00;-1.695312281803852683e-02;7.352221282235704702e-01;-2.108520555093922610e-01;-1.002407071772688951e+00;8.125485961260451306e-01;2.392698131073492385e-01;-5.355297933389733256e-01;-1.324958252053759722e+00;-4.103422395334690442e-01;-5.761421325922603219e-03;-1.327255354396445486e-01;8.936589545162390569e-02
-3.282105020074960744e-01;5.600136581241526024e-01;-1.667866672300685638e+00;-1.536457905970061155e+00;5.667314985504020575e-01;-2.167490442741737411e-01;9.906596612141471692e-01;1.636562848814954840e+00;-2.202235101233852854e-02;-2.453773001577044255e-01;1.035521688042063237e+00;6.936423087897979345e-01;1.378613619650411515e+00;4.531134374695934275e-01;8.799835878786771426e-01;-5.881783945092790011e-01;1.273474165603847075e+00;1.317613399531083251e+00;6.204195995847368028e-01;-1.812959828094538040e-01;1.129188329141971092e+00;-1.464291029134768551e-01;-1.549656355824441945e-01;-3.969692554337729551e-02;3.885558340245458542e-01;2.538341897521467078e-02;1.321189026055947124e+00;-6.139993996526854625e-02;-4.963044890154846844e-02;7.260868164980812667e-01;1.457261480724717506e+00;-6.383115459546255810e-01;3.145350228769971390e-01;-1.349659900952725478e+00;2.051771314936546298e-01;7.391556697725397418e-02;1.427153550034043095e+00;-4.847252776221186443e-01;-6.788254292406530332e-01;5.619568126434880684e-01;-2.704402137775034909e-01;7.816989376368577158e-01;4.895896371390286439e-01;1.930498668670612039e+00;1.545936355440545418e+00;4.064093913146473724e-01
1.067816970913633812e+00;-3.690193305628140519e-01;-4.242359274246579881e-01;6.346816361240502635e-01;-7.223227842231703111e-01;2.295958368556786588e+00;4.713988750538181671e-01;-1.616887788456595532e+00;-4.151710673093523818e-01;5.071569294301249142e-01;4.768394408608813695e-01;-6.484664667228412505e-01;2.606922232069403544e-01;4.462509783498810334e-01;-5.037976465261295722e-01;-2.110316024854844708e-01;3.910730889211075367e-01;5.485016998786236275e-01;1.525069455900819604e-01;-1.412371336542399103e+00;1.677778960135059005e-01;9.471234480988661719e-01;8.424624126315161110e-01;9.251329285271137071e-01;7.376297234405732040e-01;1.165631077821198680e+00;5.478986562465669730e-01;4.596616016601292043e-01;-5.024717664032089109e-02;-4.969481770388583519e-01;-5.634926467705760889e-01;-4.384012216257491268e-01;-1.343900887408858935e+00;7.748499088376241684e-01;-4.670384239677030647e-01;1.248121869980967080e+00;6.342645993128734894e-01;9.235837919399459972e-01;9.719732480919313078e-01;8.796026690512674939e-01;-9.883870149302645958e-01;-9.971922133299877533e-01;-5.351851210334908071e-01;8.270766427508261520e-01;2.709674893431953113e-01;1.994909771865894244e-01
-4.938358464760539968e-01;9.674991436610798357e-02;-3.608529302140190548e-02;-3.048047466987188758e-01;-2.490628552506193860e-01;-6.982319584446341487e-01;7.033338185258868336e-01;-6.289004212003855843e-01;6.151267960312938321e-01;-1.458727951989210903e+00;1.171871501174426983e-01;-5.028808793204297967e-01;-2.804506450634205450e-01;-3.644970944734587937e-01;-5.168859259804812201e-01;2.730221582108075529e-01;8.907945936685993660e-01;-4.243580282041287122e-01;9.088553927313758329e-01;-1.068766015426958343e-01;-6.845637134976378935e-01;-5.193271887298815948e-01;2.489993810099930815e-01;5.373177694330588672e-01;-2.269963898756036380e-01;7.917958920109637866e-01;-5.131331542954028491e-01;1.987348472079426331e+00;2.137887017004651280e-02;-1.741763681425413823e+00;-1.954243629706446717e+00;5.994781721936540686e-01;4.251033066447719166e-01;1.308769127114689068e+00;-1.529449333925406274e+00;-6.918097022368140114e-03;7.121637302073475784e-01;-1.746796709168310979e+00;1.525183401307522280e+00;3.663195115534936819e-01;3.033863285582011904e-01;6.151782597405601738e-01;-6.149255493929687427e-02;3.707979703023224771e-01;6.421287149507964864e-01;-9.973272631668205213e-01
-3.447459814092230235e-01;2.456011831840984247e-02;-5.390815945819731336e-01;7.061019877980677650e-01;8.511112504830470327e-02;-1.056015367883790024e+00;2.091230601227137276e-01;8.298885261561887994e-01;9.676224151261667572e-01;-3.464285938836759310e-02;5.554501952616288651e-01;7.318523668977015006e-01;3.309362168057211062e-01;5.274371713437191467e-01;-2.235357409923800220e-01;-1.090884843563256323e+00;2.907971107096503638e-01;7.899819062261377312e-01;-1.551367423797379158e-02;6.207347753585388261e-01;4.310470525820911947e-01;-3.673106220836435121e-01;-1.419311628052892793e+00;-1.270686605015469040e+00;-1.224468623967318814e+00;1.988454406075330916e-01;7.457090734373527097e-01;5.278383161473655383e-01;-2.747334197184682636e-01;-6.062049697420658356e-01;-2.289969811378188558e-01;-4.474800812584550092e-01;7.583133201560270376e-01;-3.099838716413194639e-01;-4.437518711616339484e-02;7.729806069694203918e-01;7.027897791171135999e-01;-5.081796531726495703e-01;1.759965555484254152e-01;8.119595412278007851e-01;5.566400759776740648e-01;-4.891418674752734952e-01;1.163484600986544326e-01;-3.750001370827803493e-01;3.998401801406702427e-01;1.561470884210362231e-01
1.651523656168792931e+00;-1.170736992743617977e+00;2.510118239674430374e-01;-2.050999094235905762e-01;-1.359616686515245254e+00;-7.004624333849759354e-01;-1.812286388347882637e-01;1.383558774889911636e+00;6.971875510092679917e-01;-3.057928488344359153e-01;-4.423433880288256126e-01;-2.331087722884622182e-01;1.514590381873446023e-01;8.403194035662543415e-01;1.346180830340018009e-01;-1.854178970036505225e+00;-5.586941391031172710e-01;1.962747846053076728e-01;-9.717445756885615404e-01;-2.137751666112018278e-01;6.363704142857349311e-01;1.745038457178839097e+00;-9.883192138017443673e-01;-7.358241405384622347e-01;-8.574117569565297137e-01;2.162397996921395227e-01;3.207744365949581899e-01;1.880440481460393387e-01;3.399379268399915777e-01;-2.647913411017431828e-01;2.284491431803591099e-01;-1.128064911498236844e+00;-1.189632366967641630e+00;6.609498888073752632e-01;2.741635235582065566e-01;3.292305762986939000e-01;-6.916741241505726112e-01;-6.287936932730250339e-01;-9.412130151872567796e-02;1.738003454891248190e+00;1.471608536804977323e-02;-1.322990950058345050e-01;-1.227961553380670923e+00;1.119652252597607367e+00;-5.068210851976369113e-01;1.191988181131387714e+00
8.792742989764074091e-01;-1.913193471503564780e+00;1.125073578932131557e+00;-3.607197615098842736e-01;-1.502645260547188499e+00;-4.222363075377861263e-01;-7.185494630738371580e-01;-9.000937953012269066e-01;-8.316279368413653783e-01;9.503817303562329677e-01;-8.355802443477358121e-01;3.006472476558966767e-01;-1.274849756828041469e+00;1.093017470699401139e+00;-1.672719015495228501e+00;-1.017938725098145758e+00;-5.139079523476564049e-01;-8.835249533133252564e-01;-5.291608592022845059e-01;-1.094202324916289770e+00;5.207152645793711176e-01;1.037587714275815642e+00;-9.889345922394069399e-01;-5.259889054811792697e-01;-1.494792331900916427e+00;-1.062492204998001899e+00;-1.127164520082435839e+00;-7.756210570949844119e-01;-8.790240560053447227e-01;3.592644401395545528e-01;8.258649738140712016e-01;-5.973128007693274677e-01;-5.202814642983911719e-01;1.413789731803298810e+00;1.419097572370102256e+00;1.720442217725437484e+00;-8.124792232637217948e-01;1.778512126236899915e+00;-7.710498697432596193e-01;6.696868470630238379e-01;-1.240146767392605209e+00;-1.302033610026743338e+00;-1.560200031299456835e+00;1.029757786883217507e+00;-9.996581861767365185e-01;2.086450441084022778e+00
2.073727679602706264e-01;-4.066454935899945777e-01;3.414079203466137136e-01;-1.427619297300114276e+00;-5.547398023281083779e-01;7.200252851004698140e-01;-1.276262494399281300e+00;-1.051961963203685402e+00;-3.106470951819336745e-01;7.534266850219815126e-01;-7.191942996068238780e-02;4.795911330463915045e-01;9.211168776833025471e-03;1.970974416545915320e+00;-8.273885731511574360e-01;-1.029804779245754975e+00;-5.101265805309053158e-01;3.080785604938352309e-02;-7.426939557941990566e-01;-3.175433797623980481e-01;2.221283680353320023e+00;2.461870388339296445e-01;-3.973011480625125436e-01;-1.985529914752180367e-02;-5.099309803638385485e-01;-1.007645796653308112e+00;6.664741903031927428e-02;-3.568021196794626815e-01;1.145847824877119336e+00;5.057170292088923880e-01;1.040705431742368209e-01;-1.644091464139930903e+00;-1.566910351734473128e+00;4.091620362799686800e-02;5.551217798413103921e-01;2.318899940956486994e+00;-4.237221362663000646e-01;6.910565587067569737e-01;-3.286831835430349957e-01;1.329245879760658333e+00;-3.251806343622750117e-01;-1.439753262002658740e+00;-5.621249901332175947e-01;9.021971511961169865e-01;-5.585376449452544856e-01;5.239356179372125499e-01
7.879067170071876181e-01;-2.097677958949464294e-01;6.236479337776161813e-01;2.637456463769439208e-01;-1.028733559703458811e+00;1.065504388346111275e+00;-7.713715149877712340e-01;-8.674518136268830615e-01;-2.084290893162373537e-01;3.058790042783471330e-02;-1.344852806833336745e+00;-1.474615517448486068e+00;-9.342970039718039299e-01;-8.926453112357751740e-01;-1.408985897252421904e-01;6.558928391144223102e-01;-1.178329705660335680e+00;-7.669065220166924046e-01;1.356219694541197951e+00;6.890520733912331997e-01;-1.247315964754458717e+00;6.410646052988117072e-01;-9.646396778186354659e-01;-1.090601891083599728e+00;-3.833092227002039554e-01;-7.103327392630957027e-01;-3.451830189014014616e-01;-1.541804934705121588e-01;3.595581082453657706e-01;3.905739500955918153e-01;1.480585205621274547e-01;1.159330540975878954e+00;-1.833698517261077576e-01;1.032303660783420840e+00;4.151734570636931854e-01;-2.589908383567522399e-01;-9.151300419140275810e-01;3.153577049987743575e-02;-5.535461881731563727e-01;-6.770849132673975035e-01;5.747016335804685516e-01;-1.760110990816418641e-01;-2.579093019442480483e-01;-7.285965270270204908e-01;-1.071889622596850167e+00;1.385298881817782074e-02
-1.261156900228956657e+00;5.265204582402317479e-01;-1.851898327261033650e+00;-2.066821629568674545e+00;1.856669344721738169e+00;-4.870370662493235248e-01;1.924300490870768154e+00;1.298670330444344323e+00;-1.050441192275987534e+00;-7.404431699462538097e-01;1.458779226114920391e+00;1.045599404767823870e+00;1.515666786358387252e+00;8.052076205511926599e-01;1.588190585546832123e+00;-9.282989667616813323e-01;1.882752931931539253e+00;1.753418307160789169e+00;-2.378242303918413292e+00;-9.202441880757018522e-01;-9.024576475073772808e-02;-1.400012793509437969e+00;-1.718523783150512074e-01;-5.488676943218585846e-02;-3.525953774862265466e-01;-3.902150178334032882e-01;1.547318817303545924e+00;4.773951244466913268e-02;7.724413267656167204e-01;1.226337092117086303e-01;-4.413565522076242087e-01;-2.173814987820221756e+00;-1.643410962713500956e+00;-2.748180873672086744e+00;-9.030666019219347751e-01;9.867098081561652412e-02;1.429757883753812964e+00;-6.865645369585647861e-01;-1.263534821037280709e-01;1.739962337537930281e+00;-1.055392247066511358e+00;1.976311453027121745e+00;7.209082318888407892e-01;1.272999722367281317e+00;1.631136704557461403e+00;4.635147643724848304e-02
-3.840200909695127840e-01;7.678676713166575629e-01;-3.040535589736796385e-01;-1.552285992747240329e+00;1.451036581098985812e+00;4.246786956516535594e-01;1.302701066853714229e+00;-8.166344322783183896e-02;-6.120501593632451387e-01;-4.203121432708980532e-01;1.249201600563682568e+00;1.176708306418084993e+00;7.000650057389062875e-01;5.453574528820243073e-01;-1.660377603403273006e-01;-9.973450641304684172e-01;2.234197212791222686e-01;5.674892091972026931e-01;-2.661856920822010530e-01;-3.873160414833113907e-01;-3.629678573936358510e-01;-5.253338219708350021e-01;-1.382253847799198576e+00;-1.054942217523806791e+00;-6.743870168674724885e-01;3.019056464425887709e-01;6.955211067107635037e-01;-1.108048515681014229e-01;-2.989017107845886034e-01;2.941154246254315541e-01;1.051738495633469883e+00;-1.299995912626646266e+00;-3.656502438213657391e-01;-1.094967953828465346e+00;5.402262096683609904e-01;6.162482968536305838e-01;9.307655774676645288e-01;-1.142265020990183455e+00;-2.451550648769747764e-01;6.594991936923028097e-01;-6.018772036273759563e-01;-2.305880506293606635e-01;5.235830521804135662e-01;1.859137194088777090e+00;6.207186425584586553e-01;8.543303814037455091e-01
-3.030965484157558953e-01;5.121677843297918198e-01;-9.137321277416527998e-01;-1.039368835341705211e+00;5.625844245821568501e-01;7.985938329009096837e-01;1.184200631426628736e-01;1.196459510601125986e+00;1.944829752311501847e-01;6.125953552070710906e-01;8.789744827122935034e-01;1.807381029478153378e+00;4.387461967580401634e-01;2.877453743565750455e-01;1.112668749971238658e+00;-5.745620820654826488e-01;1.108711120840633724e+00;1.212031314871531817e+00;1.041858246893422740e-01;6.914897358224009194e-01;6.515053163030549710e-01;-3.811124552751394279e-01;1.293526603954947118e+00;1.424237602406278835e+00;5.377730231302958464e-01;-9.790065261743384761e-01;6.533505956921068503e-01;6.848685572138270006e-01;1.051931168652358473e+00;1.757012533324321391e-01;6.988883761333913869e-01;-4.257942920705329870e-01;6.430897242825898974e-02;-2.833079247927124955e-01;1.554467114909729164e-01;1.535617814258463387e-01;3.504809618903412805e-01;5.877397146580102261e-01;-8.317438768434438634e-01;5.787271140443582818e-01;3.185331189172393440e-01;9.897680598170599531e-01;5.583308713967862769e-01;-6.686124157670609858e-01;5.781901168177575601e-01;-7.355548521565630216e-01
1.730812236586194985e-01;-7.796947964832833255e-01;1.172602892453522117e+00;-1.731435914676033028e-01;-8.497802631174820043e-01;-1.733602461659919047e+00;-1.569230809625115963e+00;2.358169029181898801e-01;-5.762263912241887276e-01;-9.945626254644814868e-01;-1.833066075283839247e+00;1.199413394112806674e+00;-1.675529989969022138e+00;-8.819799010648138315e-01;2.811381386289786843e-01;-6.667519988750587601e-01;-1.007944540248894238e+00;-1.034475896376955806e+00;-8.949828972742018829e-01;9.300487304590089599e-02;-3.288790770556775378e-01;9.013761057996852455e-03;-9.044375879666984863e-01;-7.477143352801975951e-01;-1.415336750087822004e+00;7.431962787087023625e-02;-1.174989686291366242e+00;8.440231961300543873e-01;-1.372100748426135830e+00;-8.454373882935071194e-01;-1.165658953022126854e+00;3.041346067828955557e-01;6.771293433413544394e-01;4.895521186338799291e-01;-1.346030117317422281e+00;-6.732967831115458379e-01;-1.412260674353578827e+00;-1.105632646916813844e+00;4.774093744380152882e-01;-5.663439447560638662e-01;-2.316741058068882975e-01;-6.226298339004271432e-01;-5.090299578093658850e-01;-1.112926135756330703e+00;-1.376607491017522999e+00;-5.361277027963621267e-01
-1.053791482261290380e+00;8.825651467018801322e-01;-1.895892659148349646e-01;8.327146889353899128e-01;-6.056721545534359263e-01;5.035896985014341048e-02;3.742457757000816065e-01;8.660276324795914693e-01;8.526361607798867981e-01;1.507959035574435100e-02;4.198723913228505356e-01;-1.876993850824692223e-01;-1.052936054876091494e-02;-4.608130943852418726e-01;5.702870016337795861e-02;4.132037745237109871e-01;4.330400940838579071e-01;7.916416635816927450e-01;9.712093776408265988e-01;4.603821593597867690e-01;-4.347092706444419807e-01;-8.469779842688062166e-01;-8.585909023239146620e-01;-1.102101492752552314e+00;-8.129162976502781746e-01;-5.285433532119810929e-01;4.809564052990856764e-01;-9.906337374977793875e-01;-1.178291891489437138e+00;3.899981028469962779e-02;1.969210802699933593e-01;1.172654249273636040e+00;2.027827936588296076e+00;3.180863814920547594e-01;1.479751195904278893e-01;-6.721678342494611380e-01;5.489212626889878877e-01;9.935075128046896298e-01;1.102276220188426331e-01;-5.620043735179122008e-02;8.501600195565345297e-01;-6.494514544468111827e-01;6.859506269702260184e-01;-1.042706840649083810e+00;5.045425779392329613e-01;8.603404089376005537e-01
-8.356332205475806019e-01;6.105420250528925674e-01;-9.643790887245405896e-01;-1.261532609967674357e-01;1.301999222659409483e+00;8.486758926960173977e-01;6.790118447034383387e-01;1.534370273649967586e+00;-1.457620094159997270e+00;3.713993944309558204e-01;1.122210859922354809e+00;7.170795961681862840e-01;5.737303857365956272e-01;-1.980943837425908904e-01;8.562702068664592714e-01;-5.817721977720108351e-01;8.057115413437530016e-01;9.141448202008393142e-01;1.257077374085641130e+00;-2.237702999488532907e+00;2.387191277991880869e-02;-7.451152497553429344e-01;-1.675458828338048267e+00;-1.774485253573179433e+00;-9.612176803864385111e-01;-5.783002122421065927e-01;1.025370600457295556e+00;-8.203268245257867575e-01;-2.650957241118121477e+00;1.467862743168292017e+00;9.389274113841785674e-01;-1.246153817264939317e-01;-4.402579250415565859e-01;-8.351984855392681206e-01;1.473827051581311220e-01;-3.842225891260234172e-01;1.175510183899543870e+00;9.823443596327653404e-01;-6.405351802156745711e-01;-3.040921139599917500e-01;-2.047285307036511792e+00;5.809641372939549839e-03;7.927820369604872131e-01;3.614549264386738292e-01;1.177542318966949608e+00;2.915434157736307430e-01
-4.718199901282422171e-01;-2.090683309195041084e-01;-6.031449882430108822e-01;-3.570749894788035617e-01;-5.343701418080502030e-01;1.082260807830581983e+00;4.841311783077324460e-01;-6.515891204904795675e-01;-1.128990316939938676e+00;-1.175990997826258155e+00;1.236078199840433101e+00;-8.745460652292431636e-01;4.812415384807757768e-01;-9.758951348694316907e-01;-4.593363738625128589e-01;7.954516004067875290e-01;6.409688315039691053e-01;3.363685100113213977e-01;-4.475221422933410853e-01;-7.913324363778524440e-01;-6.273629214488217753e-01;-2.933238335169993105e-01;1.434818520558896804e+00;1.478002250510386473e+00;1.499945749157956865e+00;6.401457898009718095e-01;1.306656821385864253e-01;4.657897231444155794e-01;1.197709778021648130e+00;1.239954441058861018e-01;-2.946847080863317439e-02;8.357621939733443917e-01;1.363964425551898563e+00;1.539923120004202672e-01;-8.395364661775496229e-01;-1.206388831297705438e-01;8.899081915404766230e-01;-3.655857147396053830e-01;8.124453005676977868e-02;-2.538267391122182581e-01;-9.465972204293257031e-01;-1.364808282554647478e+00;-8.734879201790213266e-02;-8.008181288502231876e-01;4.923494587593223448e-01;-1.607144244247490139e+00
-3.353942528170864579e-01;1.736016913389143435e-01;-1.997091907018350987e-01;-6.066488104483015453e-01;2.679409071326139813e-01;-2.352635831569775515e+00;-7.140759731490997630e-01;4.973293637325952310e-01;-3.895065487759328815e-01;-8.913031724337132644e-01;-6.792632541560661430e-01;2.997487492052187674e-01;-2.501484045710726800e-01;5.001617732123577742e-01;1.277808579242266207e+00;-9.980673721526009956e-01;-4.884434995198517759e-01;-3.849155916074442629e-01;8.182572040090975163e-01;-1.058169847958139176e+00;3.585078078483880937e-01;-3.709955750223484783e-01;8.404785824400249350e-01;1.053192709590083931e+00;7.098457933421340460e-01;1.155276158443640400e+00;-3.818449873294681857e-02;1.018028588733056683e+00;5.444956423859647066e-01;-1.103472219234796325e+00;-1.294192533592433803e+00;1.314775015743092634e-01;-8.418091315704917532e-01;-5.918545775020737088e-01;-1.815915399954061149e+00;2.711695039740662505e-01;-2.864831369923271365e-01;-8.974894726937886480e-01;9.531687619748757667e-01;5.153520653211394187e-01;-9.049807937273572911e-01;5.777856385755055640e-02;2.134832913539944088e-01;5.188186511434998982e-01;-3.616899496047207840e-01;-2.045303142469641511e+00
4.603549031916705503e-01;-9.120885798014384260e-01;8.774879963109918357e-01;-3.920898686410668188e-01;-9.846487905569960564e-01;1.192524011479911827e+00;-9.688597068187124739e-01;-3.063143993946053009e-02;-6.180627964020088960e-01;8.800820948896037610e-01;-9.159194005451103404e-01;1.685360932637724352e+00;-1.674519559641749256e+00;9.056959119233366495e-01;-1.043553903292621765e+00;-2.305382878376147193e+00;-1.070301418685801531e+00;-2.109342027880122039e+00;-1.130091112917952278e+00;-1.034457938865071425e+00;3.015928901063621437e-01;4.282620305907178238e-01;-7.089883736795330460e-01;-5.386840911444605862e-01;-5.270785752083912978e-01;-6.004573288801743347e-01;-2.047998600104625311e+00;-1.507050440437502470e+00;-1.480563440416658327e+00;1.508038969623330505e+00;1.491800270802885242e+00;-7.466580628810413067e-01;-1.097181307891703650e+00;1.424863490102355357e+00;7.466551804313801277e-01;4.246678240577499430e-01;-9.265825148353696861e-01;9.662658781938945340e-01;-1.206473652250212636e+00;1.101952853581216418e+00;-7.998274645397500660e-01;-3.061227323792498761e-02;-1.029791906705173732e+00;1.104370533275272237e+00;-1.036844053806161847e+00;-1.969990383263593658e+00
-1.414889937251679441e+00;7.396374622124136655e-01;-8.119245979059478424e-01;-1.013548898477760973e+00;2.189329209892394879e+00;4.891519501600396502e-01;1.714371837996736536e+00;8.076113085597880215e-01;-3.217923736691439829e-01;-5.325817353561200507e-02;5.349794926419577656e-01;7.457553396136377133e-01;9.043768989595730723e-01;1.080776877802675173e+00;1.985612993037457530e+00;-2.581263952002030987e-02;9.596225557084454572e-01;7.414350971243942601e-01;-3.113677727217430413e-01;-4.335504688765141612e-01;4.700733763861793951e-02;-1.173851695303628206e+00;1.028373704109133147e-01;1.995146936088937339e-01;4.636789425721705715e-01;-1.051369827924269806e+00;4.543187262510161584e-01;-4.454867384136405595e-01;4.885706364977272509e-01;5.261308210208623937e-01;7.723544662337552547e-01;-3.910098113364862127e-01;-3.130803415831125425e-01;-2.531264788107526531e+00;-1.982158805723165801e-02;3.293283688474890614e-01;2.791763146193008693e-01;-3.762903962961201554e-01;-7.663490859376941300e-01;1.254361896606450921e+00;-1.965377413419170383e-01;1.462896543606282407e+00;1.006805467784085417e+00;1.355370056033617709e+00;1.181568517246858407e+00;-1.115699759436968419e+00
5.044883594191912346e-01;-8.736149286591450291e-01;9.470479677297637400e-01;-1.368522927837383663e-01;-4.721915993831660718e-01;-4.597149882072137927e-01;-1.006628145228602556e+00;-8.864253433047426523e-01;-1.540266620399387110e+00;-1.680762575957680083e+00;-2.319659109733963054e-01;3.466761030245715247e-01;-1.229192872390030722e+00;-5.249803654623946825e-01;-1.661502055672046563e+00;9.424669821715264684e-02;-5.435402116513787796e-01;-1.462964458631304865e+00;-3.254842189135849773e-01;-1.456514435835528865e+00;-4.528821290989898385e-01;5.461131906233810396e-01;-3.478038319674158219e-01;-4.184467404150139791e-02;-3.748551864346770790e-01;8.010275381817082430e-01;-1.394025878531948370e+00;-7.561861595726054874e-02;-5.836803344169263497e-01;-7.267846624855643922e-01;-2.235831871461536335e-01;-2.758351761621007925e-01;-6.919479855470930252e-01;1.096578271517979264e+00;-1.827518314079004780e+00;-3.814819082490830682e-01;-2.623857850986267559e-01;-1.018833949532290672e+00;8.123911939150054717e-01;-1.067436011323430245e+00;-1.622401219603289313e+00;1.565228812004891557e-02;-7.003919363196067227e-01;6.703655672138551791e-02;-6.816060671135811821e-01;1.402121122470941561e+00
-4.174203629040654784e-01;1.390487441877889252e-01;-7.177027616755780048e-01;2.914935757115560272e-02;-6.031001218696655647e-02;3.642356595867759367e-02;7.525838895495845504e-01;-2.551705604347873080e-01;4.770320020357771140e-01;7.588383378742753482e-01;6.306824766072434141e-01;1.640206855791368282e-03;-9.079771131944333606e-02;-1.788496202183790684e+00;1.364014837984079409e-01;-6.817408583296435953e-01;-4.462623896192080553e-02;1.026760605041256852e-01;6.152714410216802987e-01;3.827682670823612798e-01;-1.420976964660867203e+00;-3.991866103212050043e-01;4.293579875296787973e-01;1.697785009481588003e-01;4.218668682821530846e-01;-9.930385851344046833e-01;2.678411586569635627e-01;-4.771959621559340725e-01;-1.334305935281061284e-01;7.479864629999902759e-01;9.958909536486633129e-01;1.728592900056618586e-01;-6.834117488610140789e-01;-5.522709314439804701e-02;5.878665798773948792e-01;-1.193455762005529275e+00;7.868050154628324355e-01;3.766532638847739922e-01;-9.818748332001654422e-01;-1.161236696132416535e+00;4.284704341063644284e-02;-3.599539659011744552e-01;1.237146708194393208e-01;-6.118140594826532164e-01;4.869554166303963760e-01;-1.538459868292801236e+00
-2.291820474980348424e-02;-4.675553184952794261e-01;-2.194272647782528063e-01;5.863180639730071197e-01;-6.986671631882396261e-02;-8.334637648395432086e-01;4.030146997798201292e-01;-1.688789655522029975e-01;3.823814623098201193e-01;-2.193929641913469286e+00;3.318871032922499076e-01;-1.907145739706219034e+00;5.988100881761140304e-01;3.633533307676877211e-01;5.469502434845594507e-01;5.133254011345338430e-01;1.036415504197288895e+00;7.230726724103352376e-01;1.967479282004254426e-01;-1.789556367089288336e-01;-1.983746657454511786e-01;3.688190726834298938e-01;-6.643970185868152134e-01;-2.949225917539186614e-01;-9.750654581142768063e-01;1.873680142087754463e+00;7.678513800938195910e-01;2.594793894019299163e+00;-2.883028549739585222e-01;-2.903146690632808724e+00;-2.491276851312241192e+00;9.427973369944529780e-02;1.108948891891819555e+00;4.374651054419864127e-01;-1.719296101485190187e+00;-9.402678410281115062e-02;8.167794190197756876e-01;-2.861748368795277386e+00;2.665700730934596585e+00;3.256927429620012915e-01;8.070012811944091147e-02;6.073617612416791767e-01;-5.599488419294862407e-01;-1.034409502187082275e+00;6.890649051733961361e-01;1.057961463473676700e+00
1.785943302068752514e+00;-9.531951533536037191e-01;1.464642696484752760e+00;2.098195668584573514e+00;-1.613829206043624120e+00;-1.804756940554121281e+00;-1.081360736721795224e+00;-1.720608386261846423e+00;1.838167772793618981e+00;-2.522772122579899304e-03;-9.294469323884898548e-01;1.361464535755592571e-02;-1.266746305162499642e+00;-3.060115978217589627e-01;-7.587009201972781947e-01;-1.038896379822622285e+00;-1.787379267755642598e+00;-1.780081514261386832e+00;1.716200924239021930e+00;1.227092804042389407e+00;-4.151743148026672547e-01;1.711812232180477178e+00;-9.856874776109076919e-01;-7.690858564054561253e-01;-7.800496928011498854e-01;6.084442745273883901e-02;-1.466555200673574255e+00;-1.135134020292687840e+00;3.555724532068778310e-02;2.005427483609827366e-01;3.558555506790122558e-01;9.196750505490834948e-01;1.363228469923201347e+00;6.955621353985045330e-01;-1.078827338992069951e+00;-3.279049065068627145e-01;-1.127485265194225095e+00;5.899452046356360446e-01;-6.085691422184356242e-02;-1.424836419394572840e+00;1.443520785756848834e+00;-4.050235392270599699e-01;-1.350664374734245721e+00;-9.350481950663690478e-01;-1.090977953466537809e+00;2.377556113533791510e-02
6.713539512097529416e-01;7.296647443313102332e-01;-8.601708745574416781e-01;1.092536742247836923e+00;-2.873186293639764521e-01;-3.940647730063338849e-02;1.187491407961992040e+00;3.716657316520853849e-01;6.417316837241114902e-01;-2.063646448383594567e+00;1.535694041620802697e+00;-8.451548386770074694e-01;1.566510454463271529e+00;1.994214009063743909e-02;4.853620335054575907e-01;4.658094848638167917e-01;1.581944896652906163e+00;1.628109338762918634e+00;-1.925809050415316082e-01;1.433667537870979003e-01;-4.558900101450228948e-01;5.198322224255857993e-01;2.505665981072963122e-01;3.729186553506868007e-01;5.886230407640032913e-01;8.761235480778857276e-01;1.700572370764801056e+00;1.207901356457045550e+00;5.936353887088448023e-01;-1.734922152235577331e+00;-1.520659390473365180e+00;4.530518692892404053e-01;-3.592586670229537260e-01;-1.191810929459578283e-01;-1.617460247719370248e+00;-3.964509810409437840e-01;1.487506566369663830e+00;-1.819623856822566665e+00;1.287308763396093347e+00;-1.502386644682962846e-01;1.800444910643240193e-01;1.032733476422967355e-03;2.465889849936714340e-01;-4.593690824527272946e-03;1.425329664770986993e+00;2.616101167411895578e-01
-9.913401417192206910e-01;6.989644647534423161e-01;-1.129895132863783846e+00;-1.725308137686154264e-01;1.433519949855591280e+00;1.138611261221153859e+00;8.145301617098381630e-01;1.800365382746284881e+00;-3.402796739774999746e-01;-1.134361642470903986e+00;1.762970523321570671e+00;8.777434594274078350e-01;1.424851967836425981e+00;7.572708743312147606e-01;1.543177491106562549e+00;8.238493391048930248e-02;1.527140062483852923e+00;1.003979601751926909e+00;1.423755434558401922e-01;-5.520677387207113540e-01;3.726633619516356855e-01;-1.107854411036560682e+00;1.009548006876111126e+00;1.354884328885693767e+00;1.006867193527777093e+00;1.797950190271273285e-01;1.297532910159832076e+00;-2.114387351408194837e-01;3.991483693118074161e-01;-8.501557191248616530e-01;-4.367039176782263055e-01;-5.813302299148085384e-01;-2.806019858869541195e-01;-1.114728680833154240e+00;-5.228696374685835035e-01;5.298466756272912637e-02;1.595782915331101615e+00;-1.045064803007718757e+00;6.775022771674432676e-01;8.525574777946178795e-01;-1.424939558401842887e-01;6.023640868624909883e-01;8.437668203482443507e-01;-8.539597483969566527e-01;1.609515958808245273e+00;-5.208167283221870614e-01
-3.182034947232162958e-01;3.799266815898485472e-01;-1.327496279092694076e+00;2.716364298027654778e-01;8.487206052541473866e-01;-1.767919976632804646e-01;1.513959624355223132e+00;-7.043674450090396943e-01;-4.922816161504170451e-01;-9.372039102834222035e-01;1.962631939336342723e+00;-1.165719838741091363e-01;1.718317404180625951e+00;-2.318479296336973250e-01;-7.097707067215066612e-01;2.707624968140835975e-01;9.450496912573382868e-01;7.690280568332562572e-01;5.720358928665683074e-01;-1.493868009296696719e+00;-1.795834983301868026e-01;-3.941033335739618781e-01;1.177316266736248229e+00;1.331855189865750244e+00;1.041443096829328896e+00;1.372033660805915600e+00;1.418496973734288957e+00;1.185819803966982056e+00;4.958548121613090554e-01;-5.080333279845941075e-01;-1.245763945371433090e+00;-1.211948501906289777e-01;1.496337063848619531e-01;9.238173254826480274e-02;-9.032165787130446155e-01;1.329518999777543342e-01;1.579215817000788391e+00;-8.475633159101032543e-01;1.065106035995119438e+00;1.465893744397770704e-01;-1.143954466379795143e+00;6.571756064978313827e-02;4.335174634195403942e-01;8.699174898399502087e-01;1.570862214257737532e+00;3.214235627045223809e-01
-6.738208353001780004e-01;1.328406480001541046e-01;-1.442588903447779902e+00;-9.494926997196931687e-03;7.892942535158922746e-02;1.150331613173662948e+00;1.370694931207798728e+00;-2.995703593385504182e-01;-4.091656119386999912e-01;-2.836024777257381002e-01;1.455754699441208500e+00;3.354014504235406924e-01;1.622465363953358830e+00;5.648631310329386146e-01;-1.177530372191887498e+00;5.338009852295777513e-01;1.423266236297696663e+00;1.727732810318706624e+00;-8.665703047121032787e-01;-1.774292732535766026e-01;2.753265659171613700e-01;-4.486640051322148826e-01;-1.284790580524459713e+00;-1.230857708886441415e+00;-1.537898366922291205e+00;2.211668671984319545e-01;1.993469157130867808e+00;3.730592706170083317e-01;-9.035473521331554014e-01;-5.605246544227084904e-01;-4.459401852740491057e-01;-9.248774559625940750e-01;-8.929098019979930800e-01;-2.712773716576749594e-01;-6.745528119815370066e-03;1.098631423425030951e+00;1.396250927682709531e+00;-2.556047400534690595e-01;1.485868324284602415e-01;2.168837574598700968e+00;-1.893211697755708967e-02;-1.223014964546425887e+00;2.166170130746290778e-01;-1.351651303109080993e-01;1.319740516228857796e+00;-6.110491492775428357e-01
9.437387991832546508e-02;-2.327394500761788276e-01;1.320527178203828311e-01;-6.351121992679450434e-01;-2.611151041286786101e-01;1.598792814959385522e-01;2.527032611225234482e-01;1.294371660779387367e+00;-7.561624569795261097e-01;-1.080144024050291973e+00;5.480318037785226748e-01;-5.165949533514360148e-01;8.023139764980026234e-01;1.392977445363378364e-01;1.801899761915447262e-01;-1.424331620407540411e-01;1.279298798384297386e-01;1.110115861019367101e+00;-9.645192105362753177e-01;1.788511607954373250e+00;-1.551709789679292517e-01;-3.212053289981623982e-01;6.438436649619743157e-01;6.795154526342089829e-01;4.539393227672488540e-01;8.521277783311173026e-01;1.027014266050177982e+00;7.508262456908537663e-01;9.348920524293415912e-01;-1.596752231764773988e+00;-8.790187136092628695e-01;-3.261410348267504422e-02;-2.413262789418298693e-01;6.579614591049949279e-01;-1.212887736967505514e+00;5.206132443364063223e-01;8.513885574366519826e-01;-1.285258304103020999e+00;9.748786548233993043e-01;4.712883758357591657e-01;9.682111040918766065e-01;1.275224339409740670e+00;-2.771904455730416217e-01;1.347827584128057588e+00;2.698383455754412297e-01;4.550068312758473454e-01
-2.246679655006257326e-01;1.143913543760631812e+00;-1.472843696767133226e+00;6.587420501153354313e-02;3.350972372031609248e-01;8.316397051308661581e-01;9.964264028426942366e-01;6.000049345732159090e-01;8.098545504729853795e-01;1.673453017926306297e-01;1.878881663672890667e+00;3.414216528272629447e-01;8.514571691558594502e-01;1.391060254673917758e-03;2.084868212704533708e-01;8.752212770378192674e-01;1.228165935728411817e+00;4.737879318641110560e-01;5.574223636386029801e-01;6.529983686737417248e-01;3.230306383772477141e-01;-1.766452469653564950e-01;1.699915829305928439e+00;1.446454053877083368e+00;1.856193923991034778e+00;3.401071745158187332e-01;6.823335398685510533e-01;-1.502442721996149366e+00;5.328657419076204826e-01;7.146766994483493285e-01;2.339964841361967807e-01;4.178326088532477445e-01;4.700797243167444961e-01;4.791215430716398715e-02;5.440183782557944658e-01;7.786861065140805727e-02;1.793106211513517456e+00;8.184730574048414142e-02;-8.436755344248475508e-02;-7.450734262439953626e-02;7.025240812026889436e-01;6.246267809699769247e-01;9.402935299362772392e-01;-7.609671392546465407e-01;1.244598633383323438e+00;-1.379623758978546277e+00
5.972389079274562640e-01;-1.419674797864786786e+00;5.338682879427689709e-01;-1.062481716647107222e+00;-8.549396046901379664e-01;7.144742352554904752e-01;-9.291961558209809180e-01;-1.116116243387823559e+00;4.773824791815614033e-01;9.278822872972368740e-01;-8.479600153935996643e-01;4.923896955836645772e-01;-8.502177170784709637e-02;-5.188034065898160518e-01;-5.206347045031846088e-01;5.403928709782678669e-02;-9.218033464079974371e-01;-1.677231010534309119e-01;2.905912193152246359e-01;4.685108404332548049e-01;-5.764631012470828875e-01;6.323855279984048616e-01;2.463238555906120286e+00;2.480129169459027505e+00;1.546873525240265224e+00;-9.885153106518644595e-02;-4.011853366926357856e-01;-2.411449309069374214e-01;1.050103364990285559e+00;5.346658900837232276e-01;3.490211563548436535e-01;-8.689486695663383165e-01;-8.629539224083302429e-01;7.280441491020007705e-01;4.169732213205935567e-01;-4.334582367108203577e-02;-9.687509558234234097e-01;6.950920101306438115e-01;-2.393765504329394556e-01;1.888325714660339105e-01;4.443187715939156401e-01;-1.133013269076454721e+00;-1.234560056928296623e+00;8.003275768183057970e-01;-6.286911377165290693e-01;6.355159362233413212e-02
-3.918785352042672421e-01;7.207196898752241676e-01;-1.051561152066650795e+00;-4.502727947949878851e-01;8.009555977109074076e-01;-1.193502674810789976e+00;1.151761150408823653e+00;-2.993283234638907109e-01;9.691356285800357268e-03;3.427713193004149894e-01;3.825610192628621786e-01;1.176501654780417905e+00;4.724180854351118786e-01;1.810010243890129766e+00;1.072813719519134096e-01;-1.468763699960275781e+00;4.660318839481800701e-01;-7.335151665418085387e-02;2.047467029887788115e-01;-7.610167383041366307e-01;1.307983476003303336e+00;-6.417731981916464934e-02;4.312964568927737941e-02;1.846110666200675154e-01;1.165518645389859859e-01;5.131585105476725861e-01;3.191545294101503782e-01;-5.539008566674857859e-01;-4.627854909880255163e-02;3.113563887289089172e-01;8.088901036799227562e-01;-1.086304826963323755e+00;-1.892957087936398830e-01;-9.412425556056431830e-01;6.660390960831269469e-01;1.469721179445550030e+00;6.744240572997002303e-01;-6.991427192018995207e-01;3.824861595963117700e-01;1.231804507178653862e+00;-7.468818761082154367e-01;3.616366361222430603e-01;7.920824134085970858e-01;2.152164194710023182e+00;8.687492922849670007e-01;6.917637663931748282e-01
1.677890417312015936e+00;-8.026376982826810558e-01;3.987972118133701338e-01;-5.315758178177659721e-01;-1.405687682598895760e+00;-9.737301163513168989e-01;-8.008366917436824384e-01;-2.044670564986233341e+00;-1.034052918363072671e+00;7.116509686882058761e-01;-4.640253926622233682e-01;-3.380431724678334970e-01;-6.194981486102965063e-01;-5.445667135164002914e-01;-1.536488955861393668e+00;-9.544514173763664344e-02;-7.027192396919262896e-01;-1.128913476182835218e+00;-1.754498983833240100e+00;-2.151583701774701096e-01;-2.063653529152318367e-01;1.786920601476802206e+00;9.398910046783751637e-01;9.083354332695067201e-01;8.402867058377091469e-01;-1.868425844398508673e+00;-1.533298184381647333e+00;-2.537764380358564775e-01;2.542927923747083874e+00;1.143777004550783349e+00;6.586383052742248445e-01;-5.836214595834277041e-01;-4.564528513498921081e-01;1.871227200947434222e+00;1.286003753733925059e+00;-8.732308875777909651e-02;-4.325802923215514850e-01;-8.743202960465080997e-02;-1.097506617656923256e+00;-7.779073012476993461e-03;-7.821605783588634342e-01;4.446049054363104130e-02;-1.214681124628421038e+00;7.761995209606433743e-01;-7.922082544060310427e-01;1.205792144590951409e+00
-1.361181481495474799e+00;2.497327958042321772e+00;-1.790034920041973621e+00;-1.167514978359608241e-01;1.429884945943448171e+00;7.480782001022403538e-01;1.870884225266673528e+00;8.926229025599944356e-01;-4.287061740821530020e-01;-7.557738966182465656e-01;1.316439170693618266e+00;-1.982658921263750873e+00;1.557106453278313429e+00;-1.623466156587010101e+00;2.879414565320264630e-01;1.042222399558440538e+00;1.557705388171837235e+00;1.472083707654133988e+00;1.984757163931862634e+00;-1.366207408066917095e+00;-2.095296481820627665e+00;-1.675222201432477798e+00;-1.252030342394778284e+00;-1.984750514464139970e+00;-1.035256693011758378e+00;7.388801096159715032e-01;1.184719337811692252e+00;6.906497190242396611e-01;-1.130421154928886951e+00;-9.982535898399779173e-01;-5.097266531677225876e-01;1.985200717875544640e+00;2.230052984758224888e+00;-3.337500325848501426e-01;-6.893765708043965157e-01;-1.373618131758314709e+00;1.310014190249717325e+00;-9.614532177922331391e-01;8.183966921484381318e-01;-1.701338246457227532e+00;-1.022984592699807793e+00;-1.130160675026295802e+00;2.244098620228911489e+00;-1.477423137027074507e+00;1.700592388334625893e+00;3.192845313457469414e-02
2.221239754663752730e-01;4.616339482799808880e-01;-4.336794059446097416e-01;1.180769209770758721e+00;3.840035130152623100e-01;-5.005570178289163730e-01;5.987337361817571257e-02;1.020403075738154142e+00;2.346700026646116322e-01;-6.797154955892409367e-01;-4.302870497395558380e-02;-3.765957320370795225e-01;-4.142965285781913254e-01;-1.585827800792225795e-01;8.609768602203147214e-01;3.920810783059156535e-01;5.170723429265065008e-01;-4.626609586867556634e-01;-9.725598383688912607e-01;1.744536695002566473e-01;8.050554562528812463e-02;8.891931158816425429e-02;-1.231139658457679253e+00;-1.172497638696116118e+00;-1.096622614063819112e+00;-2.105168141054745146e-01;-5.741281676318840121e-01;-2.685617327920861858e-03;5.183831098008363503e-01;3.365998615477908129e-01;3.015156252999735553e-01;4.885533539231406430e-01;-6.616277950948221687e-01;-5.129930428827116362e-01;-1.803789947354426659e-01;-9.794179337651845452e-02;2.283794480255082748e-01;-9.526954952977457758e-01;9.808744317624557008e-02;-5.096661546394399833e-01;-2.602198081752270520e-01;5.320918460869518141e-01;4.786126475898630495e-01;-1.821278787220941553e-01;1.535123434074353865e-01;1.307568845045410821e+00
7.137131064466507580e-01;-1.214372141131734972e+00;1.349055372168214806e+00;-8.018726623830390032e-01;-1.590452307938155840e+00;4.051312044557901504e-01;-1.953075873485807357e+00;-7.246773203962878496e-01;-1.145910481719698781e+00;1.242901884468543106e+00;-1.568153308634714582e+00;1.670003386978662352e+00;-1.124237459166828268e+00;-7.518852512772014607e-02;-1.092853839345648170e+00;-3.180152647672093158e-01;-9.947404966105365398e-01;-5.010149602233816557e-01;2.643175999611910298e-01;-1.710205694587989989e+00;-3.355889388263321726e-01;6.336411310886780335e-01;-1.786378512726719325e+00;-1.640891698991077785e+00;-1.828425536748886415e+00;-6.218117206685854770e-01;-8.340858454950890177e-01;-4.818987374437989635e-01;-1.022374152566509320e+00;1.114025119327078261e+00;1.257660823135233974e+00;-3.624936008901921136e-01;-2.020007603099312821e+00;1.007751195334006145e+00;8.439490411822673233e-01;2.939738958612664876e-01;-1.643305219238103909e+00;9.446717687209282843e-01;-1.009790592187737035e+00;-2.341330555221006471e-01;-1.651639715011224308e+00;-8.913385494012241450e-01;-1.176423281755459849e+00;1.042691678995733451e+00;-1.556760892239490213e+00;1.056551958345675502e+00
-6.721819403968773976e-01;1.387178438760026555e+00;-9.385350955938115414e-01;1.540089834415765135e-01;2.085847837675671723e+00;-2.900101950261230535e-02;5.136321103409777766e-01;9.752252378044519165e-01;-1.773372311673206969e+00;-2.641506469628106757e+00;4.651875622650727959e-01;4.142286270889099509e-01;7.688352112904194291e-01;-3.963753572240483747e-01;1.165079444139206499e+00;-7.379779173451352925e-01;1.449403317970998861e+00;1.112665286731108205e+00;1.730359408061799831e-01;-7.828528147938642601e-01;-3.600204052407323663e-01;-8.215003169112966575e-01;-4.339173263959090754e-01;-7.544052053663646840e-01;-1.425816950519077919e-01;2.175611860775747530e+00;1.044060983842976631e+00;2.921887961882165818e+00;-9.562471804830691147e-01;-2.542605662206364414e+00;-2.054280650618254267e+00;-2.649713342376002201e-01;2.412563435012919644e-01;-1.760108410531929346e+00;-1.638358270982147369e+00;-1.137108639623271689e+00;3.858650397137612376e-01;-2.460677816958310338e+00;2.338547101554662166e+00;-6.687482409952218987e-01;-1.253624387920054595e+00;8.445995013177125532e-01;1.204244708663801067e+00;1.387332462438281011e+00;9.612587033371626788e-01;-2.005262839911478301e-01
-4.469758116780817025e-01;2.582638017678770548e-01;-2.916100905993662326e-02;3.774379485398939305e-01;7.896569691532939750e-02;5.071935411745866901e-02;-2.498930506486225500e-01;8.878332405149428341e-01;5.119503650452654764e-01;1.234230909082376870e+00;-3.619902641643619329e-02;-3.545898541043525087e-01;-5.015593819636083861e-01;-2.388608004276964250e-02;6.913397315901071982e-01;1.211592542366546121e+00;-2.708589643922444945e-01;2.613366080434536415e-02;1.422646481101733418e+00;5.224764860934306976e-02;9.952254975056121777e-01;-3.227470140360584328e-01;-3.597929718926067277e-01;-6.746133631421241672e-01;-8.554622499863175911e-01;-1.167117148642583757e+00;-1.796226584369154111e-01;-1.737667784728282205e+00;-8.137523809263674801e-02;9.525137890811814501e-01;9.144184724298588529e-01;3.851090791286811421e-01;5.133303755352111586e-02;-5.116553180321428140e-01;9.896029864814427368e-01;3.188913589220722655e-01;-1.944262676538368873e-01;1.028068345816776086e+00;-1.249020106513065720e+00;-1.087896835887672831e+00;3.592786011492090092e-01;5.699449080982005311e-01;1.681981233040843460e-01;-2.464911188697166133e-01;-1.476722363964971252e-01;2.728824469707029632e-01
1.204009586555656375e+00;-6.690235927455852050e-01;7.591898833067257657e-01;-5.420407830346095635e-01;-1.240830951027356743e+00;-3.320296455276401937e-01;1.990176589364694715e-01;1.737480754932150928e+00;-1.115860045633427111e+00;-2.290669577968792670e+00;-5.371588444270557483e-01;3.398527876309508367e-01;-6.775806110682126848e-02;3.866702896893624980e-02;1.320805921549656370e+00;7.684866804163405229e-02;-5.013542586658361611e-01;-1.486732051719838856e-03;-7.681765863891892865e-01;-6.996795830723542275e-01;-4.360011807493537339e-01;9.837094789396054750e-01;1.991458308822776080e-01;7.290929661924202554e-01;-3.185670192973127368e-01;2.261109995758936009e+00;2.532212107889134090e-01;9.268542483963283507e-01;-3.325891230746624294e-01;-2.002779007713417325e+00;-1.517775222680336933e+00;-6.057306086319874661e-01;-1.278997440681882425e-01;-5.049495520389352121e-01;-2.369477037759480265e+00;-1.445029761562333537e+00;-9.207228314974078565e-01;-1.337513147487041865e+00;2.070071700025507333e+00;4.719573849351209605e-01;-8.607684713735795912e-01;9.250509434642990580e-01;-1.108933533785869230e+00;2.008304013327368298e-01;-1.784546124187362248e-01;-4.084716545158859624e-01
7.366652593935885118e-01;-4.464959402523476228e-01;7.750113768300746775e-02;-1.428432537123413448e+00;-2.928751376029304909e-01;9.483619710946896708e-01;-5.198541516099350890e-01;2.621638303540298476e-01;-3.053839488517536352e-02;-1.478165035068073063e-01;-5.118466474742251471e-01;7.226668608562976104e-01;7.279801916419920138e-02;1.578186927922262672e-01;-3.789335996627871128e-01;2.284274165554301961e-01;-4.024542443412914006e-01;2.661981079743309664e-01;-1.355738804987056456e+00;-5.134049928668944496e-01;-1.526168590084381049e-01;7.722219425189931208e-01;-1.455805314859171529e-01;6.032976859826924554e-02;-2.027580499004811299e-01;1.513205419932800444e-01;6.074257215310279179e-01;9.666524204031008427e-01;7.359958504369887855e-01;-8.265393651941994602e-01;-1.356007659194715109e-01;-7.203404838844850167e-01;-7.353127138482202785e-01;3.394741720328665058e-01;-3.426111491392224151e-01;3.467281580270739072e-01;-6.942039892289486591e-01;-2.010895158646114067e-01;1.905540298774826558e-01;5.572501090605362917e-01;-3.807362078812831507e-01;-6.126611467667097966e-01;-6.315107668210320213e-01;1.280380599747890535e+00;-3.278789206828396918e-01;-7.197542646440860947e-01
-8.020534560684573488e-01;7.795738206911770884e-01;-3.126942131764805510e-01;3.945424055413379594e-01;3.949816036709913880e-01;9.291888500569559506e-01;5.768319812303231986e-01;-1.362954606305387451e+00;3.588637990337948946e-01;1.458806016429062824e+00;-2.797028106429160221e-01;-5.992738491263089884e-01;-1.735343765448576214e-01;-1.370619496707397689e+00;-2.562574423659579326e-01;1.065137781265425465e+00;7.069817135329926894e-02;-9.603532677307710097e-01;4.899715799227773450e-01;1.157893531251774077e-01;-1.326904993197352223e+00;-1.109611175843441933e+00;1.615407582711267054e+00;1.032918519149484737e+00;1.068996011385886291e+00;-1.461676131831927794e+00;-6.452660291810746740e-01;-1.744843030316481691e+00;5.376383316814458135e-01;1.950366503681659092e+00;1.537689393876131572e+00;1.445624184778582677e+00;6.820974316719511377e-01;-1.590424280257787537e-01;9.337635769237576655e-01;-6.359437854657136180e-01;-1.061837359392565766e-01;2.141583152547220426e+00;-1.824111690447219880e+00;-5.918735612476738739e-01;3.236463658848821590e-01;1.638986966482790242e-01;1.124068254587421212e+00;-5.918657061437879729e-01;-1.003060771525134814e-01;3.922878049369787345e-01
-9.559717374859048045e-01;6.738683553084771072e-01;-2.889226991995112459e-01;1.063780974682264846e+00;2.934768473798439747e-01;-2.699933374613459058e+00;-7.897719316986435978e-02;1.245895581711575106e+00;-1.256088168424123852e+00;-1.230127193980191880e+00;7.496175360696142320e-01;-2.574868721266588167e+00;6.388495070173129120e-01;-2.790103982725627318e+00;8.536472163952378844e-01;2.923302489828565776e+00;1.047332395345782041e+00;7.735612236062395786e-01;1.394805308676241751e+00;-1.991846074773295783e+00;-2.603683940571130062e+00;-7.232529045560807113e-01;9.823974824804799777e-01;5.938847166076196560e-01;7.440000497354316567e-01;1.430000348058338089e+00;6.874580376599143117e-01;1.191135594134160591e+00;1.488181125079618861e+00;-1.171790288581967321e+00;-1.355159059375349306e+00;2.627636269601707042e+00;2.622184683712309283e+00;-5.509905373785822791e-01;-1.636857506441925514e+00;-2.552071412147148610e+00;1.046447654687993722e+00;-1.754255242217912958e+00;1.425317409329607488e+00;-2.356054285049685060e+00;-1.673079317967670843e+00;7.271022375077907940e-01;7.638060136458691973e-01;-8.498591943921630643e-01;7.670935061006411981e-01;9.575218441267588920e-01
-5.546817122586592541e-01;9.832447326112380148e-01;-4.310689111357964842e-01;-5.146518507233608514e-02;1.608142847796834918e+00;-6.879635154414446285e-01;5.821084367178785968e-01;2.110271531121271360e-01;9.536495120209991239e-01;1.117865336014487010e+00;1.371794938197867797e-01;-3.497979237222686999e-01;3.779417345368365488e-01;1.052170059325805651e+00;3.048075816073861355e-01;6.498947765307648838e-01;-1.732471012120308795e-01;6.429539703958451202e-01;-1.783527793973630260e+00;3.757869444412359483e-01;8.573767996716947781e-01;-4.525542027184569771e-01;1.061634497571145364e+00;9.624232781549945104e-01;7.494830355941334288e-01;-1.497023244316753932e+00;4.874226994745865515e-01;-6.439093391047081560e-01;9.003161683745020127e-01;3.365442849149339333e-01;8.919366022140464700e-01;-4.869451130933928895e-01;-1.663478512340329063e+00;-1.623784397916805844e+00;9.805702650017773525e-01;6.567659945900209406e-01;-1.715065695040365046e-01;1.420025753375034228e+00;-1.013417651609732406e+00;1.232178271862361729e+00;5.073171358671677567e-01;9.957284397208490123e-01;9.134694112766938989e-01;-4.086164199035179356e-01;1.937586128130522334e-01;-5.668428193385668390e-01
1.992501984550770100e+00;-1.491630650426444049e+00;1.173309902843391317e+00;-3.817748081565158214e-01;-1.826262573870036876e+00;5.025092757895860407e-01;-1.614093845628756796e+00;-1.731634968451871703e+00;-3.632148112324779521e-01;1.089415831515122779e+00;-6.019512391467545243e-01;-1.522087715837722399e+00;-1.751316307910506742e+00;-9.875737277848999351e-01;-2.712512798243992940e+00;-2.463381663073728189e-01;-1.402829522307616150e+00;-1.265476178984667577e+00;1.663949434186362764e+00;-1.938339308141389383e-01;-1.010877812848564483e+00;2.136799378796625071e+00;-4.630770173318745631e-01;-3.114452438360296727e-01;-3.789116604110958630e-01;-7.730006552723519553e-01;-1.444269060062868704e+00;-3.124772174631768040e-01;-5.447495889365432387e-01;8.145344107542762391e-01;1.113967189900429089e+00;1.027871750286277308e+00;3.143925440504117819e-01;2.364253749039531893e+00;9.827301350341778319e-01;-3.648669622403994395e-01;-5.332745794666337025e-01;1.198474316942617524e+00;-7.655825713767251406e-01;-6.915968583637803757e-01;-3.536232321745255702e-01;-1.645152609658832032e+00;-1.286853064753316067e+00;-5.147620241080215209e-01;-1.667120647759926966e+00;5.405038122089876884e-01
-1.085402711588808966e+00;8.229018488094653749e-01;-1.317012235468213888e+00;-2.727278805935141187e-02;-1.579382160796928558e-02;1.481879975016883622e+00;1.867520377978080459e+00;1.402971396724782771e+00;3.725784807007206378e-01;4.264676508881817263e-01;1.002095543991047943e+00;-8.237320533615831719e-01;1.510196711466769592e+00;-8.865905372086106961e-01;1.410369545712246930e+00;-1.791214163247944746e-01;1.050681983414660792e+00;1.690529040480846845e+00;-6.253014887284685797e-01;-6.154517720965437810e-01;-8.990453095196638822e-01;-8.733559606689046406e-01;3.301523453827120425e-01;1.183268179831511308e-01;4.243561236380085089e-01;-1.235138802626317700e+00;1.688416604388662590e+00;-1.200913771748357783e+00;-2.681557576017238320e-01;1.266367883084911217e+00;5.571319851684167768e-01;3.837666120194647146e-01;1.205180440965890165e+00;-5.119835791324568453e-01;-2.965754941516041687e-01;-9.666424042633987579e-01;9.710651741519520375e-01;9.284096446695652705e-02;-1.039289429228240413e+00;-5.886651090426883171e-01;-5.262357551508806131e-01;1.737755022067245969e+00;6.775737250787551291e-01;6.238221636839619971e-02;1.356741728501322575e+00;-4.069112014995500126e-01
9.294535082045741747e-01;-1.450024602501702953e+00;8.872054597279094290e-01;-1.288724363766876602e+00;-5.361165163527337185e-02;-1.501131006048504801e+00;-4.114418119984997874e-02;7.383382328879989354e-01;7.989205898398588079e-01;2.507321227064113756e-01;-7.263186304180733188e-01;1.468327167610740780e+00;-6.671621782422535452e-01;9.478398228699428385e-01;1.047953825244317239e+00;-1.299280227712460212e+00;-8.358500324379929403e-01;-5.707406651134677711e-01;1.827928167946223370e-01;1.060803018605529724e+00;9.981903937047142961e-01;8.024630755981537744e-01;-9.027066795562807000e-01;-5.234411645557258685e-01;-1.167936239130848319e+00;-6.677553799216674468e-01;-6.304514024986026532e-01;8.537773993537529638e-01;-6.216127118495263781e-01;-6.453140678345165027e-01;-2.758332824435482111e-01;-1.455250159375607755e+00;-1.034308388357385367e+00;-9.128637113206415910e-01;4.169536356792759579e-01;3.856093889053608947e-01;-1.063012279056385845e+00;1.268157929653477567e-01;-8.508941382223336736e-02;1.404168620684908442e+00;1.087004340424180038e+00;5.376993274659848110e-01;-1.239785689633933652e+00;4.234539631597645237e-01;-3.593210642091048679e-01;-3.139458729409213000e-01
2.741777584721185115e-02;-4.379681046181705950e-01;-4.184116622862268930e-01;-1.210803370901496478e+00;9.982467063094745408e-01;-1.710883009885684480e-01;-1.862188462486120966e-02;-6.792695957317016475e-01;6.994341994493930015e-01;2.676706782565985709e-01;5.067373803458662396e-01;2.946785038880900487e+00;1.022398112397515213e+00;9.245549686266383294e-01;-1.512073042414278645e-01;-1.572411721962788222e+00;7.453846570910599434e-01;9.903847974031108059e-01;-2.105712090933186342e+00;-2.661005660844400489e-01;8.543442968394798775e-01;1.772553170041766268e-01;1.045384755070696947e+00;9.576415665714153036e-01;1.115313489305905570e+00;5.938862335609596671e-02;1.010050722204320017e+00;2.998963654810692381e-01;6.904497319283973145e-01;3.577972893564970724e-01;-2.745755504071732966e-01;-2.218416876007254679e+00;-2.265719959133420502e+00;-1.101545224797639166e+00;-5.578279992500451145e-02;1.469430063663001995e+00;6.488733396657544450e-01;6.087543309685835569e-01;-8.275847723229011466e-02;8.212533881820022197e-01;3.013902635458687862e-01;-1.831028077286817712e+00;-1.944826254462359572e-01;1.943545567653884643e+00;6.184483805569582771e-01;-9.085333156728183646e-01
-3.503928340705819156e-01;4.465160048224733336e-01;-1.240272276704953852e-01;-5.837489943013887128e-01;1.037576592447975621e+00;1.431443629079118540e-01;3.483557988301401176e-01;1.831189210461987349e+00;4.272729328633149692e-01;-8.471115653664812450e-01;3.094069465948556807e-01;2.620086914976181625e+00;7.713234744974099000e-01;-6.135573829018854675e-02;8.085452842554415875e-01;-7.825468893205638210e-01;8.326425861217197077e-01;9.915658164067708835e-01;-3.399953182336398205e-01;1.066887311864490817e+00;-4.416464324706886879e-01;-1.921819576208571856e-01;-9.014570591573231040e-01;-6.234850301119413407e-01;-8.905620558239043527e-01;3.941330882494756827e-01;9.486909616686346469e-01;9.210268453748517992e-01;-9.417321117744502645e-01;-2.915829882373536242e-01;-1.133037767482879765e+00;-1.149130051626753302e+00;-1.439814340446648133e+00;-9.376527141033094148e-01;-5.040898437107615981e-01;-3.095562104613844845e-01;7.198803650830311318e-02;-1.572482914121408948e+00;7.083234012529878720e-01;4.390468427827510789e-01;9.119221949273845773e-01;-5.005252827689058437e-01;3.908064820192508892e-01;6.061476409831009216e-01;4.357947612658361058e-01;2.333558141536139496e-01
-9.171595696864491831e-01;1.047891046431621564e+00;-5.514545033665069207e-02;-1.712059057227019732e-01;5.573215880358342034e-01;-1.898901190782073645e+00;-2.242983303268905257e-02;-8.334775413306282354e-01;-9.947286215100701323e-01;-2.351444012010251772e+00;4.248275099951110967e-01;-4.192548769098967121e-01;7.336045522997792778e-01;-3.712899325154345731e-01;-8.885244838709315252e-01;7.961330114606864905e-01;1.184596279602422531e+00;9.359137903652691159e-01;-2.421225818812749453e-01;-1.219583420603902013e+00;4.773419869699326024e-02;-1.043154592890169541e+00;3.119946746897765966e-01;6.373245104357370128e-01;-1.249080605866709076e-01;1.639369998234507797e+00;1.407343925926490602e+00;2.447595315313864095e+00;-1.489841121850373762e+00;-2.749006984700990586e+00;-1.968707444935795081e+00;8.102997563563579808e-01;5.878080661771851734e-01;4.433596641648021586e-01;-2.478155850629987889e+00;2.560563299277021643e-01;4.955846692178854651e-01;-1.535198951045719129e+00;2.116091828517419504e+00;1.971696801686945721e-01;-1.035787365356209966e+00;-9.363385148068702479e-01;7.364831744071523856e-01;-1.123446603632255680e+00;7.902674321656517620e-01;-1.029965299117461680e-01
5.521073740581834421e-01;-4.343906386493955329e-01;8.790943286558402514e-01;-1.002986716166841763e+00;4.304387475962050402e-01;2.799757612680374930e+00;1.347895757684451357e-01;2.077389951285314174e-01;4.701642194210088332e-01;5.261624827428224016e-01;-7.519707882918928721e-02;1.034390564311840510e+00;-5.404271979558470385e-01;1.058460420163377380e+00;2.539974426271399133e-01;-2.002411656390596928e+00;-1.194497556875331740e-01;-2.695465080718310036e-01;-2.393189740818993716e+00;1.009509737702385168e+00;2.107537300013392068e-01;7.217843241800150356e-01;-6.814966634476175011e-01;-5.655195423458901915e-01;-5.814674398588459692e-01;1.213620302324337041e+00;-6.729466615151672437e-01;-1.325820313812504869e+00;8.491785862311000965e-01;3.276471883965172971e-01;4.148873681904444721e-01;-1.782027360330631804e+00;-8.945093068063947328e-01;-8.399092562449463895e-01;1.243150737380683823e+00;7.766786446928185539e-01;-3.656100540796937137e-01;4.543142974213171259e-01;2.487500300948043419e-01;1.000862232478894720e+00;1.089341802114311974e+00;6.635881798831977374e-01;-1.724350032500626129e-01;-1.364331266391710373e-01;-4.466268646076381743e-01;-3.161378883731385536e-01
-5.297764146400379959e-01;1.386568990277455837e+00;-3.253623395836831023e-01;1.713713532215639379e+00;-5.231959637738498037e-01;-1.418272382109998286e+00;4.154021223563844623e-01;-8.310667261692560315e-01;-9.379578547137492617e-01;-2.876881847853931085e+00;3.807805364374958201e-01;-2.239085733931541089e+00;6.339273641682849902e-01;-2.014981160243590974e+00;1.277266839134792720e-01;2.849710478340805597e+00;1.281675718996709012e-01;4.133294686455352696e-01;2.084109783453469422e+00;-1.096555263242118494e+00;-2.769178394911738117e+00;-4.157529432340290043e-01;1.346031901949183318e+00;1.233435327743396481e+00;1.096239841833573037e+00;1.743789224148049932e+00;4.695300385591157366e-01;1.998822834431693396e+00;2.462154512015979693e-02;-3.090259918887401369e+00;-2.165920735431966282e+00;3.442594201502250595e+00;3.420993877921477022e+00;9.914864963111293950e-01;-2.828224702190854867e+00;-2.058869136294279922e+00;1.571402984241026257e-01;-2.378146555924798733e+00;2.518005425445600132e+00;-2.539515316425028146e+00;-1.208218603806449298e+00;-8.865349780736407892e-01;1.107627617626687044e+00;-2.989581624610692323e+00;3.364195476689365027e-01;1.432527052718974625e+00
-1.039273710299686515e+00;7.793409240291239160e-01;-2.188425202955003590e-01;-1.039356778888264748e-01;2.871760203028376757e-01;-2.815962711455582745e+00;-6.708198291707601069e-02;5.525227344501245641e-01;1.448719101320041988e-03;1.128229526430148066e+00;-7.976324038731877897e-01;3.012246691854940650e-01;-5.691480722561953476e-01;-1.268724786518412584e+00;9.890169889375317602e-01;4.588688641986524708e-01;-5.493524178620545761e-01;-7.673861889712497719e-01;1.554654084908419831e+00;7.591039444526390678e-01;-4.396710510422232598e-01;-6.024410423269351833e-01;9.671123723143190132e-01;6.166808068933159470e-01;1.265749434142945384e+00;-1.540043573832778678e+00;-6.570207522071614958e-01;-1.049792395186200489e+00;1.375612957160895267e+00;1.769748974781284012e+00;1.288494899437972796e+00;7.472127560399087487e-02;-1.038149612808952071e-01;-1.513178056010959116e+00;5.813681846443662371e-01;-1.472039951108391032e+00;-1.023441475474999862e+00;1.375849184676480652e+00;-1.662808877974817579e+00;-1.198141985034261031e-01;7.369684465198589329e-01;6.694816767062684582e-01;6.134529860926566380e-01;-7.931443435528392483e-01;-4.436378811528877697e-01;1.544156370632282282e+00
-5.085093046424336016e-01;1.185396549917088427e+00;-6.244937636040662765e-01;1.740065389244241256e+00;8.074724290299101215e-01;-7.566134857933244362e-01;-1.243868605794902910e-01;1.103791768222670555e+00;3.071174546208597089e-01;1.793811128969535540e+00;-1.287290662741307767e-01;-8.995483114341500386e-01;-1.767527118280207699e-01;-1.269516062119980138e+00;5.769559543327225093e-01;1.105957559207735752e+00;-2.443641671563913098e-01;-3.166730327593313965e-01;-1.837530114050219598e+00;-1.296431404877651739e+00;-8.546072644713339495e-01;-3.773656095807486621e-01;7.976960977289994092e-01;1.129558162514254227e-01;7.908523433724122809e-01;-1.206326729344717741e+00;-3.694055151309045271e-01;-2.611212269142487052e+00;-1.305117367025802055e+00;1.078250135381247254e+00;6.058410434670301603e-01;8.141837788322709990e-01;5.896006039560779399e-01;-1.446560602483699665e-01;1.663879001479393160e+00;-1.622954184155816604e+00;-2.048779764773148160e-01;2.053662843415680506e+00;-1.021198613320918325e+00;-9.886266243815267085e-01;-8.725187262671504351e-01;-9.311274728634022502e-02;7.534064155434632148e-01;-1.689612604164500320e+00;-1.576606957436724465e-01;2.190681508507880348e+00
-7.873137309425797259e-01;3.517349221130134374e-01;-5.707395372821927326e-01;6.422420159637607373e-01;9.184605723482817952e-02;-3.138746929103079508e-01;6.956472556536977825e-01;-7.296810046241994918e-01;6.660120977205153947e-01;-2.124802272935115421e-01;8.637421383423722343e-01;2.636129226516374935e-01;6.624926511213092839e-01;-5.153081496866996902e-01;-9.558153309069556958e-01;4.359865657782648340e-01;4.531546550884721358e-01;5.587980731211158458e-01;2.369536321145874869e+00;1.004730090780296681e-01;-4.790609665411275225e-02;-8.305314561600458667e-01;-1.559519324051644062e+00;-1.736941086946844681e+00;-1.849892500948906671e+00;-5.733685586610914875e-03;7.006642206195971001e-01;3.403198810677462993e-01;-1.519813483231487794e+00;-2.150905251760452108e-01;5.277083335837375877e-01;5.655704509933054958e-01;-5.503308688133331517e-01;1.023285790218482136e-02;-1.096216269986446834e+00;-3.384788280753793233e-01;7.565155540393403433e-01;8.511701232429205177e-01;-4.156301269047484315e-01;-5.023214695723247081e-01;6.190971104605849096e-01;-9.489431619358189574e-01;5.207054476133140541e-01;-1.810722042434249057e-01;6.321056698309666100e-01;2.486105507285712446e-01
-1.799108499558037311e+00;1.140390102249916549e+00;-1.285497703106574852e+00;-1.775106124974885846e+00;1.590899334840566226e+00;2.987961002865669458e-01;1.189607752008097208e+00;1.478303469484258947e+00;9.378658738486688184e-01;7.248425564050743342e-01;9.120432047297447609e-01;2.304507623980866171e+00;1.187966477153637568e+00;1.722958380010431112e+00;-2.873184052508999109e-01;-1.346707294552311085e+00;8.830230112921579888e-01;9.035995287302804879e-01;-4.635061401764561245e-02;3.154321091957956735e-01;2.306971633143859890e+00;-1.597482959523705226e+00;8.508037284850489268e-01;8.489294181317026400e-01;4.637268313449814938e-01;7.012700665839993741e-01;6.166231122221008665e-01;2.701014121547117286e-01;3.721398774238386942e-01;-3.183688667515953696e-01;-1.865621345038216972e-01;-6.792803296934604163e-01;5.033309249674707830e-01;-8.399954816892279963e-01;8.848013817920663548e-01;2.009940870294186777e+00;9.138148529363460115e-01;9.461496400240237969e-02;6.774143616045289473e-01;1.455815633847963975e+00;9.529873222820207657e-01;1.033115792874239380e+00;1.197389391745006471e+00;-7.859091551270676046e-01;1.186087412327833990e+00;3.808837784210906685e-01
1.517674052397059770e+00;-1.377169939958383660e+00;9.568890680164731100e-01;-2.607641436636505716e+00;-3.630417288676777710e-01;-7.756819518783580891e-02;-1.327750852845090090e+00;-7.538068075284176661e-02;7.317133074609151189e-01;7.360229634485002670e-01;-1.354619679708286561e+00;1.283967096410930653e+00;-1.376338895399721984e+00;1.669568590465117408e+00;6.727329011956019178e-01;-2.176347698317055102e+00;-1.119745251235564787e+00;-1.610573449689295167e+00;-2.813602215792166406e-01;4.610012406284658693e-01;1.175385460507900159e+00;1.693151507204946782e+00;-9.386197873650041767e-01;-5.847529858683585546e-01;-1.152700489712158216e+00;3.524319639868530030e-01;-1.438870333264145707e+00;1.268814898095184551e+00;-2.052594914419894057e-01;-8.053642321339208321e-01;2.508342402735082577e-01;-2.410731560540027907e+00;-1.660231795308011460e+00;3.819398061269771993e-01;6.867692852121872749e-01;1.693907968761532379e+00;-1.620571334346970316e+00;4.512476778294261526e-01;6.748478579787725584e-02;2.098300000088086481e+00;4.374192048429006441e-01;1.143959604328014690e+00;-1.507153880177252603e+00;1.401266240135051300e+00;-8.806223050484830450e-01;9.918057624665316263e-01
1.450946060613433453e+00;-1.106213569226891957e+00;1.433776021836186132e+00;-1.052359756329209528e+00;-2.312677873540063267e-01;-3.611556196335554136e-01;-1.735479243857070308e+00;4.096320323020284648e-03;9.560206001147389943e-01;1.287073512824419064e+00;-2.039886244264951909e+00;2.886688883334503908e-01;-2.182640969461446367e+00;1.660488634991821755e+00;3.222276245282355567e-01;-7.967411343520605094e-01;-1.337610630561841596e+00;-1.765216619283843436e+00;-7.581572427536727339e-03;7.471271507545841351e-01;1.063542327979594138e+00;1.585621967770173057e+00;-2.499345707482863443e-01;9.423974332311656210e-02;-7.249756073822199998e-01;-1.123534314823878777e+00;-2.170735699899478455e+00;-1.455800081043347793e+00;9.120598517847664510e-01;1.260790563282983889e+00;1.748374266117682430e+00;-1.411132469952349311e+00;-1.762348661043804832e+00;-7.979697219392738461e-01;-2.797207027834577309e-01;1.244446517353099635e+00;-1.863162661328598757e+00;3.504325351747372141e-01;-1.865361522738154587e+00;9.755948926642188379e-01;1.111003330661195054e+00;1.080288726266716237e+00;-1.142196445334525468e+00;9.038584170298467058e-01;-1.906109556250465520e+00;1.138742337368627289e-01
-1.763406435130597139e+00;9.186566661419918178e-01;-1.539308928299289114e+00;5.483499640874872627e-01;2.298792993583915312e+00;8.886722749493368712e-01;8.246199736665942304e-01;1.322321301415247508e+00;6.558238238126780084e-01;1.091384006692619923e+00;1.008211422182602401e+00;2.653877906441350354e-01;1.506151515911375416e+00;2.475042280519462734e-01;1.731940725365392009e+00;-1.348398547375457834e+00;9.200676362246458240e-01;1.120805272051510704e+00;9.266796352462607356e-01;1.169249565260459534e+00;-9.652818980063511412e-02;-1.744143561725563396e+00;2.082146341496109443e+00;1.825781609282571383e+00;2.276767103299317974e+00;2.081025224829449183e-01;1.367968948468798018e+00;-7.787040603448106557e-01;3.219161853277299201e-01;1.283323552560685643e+00;8.162158360699444115e-01;-9.294779912302072455e-01;-1.281395858022782885e+00;-1.737132586761952036e+00;1.568108797259905263e+00;-4.856738154843063815e-01;1.181225879622516794e+00;2.146550365516056047e+00;-4.035833255080697457e-01;8.959000987722864906e-01;1.140728903606171851e+00;6.045524609435890540e-01;1.373866526449387671e+00;1.473061378227564333e+00;1.280357369450829896e+00;1.620961218091336642e+00
2.128426501341472932e+00;-2.362522510326514169e+00;2.491436061473280006e+00;-9.502553280793405444e-01;-1.728886667386738907e+00;2.321544616688393098e-02;-2.087355205302751759e+00;3.183611504510974188e-01;-1.153744224098486537e+00;9.524007661138851333e-01;-3.073739887920213132e+00;1.476655911435750923e+00;-2.463409054518577168e+00;1.083096383898121351e+00;-8.196185565003132334e-01;-1.467915892336624673e+00;-2.551688006381348739e+00;-2.436405243653639641e+00;-6.603406191915642820e-01;-6.327457412844239570e-01;8.463457641493923322e-01;1.830927175585165712e+00;-7.876757353004605333e-01;-5.254887159390313478e-01;-9.500991782935153118e-01;-1.233495446796243789e+00;-2.402376752264507420e+00;-9.196761080408760725e-01;-1.409819170520348885e-01;8.407220778575720255e-01;1.292533132597442957e+00;-1.151506038890030448e+00;-1.314400211138889052e+00;1.401014212161731054e+00;7.117499986705478898e-01;1.300860479337298203e+00;-2.721339758075401072e+00;2.258512861564623830e-01;-1.450006108423562923e+00;-5.116877857082359482e-02;-8.116704526000781961e-01;-1.452155730770170738e-01;-2.451139235759485668e+00;1.524841995626308400e+00;-2.755787753759800118e+00;-4.824585460953591531e-01
1.687760688987439694e-01;-7.942890260052082319e-01;7.933293360747099010e-01;-3.637207765104636392e-01;-2.422642484997434009e-01;-3.779730927043414845e-01;2.238610303256673151e-02;6.003843353818052453e-01;1.339015360416786926e+00;1.631828749300497094e-01;-1.955551353965089278e-01;1.116110453682166881e+00;-3.000236226234943571e-01;5.207594950652599808e-01;7.074900737139093732e-01;-1.009114325197993711e+00;-4.103522169074272363e-01;-4.911424750895211910e-01;-6.843447901157083402e-02;3.601334489670360295e-01;-3.334148687262844524e-01;7.881339779455452943e-01;-1.227680788668287448e+00;-9.670106716413230385e-01;-7.776135029433143275e-01;1.297532695673496994e-01;-4.458077923767969075e-01;6.377004398812121666e-01;-1.515861223761592491e+00;-6.967552300207423555e-01;-3.634015569007325031e-01;-9.858335191543290410e-01;9.184293414028181501e-02;-1.261684909095220242e+00;6.775487582565811184e-01;1.466153395244092772e-01;-5.202311187385895153e-01;-2.653122749683956005e-01;7.522676467229637565e-01;9.300016068895853791e-03;4.139646783727976564e-01;4.294756225442327158e-01;-6.926029580172468059e-01;-1.076118941862909406e-02;-2.113975267357991739e-01;-6.267915069139223805e-01
-4.629375512623929434e-01;-3.813918745885694350e-01;-2.828557687180917046e-01;-2.223853862231381928e+00;5.059284555324399246e-01;6.837981410463611631e-01;-3.919960010575302967e-01;1.781313702661233844e-01;-1.490566268444913911e+00;-8.705366687062984221e-01;-2.063916572457510368e-01;3.911448753553150581e-01;2.500362346380183842e-01;-5.080896079257954390e-02;1.580912154122744162e-01;-9.016189498643900624e-01;2.812124497832068637e-01;5.005069142930899939e-02;-1.114812524565985230e+00;-1.573080078153008099e+00;2.727239941608243234e-01;-3.051789985816372175e-01;1.118127845638433149e+00;1.338520237377976319e+00;7.530375212178513911e-01;2.686831268717361221e-01;1.007155756476386110e-01;-6.819321180938772708e-02;-2.046867592509471756e-01;-9.439741830495249619e-01;-2.547781548955135866e-01;-1.259157139461084984e+00;-1.265500226351164548e+00;-1.083410468719844699e+00;-9.270162093232182654e-01;-1.078739864808436477e-01;-4.302097269449577099e-02;-1.573705382600186553e+00;-2.960029454432215323e-01;2.337016666084870964e-01;-1.612260009780982273e+00;-7.673526957516247915e-01;-1.804007685329786850e-02;5.665571390067951629e-01;1.089955151512075476e-01;7.063009449215867930e-01
-1.541099809116930341e+00;1.104055674519301755e+00;1.326147930644445451e-02;1.962947384832358866e+00;4.976108300656808536e-01;7.775635216135604599e-01;1.230176751504106769e-01;1.884259261531372534e-02;1.791904975660811195e+00;-8.251198172364700989e-01;1.281655397080635195e-01;-9.073560188372948865e-01;-4.569774010142925169e-01;-1.164016428370386214e+00;5.583323871768366420e-01;1.071584880752422864e+00;-2.286466998252972144e-02;5.508052119300022031e-01;7.213997208309992359e-01;4.793505836831674083e-01;-1.190501673304757757e+00;-1.717601616123185515e+00;5.098725900101653413e-02;-2.100276557982848624e-01;1.249834412352804208e-01;4.296371215659860465e-01;-6.997504039214968996e-02;-2.947999801178268764e-01;-1.758898087812724942e+00;-8.464408449703176851e-01;-1.268094209163810548e+00;1.385243638415620593e+00;7.281612351795786475e-01;-2.691479450197771170e-02;-3.274113675100585041e-01;-1.306834060715981405e+00;1.097281855660010991e-01;-1.987461773789592767e-01;9.178673288886335380e-01;-9.796369068789319012e-01;1.071092991166416653e+00;3.733445079096505692e-01;1.223377053736213638e+00;-1.015711704016927674e+00;1.007669250366134139e-01;-8.227468018736584787e-02
-1.040891437249934270e+00;9.391162221576068170e-01;-1.979139484219265332e+00;-1.663686008987245724e-01;1.504072571032971428e+00;-2.319463137826823562e+00;1.462626997754622460e+00;5.273533532141294611e-01;6.587046831251887058e-01;-8.669937489692697286e-01;1.913319110412857293e+00;-3.891703163085239447e-01;1.726277098886543016e+00;-2.697075732607170373e-01;1.948502915143563774e+00;-7.921286000723164467e-01;2.050792008329178628e+00;1.734279608023568731e+00;-1.957753178757021928e+00;-6.875487794588634044e-04;-6.500333401944291545e-01;-1.178875049286328247e+00;1.098410261440832869e+00;1.009409157670710044e+00;1.181390760427360132e+00;1.172003240212976527e+00;1.582551099206157774e+00;1.256857827584411114e+00;6.469687535980385429e-02;-1.722788512891478163e+00;-1.845719270838178216e+00;-3.562268816159375739e-01;-3.852226984976614421e-01;-1.375959068006675556e+00;-8.893368387843886280e-01;-6.402952471617814334e-01;1.739472962442021764e+00;-1.114047225033505173e+00;1.346771721705021241e+00;-6.380433427502057997e-01;2.741080175188029822e-01;9.419002757781299584e-01;1.178130407955201076e+00;-8.267669925058850344e-01;1.804311751574038558e+00;-2.551094575711392864e-01
6.834099481168902646e-01;-1.196223690166838827e+00;1.064400696458647433e+00;-6.476545091020665668e-01;-1.605569769366105071e+00;-1.843859948851957364e+00;-4.634064429736654001e-01;-2.768482557324117632e+00;-2.700646975646761927e+00;-1.768831965323935718e+00;1.437135632998947921e-01;1.261097671049855595e-01;-2.698013164056222574e-02;3.702664106363397489e-01;-1.325848216505482124e+00;-2.431547487326690959e-01;-3.382251413055939460e-01;-6.588717117345435081e-01;-1.422134903380414706e+00;-2.295707939045922519e+00;9.528003902841524209e-01;1.063650744862711717e+00;-5.608666913224644723e-01;-3.026832397789528950e-01;-8.688212231548539943e-01;1.370897881569533294e-01;-5.306658100173125003e-01;1.214554324974811639e+00;-1.086273102164749593e+00;-7.725387883926464472e-01;-7.625927229073408142e-01;-1.025051265465053874e+00;-6.178744866680486725e-01;6.877781722986048285e-01;-1.682096262107082962e+00;7.968359636479948049e-01;-2.702001313740486355e-01;-1.425639441154265885e+00;9.436639840340235175e-01;7.664549376547068471e-01;-2.365733151356945729e+00;-1.620108552546471348e+00;-1.318588357094898855e+00;1.175950398371204297e+00;-6.901864510155378274e-02;-1.051086979523177534e-01
-1.010001252263145632e+00;7.812175263769277622e-01;-1.283717842441311818e+00;3.059193526248836781e-01;9.454041437635709588e-01;-1.149269836579211335e+00;6.244668323751099148e-01;9.364283537615896158e-01;3.281889736865759022e-01;6.026082121170220351e-02;4.924857818073465898e-01;5.747208955371320149e-01;2.034192593629113421e+00;-5.922277662726739278e-01;1.839024274832372852e+00;-5.529919346030256477e-01;1.570305682281032622e+00;1.624361895468886097e+00;8.333652368350670248e-01;-3.541898033850616190e-01;-1.278833756457377069e+00;-9.755566143590451711e-01;-1.055559171227387738e+00;-1.204332856726068490e+00;-1.147713247832639505e+00;9.772759393060624911e-01;1.414372574251291370e+00;-2.086818488995859922e-01;-1.101883729273461343e+00;-3.249782416565799026e-01;8.244791029651473702e-01;-5.911112747949624074e-02;-5.492563570369726200e-01;-1.270772026252537934e+00;2.727459878187229458e-01;-6.356733104106625509e-01;5.853181232210543650e-01;8.421235992065676523e-01;2.155328781787578252e-01;1.338422985368080687e-01;1.327728525608375121e-01;8.148091402646681081e-01;7.477288749736530349e-01;1.046532452413754699e+00;1.106454725425814356e+00;-2.613679220612405985e+00
-3.227060292546027331e-01;5.075917228837999451e-01;5.545907531445519734e-01;9.751520987492127146e-01;5.134779407173450938e-01;5.125152392935359291e-01;-7.483297492556025832e-01;-1.557316181857438808e+00;1.613187494524980448e+00;2.486983022071135085e+00;-5.788837704811748974e-01;4.687118523697245132e-01;-1.109409522678326487e+00;9.751269894387396553e-01;-1.072168577208093110e+00;3.331965824727115000e-01;-6.623702020148780623e-01;-1.112749166918820309e+00;-6.738100910206996641e-01;3.150705659497646943e-02;1.798988206722154981e+00;-5.983785098836317262e-01;1.993013354991955532e+00;2.053601892918412553e+00;1.678090166741544209e+00;-1.093187105576141516e+00;-1.055538082857334414e+00;1.397726566379757784e+00;1.312202987199433180e+00;-1.976692101872066509e-01;9.208402628977176985e-01;4.033361462308385215e-01;5.461199166694105100e-01;5.621061780184628542e-01;2.315493970625260189e+00;1.312697826376305832e+00;-6.190236145997338735e-01;1.652083900295993502e+00;-5.108878469060074146e-01;1.529490260587204054e+00;6.407710713772609701e-01;4.606650223037782599e-01;5.417110698258381651e-01;-2.263354578157523445e-01;-9.907217849194271952e-01;4.967374678146738165e-01
-6.997365986139497673e-01;7.767958816864629634e-01;-4.588068076907091952e-01;-4.936786702465819320e-03;6.250753453181240316e-01;2.145362322446633663e-01;3.771363080429881998e-01;-1.524386674115060014e+00;1.117855118982194584e+00;6.114653290287859998e-03;1.243043240989907261e+00;-1.537651763979299924e+00;3.040418908720071145e-01;-2.695561238924417125e-01;-1.692488159439279549e+00;4.404646671983753481e-01;1.357721022175415182e-01;7.579589355780542714e-01;-6.025844199208103824e-02;1.235317120884130926e+00;1.598403324723806640e-01;-8.091170679735001370e-01;1.295843077704786461e+00;9.660922005290206727e-01;1.250188404444640744e+00;-7.861711254790049175e-01;5.339760485643533228e-01;2.317591552531628740e-01;6.664459325673415258e-01;7.068600523216609366e-01;1.510477293840943869e+00;9.633495756371792673e-01;1.051091426372499082e+00;2.419693546166646128e-02;-3.592419512020429972e-01;3.366712805629714089e-01;1.037434762739733562e+00;-4.200792546827081253e-01;-7.184694577673935711e-01;2.001239816620394851e-01;1.021709881596551073e+00;-1.369651459621298750e+00;1.010932857162701870e+00;-1.807693140561230205e+00;4.506204448822898612e-01;4.373314519704832315e-01
3.936046692840023953e-01;-1.770146966082064288e-01;1.388674847544295377e+00;-2.180910484502142366e-01;-1.614412328019884657e-01;-1.534521571177022370e+00;-8.106203686829437371e-01;-5.062052959898781790e-01;1.476557740464647717e+00;2.622988510877947710e-01;-1.153662332102897370e+00;-7.308617467013553970e-01;-1.003312247152348791e+00;-1.871564927017610458e+00;8.235605725649878250e-01;7.704810448089031150e-01;-1.204058077884339939e+00;-7.120847514016251933e-01;3.582802936875776334e-01;1.044906944551976524e+00;-5.590336567440763460e-01;2.391720248652434710e-01;-5.789865914863332463e-01;-1.060567642740905425e+00;5.059245277794939266e-01;-3.868698745063372524e-01;-1.200007234411436752e+00;-3.317101913533357371e-01;-1.421774394952868725e+00;5.686278129454557240e-01;8.737844413802637877e-01;1.183270024636055018e+00;1.375319611951617560e+00;8.139836925762012898e-01;1.621199698434017678e-01;-1.683952024514106194e+00;-1.189257261511468711e+00;2.740825216477650594e-03;-8.141405480311485476e-01;-1.441537433170886784e+00;1.300311214967226237e+00;7.664016759184317795e-01;-7.773306856438372270e-02;-1.702116446870049482e-01;-1.318627161963841443e+00;-6.402966292380056768e-01
1.880482102270961242e+00;-1.584149271510603807e+00;1.201492305180951625e+00;-4.062590817972953072e-01;-8.863435399327002084e-01;2.179068245203243936e-01;-9.106232046033342353e-01;-1.984993262263869518e+00;1.585598999852257454e-02;-4.098796645407253303e-01;-1.159419853381100873e+00;1.051667267982987708e+00;-1.450772375094377509e+00;9.796665857325570492e-01;-2.562928518073908091e+00;-8.095551598450517750e-01;-1.247240106124096970e+00;-1.012437041580799502e+00;-8.165861046028090042e-01;7.270817588763524020e-01;-8.412372232222973048e-03;1.816269128851282000e+00;8.828525426812168508e-02;4.711402807712956609e-01;-4.336778814409166793e-01;-1.099360224862610536e-01;-1.037973903136580001e+00;-4.616451211289467338e-01;5.353461520006284197e-02;6.542316186724618232e-01;6.441643084962768162e-01;-1.106575514294873885e+00;-8.216126154345562149e-01;1.279681748151825005e+00;-7.545042223129894143e-01;1.898897251044535439e+00;-9.208160727674949975e-01;-6.214087516765852692e-01;-4.580584283421574865e-01;1.613472319137795097e+00;8.624566449380625111e-01;-2.398740489760626815e+00;-1.703553452655378386e+00;6.325036509436278154e-01;-1.426984776884415052e+00;5.677858186165244403e-01
-1.483931944515737733e+00;5.634586978944148283e-01;-1.561885723135416848e+00;1.810398934129345383e+00;3.126859020039343129e-01;1.753809459739911203e+00;5.619833603906075614e-02;4.669284730761580349e-01;-4.088068554920313846e-01;2.430270621851260859e+00;8.630330350881342261e-01;-1.045421864352008789e+00;9.268392404265296536e-01;-3.475872615283871481e-01;4.521901824341371112e-01;1.250284728977678173e+00;8.777081013684009392e-01;1.350475860689509311e+00;6.970259219271769391e-01;-1.102223522640268127e+00;-1.044466612440272252e-01;-1.596839527273002268e+00;-1.032202506732550429e+00;-1.476802509429917531e+00;-5.966340498302934447e-01;-1.906178328655494525e+00;1.185534161257604913e+00;-3.586740314948159286e-02;-1.777254667325982140e+00;1.393003224205047408e+00;2.098078503749778445e+00;1.524240837401570792e+00;-2.618298420132866844e-01;1.465012493120905757e-01;2.488172977580986434e+00;-8.838104140966337452e-01;4.516893910169115234e-01;2.659075089153022819e+00;-2.075353679122020178e+00;-1.807395006023151840e+00;-1.105340081323843870e+00;1.092109219333258663e+00;9.470019165602631128e-01;-1.314102547410616495e+00;9.094163523009409777e-01;7.114645279832639835e-01
1.594044823924278820e+00;-5.223072845317659231e-03;-7.689246688716331324e-01;4.294153018957730383e-01;-5.975415919628828121e-01;1.030915446370578081e+00;7.520527383896637996e-01;-1.054181880019098155e-01;-7.560086790954927138e-02;-3.994688136441246207e-02;1.475135662951147397e+00;-9.060899591592887214e-02;1.323767350989527358e+00;4.707195394437402869e-01;-6.051799246708403635e-01;-6.931492117465167802e-01;1.185372722842006787e+00;1.737004585338303597e+00;1.265258026593688578e-01;-1.160010223987420347e-01;1.224928799530704326e+00;1.105713049153446148e+00;-3.211658533485290401e-01;-3.927720544993143492e-01;1.731667926894260578e-01;6.868509742717545663e-01;1.774270181141667235e+00;6.159458342440989886e-01;-7.114451579419106553e-01;-1.211012128687967843e-01;3.585493954354508905e-01;-6.910339713482133162e-01;-2.978062629914300929e-01;6.183707074277494664e-01;5.241636150942176053e-01;6.455394997498773435e-01;1.453419821488005859e+00;-8.230167729618097505e-01;6.471051740502747895e-02;4.213526516563480540e-01;-2.555177529730615071e-01;-8.480021571671443326e-01;-1.775658091786620763e-01;1.447472884204703547e+00;1.112143808452206839e+00;-1.116996327255921573e+00
6.562583457725411629e-01;-1.042180017015522431e+00;5.903638929978850536e-01;5.190363908249308045e-01;-8.920793656285276318e-01;6.926164308646168832e-01;-1.990337983090318286e+00;-8.488091014988475846e-01;-1.268048879071441037e+00;1.630606681680457637e-01;-2.994088489258308061e-01;-2.533379931781875039e-01;-9.750464698748463332e-01;4.491670187574796635e-01;-4.747631205020714229e-01;-1.951354861667263518e-01;-7.241209829776179552e-01;-3.468998786132500012e-01;-1.029214900662797527e+00;-7.628272938825289007e-01;3.184208581870690002e-01;6.414437264746120082e-01;-6.647566753347393664e-01;-6.229371268302457132e-01;-6.756302550751325242e-01;-4.544134410366069687e-01;-5.608012406537916661e-01;-3.870576208682536823e-01;-1.186329565297654431e+00;2.577504513143018539e-01;4.894138453163367208e-02;-2.671023734438063291e-01;7.607061646353249773e-02;1.063414310211136415e+00;2.057823153213686196e-01;1.030649914836392789e+00;-5.478147209293431352e-01;8.624029537520641608e-02;-7.593775353260345806e-01;1.183110058411131815e+00;-1.010558459118285457e+00;-6.767743269013484220e-01;-9.827177908392618066e-01;-3.432034935417879740e-01;-8.962106652090588987e-01;-2.100440430200984643e-01
-2.054778164195460111e+00;1.625036597393515247e+00;-2.087332331400327146e+00;-1.709771867908014553e-01;1.697535254107709113e+00;-1.515692633048405957e+00;1.507598551337572257e+00;3.657368105035379430e-02;-3.495134784188806965e-01;-3.645087065790665326e-01;1.693466092218797403e+00;-2.624858685070525777e-01;1.543111312707469152e+00;5.519548100500091259e-01;1.585456504114474807e+00;-1.985695377840712705e-01;1.332084920700403075e+00;1.019073447513052511e+00;5.452026158618701601e-02;-4.887933766788928880e-01;1.045197571307531215e+00;-1.999695044151653001e+00;5.338985860172846820e-01;5.626562170255622330e-01;2.842846499614711808e-01;5.570735748433365275e-01;1.230995530206148603e+00;2.293455309528901420e+00;1.476288513401674329e+00;-1.297415220195859087e+00;-1.158272325325833352e+00;-1.738549978469764584e-02;-8.678867737457816034e-01;-1.525965886982502129e+00;-3.171213786343649588e-01;-5.691816328943104519e-01;1.416482318084852698e+00;-2.003708674458975214e-01;4.428181684596436130e-01;4.254303725100183620e-01;-5.655246627933290249e-01;1.520609598509655935e+00;1.862110952623412530e+00;-1.435339843903578938e+00;1.840411804735989643e+00;5.954046736627796044e-01
3.074155209321862148e-01;6.573796690688775424e-02;4.245023762953848978e-01;8.737801116394064427e-03;2.393956713978908357e-01;-2.032031353446444033e+00;-1.900089651600761209e-01;4.167925674339132552e-03;5.315098536159776899e-01;-6.863053856260599161e-01;-3.378530783828498363e-01;-4.139097506375738478e-01;-2.459329977865239991e-01;4.708530414438754502e-02;-4.042027317698536071e-01;7.350023342740561461e-01;2.775409861841750536e-01;-6.959761391095690142e-01;1.469484918336451951e-01;6.981396013787879440e-01;-4.205080219181224765e-01;4.548117793392364994e-01;1.508007298696997678e+00;1.490836458254994890e+00;1.577589713023678453e+00;1.561571834373912449e+00;-6.336826015387730937e-01;1.754828625039787982e+00;-2.146989936334300353e-01;-1.540343965787953406e+00;-4.883720371784182057e-01;9.140507633917038799e-02;-5.392291403208144818e-01;-4.952920506197135142e-02;-9.418230649156767997e-01;2.516502435156829365e-01;3.286431749404714747e-02;-7.284280894006663898e-01;1.435861610452935810e+00;3.024991304460871167e-01;6.859611828673298772e-01;1.140297604565277068e+00;-1.117365971172222805e-01;-9.815089510269437989e-01;4.152240595546934782e-02;8.851808415882501946e-02
1.355158258384015768e-01;9.530012149961043788e-02;-3.799316675275826033e-02;1.042800264088030726e+00;-9.258231327466892591e-01;9.396442224004223354e-01;-5.411588111747891450e-01;-5.707267822076230734e-01;1.435679406220491949e-01;1.397275819959488796e+00;-3.216878938076470074e-01;-6.875243518157182487e-01;-1.084334882250291981e-01;6.392058535666730323e-01;-1.048967960482406481e+00;7.793295860409858999e-01;-2.311635480020959033e-01;3.162253904744630195e-01;6.648038909456832624e-01;1.348259222875196894e-01;5.908468555234976938e-01;3.382906692634276014e-01;-7.782624923889930324e-01;-7.177070828875470321e-01;-3.860117118577626183e-01;-7.957431624724986552e-01;-1.046206027968458185e-01;-5.232223639185341613e-01;5.212353886063161162e-02;1.798104390910051142e+00;1.981069718358589471e+00;9.214755863875692121e-01;4.447199369316694462e-01;1.189346676184006135e+00;1.853468188075570566e+00;1.109957616613419962e+00;-1.669179601425106185e-01;2.108914275053382248e+00;-1.016142472864367541e+00;4.146059446688988293e-01;1.261076198376884505e-01;-1.389807703363057811e+00;-1.041620671766475686e-01;-1.095119642673730409e+00;-2.396921813067954543e-01;-1.487498760322796487e+00
9.017841356332145786e-01;4.244444846588976694e-02;-6.604988145510273245e-01;1.341929935105062033e-01;-2.436757380915524906e-01;1.286003866566590714e+00;1.792056748055652349e-01;-4.158440584351154046e-01;4.407365317308259423e-03;-1.155883110128926167e-01;1.259450216305271208e+00;6.462180179441231499e-03;8.093136096733314355e-01;1.100896415957058200e-01;-1.251684717114185164e+00;-8.804398719659017880e-01;1.939646733605434326e-01;2.176117214281406698e-01;-8.351154302290875187e-01;9.813147286342670528e-01;-1.519324386846708508e-01;8.119735017552850431e-01;-2.950928260854760454e-01;-3.778551613651559005e-01;-1.657590242638703193e-01;-1.050112008998698165e+00;5.844547526111610880e-01;-7.052421480119623887e-01;2.745017964684715039e-01;2.333308985463295460e-01;2.642691857670371181e-01;2.519760782786150191e-02;-5.213001170614701696e-01;7.278160169593698159e-01;4.610184544581372723e-01;8.429669598150266729e-01;1.253402661416933350e+00;-1.314650031940542974e+00;-4.497887724802436815e-01;2.942564291580161417e-01;4.905209255368293553e-01;-1.115951722168061488e+00;1.264784340081607228e-01;-7.468499349900695750e-01;7.301982670046675006e-01;1.603308091711697081e+00
-1.026785012178806689e+00;7.398469181672052697e-01;-1.043859349030088257e+00;4.875105461873686097e-01;1.176539706046250577e+00;1.190991869344851350e+00;1.071145548206948961e+00;1.431020340332843088e-01;-1.040464725251064815e+00;-1.583030288018101583e-02;1.384571673833294492e+00;7.823972357022016544e-01;7.843234342912901447e-01;-1.808751170568054789e-01;1.955883105938668043e-01;-3.598212077637792383e-01;1.170979124909059754e+00;5.464969872394055510e-03;-3.406530903979453906e-01;-1.046517187286749806e+00;-1.001048308138293291e-01;-8.072012746751617840e-01;2.069104940079268040e+00;1.959457473985033227e+00;2.090137820781788669e+00;5.058990882336269479e-01;-7.533548850752519802e-03;5.019434823513658772e-01;1.769655825290773921e+00;-5.662531697828060429e-01;-6.546115688053167903e-01;-6.384402153721949746e-01;-4.641907991929418165e-01;-1.015213752440823569e+00;-3.901680790005231936e-01;-5.083180291421726116e-01;6.688885312415905338e-01;-5.716897708577264314e-01;4.666916382805860186e-01;6.791770882864620051e-02;-1.027361439469544946e+00;-1.431514535797574240e-02;1.017909645824234488e+00;5.774295832872727852e-01;1.325158303527000703e+00;-1.270569985551652792e+00
8.172632297764270692e-01;8.022923311779908140e-01;-6.956915219255526139e-01;-2.588485733450122672e-01;1.408502675563700013e+00;9.589147517698622947e-01;1.472250917811211313e+00;7.580076686275560860e-01;-4.019268315152448312e-01;-2.178455938387234170e+00;1.519246089921202802e+00;7.406516935979181593e-01;1.330514457277828022e+00;2.168492624679491942e-01;1.237303203036257182e+00;-5.545357038275948725e-01;7.915579330325588359e-01;1.890534244844261469e+00;1.865509193442365168e-02;-1.797119122899654142e-01;-6.077023393867229256e-02;3.124686089900203245e-01;-1.397171261302403433e+00;-1.262156593680623162e+00;-1.593678675541849499e+00;-2.102491834120372768e-03;1.567519650938587583e+00;9.204661326015223244e-01;-9.450784854188134521e-01;-1.298161462493303109e+00;-1.311160922574274412e+00;-8.739461501056651205e-01;4.035241587985757827e-02;-1.501027523784423723e+00;-2.199504104300588292e+00;-1.267147100801318815e-01;1.186758542664145377e+00;-2.678676737856709344e+00;1.263164774600324280e+00;2.118576109692922593e-01;-4.889062650980011138e-01;1.552703899194713411e-01;7.264167586167404878e-01;6.331137680904225240e-01;1.121640360188834951e+00;-1.203400019957308942e+00
8.306396412045502498e-01;-9.784274872840457160e-01;6.047985318833576374e-01;9.085142673999655472e-01;-7.319770100631948218e-01;-5.165734566690103335e-01;-7.970181496553487843e-01;2.145289743745416589e-01;-1.201144499087809514e+00;-1.707010031254393989e-01;-2.484325928017773188e-01;-1.416891300741829118e+00;-8.154158237766073736e-01;-3.151011059785460144e-01;6.347099141439420666e-01;1.179605607166642756e+00;-4.514924169364099155e-02;-3.797326477348885732e-01;-5.190177452673999658e-01;-2.433100654386472217e-01;1.533555251991506052e-01;7.947465603186145700e-01;6.305407755023202387e-01;7.433106388866892456e-01;5.861025348140854740e-01;1.151060940049937198e+00;2.467350358523029766e-02;-1.013838445045567527e+00;4.901680531987825384e-01;-8.481325020523241554e-01;-3.657056639434861922e-01;7.910339263941921217e-01;1.215802465446653047e+00;-7.898117649043952249e-02;-2.582646400357808680e-01;-1.610236669124109676e+00;-4.906729893740072179e-01;1.252114884533673367e+00;1.020956144418769362e+00;-1.445379357661240372e+00;-3.491089450573624520e-01;1.199081953200073825e+00;-1.045528739582264333e+00;-9.026486228059625860e-01;-2.958647818489606451e-01;4.835668985399141917e-01
-5.206982402466087123e-01;9.716882514940284876e-01;-6.077104784880372756e-01;4.204170206861368442e-01;1.352694980394616220e+00;1.017363442379224825e+00;-9.320981573550737864e-02;1.471193551731503624e-01;-4.541696573328112274e-01;1.017273835280413513e-01;-4.542743968149860478e-01;1.216757034416750649e+00;-2.364929059771796460e-01;2.336855078375407735e-01;9.751228598131068681e-01;-9.948188566725277293e-02;2.965127520622095614e-01;4.219372297417063877e-01;-1.766516670239038023e+00;-2.720733340058017480e-01;9.808091171123662910e-01;-6.226785848097040610e-01;4.911685528831217784e-01;6.115331700879430565e-01;-1.816358648661582920e-01;1.460389395645704524e-01;4.408557465881788318e-01;-4.091682380206909664e-01;1.115254209976702215e+00;7.790701978809878581e-01;2.666834793572529505e-01;-5.241479229997724198e-01;-1.882664091738930900e-01;-1.214786341816650461e+00;-3.418423137445625870e-01;-1.322990293899750647e-01;-1.251747741380203061e-01;6.271868546175775050e-01;-3.151420009808608702e-01;2.616700267936507562e-01;-6.000737839597986012e-01;-1.081859820219428087e-01;9.059551313618678936e-01;-8.707233322771960882e-02;1.618384454547691920e-01;4.080511732464233154e-01
1.616119635139857014e+00;-1.033034594921954596e+00;1.218588763926697238e+00;4.656285464689367548e-01;-1.504087893622785055e+00;-6.677981914250609163e-01;-4.216530728198127354e-01;-1.295096087490043235e+00;3.253060876456033146e+00;-5.422305969790676139e-01;-7.667439320225906130e-01;6.119047136873576598e-01;-1.105430797081825789e+00;-3.690940339573994117e-02;-1.530054016707970810e+00;5.407569854049790736e-01;-1.005822734804531216e+00;-5.060490220343464296e-01;7.710413986923870810e-01;3.661349416211165941e+00;3.379924535818393250e-01;1.669945644762419024e+00;2.584163521633343064e-01;5.655718915311737094e-01;-2.238400089964451278e-01;1.215598619943724756e+00;-6.640855974275023943e-01;1.403609111159734302e-02;2.453566879938338108e-01;-8.131149957113220639e-01;-9.427845093801908716e-01;2.803870314732332947e-01;3.755534417256140567e-01;1.474068295948455454e+00;-1.218304039665131899e+00;8.452243953147861033e-01;-4.910757176749104280e-01;-8.766813579064591799e-01;1.386398802904442951e+00;-7.748457859103961842e-02;3.881694108584389458e+00;-4.238252919964068388e-01;-1.129917735351839481e+00;1.985717198997438981e-01;-9.437954978691486252e-01;1.136493372828003112e+00
-7.081252923300352942e-01;2.801304118443642688e-01;7.668692032565080918e-01;1.825926876449816216e+00;1.848734363186518570e-01;2.816437631017500998e-01;-7.121997588830467629e-01;1.949261445316747832e-01;-9.177565988255792506e-01;6.289905031866444007e-01;-7.377635012243728418e-01;-1.150003000418900578e+00;-7.049531046420396407e-01;-1.552868093125257642e+00;1.226305608334802066e+00;6.808129032657894708e-01;-8.832483957833481281e-02;-8.670568915402446786e-01;1.982238864994549932e+00;-1.382965849982078055e+00;-3.877549796493350298e-01;-7.673464114829606775e-01;9.479977789235571883e-01;6.633535504248411208e-01;1.026968994904332355e+00;-1.607367618304648971e-01;-7.454544797927442623e-01;7.669848748009348016e-01;-1.092990817792167807e-01;-2.974222475050139480e-01;5.176707782385943091e-01;2.101731222243563124e+00;6.036489115822744056e-01;-2.335391787283809806e-01;8.123765117657675283e-01;-1.744918882750275513e+00;-9.923905072441119302e-01;-2.516104635384213695e-01;-2.485451786568585453e-01;-6.478980625946947347e-01;-1.375280928698986660e+00;1.629190607364698895e+00;5.504556237647000305e-01;-2.254810323741745393e+00;-7.105546941026361640e-01;3.344437577952660834e-01
-1.396957249799572809e+00;1.689184786593165288e+00;-1.387789028161466653e+00;5.410922146872608751e-01;1.824210503894369673e+00;-1.510292467075875777e-01;1.293848944591600381e+00;1.207896840308057218e+00;4.018723583981149150e-01;2.933547695699584290e-01;1.135936701157055584e+00;-1.370657649453541627e+00;9.429344899626034282e-01;-1.314657883057833931e+00;7.846119075751721850e-01;1.286129036148965010e+00;1.133766020063447844e+00;1.368146698942683814e+00;7.499620936329856047e-01;3.621423604406560914e-02;-1.088224681857657972e+00;-1.216750702590203570e+00;7.588834952259710942e-01;2.322533167799687992e-01;8.132044506921822791e-01;4.809360866430061332e-01;9.565195631462242165e-01;6.346161754170415170e-01;1.218228405431529326e+00;-1.098324997603135289e+00;3.840911277310818939e-01;8.214166069749619936e-01;6.450775946145493878e-01;-1.397915461794538627e+00;3.566423209712741293e-01;-1.993026732951143298e+00;1.271853400420387858e+00;-5.306580638404635453e-01;4.199894274320526422e-01;-6.494512102906627726e-01;3.723641769996662854e-01;1.413455164509407613e-01;1.853984477433427758e+00;-7.626724818786402293e-01;1.337741680177968906e+00;8.223832059188146415e-01
-1.788953508867403008e-01;-1.091610598542963190e-01;8.480527999782341286e-01;6.176860019819372383e-01;-2.860679633823621781e-01;1.742857677812554185e+00;-3.622713451922035532e-01;1.188349095242248188e+00;1.085346541469129900e+00;1.593488160027344835e-01;-9.915142128127210075e-01;-9.197910943807068307e-01;-1.051253619097774150e+00;4.341470510726569421e-01;1.321227549446492677e+00;1.198242561601271516e+00;-1.410181418734014480e+00;-9.177226875008120954e-01;1.083344182634889519e+00;1.399162493985450118e+00;1.725160506205762889e-01;-1.328263945484300414e-02;6.121402925169527887e-02;3.008825294513087778e-01;8.924046560671502482e-01;-1.246783585488314278e-01;-9.235791814462722682e-01;-1.079717284708256730e-01;4.713602690090069047e-01;4.872528206037692877e-01;4.915048923508156808e-01;4.456311366150230158e-01;3.537639452439753640e-01;2.890101959961881295e-02;9.291540767170524129e-01;-5.275830611579834795e-01;-1.445076883465722384e+00;-2.429687393392077066e-01;-4.613391385197209704e-01;-9.640516296919109107e-02;1.283124938387993907e+00;1.693696494627147331e+00;-1.210656769450663139e-01;4.471103102695576648e-01;-1.013391580943950432e+00;-2.080378524664935891e-01
-9.522668604673878434e-02;2.991994267353555448e-01;-8.658693635986891568e-01;5.768911900912389035e-01;3.954566401726763991e-01;1.274875168255525937e+00;1.350834852350927484e+00;1.835330588703881549e+00;-1.101520228352968367e+00;-2.150804654439139596e-01;1.187271029698059754e+00;2.740466235143800278e-01;7.714035419627450763e-01;1.326945131404356770e-01;4.169783474832787218e-01;-1.606318330861397359e-01;1.283960135449892404e+00;1.901740350074980768e+00;-7.278790964439357802e-01;-6.721332639349361093e-01;-1.235983724198829736e-01;-3.019234201682873819e-01;-7.270318144868455068e-01;-8.090755990692272137e-01;-4.168712889231172836e-02;6.089056578545184450e-01;1.554761940331825576e+00;-2.333371536053258921e-01;-1.431054114120331455e+00;-2.507765267497233386e-01;-1.384043090641330354e-01;-4.660527926930037035e-01;1.010251124297769781e-01;-4.476053150785502255e-01;5.907803315781245956e-01;9.457712829678081856e-02;1.534826885094182414e+00;-1.757107461795806014e-01;5.547051240826141871e-01;5.374803995998846950e-01;-6.873082690113659909e-01;2.995671033627814728e-01;1.417021149075146924e-01;4.951647937375844299e-02;1.207170413363641392e+00;8.104666167575670377e-01
5.347043928073365038e-01;-4.863956070569221413e-01;-4.627521609294870109e-01;3.329222920065627034e-01;-8.471771713983731189e-01;2.423693853877945781e+00;4.074818219916333528e-01;1.326845038672485488e+00;4.783944499264478623e-01;-2.916921569181333829e-01;5.521804551686859686e-01;-6.153645510997048790e-02;3.000052810823351512e-01;-5.593073630801019824e-01;-2.900394594868096476e-01;5.624460347570429120e-01;8.204050375138840501e-01;-3.870786759049141268e-02;1.655688572294144789e+00;5.984866908883228476e-01;-6.437390709121011412e-01;6.711714022170075511e-01;6.620982413624401097e-01;8.481299584083478171e-01;6.687877094197575145e-01;-2.134105864920510520e-01;5.048966515944479649e-01;2.681744792888694495e-01;2.480514128127739859e+00;-5.041580614529249660e-01;-2.750748756728238487e-01;-9.469697398290968793e-02;1.447412878737755815e+00;5.508696295506737561e-01;-7.638960499186269182e-01;-9.869843268211755949e-02;4.821071793645379522e-01;-4.266990992780682057e-01;3.135672092205989830e-02;-1.829812139450832931e-01;6.376004243153665652e-01;-7.596507822392960518e-01;-5.902136086493949829e-01;1.339738012996675998e-01;6.971533023670168916e-01;-2.168500867527786424e-01
-5.026519704877150385e-01;1.663673797877939509e-01;-2.561098386736793131e-01;-7.404680556682182724e-01;-9.730147427477686684e-03;4.999011635446045654e-01;-7.907614929803120640e-01;-5.052950793050090539e-01;-9.994489357975961941e-01;1.909498319050981496e-01;-2.746879235485585324e-01;7.575473378682106018e-01;3.689712395872991046e-01;1.343298212794847846e-01;-4.002652874847226760e-01;-9.521184354671072825e-01;-1.940015873490906761e-01;-4.353869197719711925e-01;-1.857335176912765229e-01;-1.536214177759540167e+00;-2.101869934555957928e-02;-4.797203577407319619e-01;5.934259695101996579e-01;6.725349361067085585e-01;5.622288065586710237e-01;-4.634500059671473604e-01;-3.051793224509326552e-01;1.401452423543926962e+00;3.979535087678487404e-01;-1.136894549231104223e+00;-1.261129786896228976e-02;-5.655616592706633750e-01;-1.000712591272604479e+00;-5.206172376577662408e-01;1.674976428249308202e-01;9.314194193688355439e-01;-1.209040011700958095e-01;3.996626770007245116e-02;3.534786921554531336e-01;2.064805817402289578e-01;-1.541067541990968293e+00;-3.116001996326871470e-01;3.847693157577822265e-02;5.106495114371873978e-01;-3.989082240924721745e-01;2.175078276104895902e-01
-1.942237978160189504e-01;8.491679077925394781e-01;-4.603343111484543559e-01;8.076325400102803975e-01;-1.788671140187236552e-01;8.867664425481293078e-01;6.950235879133597194e-01;6.776217275343118795e-02;1.157056118265136282e-02;8.197593064959460829e-01;1.442905944320589162e+00;-6.366778968732584865e-01;6.770434691978758357e-01;-9.998767118391548303e-01;1.161209283518064961e+00;7.573569810498343990e-01;9.304902903831803185e-01;1.181204465997001130e+00;-5.850143065700406098e-01;4.512724114433482314e-01;-2.580819658427851437e-01;-3.963924840348336254e-01;4.502902227345390029e-01;1.682878233702299331e-01;4.692594425107036171e-01;6.216622257487154357e-01;1.142020363706168107e+00;-4.407830397053964094e-02;1.003121762047498144e+00;1.616024297508976693e-01;5.443145277162517726e-01;1.102445224233040255e+00;8.767104721729105377e-01;-1.343423069434234451e-01;1.111746347805714796e+00;-1.479174113996372553e+00;3.988691957714191605e-01;8.087303399512346669e-01;1.500773693162448241e-01;-1.419712547798802182e+00;5.036532656886600900e-01;5.629014348331752293e-01;7.133188471621757509e-01;-1.084035076787968288e+00;5.585159326664340673e-01;9.899245101750387965e-01
-1.980191772412276674e-01;-1.090051800028995599e+00;1.724238504572542574e+00;-6.567555313642895465e-01;-1.023662463133552691e+00;-4.760974351055151654e-01;-2.417242557638552114e+00;-1.013838152642503099e+00;9.537696198620876364e-01;2.280487685977370838e+00;-1.942580168599949975e+00;8.273615064011465847e-01;-1.545146352108111243e+00;4.343815402775003109e-01;-1.026638607949232451e+00;-5.441366056818274233e-01;-1.951143950289481843e+00;-1.275182433852759756e+00;1.618699375576088464e-02;9.435826292043728580e-01;-4.720575448972999522e-01;1.052860224478250478e-02;-6.705116502156288627e-01;-3.379671850515067466e-01;-3.455599432852293207e-01;-1.279362482866154505e+00;-1.506697983588617173e+00;-1.433879389058873466e+00;-9.674695341372401003e-02;2.275358721467600986e+00;1.598107535677415258e+00;3.324926200360522888e-02;3.331460122428366866e-01;9.663718717520461965e-01;2.284031484585409721e+00;5.797157650981807908e-01;-2.078728540020961191e+00;1.189015052996262645e+00;-1.835044534208291056e+00;1.659883281413888079e-01;9.000167656595225996e-01;4.762159572845623412e-01;-8.130171972846002015e-01;5.498340836498794015e-01;-2.221608659836741051e+00;1.110163557506349541e+00
-1.337108718141500341e-01;4.507001860634396451e-01;4.443105012560947253e-01;2.408318330406883367e-01;6.343503697982554312e-01;-2.233916592515440835e-01;-4.173598622571397798e-01;-1.040102857913636658e+00;-7.967790395887898447e-02;-5.009738419522367092e-01;-5.610984273300880787e-01;-4.229918856777879488e-01;2.409219313379319938e-01;-8.877229532340631390e-01;-3.880295645172652380e-02;7.509515466528339234e-01;-5.927436278661187830e-01;7.113650355914794554e-01;1.428201405781665878e+00;-1.856343062289741649e-02;-4.084889544477730561e-01;-3.221774037072001051e-01;-8.044680827011285729e-01;-8.832685792971767258e-01;-5.830543090757532854e-01;7.227246993293066912e-02;4.109867344974129089e-01;-3.990262876149449078e-01;-3.570653793794587028e-01;8.436418545028033511e-02;-1.241235140882781529e-01;7.451820936864207434e-01;1.403403448323339520e+00;-1.012551863584542966e+00;1.170127769313873412e-01;-6.618995582638197428e-01;-6.765620239721423790e-01;2.935049122132821764e-01;-2.858954185623405891e-02;-8.992307502416532206e-01;-1.967066735435006042e-01;-5.881813620903051376e-01;5.216966990348872457e-01;7.368955934326666679e-02;-3.266165991538649838e-01;-6.694304039672508422e-01
7.908808201670248783e-01;-2.674560925377419407e-01;-2.918156748028382652e-01;-1.230935385906684942e+00;3.912965596874370400e-01;-3.135146997042559947e-01;-2.998229609503922366e-01;-1.129469527501150566e-01;-1.256792168121223074e+00;1.764129389473621246e-01;1.267409427787967169e-01;1.094167808023821298e+00;1.020658210048175085e-01;2.811122835810373477e-01;-8.521646277190757512e-01;-2.253582773089121805e+00;-2.222784032935868070e-01;3.454351794367621631e-01;-1.418878719724891102e+00;-1.271857348202300120e+00;1.731056158701539671e-01;8.629230192895912532e-01;9.458709315126166972e-01;1.358394002357302899e+00;7.584197946186135297e-01;3.976460946518919903e-01;3.740428855002525532e-01;3.686234025525492175e-01;-7.830089650223316655e-02;6.285457629920028488e-02;-4.593250523529425755e-01;-1.737242670926620214e+00;-9.346154795088049694e-01;-3.749346982727624344e-01;3.060339158484566280e-01;-6.722979117671340488e-02;3.417690019363767151e-01;6.500141911854652177e-01;4.497802394564511252e-01;1.135744511886208619e+00;-9.955099607363683267e-01;-9.828852654227104857e-01;-5.461150697183565494e-01;1.683696478503935667e+00;1.479605113629000462e-02;-6.115039845817690223e-01
-6.638383362517764896e-02;1.339268466643067090e-01;-3.197549672653725583e-01;7.327785087941389441e-02;1.790319239791055839e-01;-5.514173582016229647e-01;-6.824511050264762957e-02;-6.875013506746255887e-01;1.519424672725673497e+00;5.723575629412338550e-01;3.772811524502673319e-01;-4.701428359772320542e-01;-1.760942643750755821e-01;-5.818734469083944871e-01;-1.583449030439776140e+00;1.534157015494387877e-01;-3.599315602581710793e-01;-5.494676769623860757e-01;-5.515902890417481164e-01;1.315089264025770310e+00;-7.221685297934372638e-01;5.467152279926916492e-02;4.143909485816396621e-02;-1.045904048748501347e-01;3.542911388511635895e-01;1.663272040023252019e-01;-7.218568591952044811e-01;2.202619150988860963e-01;-1.011052548660390932e-01;-3.065945715270616545e-01;5.153042919494704721e-01;-1.263796837898291392e-01;8.228838525879704768e-01;2.109324801775906699e-01;2.673932970309396140e-01;-1.422394697068010416e-01;7.280647516784382045e-01;7.150462674536786079e-01;-2.672982745840331575e-01;6.532661973445850201e-01;1.543495481101671896e+00;-8.053689700712118871e-01;1.386143168326338659e-01;-2.431714372739427477e-01;2.149982901278653102e-01;6.009904059425699163e-01
